timestamp,latitude,longitude,speed_kmh,route_id,transport_mode,is_peak_hour,source
2026-05-16 10:58:00,45.7536751,21.2256774,0.14,victoriei_michelangelo_complex,bus,0,synthetic_gps
2026-05-16 10:58:01,45.7537375,21.2257069,0.32,victoriei_michelangelo_complex,bus,0,synthetic_gps
2026-05-16 10:58:02,45.7536437,21.2257106,0.81,victoriei_michelangelo_complex,bus,0,synthetic_gps
2026-05-16 10:58:03,45.7537572,21.2257569,0.69,victoriei_michelangelo_complex,bus,0,synthetic_gps
2026-05-16 10:58:04,45.7536627,21.2256358,0.51,victoriei_michelangelo_complex,bus,0,synthetic_gps
2026-05-16 10:58:05,45.7535657,21.2257768,0.27,victoriei_michelangelo_complex,bus,0,synthetic_gps
2026-05-16 10:58:06,45.7537535,21.2258093,0.28,victoriei_michelangelo_complex,bus,0,synthetic_gps
2026-05-16 10:58:07,45.7536901,21.2257913,0.44,victoriei_michelangelo_complex,bus,0,synthetic_gps
2026-05-16 10:58:08,45.7536447,21.2257711,0.12,victoriei_michelangelo_complex,bus,0,synthetic_gps
2026-05-16 10:58:09,45.753662,21.2257601,0.59,victoriei_michelangelo_complex,bus,0,synthetic_gps
2026-05-16 10:58:10,45.753635,21.2257494,0.54,victoriei_michelangelo_complex,bus,0,synthetic_gps
2026-05-16 10:58:11,45.7536703,21.2257307,0.36,victoriei_michelangelo_complex,bus,0,synthetic_gps
2026-05-16 10:58:12,45.7537105,21.2258179,0.3,victoriei_michelangelo_complex,bus,0,synthetic_gps
2026-05-16 10:58:13,45.7536336,21.2257717,0.0,victoriei_michelangelo_complex,bus,0,synthetic_gps
2026-05-16 10:58:14,45.7536315,21.2257924,0.0,victoriei_michelangelo_complex,bus,0,synthetic_gps
2026-05-16 10:58:15,45.7536131,21.2257066,0.0,victoriei_michelangelo_complex,bus,0,synthetic_gps
2026-05-16 10:58:16,45.7535462,21.2257465,0.39,victoriei_michelangelo_complex,bus,0,synthetic_gps
2026-05-16 10:58:17,45.7536528,21.2257658,0.51,victoriei_michelangelo_complex,bus,0,synthetic_gps
2026-05-16 10:58:18,45.7536326,21.2258079,0.16,victoriei_michelangelo_complex,bus,0,synthetic_gps
2026-05-16 10:58:19,45.7536493,21.2258128,0.43,victoriei_michelangelo_complex,bus,0,synthetic_gps
2026-05-16 10:58:20,45.7535452,21.225801,8.43,victoriei_michelangelo_complex,bus,0,synthetic_gps
2026-05-16 10:58:21,45.7535288,21.2258716,8.03,victoriei_michelangelo_complex,bus,0,synthetic_gps
2026-05-16 10:58:22,45.7535838,21.2258242,6.42,victoriei_michelangelo_complex,bus,0,synthetic_gps
2026-05-16 10:58:23,45.7535526,21.2257834,11.52,victoriei_michelangelo_complex,bus,0,synthetic_gps
2026-05-16 10:58:24,45.7536612,21.2258978,6.72,victoriei_michelangelo_complex,bus,0,synthetic_gps
2026-05-16 10:58:25,45.7536138,21.2258295,1.25,victoriei_michelangelo_complex,bus,0,synthetic_gps
2026-05-16 10:58:26,45.7535746,21.2258442,4.5,victoriei_michelangelo_complex,bus,0,synthetic_gps
2026-05-16 10:58:27,45.7535908,21.2258357,6.73,victoriei_michelangelo_complex,bus,0,synthetic_gps
2026-05-16 10:58:28,45.7536242,21.2258195,6.75,victoriei_michelangelo_complex,bus,0,synthetic_gps
2026-05-16 10:58:29,45.7535976,21.225823,6.66,victoriei_michelangelo_complex,bus,0,synthetic_gps
2026-05-16 10:58:30,45.7536113,21.2258853,0.0,victoriei_michelangelo_complex,bus,0,synthetic_gps
2026-05-16 10:58:31,45.7535983,21.2258808,3.53,victoriei_michelangelo_complex,bus,0,synthetic_gps
2026-05-16 10:58:32,45.7534753,21.2258745,10.0,victoriei_michelangelo_complex,bus,0,synthetic_gps
2026-05-16 10:58:33,45.7534816,21.2258511,8.6,victoriei_michelangelo_complex,bus,0,synthetic_gps
2026-05-16 10:58:34,45.7534926,21.2259289,8.47,victoriei_michelangelo_complex,bus,0,synthetic_gps
2026-05-16 10:58:35,45.7535581,21.2258782,10.18,victoriei_michelangelo_complex,bus,0,synthetic_gps
2026-05-16 10:58:36,45.753576,21.2259239,6.94,victoriei_michelangelo_complex,bus,0,synthetic_gps
2026-05-16 10:58:37,45.7535026,21.2259294,8.1,victoriei_michelangelo_complex,bus,0,synthetic_gps
2026-05-16 10:58:38,45.7535621,21.2258972,6.41,victoriei_michelangelo_complex,bus,0,synthetic_gps
2026-05-16 10:58:39,45.753494,21.2258016,12.11,victoriei_michelangelo_complex,bus,0,synthetic_gps
2026-05-16 10:58:40,45.7535264,21.2258646,6.38,victoriei_michelangelo_complex,bus,0,synthetic_gps
2026-05-16 10:58:41,45.7535116,21.2258984,7.9,victoriei_michelangelo_complex,bus,0,synthetic_gps
2026-05-16 10:58:42,45.7535643,21.225915,1.79,victoriei_michelangelo_complex,bus,0,synthetic_gps
2026-05-16 10:58:43,45.7535713,21.2259001,2.95,victoriei_michelangelo_complex,bus,0,synthetic_gps
2026-05-16 10:58:44,45.7535896,21.2259332,2.95,victoriei_michelangelo_complex,bus,0,synthetic_gps
2026-05-16 10:58:45,45.7535167,21.2258881,10.95,victoriei_michelangelo_complex,bus,0,synthetic_gps
2026-05-16 10:58:46,45.7534614,21.2260426,6.03,victoriei_michelangelo_complex,bus,0,synthetic_gps
2026-05-16 10:58:47,45.7535654,21.2259642,9.29,victoriei_michelangelo_complex,bus,0,synthetic_gps
2026-05-16 10:58:48,45.753503,21.2259669,11.83,victoriei_michelangelo_complex,bus,0,synthetic_gps
2026-05-16 10:58:49,45.7533674,21.2259457,5.93,victoriei_michelangelo_complex,bus,0,synthetic_gps
2026-05-16 10:58:50,45.7534326,21.2259647,10.28,victoriei_michelangelo_complex,bus,0,synthetic_gps
2026-05-16 10:58:51,45.7534949,21.225944,7.89,victoriei_michelangelo_complex,bus,0,synthetic_gps
2026-05-16 10:58:52,45.7535506,21.2259756,9.46,victoriei_michelangelo_complex,bus,0,synthetic_gps
2026-05-16 10:58:53,45.753421,21.2260846,5.32,victoriei_michelangelo_complex,bus,0,synthetic_gps
2026-05-16 10:58:54,45.7534603,21.226046,10.93,victoriei_michelangelo_complex,bus,0,synthetic_gps
2026-05-16 10:58:55,45.7534164,21.2260243,7.84,victoriei_michelangelo_complex,bus,0,synthetic_gps
2026-05-16 10:58:56,45.7534382,21.2259851,10.11,victoriei_michelangelo_complex,bus,0,synthetic_gps
2026-05-16 10:58:57,45.7534408,21.2260945,5.94,victoriei_michelangelo_complex,bus,0,synthetic_gps
2026-05-16 10:58:58,45.7534966,21.2260395,7.03,victoriei_michelangelo_complex,bus,0,synthetic_gps
2026-05-16 10:58:59,45.7533733,21.2260761,6.56,victoriei_michelangelo_complex,bus,0,synthetic_gps
2026-05-16 10:59:00,45.7534537,21.2259987,11.68,victoriei_michelangelo_complex,bus,0,synthetic_gps
2026-05-16 10:59:01,45.7535073,21.2261143,5.23,victoriei_michelangelo_complex,bus,0,synthetic_gps
2026-05-16 10:59:02,45.7534581,21.2261152,7.52,victoriei_michelangelo_complex,bus,0,synthetic_gps
2026-05-16 10:59:03,45.7534229,21.2260229,4.94,victoriei_michelangelo_complex,bus,0,synthetic_gps
2026-05-16 10:59:04,45.7534356,21.2260691,7.17,victoriei_michelangelo_complex,bus,0,synthetic_gps
2026-05-16 10:59:05,45.7533491,21.2260236,13.25,victoriei_michelangelo_complex,bus,0,synthetic_gps
2026-05-16 10:59:06,45.7533521,21.2260924,17.21,victoriei_michelangelo_complex,bus,0,synthetic_gps
2026-05-16 10:59:07,45.7532923,21.2260761,16.11,victoriei_michelangelo_complex,bus,0,synthetic_gps
2026-05-16 10:59:08,45.7534102,21.2260326,12.81,victoriei_michelangelo_complex,bus,0,synthetic_gps
2026-05-16 10:59:09,45.7533945,21.2261239,18.89,victoriei_michelangelo_complex,bus,0,synthetic_gps
2026-05-16 10:59:10,45.7533714,21.2261783,21.57,victoriei_michelangelo_complex,bus,0,synthetic_gps
2026-05-16 10:59:11,45.7534853,21.2261096,25.4,victoriei_michelangelo_complex,bus,0,synthetic_gps
2026-05-16 10:59:12,45.7533992,21.226094,33.4,victoriei_michelangelo_complex,bus,0,synthetic_gps
2026-05-16 10:59:13,45.7533031,21.2260842,25.4,victoriei_michelangelo_complex,bus,0,synthetic_gps
2026-05-16 10:59:14,45.7534156,21.2261725,24.5,victoriei_michelangelo_complex,bus,0,synthetic_gps
2026-05-16 10:59:15,45.7533695,21.2261412,21.48,victoriei_michelangelo_complex,bus,0,synthetic_gps
2026-05-16 10:59:16,45.7533238,21.2261175,22.92,victoriei_michelangelo_complex,bus,0,synthetic_gps
2026-05-16 10:59:17,45.7534356,21.2261269,26.18,victoriei_michelangelo_complex,bus,0,synthetic_gps
2026-05-16 10:59:18,45.7532943,21.2261768,20.29,victoriei_michelangelo_complex,bus,0,synthetic_gps
2026-05-16 10:59:19,45.7533477,21.2261207,19.88,victoriei_michelangelo_complex,bus,0,synthetic_gps
2026-05-16 10:59:20,45.7533334,21.2261468,27.88,victoriei_michelangelo_complex,bus,0,synthetic_gps
2026-05-16 10:59:21,45.7534283,21.2260827,23.76,victoriei_michelangelo_complex,bus,0,synthetic_gps
2026-05-16 10:59:22,45.7533754,21.2262833,31.76,victoriei_michelangelo_complex,bus,0,synthetic_gps
2026-05-16 10:59:23,45.7533821,21.2260609,23.76,victoriei_michelangelo_complex,bus,0,synthetic_gps
2026-05-16 10:59:24,45.7533838,21.2262,26.1,victoriei_michelangelo_complex,bus,0,synthetic_gps
2026-05-16 10:59:25,45.753355,21.226218,30.56,victoriei_michelangelo_complex,bus,0,synthetic_gps
2026-05-16 10:59:26,45.7533865,21.2261763,35.27,victoriei_michelangelo_complex,bus,0,synthetic_gps
2026-05-16 10:59:27,45.7533316,21.2262702,40.87,victoriei_michelangelo_complex,bus,0,synthetic_gps
2026-05-16 10:59:28,45.7533407,21.2262409,32.87,victoriei_michelangelo_complex,bus,0,synthetic_gps
2026-05-16 10:59:29,45.7533207,21.2262078,24.87,victoriei_michelangelo_complex,bus,0,synthetic_gps
2026-05-16 10:59:30,45.753362,21.226287,16.87,victoriei_michelangelo_complex,bus,0,synthetic_gps
2026-05-16 10:59:31,45.7533181,21.2261621,23.49,victoriei_michelangelo_complex,bus,0,synthetic_gps
2026-05-16 10:59:32,45.7532494,21.2261825,27.67,victoriei_michelangelo_complex,bus,0,synthetic_gps
2026-05-16 10:59:33,45.7532512,21.2261783,21.38,victoriei_michelangelo_complex,bus,0,synthetic_gps
2026-05-16 10:59:34,45.7533687,21.2262571,27.48,victoriei_michelangelo_complex,bus,0,synthetic_gps
2026-05-16 10:59:35,45.7532903,21.2262333,27.38,victoriei_michelangelo_complex,bus,0,synthetic_gps
2026-05-16 10:59:36,45.7532982,21.2261426,31.85,victoriei_michelangelo_complex,bus,0,synthetic_gps
2026-05-16 10:59:37,45.7533037,21.2262494,28.56,victoriei_michelangelo_complex,bus,0,synthetic_gps
2026-05-16 10:59:38,45.7533206,21.2262624,35.66,victoriei_michelangelo_complex,bus,0,synthetic_gps
2026-05-16 10:59:39,45.7533145,21.226312,27.66,victoriei_michelangelo_complex,bus,0,synthetic_gps
2026-05-16 10:59:40,45.7532121,21.2263174,26.29,victoriei_michelangelo_complex,bus,0,synthetic_gps
2026-05-16 10:59:41,45.7532886,21.2263252,22.27,victoriei_michelangelo_complex,bus,0,synthetic_gps
2026-05-16 10:59:42,45.7533249,21.2262751,17.7,victoriei_michelangelo_complex,bus,0,synthetic_gps
2026-05-16 10:59:43,45.7532783,21.2262157,25.7,victoriei_michelangelo_complex,bus,0,synthetic_gps
2026-05-16 10:59:44,45.7532721,21.2262834,26.47,victoriei_michelangelo_complex,bus,0,synthetic_gps
2026-05-16 10:59:45,45.7532902,21.2263496,23.58,victoriei_michelangelo_complex,bus,0,synthetic_gps
2026-05-16 10:59:46,45.7531979,21.2263167,28.45,victoriei_michelangelo_complex,bus,0,synthetic_gps
2026-05-16 10:59:47,45.7532649,21.2263358,34.54,victoriei_michelangelo_complex,bus,0,synthetic_gps
2026-05-16 10:59:48,45.7532755,21.2262733,26.54,victoriei_michelangelo_complex,bus,0,synthetic_gps
2026-05-16 10:59:49,45.7532603,21.2262698,34.54,victoriei_michelangelo_complex,bus,0,synthetic_gps
2026-05-16 10:59:50,45.753296,21.2263497,26.54,victoriei_michelangelo_complex,bus,0,synthetic_gps
2026-05-16 10:59:51,45.7532437,21.2262674,18.54,victoriei_michelangelo_complex,bus,0,synthetic_gps
2026-05-16 10:59:52,45.7532161,21.2264206,13.81,victoriei_michelangelo_complex,bus,0,synthetic_gps
2026-05-16 10:59:53,45.7532422,21.2263979,16.06,victoriei_michelangelo_complex,bus,0,synthetic_gps
2026-05-16 10:59:54,45.7532423,21.2263409,20.12,victoriei_michelangelo_complex,bus,0,synthetic_gps
2026-05-16 10:59:55,45.7532231,21.2263132,15.99,victoriei_michelangelo_complex,bus,0,synthetic_gps
2026-05-16 10:59:56,45.7531959,21.2262942,23.99,victoriei_michelangelo_complex,bus,0,synthetic_gps
2026-05-16 10:59:57,45.75325,21.2264347,29.14,victoriei_michelangelo_complex,bus,0,synthetic_gps
2026-05-16 10:59:58,45.7532522,21.2262924,24.16,victoriei_michelangelo_complex,bus,0,synthetic_gps
2026-05-16 10:59:59,45.7532195,21.2263513,25.24,victoriei_michelangelo_complex,bus,0,synthetic_gps
2026-05-16 11:00:00,45.7532256,21.2263083,28.15,victoriei_michelangelo_complex,bus,0,synthetic_gps
2026-05-16 11:00:01,45.7531699,21.2263614,27.92,victoriei_michelangelo_complex,bus,0,synthetic_gps
2026-05-16 11:00:02,45.753119,21.2263413,24.27,victoriei_michelangelo_complex,bus,0,synthetic_gps
2026-05-16 11:00:03,45.7531065,21.2263922,19.06,victoriei_michelangelo_complex,bus,0,synthetic_gps
2026-05-16 11:00:04,45.7532163,21.2263882,17.11,victoriei_michelangelo_complex,bus,0,synthetic_gps
2026-05-16 11:00:05,45.7531656,21.2263735,11.29,victoriei_michelangelo_complex,bus,0,synthetic_gps
2026-05-16 11:00:06,45.7530599,21.2263683,19.29,victoriei_michelangelo_complex,bus,0,synthetic_gps
2026-05-16 11:00:07,45.7531956,21.2263906,13.88,victoriei_michelangelo_complex,bus,0,synthetic_gps
2026-05-16 11:00:08,45.7531096,21.2265032,15.27,victoriei_michelangelo_complex,bus,0,synthetic_gps
2026-05-16 11:00:09,45.7531974,21.2264941,21.93,victoriei_michelangelo_complex,bus,0,synthetic_gps
2026-05-16 11:00:10,45.7531137,21.2263932,20.31,victoriei_michelangelo_complex,bus,0,synthetic_gps
2026-05-16 11:00:11,45.7531052,21.2264455,12.31,victoriei_michelangelo_complex,bus,0,synthetic_gps
2026-05-16 11:00:12,45.7531572,21.2264881,7.43,victoriei_michelangelo_complex,bus,0,synthetic_gps
2026-05-16 11:00:13,45.7531515,21.2264062,15.43,victoriei_michelangelo_complex,bus,0,synthetic_gps
2026-05-16 11:00:14,45.7531429,21.2264416,9.04,victoriei_michelangelo_complex,bus,0,synthetic_gps
2026-05-16 11:00:15,45.7532077,21.2264642,17.04,victoriei_michelangelo_complex,bus,0,synthetic_gps
2026-05-16 11:00:16,45.7531412,21.2264128,25.04,victoriei_michelangelo_complex,bus,0,synthetic_gps
2026-05-16 11:00:17,45.7531691,21.2264801,22.01,victoriei_michelangelo_complex,bus,0,synthetic_gps
2026-05-16 11:00:18,45.7530125,21.2264633,25.15,victoriei_michelangelo_complex,bus,0,synthetic_gps
2026-05-16 11:00:19,45.7531479,21.226531,17.15,victoriei_michelangelo_complex,bus,0,synthetic_gps
2026-05-16 11:00:20,45.7531839,21.2265253,14.94,victoriei_michelangelo_complex,bus,0,synthetic_gps
2026-05-16 11:00:21,45.7531803,21.2265177,18.31,victoriei_michelangelo_complex,bus,0,synthetic_gps
2026-05-16 11:00:22,45.7530676,21.2264455,26.31,victoriei_michelangelo_complex,bus,0,synthetic_gps
2026-05-16 11:00:23,45.7530782,21.2264808,18.31,victoriei_michelangelo_complex,bus,0,synthetic_gps
2026-05-16 11:00:24,45.7530869,21.2265057,26.31,victoriei_michelangelo_complex,bus,0,synthetic_gps
2026-05-16 11:00:25,45.7530762,21.2265213,24.33,victoriei_michelangelo_complex,bus,0,synthetic_gps
2026-05-16 11:00:26,45.7530325,21.2265377,26.03,victoriei_michelangelo_complex,bus,0,synthetic_gps
2026-05-16 11:00:27,45.7530568,21.2264641,32.4,victoriei_michelangelo_complex,bus,0,synthetic_gps
2026-05-16 11:00:28,45.7530764,21.2265334,24.4,victoriei_michelangelo_complex,bus,0,synthetic_gps
2026-05-16 11:00:29,45.7529968,21.2266163,17.99,victoriei_michelangelo_complex,bus,0,synthetic_gps
2026-05-16 11:00:30,45.7530045,21.2265394,9.99,victoriei_michelangelo_complex,bus,0,synthetic_gps
2026-05-16 11:00:31,45.7530708,21.2265994,1.99,victoriei_michelangelo_complex,bus,0,synthetic_gps
2026-05-16 11:00:32,45.7530391,21.2265538,0.93,victoriei_michelangelo_complex,bus,0,synthetic_gps
2026-05-16 11:00:33,45.7529972,21.2265517,1.01,victoriei_michelangelo_complex,bus,0,synthetic_gps
2026-05-16 11:00:34,45.7531148,21.2265893,0.0,victoriei_michelangelo_complex,bus,0,synthetic_gps
2026-05-16 11:00:35,45.7530636,21.2266135,1.33,victoriei_michelangelo_complex,bus,0,synthetic_gps
2026-05-16 11:00:36,45.7530874,21.226501,0.75,victoriei_michelangelo_complex,bus,0,synthetic_gps
2026-05-16 11:00:37,45.7530707,21.2266879,1.84,victoriei_michelangelo_complex,bus,0,synthetic_gps
2026-05-16 11:00:38,45.7530956,21.2265656,2.38,victoriei_michelangelo_complex,bus,0,synthetic_gps
2026-05-16 11:00:39,45.7530558,21.2266187,0.44,victoriei_michelangelo_complex,bus,0,synthetic_gps
2026-05-16 11:00:40,45.7529526,21.2265924,1.3,victoriei_michelangelo_complex,bus,0,synthetic_gps
2026-05-16 11:00:41,45.7529723,21.2266468,2.18,victoriei_michelangelo_complex,bus,0,synthetic_gps
2026-05-16 11:00:42,45.7530083,21.2265857,1.2,victoriei_michelangelo_complex,bus,0,synthetic_gps
2026-05-16 11:00:43,45.7530722,21.2267017,0.41,victoriei_michelangelo_complex,bus,0,synthetic_gps
2026-05-16 11:00:44,45.7530299,21.2267288,0.6,victoriei_michelangelo_complex,bus,0,synthetic_gps
2026-05-16 11:00:45,45.7530568,21.2266985,0.95,victoriei_michelangelo_complex,bus,0,synthetic_gps
2026-05-16 11:00:46,45.7530041,21.226638,0.92,victoriei_michelangelo_complex,bus,0,synthetic_gps
2026-05-16 11:00:47,45.7530681,21.2266425,0.98,victoriei_michelangelo_complex,bus,0,synthetic_gps
2026-05-16 11:00:48,45.7530971,21.2267027,0.71,victoriei_michelangelo_complex,bus,0,synthetic_gps
2026-05-16 11:00:49,45.7530132,21.2266925,1.77,victoriei_michelangelo_complex,bus,0,synthetic_gps
2026-05-16 11:00:50,45.7530364,21.2266497,9.77,victoriei_michelangelo_complex,bus,0,synthetic_gps
2026-05-16 11:00:51,45.7530189,21.2267041,17.77,victoriei_michelangelo_complex,bus,0,synthetic_gps
2026-05-16 11:00:52,45.7529302,21.2266527,25.77,victoriei_michelangelo_complex,bus,0,synthetic_gps
2026-05-16 11:00:53,45.7528303,21.226699,17.77,victoriei_michelangelo_complex,bus,0,synthetic_gps
2026-05-16 11:00:54,45.752956,21.2266614,13.69,victoriei_michelangelo_complex,bus,0,synthetic_gps
2026-05-16 11:00:55,45.7529732,21.2267037,18.87,victoriei_michelangelo_complex,bus,0,synthetic_gps
2026-05-16 11:00:56,45.7529683,21.226763,23.37,victoriei_michelangelo_complex,bus,0,synthetic_gps
2026-05-16 11:00:57,45.7529967,21.2266945,31.37,victoriei_michelangelo_complex,bus,0,synthetic_gps
2026-05-16 11:00:58,45.7529565,21.2267399,23.37,victoriei_michelangelo_complex,bus,0,synthetic_gps
2026-05-16 11:00:59,45.752903,21.2266855,22.82,victoriei_michelangelo_complex,bus,0,synthetic_gps
2026-05-16 11:01:00,45.7529628,21.2267027,14.82,victoriei_michelangelo_complex,bus,0,synthetic_gps
2026-05-16 11:01:01,45.7529751,21.2266507,12.02,victoriei_michelangelo_complex,bus,0,synthetic_gps
2026-05-16 11:01:02,45.7528669,21.2267307,20.02,victoriei_michelangelo_complex,bus,0,synthetic_gps
2026-05-16 11:01:03,45.7528358,21.2268378,12.02,victoriei_michelangelo_complex,bus,0,synthetic_gps
2026-05-16 11:01:04,45.7529345,21.2267528,14.31,victoriei_michelangelo_complex,bus,0,synthetic_gps
2026-05-16 11:01:05,45.7530297,21.2267461,22.31,victoriei_michelangelo_complex,bus,0,synthetic_gps
2026-05-16 11:01:06,45.7529158,21.2267166,30.31,victoriei_michelangelo_complex,bus,0,synthetic_gps
2026-05-16 11:01:07,45.7528785,21.226767,30.76,victoriei_michelangelo_complex,bus,0,synthetic_gps
2026-05-16 11:01:08,45.7528002,21.2266804,22.76,victoriei_michelangelo_complex,bus,0,synthetic_gps
2026-05-16 11:01:09,45.7529509,21.2268077,20.22,victoriei_michelangelo_complex,bus,0,synthetic_gps
2026-05-16 11:01:10,45.7529208,21.2268502,21.08,victoriei_michelangelo_complex,bus,0,synthetic_gps
2026-05-16 11:01:11,45.7529723,21.2267771,29.08,victoriei_michelangelo_complex,bus,0,synthetic_gps
2026-05-16 11:01:12,45.7528603,21.226817,23.03,victoriei_michelangelo_complex,bus,0,synthetic_gps
2026-05-16 11:01:13,45.7528998,21.2268258,15.03,victoriei_michelangelo_complex,bus,0,synthetic_gps
2026-05-16 11:01:14,45.7528568,21.2268053,21.55,victoriei_michelangelo_complex,bus,0,synthetic_gps
2026-05-16 11:01:15,45.7528593,21.2268676,16.4,victoriei_michelangelo_complex,bus,0,synthetic_gps
2026-05-16 11:01:16,45.7528213,21.2268592,24.4,victoriei_michelangelo_complex,bus,0,synthetic_gps
2026-05-16 11:01:17,45.7528819,21.2268612,19.27,victoriei_michelangelo_complex,bus,0,synthetic_gps
2026-05-16 11:01:18,45.75282,21.2269394,27.27,victoriei_michelangelo_complex,bus,0,synthetic_gps
2026-05-16 11:01:19,45.752846,21.2267502,22.44,victoriei_michelangelo_complex,bus,0,synthetic_gps
2026-05-16 11:01:20,45.7528387,21.2267772,22.95,victoriei_michelangelo_complex,bus,0,synthetic_gps
2026-05-16 11:01:21,45.7529361,21.2269096,30.95,victoriei_michelangelo_complex,bus,0,synthetic_gps
2026-05-16 11:01:22,45.7528534,21.2269515,31.54,victoriei_michelangelo_complex,bus,0,synthetic_gps
2026-05-16 11:01:23,45.7528508,21.226864,31.3,victoriei_michelangelo_complex,bus,0,synthetic_gps
2026-05-16 11:01:24,45.7528275,21.2269177,23.3,victoriei_michelangelo_complex,bus,0,synthetic_gps
2026-05-16 11:01:25,45.752767,21.2268434,19.66,victoriei_michelangelo_complex,bus,0,synthetic_gps
2026-05-16 11:01:26,45.7528162,21.2268279,23.22,victoriei_michelangelo_complex,bus,0,synthetic_gps
2026-05-16 11:01:27,45.7528278,21.226898,23.9,victoriei_michelangelo_complex,bus,0,synthetic_gps
2026-05-16 11:01:28,45.7528561,21.2268676,21.76,victoriei_michelangelo_complex,bus,0,synthetic_gps
2026-05-16 11:01:29,45.7528465,21.2268505,24.08,victoriei_michelangelo_complex,bus,0,synthetic_gps
2026-05-16 11:01:30,45.7527844,21.2268903,21.23,victoriei_michelangelo_complex,bus,0,synthetic_gps
2026-05-16 11:01:31,45.7527852,21.2269342,27.06,victoriei_michelangelo_complex,bus,0,synthetic_gps
2026-05-16 11:01:32,45.752859,21.2269519,19.06,victoriei_michelangelo_complex,bus,0,synthetic_gps
2026-05-16 11:01:33,45.7527684,21.2270016,23.45,victoriei_michelangelo_complex,bus,0,synthetic_gps
2026-05-16 11:01:34,45.7527855,21.2268823,17.87,victoriei_michelangelo_complex,bus,0,synthetic_gps
2026-05-16 11:01:35,45.7527744,21.2268955,10.96,victoriei_michelangelo_complex,bus,0,synthetic_gps
2026-05-16 11:01:36,45.7528393,21.226961,18.96,victoriei_michelangelo_complex,bus,0,synthetic_gps
2026-05-16 11:01:37,45.7528225,21.226912,21.57,victoriei_michelangelo_complex,bus,0,synthetic_gps
2026-05-16 11:01:38,45.7527962,21.2269309,26.26,victoriei_michelangelo_complex,bus,0,synthetic_gps
2026-05-16 11:01:39,45.7527627,21.2268753,34.26,victoriei_michelangelo_complex,bus,0,synthetic_gps
2026-05-16 11:01:40,45.752733,21.2269128,26.26,victoriei_michelangelo_complex,bus,0,synthetic_gps
2026-05-16 11:01:41,45.7527794,21.2268931,18.26,victoriei_michelangelo_complex,bus,0,synthetic_gps
2026-05-16 11:01:42,45.7528581,21.2268938,19.65,victoriei_michelangelo_complex,bus,0,synthetic_gps
2026-05-16 11:01:43,45.7528212,21.2268082,22.16,victoriei_michelangelo_complex,bus,0,synthetic_gps
2026-05-16 11:01:44,45.752699,21.2269118,14.16,victoriei_michelangelo_complex,bus,0,synthetic_gps
2026-05-16 11:01:45,45.7527293,21.2270032,7.29,victoriei_michelangelo_complex,bus,0,synthetic_gps
2026-05-16 11:01:46,45.7527709,21.2270335,15.29,victoriei_michelangelo_complex,bus,0,synthetic_gps
2026-05-16 11:01:47,45.7527169,21.227039,23.29,victoriei_michelangelo_complex,bus,0,synthetic_gps
2026-05-16 11:01:48,45.75273,21.2269779,16.43,victoriei_michelangelo_complex,bus,0,synthetic_gps
2026-05-16 11:01:49,45.7526722,21.2269617,24.43,victoriei_michelangelo_complex,bus,0,synthetic_gps
2026-05-16 11:01:50,45.7527788,21.2269825,18.22,victoriei_michelangelo_complex,bus,0,synthetic_gps
2026-05-16 11:01:51,45.7526835,21.2270772,18.7,victoriei_michelangelo_complex,bus,0,synthetic_gps
2026-05-16 11:01:52,45.7527222,21.2271013,18.26,victoriei_michelangelo_complex,bus,0,synthetic_gps
2026-05-16 11:01:53,45.7527653,21.2270675,10.26,victoriei_michelangelo_complex,bus,0,synthetic_gps
2026-05-16 11:01:54,45.752776,21.2270192,18.26,victoriei_michelangelo_complex,bus,0,synthetic_gps
2026-05-16 11:01:55,45.752728,21.2270953,25.32,victoriei_michelangelo_complex,bus,0,synthetic_gps
2026-05-16 11:01:56,45.752643,21.226977,28.7,victoriei_michelangelo_complex,bus,0,synthetic_gps
2026-05-16 11:01:57,45.7526482,21.2270487,20.86,victoriei_michelangelo_complex,bus,0,synthetic_gps
2026-05-16 11:01:58,45.7527072,21.2270823,20.4,victoriei_michelangelo_complex,bus,0,synthetic_gps
2026-05-16 11:01:59,45.7527216,21.2270899,27.3,victoriei_michelangelo_complex,bus,0,synthetic_gps
2026-05-16 11:02:00,45.7527372,21.2271475,19.3,victoriei_michelangelo_complex,bus,0,synthetic_gps
2026-05-16 11:02:01,45.7527101,21.22707,27.3,victoriei_michelangelo_complex,bus,0,synthetic_gps
2026-05-16 11:02:02,45.7527378,21.227069,19.3,victoriei_michelangelo_complex,bus,0,synthetic_gps
2026-05-16 11:02:03,45.7526844,21.2271257,18.92,victoriei_michelangelo_complex,bus,0,synthetic_gps
2026-05-16 11:02:04,45.7526718,21.2270252,26.7,victoriei_michelangelo_complex,bus,0,synthetic_gps
2026-05-16 11:02:05,45.7527357,21.227113,18.7,victoriei_michelangelo_complex,bus,0,synthetic_gps
2026-05-16 11:02:06,45.7526908,21.2270995,26.7,victoriei_michelangelo_complex,bus,0,synthetic_gps
2026-05-16 11:02:07,45.7527333,21.2271165,22.02,victoriei_michelangelo_complex,bus,0,synthetic_gps
2026-05-16 11:02:08,45.752695,21.2271571,30.02,victoriei_michelangelo_complex,bus,0,synthetic_gps
2026-05-16 11:02:09,45.7526755,21.227064,27.94,victoriei_michelangelo_complex,bus,0,synthetic_gps
2026-05-16 11:02:10,45.7526862,21.2270938,27.89,victoriei_michelangelo_complex,bus,0,synthetic_gps
2026-05-16 11:02:11,45.7526679,21.2271473,19.89,victoriei_michelangelo_complex,bus,0,synthetic_gps
2026-05-16 11:02:12,45.7525842,21.2270859,20.06,victoriei_michelangelo_complex,bus,0,synthetic_gps
2026-05-16 11:02:13,45.7526972,21.2271523,28.06,victoriei_michelangelo_complex,bus,0,synthetic_gps
2026-05-16 11:02:14,45.7526349,21.2271826,23.68,victoriei_michelangelo_complex,bus,0,synthetic_gps
2026-05-16 11:02:15,45.7525958,21.2271856,29.86,victoriei_michelangelo_complex,bus,0,synthetic_gps
2026-05-16 11:02:16,45.7526413,21.2271081,21.86,victoriei_michelangelo_complex,bus,0,synthetic_gps
2026-05-16 11:02:17,45.7526615,21.2271623,29.22,victoriei_michelangelo_complex,bus,0,synthetic_gps
2026-05-16 11:02:18,45.7527534,21.2271431,37.22,victoriei_michelangelo_complex,bus,0,synthetic_gps
2026-05-16 11:02:19,45.7526713,21.2271455,29.22,victoriei_michelangelo_complex,bus,0,synthetic_gps
2026-05-16 11:02:20,45.7526433,21.2272293,31.12,victoriei_michelangelo_complex,bus,0,synthetic_gps
2026-05-16 11:02:21,45.7525521,21.2272043,23.12,victoriei_michelangelo_complex,bus,0,synthetic_gps
2026-05-16 11:02:22,45.752657,21.227139,15.12,victoriei_michelangelo_complex,bus,0,synthetic_gps
2026-05-16 11:02:23,45.7525899,21.2271622,23.12,victoriei_michelangelo_complex,bus,0,synthetic_gps
2026-05-16 11:02:24,45.7525756,21.2271412,15.12,victoriei_michelangelo_complex,bus,0,synthetic_gps
2026-05-16 11:02:25,45.7526,21.2272087,7.12,victoriei_michelangelo_complex,bus,0,synthetic_gps
2026-05-16 11:02:26,45.7526105,21.2271744,15.12,victoriei_michelangelo_complex,bus,0,synthetic_gps
2026-05-16 11:02:27,45.7525008,21.2272821,23.12,victoriei_michelangelo_complex,bus,0,synthetic_gps
2026-05-16 11:02:28,45.7525781,21.2272316,15.12,victoriei_michelangelo_complex,bus,0,synthetic_gps
2026-05-16 11:02:29,45.7526178,21.227252,15.66,victoriei_michelangelo_complex,bus,0,synthetic_gps
2026-05-16 11:02:30,45.7526182,21.2273011,23.44,victoriei_michelangelo_complex,bus,0,synthetic_gps
2026-05-16 11:02:31,45.7524654,21.2271423,18.81,victoriei_michelangelo_complex,bus,0,synthetic_gps
2026-05-16 11:02:32,45.7525426,21.227243,26.81,victoriei_michelangelo_complex,bus,0,synthetic_gps
2026-05-16 11:02:33,45.7525568,21.2272285,28.31,victoriei_michelangelo_complex,bus,0,synthetic_gps
2026-05-16 11:02:34,45.7525669,21.2272481,20.31,victoriei_michelangelo_complex,bus,0,synthetic_gps
2026-05-16 11:02:35,45.7525678,21.2272656,16.97,victoriei_michelangelo_complex,bus,0,synthetic_gps
2026-05-16 11:02:36,45.7525784,21.2272755,24.97,victoriei_michelangelo_complex,bus,0,synthetic_gps
2026-05-16 11:02:37,45.7525561,21.2273208,25.25,victoriei_michelangelo_complex,bus,0,synthetic_gps
2026-05-16 11:02:38,45.7525519,21.2273224,19.91,victoriei_michelangelo_complex,bus,0,synthetic_gps
2026-05-16 11:02:39,45.7525701,21.2272592,27.91,victoriei_michelangelo_complex,bus,0,synthetic_gps
2026-05-16 11:02:40,45.7524425,21.227357,19.91,victoriei_michelangelo_complex,bus,0,synthetic_gps
2026-05-16 11:02:41,45.7525121,21.2272838,23.0,victoriei_michelangelo_complex,bus,0,synthetic_gps
2026-05-16 11:02:42,45.7524664,21.227328,26.0,victoriei_michelangelo_complex,bus,0,synthetic_gps
2026-05-16 11:02:43,45.752433,21.22743,23.54,victoriei_michelangelo_complex,bus,0,synthetic_gps
2026-05-16 11:02:44,45.7525511,21.2273267,31.54,victoriei_michelangelo_complex,bus,0,synthetic_gps
2026-05-16 11:02:45,45.7524797,21.2272924,23.54,victoriei_michelangelo_complex,bus,0,synthetic_gps
2026-05-16 11:02:46,45.7524909,21.2273469,15.86,victoriei_michelangelo_complex,bus,0,synthetic_gps
2026-05-16 11:02:47,45.7525396,21.2272805,23.86,victoriei_michelangelo_complex,bus,0,synthetic_gps
2026-05-16 11:02:48,45.7523964,21.2272845,15.86,victoriei_michelangelo_complex,bus,0,synthetic_gps
2026-05-16 11:02:49,45.7524435,21.2273611,23.86,victoriei_michelangelo_complex,bus,0,synthetic_gps
2026-05-16 11:02:50,45.7524864,21.2273829,22.27,victoriei_michelangelo_complex,bus,0,synthetic_gps
2026-05-16 11:02:51,45.7525912,21.2273051,30.27,victoriei_michelangelo_complex,bus,0,synthetic_gps
2026-05-16 11:02:52,45.7525275,21.2273099,22.27,victoriei_michelangelo_complex,bus,0,synthetic_gps
2026-05-16 11:02:53,45.7524764,21.2274402,14.27,victoriei_michelangelo_complex,bus,0,synthetic_gps
2026-05-16 11:02:54,45.7524886,21.2274357,8.23,victoriei_michelangelo_complex,bus,0,synthetic_gps
2026-05-16 11:02:55,45.7524625,21.2273705,16.23,victoriei_michelangelo_complex,bus,0,synthetic_gps
2026-05-16 11:02:56,45.7524494,21.2274466,21.95,victoriei_michelangelo_complex,bus,0,synthetic_gps
2026-05-16 11:02:57,45.752597,21.2274015,29.08,victoriei_michelangelo_complex,bus,0,synthetic_gps
2026-05-16 11:02:58,45.7523732,21.2273863,25.46,victoriei_michelangelo_complex,bus,0,synthetic_gps
2026-05-16 11:02:59,45.7525041,21.2274731,25.98,victoriei_michelangelo_complex,bus,0,synthetic_gps
2026-05-16 11:03:00,45.7524107,21.2273544,17.98,victoriei_michelangelo_complex,bus,0,synthetic_gps
2026-05-16 11:03:01,45.7523771,21.2275069,9.98,victoriei_michelangelo_complex,bus,0,synthetic_gps
2026-05-16 11:03:02,45.7523896,21.2274433,1.98,victoriei_michelangelo_complex,bus,0,synthetic_gps
2026-05-16 11:03:03,45.7525102,21.2274291,1.08,victoriei_michelangelo_complex,bus,0,synthetic_gps
2026-05-16 11:03:04,45.7523949,21.2274331,0.48,victoriei_michelangelo_complex,bus,0,synthetic_gps
2026-05-16 11:03:05,45.7524299,21.2273903,0.46,victoriei_michelangelo_complex,bus,0,synthetic_gps
2026-05-16 11:03:06,45.7524754,21.2274815,0.0,victoriei_michelangelo_complex,bus,0,synthetic_gps
2026-05-16 11:03:07,45.7524378,21.2274961,1.13,victoriei_michelangelo_complex,bus,0,synthetic_gps
2026-05-16 11:03:08,45.7524609,21.2274728,0.1,victoriei_michelangelo_complex,bus,0,synthetic_gps
2026-05-16 11:03:09,45.7524225,21.2275087,1.37,victoriei_michelangelo_complex,bus,0,synthetic_gps
2026-05-16 11:03:10,45.7524414,21.2274682,0.44,victoriei_michelangelo_complex,bus,0,synthetic_gps
2026-05-16 11:03:11,45.7524691,21.2274285,0.46,victoriei_michelangelo_complex,bus,0,synthetic_gps
2026-05-16 11:03:12,45.75244,21.2274848,0.93,victoriei_michelangelo_complex,bus,0,synthetic_gps
2026-05-16 11:03:13,45.752294,21.2273324,0.82,victoriei_michelangelo_complex,bus,0,synthetic_gps
2026-05-16 11:03:14,45.7523696,21.2274628,0.42,victoriei_michelangelo_complex,bus,0,synthetic_gps
2026-05-16 11:03:15,45.7523851,21.2275053,0.95,victoriei_michelangelo_complex,bus,0,synthetic_gps
2026-05-16 11:03:16,45.7524495,21.2274474,2.21,victoriei_michelangelo_complex,bus,0,synthetic_gps
2026-05-16 11:03:17,45.7523243,21.2274673,1.46,victoriei_michelangelo_complex,bus,0,synthetic_gps
2026-05-16 11:03:18,45.7523241,21.2275707,1.02,victoriei_michelangelo_complex,bus,0,synthetic_gps
2026-05-16 11:03:19,45.7522941,21.2274904,1.31,victoriei_michelangelo_complex,bus,0,synthetic_gps
2026-05-16 11:03:20,45.752335,21.2275084,9.31,victoriei_michelangelo_complex,bus,0,synthetic_gps
2026-05-16 11:03:21,45.7523773,21.2275916,17.31,victoriei_michelangelo_complex,bus,0,synthetic_gps
2026-05-16 11:03:22,45.7524175,21.2274511,18.35,victoriei_michelangelo_complex,bus,0,synthetic_gps
2026-05-16 11:03:23,45.7523832,21.2275518,26.35,victoriei_michelangelo_complex,bus,0,synthetic_gps
2026-05-16 11:03:24,45.7522776,21.2275274,28.18,victoriei_michelangelo_complex,bus,0,synthetic_gps
2026-05-16 11:03:25,45.7523159,21.2275929,25.03,victoriei_michelangelo_complex,bus,0,synthetic_gps
2026-05-16 11:03:26,45.7523621,21.2275027,26.01,victoriei_michelangelo_complex,bus,0,synthetic_gps
2026-05-16 11:03:27,45.7522913,21.2274726,24.18,victoriei_michelangelo_complex,bus,0,synthetic_gps
2026-05-16 11:03:28,45.7523058,21.2275308,22.74,victoriei_michelangelo_complex,bus,0,synthetic_gps
2026-05-16 11:03:29,45.7523593,21.2275732,20.77,victoriei_michelangelo_complex,bus,0,synthetic_gps
2026-05-16 11:03:30,45.7523397,21.2275297,12.98,victoriei_michelangelo_complex,bus,0,synthetic_gps
2026-05-16 11:03:31,45.7522975,21.2276441,20.98,victoriei_michelangelo_complex,bus,0,synthetic_gps
2026-05-16 11:03:32,45.7522613,21.2275602,23.91,victoriei_michelangelo_complex,bus,0,synthetic_gps
2026-05-16 11:03:33,45.752333,21.2276073,20.51,victoriei_michelangelo_complex,bus,0,synthetic_gps
2026-05-16 11:03:34,45.7523163,21.2276058,28.11,victoriei_michelangelo_complex,bus,0,synthetic_gps
2026-05-16 11:03:35,45.7523141,21.2276562,21.49,victoriei_michelangelo_complex,bus,0,synthetic_gps
2026-05-16 11:03:36,45.7523468,21.2277127,22.09,victoriei_michelangelo_complex,bus,0,synthetic_gps
2026-05-16 11:03:37,45.7522641,21.2275883,15.69,victoriei_michelangelo_complex,bus,0,synthetic_gps
2026-05-16 11:03:38,45.7521752,21.2276037,23.69,victoriei_michelangelo_complex,bus,0,synthetic_gps
2026-05-16 11:03:39,45.7522773,21.2276259,19.61,victoriei_michelangelo_complex,bus,0,synthetic_gps
2026-05-16 11:03:40,45.7523193,21.2276465,27.61,victoriei_michelangelo_complex,bus,0,synthetic_gps
2026-05-16 11:03:41,45.7523187,21.2277015,29.5,victoriei_michelangelo_complex,bus,0,synthetic_gps
2026-05-16 11:03:42,45.7523109,21.2276277,21.5,victoriei_michelangelo_complex,bus,0,synthetic_gps
2026-05-16 11:03:43,45.7522804,21.227652,22.69,victoriei_michelangelo_complex,bus,0,synthetic_gps
2026-05-16 11:03:44,45.752338,21.227658,25.88,victoriei_michelangelo_complex,bus,0,synthetic_gps
2026-05-16 11:03:45,45.7522157,21.2276662,26.75,victoriei_michelangelo_complex,bus,0,synthetic_gps
2026-05-16 11:03:46,45.7522625,21.2276884,18.91,victoriei_michelangelo_complex,bus,0,synthetic_gps
2026-05-16 11:03:47,45.7522178,21.2276979,21.25,victoriei_michelangelo_complex,bus,0,synthetic_gps
2026-05-16 11:03:48,45.7521728,21.2277272,29.25,victoriei_michelangelo_complex,bus,0,synthetic_gps
2026-05-16 11:03:49,45.7522999,21.2276471,21.25,victoriei_michelangelo_complex,bus,0,synthetic_gps
2026-05-16 11:03:50,45.7522303,21.2276852,20.27,victoriei_michelangelo_complex,bus,0,synthetic_gps
2026-05-16 11:03:51,45.7522781,21.227647,28.27,victoriei_michelangelo_complex,bus,0,synthetic_gps
2026-05-16 11:03:52,45.75217,21.2277082,20.27,victoriei_michelangelo_complex,bus,0,synthetic_gps
2026-05-16 11:03:53,45.752183,21.2276445,28.27,victoriei_michelangelo_complex,bus,0,synthetic_gps
2026-05-16 11:03:54,45.7521292,21.2276589,20.27,victoriei_michelangelo_complex,bus,0,synthetic_gps
2026-05-16 11:03:55,45.7522242,21.2277206,13.64,victoriei_michelangelo_complex,bus,0,synthetic_gps
2026-05-16 11:03:56,45.7522227,21.2276361,21.64,victoriei_michelangelo_complex,bus,0,synthetic_gps
2026-05-16 11:03:57,45.7522776,21.2277564,21.58,victoriei_michelangelo_complex,bus,0,synthetic_gps
2026-05-16 11:03:58,45.7521264,21.2277425,16.38,victoriei_michelangelo_complex,bus,0,synthetic_gps
2026-05-16 11:03:59,45.7522048,21.2277403,12.22,victoriei_michelangelo_complex,bus,0,synthetic_gps
2026-05-16 11:04:00,45.7522554,21.2277539,20.22,victoriei_michelangelo_complex,bus,0,synthetic_gps
2026-05-16 11:04:01,45.7521937,21.227761,28.22,victoriei_michelangelo_complex,bus,0,synthetic_gps
2026-05-16 11:04:02,45.7522124,21.2277452,25.34,victoriei_michelangelo_complex,bus,0,synthetic_gps
2026-05-16 11:04:03,45.7521909,21.2277884,17.34,victoriei_michelangelo_complex,bus,0,synthetic_gps
2026-05-16 11:04:04,45.752212,21.2278472,25.34,victoriei_michelangelo_complex,bus,0,synthetic_gps
2026-05-16 11:04:05,45.7521028,21.2277431,18.32,victoriei_michelangelo_complex,bus,0,synthetic_gps
2026-05-16 11:04:06,45.752162,21.2278214,26.32,victoriei_michelangelo_complex,bus,0,synthetic_gps
2026-05-16 11:04:07,45.7521848,21.2277871,26.18,victoriei_michelangelo_complex,bus,0,synthetic_gps
2026-05-16 11:04:08,45.7521443,21.2277216,18.18,victoriei_michelangelo_complex,bus,0,synthetic_gps
2026-05-16 11:04:09,45.7521724,21.2278353,26.18,victoriei_michelangelo_complex,bus,0,synthetic_gps
2026-05-16 11:04:10,45.7521302,21.2277554,22.78,victoriei_michelangelo_complex,bus,0,synthetic_gps
2026-05-16 11:04:11,45.7520881,21.2278703,23.88,victoriei_michelangelo_complex,bus,0,synthetic_gps
2026-05-16 11:04:12,45.752096,21.2278285,31.88,victoriei_michelangelo_complex,bus,0,synthetic_gps
2026-05-16 11:04:13,45.7520767,21.2278758,23.88,victoriei_michelangelo_complex,bus,0,synthetic_gps
2026-05-16 11:04:14,45.7521177,21.2277703,15.88,victoriei_michelangelo_complex,bus,0,synthetic_gps
2026-05-16 11:04:15,45.7521597,21.2278453,19.93,victoriei_michelangelo_complex,bus,0,synthetic_gps
2026-05-16 11:04:16,45.7520901,21.2278516,13.3,victoriei_michelangelo_complex,bus,0,synthetic_gps
2026-05-16 11:04:17,45.7521365,21.2278452,21.3,victoriei_michelangelo_complex,bus,0,synthetic_gps
2026-05-16 11:04:18,45.7520663,21.2278569,29.3,victoriei_michelangelo_complex,bus,0,synthetic_gps
2026-05-16 11:04:19,45.7521389,21.2278879,25.55,victoriei_michelangelo_complex,bus,0,synthetic_gps
2026-05-16 11:04:20,45.7521109,21.2278692,17.55,victoriei_michelangelo_complex,bus,0,synthetic_gps
2026-05-16 11:04:21,45.7521824,21.2278859,13.59,victoriei_michelangelo_complex,bus,0,synthetic_gps
2026-05-16 11:04:22,45.7521532,21.2279172,18.41,victoriei_michelangelo_complex,bus,0,synthetic_gps
2026-05-16 11:04:23,45.7521435,21.2279417,20.63,victoriei_michelangelo_complex,bus,0,synthetic_gps
2026-05-16 11:04:24,45.7520066,21.2279247,28.63,victoriei_michelangelo_complex,bus,0,synthetic_gps
2026-05-16 11:04:25,45.7520644,21.2278552,20.63,victoriei_michelangelo_complex,bus,0,synthetic_gps
2026-05-16 11:04:26,45.7521332,21.2278945,13.5,victoriei_michelangelo_complex,bus,0,synthetic_gps
2026-05-16 11:04:27,45.7521303,21.2278871,6.8,victoriei_michelangelo_complex,bus,0,synthetic_gps
2026-05-16 11:04:28,45.7520587,21.227906,14.8,victoriei_michelangelo_complex,bus,0,synthetic_gps
2026-05-16 11:04:29,45.7520506,21.2278589,18.62,victoriei_michelangelo_complex,bus,0,synthetic_gps
2026-05-16 11:04:30,45.7520168,21.2279299,26.62,victoriei_michelangelo_complex,bus,0,synthetic_gps
2026-05-16 11:04:31,45.7520402,21.2279433,20.18,victoriei_michelangelo_complex,bus,0,synthetic_gps
2026-05-16 11:04:32,45.7520355,21.2278842,19.48,victoriei_michelangelo_complex,bus,0,synthetic_gps
2026-05-16 11:04:33,45.7520633,21.2279444,11.48,victoriei_michelangelo_complex,bus,0,synthetic_gps
2026-05-16 11:04:34,45.7520633,21.2279717,8.88,victoriei_michelangelo_complex,bus,0,synthetic_gps
2026-05-16 11:04:35,45.7520393,21.2280175,16.88,victoriei_michelangelo_complex,bus,0,synthetic_gps
2026-05-16 11:04:36,45.7519802,21.2279141,24.52,victoriei_michelangelo_complex,bus,0,synthetic_gps
2026-05-16 11:04:37,45.7520825,21.2280182,24.43,victoriei_michelangelo_complex,bus,0,synthetic_gps
2026-05-16 11:04:38,45.751972,21.2279576,29.01,victoriei_michelangelo_complex,bus,0,synthetic_gps
2026-05-16 11:04:39,45.751967,21.2279647,28.7,victoriei_michelangelo_complex,bus,0,synthetic_gps
2026-05-16 11:04:40,45.7520125,21.2279438,29.97,victoriei_michelangelo_complex,bus,0,synthetic_gps
2026-05-16 11:04:41,45.7520735,21.2279676,37.97,victoriei_michelangelo_complex,bus,0,synthetic_gps
2026-05-16 11:04:42,45.7519614,21.2279901,43.74,victoriei_michelangelo_complex,bus,0,synthetic_gps
2026-05-16 11:04:43,45.7519089,21.2280484,35.74,victoriei_michelangelo_complex,bus,0,synthetic_gps
2026-05-16 11:04:44,45.7519713,21.2278884,27.74,victoriei_michelangelo_complex,bus,0,synthetic_gps
2026-05-16 11:04:45,45.7519447,21.2280082,19.74,victoriei_michelangelo_complex,bus,0,synthetic_gps
2026-05-16 11:04:46,45.7519786,21.2280174,23.4,victoriei_michelangelo_complex,bus,0,synthetic_gps
2026-05-16 11:04:47,45.7519417,21.2280194,17.67,victoriei_michelangelo_complex,bus,0,synthetic_gps
2026-05-16 11:04:48,45.7520642,21.227984,18.6,victoriei_michelangelo_complex,bus,0,synthetic_gps
2026-05-16 11:04:49,45.7519777,21.2280125,26.6,victoriei_michelangelo_complex,bus,0,synthetic_gps
2026-05-16 11:04:50,45.7519752,21.2280581,26.29,victoriei_michelangelo_complex,bus,0,synthetic_gps
2026-05-16 11:04:51,45.7519904,21.2281252,18.29,victoriei_michelangelo_complex,bus,0,synthetic_gps
2026-05-16 11:04:52,45.7520601,21.2279947,14.83,victoriei_michelangelo_complex,bus,0,synthetic_gps
2026-05-16 11:04:53,45.7520105,21.2280492,18.25,victoriei_michelangelo_complex,bus,0,synthetic_gps
2026-05-16 11:04:54,45.7519641,21.2280044,18.84,victoriei_michelangelo_complex,bus,0,synthetic_gps
2026-05-16 11:04:55,45.7519847,21.2281274,13.37,victoriei_michelangelo_complex,bus,0,synthetic_gps
2026-05-16 11:04:56,45.7519677,21.2281037,21.37,victoriei_michelangelo_complex,bus,0,synthetic_gps
2026-05-16 11:04:57,45.751921,21.2280807,29.37,victoriei_michelangelo_complex,bus,0,synthetic_gps
2026-05-16 11:04:58,45.7519872,21.2280297,34.69,victoriei_michelangelo_complex,bus,0,synthetic_gps
2026-05-16 11:04:59,45.7519176,21.2281102,29.68,victoriei_michelangelo_complex,bus,0,synthetic_gps
2026-05-16 11:05:00,45.7519226,21.2281491,26.6,victoriei_michelangelo_complex,bus,0,synthetic_gps
2026-05-16 11:05:01,45.7519381,21.228178,25.78,victoriei_michelangelo_complex,bus,0,synthetic_gps
2026-05-16 11:05:02,45.7519707,21.2282159,25.36,victoriei_michelangelo_complex,bus,0,synthetic_gps
2026-05-16 11:05:03,45.7519399,21.2280716,17.36,victoriei_michelangelo_complex,bus,0,synthetic_gps
2026-05-16 11:05:04,45.7519147,21.2281352,16.94,victoriei_michelangelo_complex,bus,0,synthetic_gps
2026-05-16 11:05:05,45.7519833,21.2281029,17.57,victoriei_michelangelo_complex,bus,0,synthetic_gps
2026-05-16 11:05:06,45.7519326,21.2280982,25.57,victoriei_michelangelo_complex,bus,0,synthetic_gps
2026-05-16 11:05:07,45.7518949,21.2280869,23.56,victoriei_michelangelo_complex,bus,0,synthetic_gps
2026-05-16 11:05:08,45.7519779,21.2281343,17.22,victoriei_michelangelo_complex,bus,0,synthetic_gps
2026-05-16 11:05:09,45.7518802,21.2281164,9.22,victoriei_michelangelo_complex,bus,0,synthetic_gps
2026-05-16 11:05:10,45.7518747,21.2281981,17.22,victoriei_michelangelo_complex,bus,0,synthetic_gps
2026-05-16 11:05:11,45.7519042,21.2281662,17.02,victoriei_michelangelo_complex,bus,0,synthetic_gps
2026-05-16 11:05:12,45.7518824,21.2282459,24.9,victoriei_michelangelo_complex,bus,0,synthetic_gps
2026-05-16 11:05:13,45.7518993,21.2281487,25.0,victoriei_michelangelo_complex,bus,0,synthetic_gps
2026-05-16 11:05:14,45.7519391,21.2281715,17.0,victoriei_michelangelo_complex,bus,0,synthetic_gps
2026-05-16 11:05:15,45.7519096,21.2282092,24.69,victoriei_michelangelo_complex,bus,0,synthetic_gps
2026-05-16 11:05:16,45.7519473,21.2282748,25.78,victoriei_michelangelo_complex,bus,0,synthetic_gps
2026-05-16 11:05:17,45.7518958,21.2282093,25.45,victoriei_michelangelo_complex,bus,0,synthetic_gps
2026-05-16 11:05:18,45.7518094,21.2281868,33.45,victoriei_michelangelo_complex,bus,0,synthetic_gps
2026-05-16 11:05:19,45.7518407,21.2282692,26.16,victoriei_michelangelo_complex,bus,0,synthetic_gps
2026-05-16 11:05:20,45.7518708,21.2282163,22.38,victoriei_michelangelo_complex,bus,0,synthetic_gps
2026-05-16 11:05:21,45.7518232,21.2283059,26.0,victoriei_michelangelo_complex,bus,0,synthetic_gps
2026-05-16 11:05:22,45.7519373,21.2282309,28.38,victoriei_michelangelo_complex,bus,0,synthetic_gps
2026-05-16 11:05:23,45.7518912,21.2282704,22.84,victoriei_michelangelo_complex,bus,0,synthetic_gps
2026-05-16 11:05:24,45.7518358,21.228247,29.85,victoriei_michelangelo_complex,bus,0,synthetic_gps
2026-05-16 11:05:25,45.7517986,21.2283199,21.85,victoriei_michelangelo_complex,bus,0,synthetic_gps
2026-05-16 11:05:26,45.7518442,21.2283044,29.85,victoriei_michelangelo_complex,bus,0,synthetic_gps
2026-05-16 11:05:27,45.7518208,21.2283362,21.85,victoriei_michelangelo_complex,bus,0,synthetic_gps
2026-05-16 11:05:28,45.7518071,21.2282613,29.46,victoriei_michelangelo_complex,bus,0,synthetic_gps
2026-05-16 11:05:29,45.7517971,21.2282718,27.58,victoriei_michelangelo_complex,bus,0,synthetic_gps
2026-05-16 11:05:30,45.7517683,21.2283332,19.58,victoriei_michelangelo_complex,bus,0,synthetic_gps
2026-05-16 11:05:31,45.7519007,21.2282445,11.58,victoriei_michelangelo_complex,bus,0,synthetic_gps
2026-05-16 11:05:32,45.7518378,21.228318,3.58,victoriei_michelangelo_complex,bus,0,synthetic_gps
2026-05-16 11:05:33,45.7518361,21.2283944,0.56,victoriei_michelangelo_complex,bus,0,synthetic_gps
2026-05-16 11:05:34,45.7517996,21.2283898,1.03,victoriei_michelangelo_complex,bus,0,synthetic_gps
2026-05-16 11:05:35,45.7518041,21.2283467,1.13,victoriei_michelangelo_complex,bus,0,synthetic_gps
2026-05-16 11:05:36,45.7517426,21.2283429,0.29,victoriei_michelangelo_complex,bus,0,synthetic_gps
2026-05-16 11:05:37,45.7517951,21.2283844,2.16,victoriei_michelangelo_complex,bus,0,synthetic_gps
2026-05-16 11:05:38,45.7517205,21.2284045,1.07,victoriei_michelangelo_complex,bus,0,synthetic_gps
2026-05-16 11:05:39,45.7518345,21.2284302,0.46,victoriei_michelangelo_complex,bus,0,synthetic_gps
2026-05-16 11:05:40,45.7519033,21.2284045,0.66,victoriei_michelangelo_complex,bus,0,synthetic_gps
2026-05-16 11:05:41,45.7517089,21.2283841,0.51,victoriei_michelangelo_complex,bus,0,synthetic_gps
2026-05-16 11:05:42,45.7517893,21.228396,0.41,victoriei_michelangelo_complex,bus,0,synthetic_gps
2026-05-16 11:05:43,45.751831,21.2283489,1.67,victoriei_michelangelo_complex,bus,0,synthetic_gps
2026-05-16 11:05:44,45.751813,21.2283475,0.98,victoriei_michelangelo_complex,bus,0,synthetic_gps
2026-05-16 11:05:45,45.7517752,21.2283815,0.55,victoriei_michelangelo_complex,bus,0,synthetic_gps
2026-05-16 11:05:46,45.7517841,21.2283708,1.23,victoriei_michelangelo_complex,bus,0,synthetic_gps
2026-05-16 11:05:47,45.7516908,21.2284118,1.14,victoriei_michelangelo_complex,bus,0,synthetic_gps
2026-05-16 11:05:48,45.7518209,21.2283411,1.55,victoriei_michelangelo_complex,bus,0,synthetic_gps
2026-05-16 11:05:49,45.7517094,21.2284268,0.41,victoriei_michelangelo_complex,bus,0,synthetic_gps
2026-05-16 11:05:50,45.7517046,21.2284434,8.41,victoriei_michelangelo_complex,bus,0,synthetic_gps
2026-05-16 11:05:51,45.75177,21.2284722,16.41,victoriei_michelangelo_complex,bus,0,synthetic_gps
2026-05-16 11:05:52,45.7517882,21.2284001,18.34,victoriei_michelangelo_complex,bus,0,synthetic_gps
2026-05-16 11:05:53,45.7517551,21.228481,26.34,victoriei_michelangelo_complex,bus,0,synthetic_gps
2026-05-16 11:05:54,45.7517228,21.2284293,23.45,victoriei_michelangelo_complex,bus,0,synthetic_gps
2026-05-16 11:05:55,45.7516939,21.2284544,22.68,victoriei_michelangelo_complex,bus,0,synthetic_gps
2026-05-16 11:05:56,45.751673,21.2284349,20.97,victoriei_michelangelo_complex,bus,0,synthetic_gps
2026-05-16 11:05:57,45.7517747,21.2285121,27.67,victoriei_michelangelo_complex,bus,0,synthetic_gps
2026-05-16 11:05:58,45.7517586,21.2285377,28.22,victoriei_michelangelo_complex,bus,0,synthetic_gps
2026-05-16 11:05:59,45.7517429,21.2285058,25.48,victoriei_michelangelo_complex,bus,0,synthetic_gps
2026-05-16 11:06:00,45.7516548,21.2285133,24.79,victoriei_michelangelo_complex,bus,0,synthetic_gps
2026-05-16 11:06:01,45.751725,21.228474,16.79,victoriei_michelangelo_complex,bus,0,synthetic_gps
2026-05-16 11:06:02,45.7516196,21.2285119,24.79,victoriei_michelangelo_complex,bus,0,synthetic_gps
2026-05-16 11:06:03,45.7517746,21.228601,20.08,victoriei_michelangelo_complex,bus,0,synthetic_gps
2026-05-16 11:06:04,45.7516964,21.2285069,24.19,victoriei_michelangelo_complex,bus,0,synthetic_gps
2026-05-16 11:06:05,45.7516633,21.2286383,26.36,victoriei_michelangelo_complex,bus,0,synthetic_gps
2026-05-16 11:06:06,45.751728,21.2286014,18.36,victoriei_michelangelo_complex,bus,0,synthetic_gps
2026-05-16 11:06:07,45.7516681,21.2286,18.75,victoriei_michelangelo_complex,bus,0,synthetic_gps
2026-05-16 11:06:08,45.7517266,21.2285813,26.75,victoriei_michelangelo_complex,bus,0,synthetic_gps
2026-05-16 11:06:09,45.7516607,21.2285624,22.47,victoriei_michelangelo_complex,bus,0,synthetic_gps
2026-05-16 11:06:10,45.7517367,21.2286386,23.68,victoriei_michelangelo_complex,bus,0,synthetic_gps
2026-05-16 11:06:11,45.7517432,21.2285423,22.99,victoriei_michelangelo_complex,bus,0,synthetic_gps
2026-05-16 11:06:12,45.7516439,21.2285865,14.99,victoriei_michelangelo_complex,bus,0,synthetic_gps
2026-05-16 11:06:13,45.7516553,21.2286601,22.99,victoriei_michelangelo_complex,bus,0,synthetic_gps
2026-05-16 11:06:14,45.7516675,21.2285887,26.95,victoriei_michelangelo_complex,bus,0,synthetic_gps
2026-05-16 11:06:15,45.7516786,21.2285563,18.95,victoriei_michelangelo_complex,bus,0,synthetic_gps
2026-05-16 11:06:16,45.7515939,21.2286808,15.0,victoriei_michelangelo_complex,bus,0,synthetic_gps
2026-05-16 11:06:17,45.751652,21.2286945,20.85,victoriei_michelangelo_complex,bus,0,synthetic_gps
2026-05-16 11:06:18,45.7516986,21.2286312,12.85,victoriei_michelangelo_complex,bus,0,synthetic_gps
2026-05-16 11:06:19,45.7516145,21.2286743,20.85,victoriei_michelangelo_complex,bus,0,synthetic_gps
2026-05-16 11:06:20,45.7516832,21.2286526,28.51,victoriei_michelangelo_complex,bus,0,synthetic_gps
2026-05-16 11:06:21,45.7516445,21.2287231,27.83,victoriei_michelangelo_complex,bus,0,synthetic_gps
2026-05-16 11:06:22,45.7515951,21.2286648,19.83,victoriei_michelangelo_complex,bus,0,synthetic_gps
2026-05-16 11:06:23,45.7515846,21.2287087,27.67,victoriei_michelangelo_complex,bus,0,synthetic_gps
2026-05-16 11:06:24,45.7515991,21.2287122,31.13,victoriei_michelangelo_complex,bus,0,synthetic_gps
2026-05-16 11:06:25,45.7516286,21.2286571,26.78,victoriei_michelangelo_complex,bus,0,synthetic_gps
2026-05-16 11:06:26,45.7515845,21.2287386,18.78,victoriei_michelangelo_complex,bus,0,synthetic_gps
2026-05-16 11:06:27,45.7515722,21.2286576,26.78,victoriei_michelangelo_complex,bus,0,synthetic_gps
2026-05-16 11:06:28,45.7516852,21.2287056,18.78,victoriei_michelangelo_complex,bus,0,synthetic_gps
2026-05-16 11:06:29,45.7515372,21.2286762,24.32,victoriei_michelangelo_complex,bus,0,synthetic_gps
2026-05-16 11:06:30,45.7516329,21.2286256,16.43,victoriei_michelangelo_complex,bus,0,synthetic_gps
2026-05-16 11:06:31,45.75164,21.2286673,24.43,victoriei_michelangelo_complex,bus,0,synthetic_gps
2026-05-16 11:06:32,45.7515103,21.2288105,29.54,victoriei_michelangelo_complex,bus,0,synthetic_gps
2026-05-16 11:06:33,45.7515739,21.2287715,22.96,victoriei_michelangelo_complex,bus,0,synthetic_gps
2026-05-16 11:06:34,45.7515235,21.2287793,14.96,victoriei_michelangelo_complex,bus,0,synthetic_gps
2026-05-16 11:06:35,45.7515758,21.2287255,22.96,victoriei_michelangelo_complex,bus,0,synthetic_gps
2026-05-16 11:06:36,45.7516083,21.2287501,22.72,victoriei_michelangelo_complex,bus,0,synthetic_gps
2026-05-16 11:06:37,45.7516327,21.2287165,21.84,victoriei_michelangelo_complex,bus,0,synthetic_gps
2026-05-16 11:06:38,45.7516351,21.2288079,16.48,victoriei_michelangelo_complex,bus,0,synthetic_gps
2026-05-16 11:06:39,45.7515173,21.2288186,13.52,victoriei_michelangelo_complex,bus,0,synthetic_gps
2026-05-16 11:06:40,45.7516222,21.2288456,17.09,victoriei_michelangelo_complex,bus,0,synthetic_gps
2026-05-16 11:06:41,45.7515586,21.2287651,25.09,victoriei_michelangelo_complex,bus,0,synthetic_gps
2026-05-16 11:06:42,45.7515209,21.2287987,19.04,victoriei_michelangelo_complex,bus,0,synthetic_gps
2026-05-16 11:06:43,45.7515268,21.2287886,21.52,victoriei_michelangelo_complex,bus,0,synthetic_gps
2026-05-16 11:06:44,45.7515573,21.2288352,13.52,victoriei_michelangelo_complex,bus,0,synthetic_gps
2026-05-16 11:06:45,45.7515071,21.2288586,8.98,victoriei_michelangelo_complex,bus,0,synthetic_gps
2026-05-16 11:06:46,45.7515654,21.2288487,10.03,victoriei_michelangelo_complex,bus,0,synthetic_gps
2026-05-16 11:06:47,45.7515479,21.2287853,14.06,victoriei_michelangelo_complex,bus,0,synthetic_gps
2026-05-16 11:06:48,45.7515006,21.2288818,19.45,victoriei_michelangelo_complex,bus,0,synthetic_gps
2026-05-16 11:06:49,45.7515448,21.2287926,11.82,victoriei_michelangelo_complex,bus,0,synthetic_gps
2026-05-16 11:06:50,45.7514984,21.2288526,19.82,victoriei_michelangelo_complex,bus,0,synthetic_gps
2026-05-16 11:06:51,45.7515773,21.2289183,27.82,victoriei_michelangelo_complex,bus,0,synthetic_gps
2026-05-16 11:06:52,45.7514729,21.228892,19.82,victoriei_michelangelo_complex,bus,0,synthetic_gps
2026-05-16 11:06:53,45.7515091,21.2288963,22.5,victoriei_michelangelo_complex,bus,0,synthetic_gps
2026-05-16 11:06:54,45.751578,21.2288406,26.28,victoriei_michelangelo_complex,bus,0,synthetic_gps
2026-05-16 11:06:55,45.7514458,21.228896,18.28,victoriei_michelangelo_complex,bus,0,synthetic_gps
2026-05-16 11:06:56,45.7515749,21.2289098,21.86,victoriei_michelangelo_complex,bus,0,synthetic_gps
2026-05-16 11:06:57,45.7515289,21.228905,20.25,victoriei_michelangelo_complex,bus,0,synthetic_gps
2026-05-16 11:06:58,45.7514471,21.2288956,20.91,victoriei_michelangelo_complex,bus,0,synthetic_gps
2026-05-16 11:06:59,45.7515158,21.2289635,28.91,victoriei_michelangelo_complex,bus,0,synthetic_gps
2026-05-16 11:07:00,45.7514336,21.2289565,27.37,victoriei_michelangelo_complex,bus,0,synthetic_gps
2026-05-16 11:07:01,45.75158,21.2290411,32.35,victoriei_michelangelo_complex,bus,0,synthetic_gps
2026-05-16 11:07:02,45.7514648,21.2289637,24.35,victoriei_michelangelo_complex,bus,0,synthetic_gps
2026-05-16 11:07:03,45.7514699,21.2289695,29.75,victoriei_michelangelo_complex,bus,0,synthetic_gps
2026-05-16 11:07:04,45.7515385,21.2289997,26.41,victoriei_michelangelo_complex,bus,0,synthetic_gps
2026-05-16 11:07:05,45.7515454,21.228843,25.47,victoriei_michelangelo_complex,bus,0,synthetic_gps
2026-05-16 11:07:06,45.751491,21.228943,28.36,victoriei_michelangelo_complex,bus,0,synthetic_gps
2026-05-16 11:07:07,45.751493,21.2289354,21.43,victoriei_michelangelo_complex,bus,0,synthetic_gps
2026-05-16 11:07:08,45.7514685,21.2289309,18.85,victoriei_michelangelo_complex,bus,0,synthetic_gps
2026-05-16 11:07:09,45.751474,21.2290223,26.85,victoriei_michelangelo_complex,bus,0,synthetic_gps
2026-05-16 11:07:10,45.7514772,21.2290247,18.85,victoriei_michelangelo_complex,bus,0,synthetic_gps
2026-05-16 11:07:11,45.7513534,21.2289863,25.43,victoriei_michelangelo_complex,bus,0,synthetic_gps
2026-05-16 11:07:12,45.7514239,21.2290042,17.43,victoriei_michelangelo_complex,bus,0,synthetic_gps
2026-05-16 11:07:13,45.7514167,21.2289845,25.43,victoriei_michelangelo_complex,bus,0,synthetic_gps
2026-05-16 11:07:14,45.7514805,21.2290781,17.43,victoriei_michelangelo_complex,bus,0,synthetic_gps
2026-05-16 11:07:15,45.7514441,21.2289836,14.15,victoriei_michelangelo_complex,bus,0,synthetic_gps
2026-05-16 11:07:16,45.7514061,21.2290092,22.15,victoriei_michelangelo_complex,bus,0,synthetic_gps
2026-05-16 11:07:17,45.7514208,21.2290824,24.13,victoriei_michelangelo_complex,bus,0,synthetic_gps
2026-05-16 11:07:18,45.7514116,21.2289402,16.18,victoriei_michelangelo_complex,bus,0,synthetic_gps
2026-05-16 11:07:19,45.751416,21.2290862,24.18,victoriei_michelangelo_complex,bus,0,synthetic_gps
2026-05-16 11:07:20,45.7515215,21.2291087,16.18,victoriei_michelangelo_complex,bus,0,synthetic_gps
2026-05-16 11:07:21,45.7514265,21.2291095,24.18,victoriei_michelangelo_complex,bus,0,synthetic_gps
2026-05-16 11:07:22,45.7514561,21.2290551,23.39,victoriei_michelangelo_complex,bus,0,synthetic_gps
2026-05-16 11:07:23,45.7513544,21.2290308,15.39,victoriei_michelangelo_complex,bus,0,synthetic_gps
2026-05-16 11:07:24,45.7514083,21.2290418,7.39,victoriei_michelangelo_complex,bus,0,synthetic_gps
2026-05-16 11:07:25,45.7513653,21.2291235,15.39,victoriei_michelangelo_complex,bus,0,synthetic_gps
2026-05-16 11:07:26,45.7514138,21.2290325,23.39,victoriei_michelangelo_complex,bus,0,synthetic_gps
2026-05-16 11:07:27,45.7513527,21.2292358,26.47,victoriei_michelangelo_complex,bus,0,synthetic_gps
2026-05-16 11:07:28,45.7514271,21.229141,18.47,victoriei_michelangelo_complex,bus,0,synthetic_gps
2026-05-16 11:07:29,45.7512982,21.2291227,25.4,victoriei_michelangelo_complex,bus,0,synthetic_gps
2026-05-16 11:07:30,45.7514378,21.2290916,17.67,victoriei_michelangelo_complex,bus,0,synthetic_gps
2026-05-16 11:07:31,45.751391,21.2291747,25.67,victoriei_michelangelo_complex,bus,0,synthetic_gps
2026-05-16 11:07:32,45.7513764,21.2291754,32.95,victoriei_michelangelo_complex,bus,0,synthetic_gps
2026-05-16 11:07:33,45.7513466,21.2291446,36.41,victoriei_michelangelo_complex,bus,0,synthetic_gps
2026-05-16 11:07:34,45.7513503,21.2290825,30.98,victoriei_michelangelo_complex,bus,0,synthetic_gps
2026-05-16 11:07:35,45.7514186,21.2291738,22.98,victoriei_michelangelo_complex,bus,0,synthetic_gps
2026-05-16 11:07:36,45.7514013,21.2292256,30.98,victoriei_michelangelo_complex,bus,0,synthetic_gps
2026-05-16 11:07:37,45.751357,21.2291691,32.85,victoriei_michelangelo_complex,bus,0,synthetic_gps
2026-05-16 11:07:38,45.7513057,21.2291558,24.85,victoriei_michelangelo_complex,bus,0,synthetic_gps
2026-05-16 11:07:39,45.7513766,21.2292289,22.93,victoriei_michelangelo_complex,bus,0,synthetic_gps
2026-05-16 11:07:40,45.7513188,21.2292118,21.19,victoriei_michelangelo_complex,bus,0,synthetic_gps
2026-05-16 11:07:41,45.7513362,21.2291805,26.55,victoriei_michelangelo_complex,bus,0,synthetic_gps
2026-05-16 11:07:42,45.7513387,21.2292861,33.7,victoriei_michelangelo_complex,bus,0,synthetic_gps
2026-05-16 11:07:43,45.7513198,21.2291834,25.7,victoriei_michelangelo_complex,bus,0,synthetic_gps
2026-05-16 11:07:44,45.7513411,21.229245,32.86,victoriei_michelangelo_complex,bus,0,synthetic_gps
2026-05-16 11:07:45,45.751345,21.2293186,35.06,victoriei_michelangelo_complex,bus,0,synthetic_gps
2026-05-16 11:07:46,45.751276,21.2292783,27.06,victoriei_michelangelo_complex,bus,0,synthetic_gps
2026-05-16 11:07:47,45.7512837,21.2292872,19.06,victoriei_michelangelo_complex,bus,0,synthetic_gps
2026-05-16 11:07:48,45.7513346,21.229257,13.25,victoriei_michelangelo_complex,bus,0,synthetic_gps
2026-05-16 11:07:49,45.7513496,21.229207,21.25,victoriei_michelangelo_complex,bus,0,synthetic_gps
2026-05-16 11:07:50,45.7512358,21.2292909,13.25,victoriei_michelangelo_complex,bus,0,synthetic_gps
2026-05-16 11:07:51,45.7513608,21.2293051,8.15,victoriei_michelangelo_complex,bus,0,synthetic_gps
2026-05-16 11:07:52,45.7512712,21.2293334,16.15,victoriei_michelangelo_complex,bus,0,synthetic_gps
2026-05-16 11:07:53,45.7512913,21.2293083,9.68,victoriei_michelangelo_complex,bus,0,synthetic_gps
2026-05-16 11:07:54,45.7512767,21.2293048,17.68,victoriei_michelangelo_complex,bus,0,synthetic_gps
2026-05-16 11:07:55,45.7512649,21.229352,25.68,victoriei_michelangelo_complex,bus,0,synthetic_gps
2026-05-16 11:07:56,45.7512768,21.2293456,24.92,victoriei_michelangelo_complex,bus,0,synthetic_gps
2026-05-16 11:07:57,45.7512998,21.2293226,19.81,victoriei_michelangelo_complex,bus,0,synthetic_gps
2026-05-16 11:07:58,45.75126,21.2293213,24.46,victoriei_michelangelo_complex,bus,0,synthetic_gps
2026-05-16 11:07:59,45.7512455,21.2293393,32.46,victoriei_michelangelo_complex,bus,0,synthetic_gps
2026-05-16 11:08:00,45.7512073,21.2292126,24.46,victoriei_michelangelo_complex,bus,0,synthetic_gps
2026-05-16 11:08:01,45.7512087,21.2292822,16.46,victoriei_michelangelo_complex,bus,0,synthetic_gps
2026-05-16 11:08:02,45.751254,21.2294123,8.46,victoriei_michelangelo_complex,bus,0,synthetic_gps
2026-05-16 11:08:03,45.751226,21.2294366,0.99,victoriei_michelangelo_complex,bus,0,synthetic_gps
2026-05-16 11:08:04,45.7512349,21.2293345,0.94,victoriei_michelangelo_complex,bus,0,synthetic_gps
2026-05-16 11:08:05,45.7512646,21.2293859,0.92,victoriei_michelangelo_complex,bus,0,synthetic_gps
2026-05-16 11:08:06,45.7512967,21.2293953,1.31,victoriei_michelangelo_complex,bus,0,synthetic_gps
2026-05-16 11:08:07,45.7512936,21.2293144,0.35,victoriei_michelangelo_complex,bus,0,synthetic_gps
2026-05-16 11:08:08,45.7512567,21.229426,1.05,victoriei_michelangelo_complex,bus,0,synthetic_gps
2026-05-16 11:08:09,45.7512239,21.2294979,1.14,victoriei_michelangelo_complex,bus,0,synthetic_gps
2026-05-16 11:08:10,45.751343,21.2293955,1.32,victoriei_michelangelo_complex,bus,0,synthetic_gps
2026-05-16 11:08:11,45.7512139,21.2293881,1.16,victoriei_michelangelo_complex,bus,0,synthetic_gps
2026-05-16 11:08:12,45.7512476,21.2294342,1.89,victoriei_michelangelo_complex,bus,0,synthetic_gps
2026-05-16 11:08:13,45.7512771,21.229379,0.79,victoriei_michelangelo_complex,bus,0,synthetic_gps
2026-05-16 11:08:14,45.7511746,21.2293682,1.2,victoriei_michelangelo_complex,bus,0,synthetic_gps
2026-05-16 11:08:15,45.7512282,21.2294383,1.23,victoriei_michelangelo_complex,bus,0,synthetic_gps
2026-05-16 11:08:16,45.7512157,21.2293968,0.34,victoriei_michelangelo_complex,bus,0,synthetic_gps
2026-05-16 11:08:17,45.7511512,21.2294351,1.35,victoriei_michelangelo_complex,bus,0,synthetic_gps
2026-05-16 11:08:18,45.7511569,21.2294309,2.14,victoriei_michelangelo_complex,bus,0,synthetic_gps
2026-05-16 11:08:19,45.751185,21.229466,1.49,victoriei_michelangelo_complex,bus,0,synthetic_gps
2026-05-16 11:08:20,45.7511804,21.229427,9.49,victoriei_michelangelo_complex,bus,0,synthetic_gps
2026-05-16 11:08:21,45.7511811,21.2295146,17.49,victoriei_michelangelo_complex,bus,0,synthetic_gps
2026-05-16 11:08:22,45.7511757,21.2294689,25.49,victoriei_michelangelo_complex,bus,0,synthetic_gps
2026-05-16 11:08:23,45.7513047,21.2295865,33.49,victoriei_michelangelo_complex,bus,0,synthetic_gps
2026-05-16 11:08:24,45.7511745,21.2294726,28.93,victoriei_michelangelo_complex,bus,0,synthetic_gps
2026-05-16 11:08:25,45.7511557,21.2295473,20.93,victoriei_michelangelo_complex,bus,0,synthetic_gps
2026-05-16 11:08:26,45.7512813,21.2295616,28.93,victoriei_michelangelo_complex,bus,0,synthetic_gps
2026-05-16 11:08:27,45.7511704,21.2294922,23.48,victoriei_michelangelo_complex,bus,0,synthetic_gps
2026-05-16 11:08:28,45.7512553,21.2295148,15.48,victoriei_michelangelo_complex,bus,0,synthetic_gps
2026-05-16 11:08:29,45.7510867,21.2294317,23.48,victoriei_michelangelo_complex,bus,0,synthetic_gps
2026-05-16 11:08:30,45.7512106,21.2295102,29.72,victoriei_michelangelo_complex,bus,0,synthetic_gps
2026-05-16 11:08:31,45.7511547,21.2295906,34.21,victoriei_michelangelo_complex,bus,0,synthetic_gps
2026-05-16 11:08:32,45.7512368,21.229536,26.21,victoriei_michelangelo_complex,bus,0,synthetic_gps
2026-05-16 11:08:33,45.7511779,21.2295385,18.21,victoriei_michelangelo_complex,bus,0,synthetic_gps
2026-05-16 11:08:34,45.7511864,21.2295755,13.18,victoriei_michelangelo_complex,bus,0,synthetic_gps
2026-05-16 11:08:35,45.7512184,21.229621,21.18,victoriei_michelangelo_complex,bus,0,synthetic_gps
2026-05-16 11:08:36,45.7511126,21.2296426,22.36,victoriei_michelangelo_complex,bus,0,synthetic_gps
2026-05-16 11:08:37,45.7511742,21.2296375,28.68,victoriei_michelangelo_complex,bus,0,synthetic_gps
2026-05-16 11:08:38,45.7511988,21.2295829,20.68,victoriei_michelangelo_complex,bus,0,synthetic_gps
2026-05-16 11:08:39,45.75114,21.2296732,26.28,victoriei_michelangelo_complex,bus,0,synthetic_gps
2026-05-16 11:08:40,45.7511373,21.229546,19.42,victoriei_michelangelo_complex,bus,0,synthetic_gps
2026-05-16 11:08:41,45.7511627,21.2296598,27.42,victoriei_michelangelo_complex,bus,0,synthetic_gps
2026-05-16 11:08:42,45.7510554,21.2296569,31.01,victoriei_michelangelo_complex,bus,0,synthetic_gps
2026-05-16 11:08:43,45.7511625,21.2295971,28.59,victoriei_michelangelo_complex,bus,0,synthetic_gps
2026-05-16 11:08:44,45.7511076,21.2296993,28.27,victoriei_michelangelo_complex,bus,0,synthetic_gps
2026-05-16 11:08:45,45.7510778,21.2296424,20.27,victoriei_michelangelo_complex,bus,0,synthetic_gps
2026-05-16 11:08:46,45.7510995,21.2297061,14.76,victoriei_michelangelo_complex,bus,0,synthetic_gps
2026-05-16 11:08:47,45.7511215,21.2296773,18.04,victoriei_michelangelo_complex,bus,0,synthetic_gps
2026-05-16 11:08:48,45.7510626,21.2296384,26.04,victoriei_michelangelo_complex,bus,0,synthetic_gps
2026-05-16 11:08:49,45.751113,21.229784,18.04,victoriei_michelangelo_complex,bus,0,synthetic_gps
2026-05-16 11:08:50,45.751088,21.2296964,26.04,victoriei_michelangelo_complex,bus,0,synthetic_gps
2026-05-16 11:08:51,45.7511092,21.2297076,22.18,victoriei_michelangelo_complex,bus,0,synthetic_gps
2026-05-16 11:08:52,45.7510624,21.2297419,22.72,victoriei_michelangelo_complex,bus,0,synthetic_gps
2026-05-16 11:08:53,45.7511337,21.2297117,29.02,victoriei_michelangelo_complex,bus,0,synthetic_gps
2026-05-16 11:08:54,45.7511077,21.2297252,21.02,victoriei_michelangelo_complex,bus,0,synthetic_gps
2026-05-16 11:08:55,45.7511281,21.2297551,24.3,victoriei_michelangelo_complex,bus,0,synthetic_gps
2026-05-16 11:08:56,45.7510389,21.2297806,23.0,victoriei_michelangelo_complex,bus,0,synthetic_gps
2026-05-16 11:08:57,45.751055,21.2297491,20.48,victoriei_michelangelo_complex,bus,0,synthetic_gps
2026-05-16 11:08:58,45.7511214,21.2296754,21.68,victoriei_michelangelo_complex,bus,0,synthetic_gps
2026-05-16 11:08:59,45.7511677,21.2298411,13.68,victoriei_michelangelo_complex,bus,0,synthetic_gps
2026-05-16 11:09:00,45.7510553,21.2298317,16.64,victoriei_michelangelo_complex,bus,0,synthetic_gps
2026-05-16 11:09:01,45.7510498,21.2298011,24.64,victoriei_michelangelo_complex,bus,0,synthetic_gps
2026-05-16 11:09:02,45.7509816,21.2297998,32.64,victoriei_michelangelo_complex,bus,0,synthetic_gps
2026-05-16 11:09:03,45.7510695,21.2297851,24.64,victoriei_michelangelo_complex,bus,0,synthetic_gps
2026-05-16 11:09:04,45.7511385,21.2296894,16.64,victoriei_michelangelo_complex,bus,0,synthetic_gps
2026-05-16 11:09:05,45.7510323,21.2298402,17.44,victoriei_michelangelo_complex,bus,0,synthetic_gps
2026-05-16 11:09:06,45.7510011,21.2297183,25.44,victoriei_michelangelo_complex,bus,0,synthetic_gps
2026-05-16 11:09:07,45.7509838,21.2297796,22.73,victoriei_michelangelo_complex,bus,0,synthetic_gps
2026-05-16 11:09:08,45.7510229,21.2297806,24.71,victoriei_michelangelo_complex,bus,0,synthetic_gps
2026-05-16 11:09:09,45.7510444,21.2297513,16.71,victoriei_michelangelo_complex,bus,0,synthetic_gps
2026-05-16 11:09:10,45.7508976,21.2297647,18.71,victoriei_michelangelo_complex,bus,0,synthetic_gps
2026-05-16 11:09:11,45.7510258,21.2298961,26.71,victoriei_michelangelo_complex,bus,0,synthetic_gps
2026-05-16 11:09:12,45.7510373,21.2298688,32.45,victoriei_michelangelo_complex,bus,0,synthetic_gps
2026-05-16 11:09:13,45.7510073,21.2298115,24.45,victoriei_michelangelo_complex,bus,0,synthetic_gps
2026-05-16 11:09:14,45.7510486,21.2298758,19.74,victoriei_michelangelo_complex,bus,0,synthetic_gps
2026-05-16 11:09:15,45.7510318,21.2298871,25.18,victoriei_michelangelo_complex,bus,0,synthetic_gps
2026-05-16 11:09:16,45.7509257,21.2298465,24.12,victoriei_michelangelo_complex,bus,0,synthetic_gps
2026-05-16 11:09:17,45.7509266,21.2298781,16.12,victoriei_michelangelo_complex,bus,0,synthetic_gps
2026-05-16 11:09:18,45.751035,21.2298559,24.12,victoriei_michelangelo_complex,bus,0,synthetic_gps
2026-05-16 11:09:19,45.7509885,21.2298706,32.12,victoriei_michelangelo_complex,bus,0,synthetic_gps
2026-05-16 11:09:20,45.7509856,21.2298818,30.81,victoriei_michelangelo_complex,bus,0,synthetic_gps
2026-05-16 11:09:21,45.7510027,21.2298905,33.36,victoriei_michelangelo_complex,bus,0,synthetic_gps
2026-05-16 11:09:22,45.7509376,21.2299343,25.36,victoriei_michelangelo_complex,bus,0,synthetic_gps
2026-05-16 11:09:23,45.7509958,21.2300342,33.36,victoriei_michelangelo_complex,bus,0,synthetic_gps
2026-05-16 11:09:24,45.7509849,21.2298954,25.36,victoriei_michelangelo_complex,bus,0,synthetic_gps
2026-05-16 11:09:25,45.7509533,21.2300197,22.55,victoriei_michelangelo_complex,bus,0,synthetic_gps
2026-05-16 11:09:26,45.7509058,21.2299901,24.31,victoriei_michelangelo_complex,bus,0,synthetic_gps
2026-05-16 11:09:27,45.7509614,21.2299902,16.31,victoriei_michelangelo_complex,bus,0,synthetic_gps
2026-05-16 11:09:28,45.7509574,21.2299051,22.61,victoriei_michelangelo_complex,bus,0,synthetic_gps
2026-05-16 11:09:29,45.7510159,21.2299691,14.61,victoriei_michelangelo_complex,bus,0,synthetic_gps
2026-05-16 11:09:30,45.750954,21.2300143,22.61,victoriei_michelangelo_complex,bus,0,synthetic_gps
2026-05-16 11:09:31,45.7508953,21.2298853,19.94,victoriei_michelangelo_complex,bus,0,synthetic_gps
2026-05-16 11:09:32,45.7509283,21.2300819,27.09,victoriei_michelangelo_complex,bus,0,synthetic_gps
2026-05-16 11:09:33,45.7509701,21.2299624,19.09,victoriei_michelangelo_complex,bus,0,synthetic_gps
2026-05-16 11:09:34,45.7508926,21.2300099,16.23,victoriei_michelangelo_complex,bus,0,synthetic_gps
2026-05-16 11:09:35,45.7509237,21.2300409,24.23,victoriei_michelangelo_complex,bus,0,synthetic_gps
2026-05-16 11:09:36,45.750967,21.2300361,28.92,victoriei_michelangelo_complex,bus,0,synthetic_gps
2026-05-16 11:09:37,45.7509601,21.2299091,25.24,victoriei_michelangelo_complex,bus,0,synthetic_gps
2026-05-16 11:09:38,45.7509042,21.2300384,19.12,victoriei_michelangelo_complex,bus,0,synthetic_gps
2026-05-16 11:09:39,45.7509208,21.2299789,27.12,victoriei_michelangelo_complex,bus,0,synthetic_gps
2026-05-16 11:09:40,45.7508528,21.2300439,35.12,victoriei_michelangelo_complex,bus,0,synthetic_gps
2026-05-16 11:09:41,45.7508713,21.2300792,27.12,victoriei_michelangelo_complex,bus,0,synthetic_gps
2026-05-16 11:09:42,45.7508522,21.2299942,20.33,victoriei_michelangelo_complex,bus,0,synthetic_gps
2026-05-16 11:09:43,45.7509442,21.2300896,12.33,victoriei_michelangelo_complex,bus,0,synthetic_gps
2026-05-16 11:09:44,45.7509447,21.2300623,18.99,victoriei_michelangelo_complex,bus,0,synthetic_gps
2026-05-16 11:09:45,45.7509126,21.2301654,16.86,victoriei_michelangelo_complex,bus,0,synthetic_gps
2026-05-16 11:09:46,45.7509529,21.2300468,24.86,victoriei_michelangelo_complex,bus,0,synthetic_gps
2026-05-16 11:09:47,45.7508365,21.2300561,29.7,victoriei_michelangelo_complex,bus,0,synthetic_gps
2026-05-16 11:09:48,45.7509081,21.2300834,27.96,victoriei_michelangelo_complex,bus,0,synthetic_gps
2026-05-16 11:09:49,45.7509998,21.230177,25.32,victoriei_michelangelo_complex,bus,0,synthetic_gps
2026-05-16 11:09:50,45.7509012,21.2301068,32.43,victoriei_michelangelo_complex,bus,0,synthetic_gps
2026-05-16 11:09:51,45.7508414,21.23013,24.43,victoriei_michelangelo_complex,bus,0,synthetic_gps
2026-05-16 11:09:52,45.750851,21.2301294,24.65,victoriei_michelangelo_complex,bus,0,synthetic_gps
2026-05-16 11:09:53,45.7508444,21.2301451,25.16,victoriei_michelangelo_complex,bus,0,synthetic_gps
2026-05-16 11:09:54,45.7508305,21.2302018,33.16,victoriei_michelangelo_complex,bus,0,synthetic_gps
2026-05-16 11:09:55,45.7508841,21.2301287,25.16,victoriei_michelangelo_complex,bus,0,synthetic_gps
2026-05-16 11:09:56,45.7508291,21.2301488,30.38,victoriei_michelangelo_complex,bus,0,synthetic_gps
2026-05-16 11:09:57,45.7508441,21.2302064,22.38,victoriei_michelangelo_complex,bus,0,synthetic_gps
2026-05-16 11:09:58,45.750842,21.2301082,30.38,victoriei_michelangelo_complex,bus,0,synthetic_gps
2026-05-16 11:09:59,45.7507765,21.2301488,22.38,victoriei_michelangelo_complex,bus,0,synthetic_gps
2026-05-16 11:10:00,45.7508677,21.2302404,24.12,victoriei_michelangelo_complex,bus,0,synthetic_gps
2026-05-16 11:10:01,45.7508181,21.2302568,16.12,victoriei_michelangelo_complex,bus,0,synthetic_gps
2026-05-16 11:10:02,45.7507243,21.2301121,19.09,victoriei_michelangelo_complex,bus,0,synthetic_gps
2026-05-16 11:10:03,45.750762,21.2301016,21.24,victoriei_michelangelo_complex,bus,0,synthetic_gps
2026-05-16 11:10:04,45.7507875,21.2301678,26.05,victoriei_michelangelo_complex,bus,0,synthetic_gps
2026-05-16 11:10:05,45.750826,21.230269,24.85,victoriei_michelangelo_complex,bus,0,synthetic_gps
2026-05-16 11:10:06,45.750808,21.2301742,18.2,victoriei_michelangelo_complex,bus,0,synthetic_gps
2026-05-16 11:10:07,45.7507863,21.2302303,10.2,victoriei_michelangelo_complex,bus,0,synthetic_gps
2026-05-16 11:10:08,45.7507112,21.2302217,10.41,victoriei_michelangelo_complex,bus,0,synthetic_gps
2026-05-16 11:10:09,45.7508119,21.2302248,4.09,victoriei_michelangelo_complex,bus,0,synthetic_gps
2026-05-16 11:10:10,45.7508184,21.2302452,12.09,victoriei_michelangelo_complex,bus,0,synthetic_gps
2026-05-16 11:10:11,45.7508358,21.2301603,20.09,victoriei_michelangelo_complex,bus,0,synthetic_gps
2026-05-16 11:10:12,45.7506926,21.2302342,25.31,victoriei_michelangelo_complex,bus,0,synthetic_gps
2026-05-16 11:10:13,45.7507611,21.2302545,24.73,victoriei_michelangelo_complex,bus,0,synthetic_gps
2026-05-16 11:10:14,45.750793,21.2302911,16.73,victoriei_michelangelo_complex,bus,0,synthetic_gps
2026-05-16 11:10:15,45.750836,21.2303043,21.07,victoriei_michelangelo_complex,bus,0,synthetic_gps
2026-05-16 11:10:16,45.7506934,21.2302586,20.36,victoriei_michelangelo_complex,bus,0,synthetic_gps
2026-05-16 11:10:17,45.7507628,21.2302709,21.93,victoriei_michelangelo_complex,bus,0,synthetic_gps
2026-05-16 11:10:18,45.750723,21.2302967,20.82,victoriei_michelangelo_complex,bus,0,synthetic_gps
2026-05-16 11:10:19,45.7508052,21.2302971,23.95,victoriei_michelangelo_complex,bus,0,synthetic_gps
2026-05-16 11:10:20,45.750753,21.2304066,17.8,victoriei_michelangelo_complex,bus,0,synthetic_gps
2026-05-16 11:10:21,45.750722,21.2303578,9.8,victoriei_michelangelo_complex,bus,0,synthetic_gps
2026-05-16 11:10:22,45.7507572,21.2303822,17.8,victoriei_michelangelo_complex,bus,0,synthetic_gps
2026-05-16 11:10:23,45.7507748,21.2302824,25.8,victoriei_michelangelo_complex,bus,0,synthetic_gps
2026-05-16 11:10:24,45.7507782,21.2303375,20.1,victoriei_michelangelo_complex,bus,0,synthetic_gps
2026-05-16 11:10:25,45.7508422,21.2303479,24.3,victoriei_michelangelo_complex,bus,0,synthetic_gps
2026-05-16 11:10:26,45.7506984,21.2303525,30.27,victoriei_michelangelo_complex,bus,0,synthetic_gps
2026-05-16 11:10:27,45.7507033,21.2304328,22.27,victoriei_michelangelo_complex,bus,0,synthetic_gps
2026-05-16 11:10:28,45.750718,21.2304173,19.2,victoriei_michelangelo_complex,bus,0,synthetic_gps
2026-05-16 11:10:29,45.7508027,21.2304085,26.61,victoriei_michelangelo_complex,bus,0,synthetic_gps
2026-05-16 11:10:30,45.7507443,21.2304263,18.61,victoriei_michelangelo_complex,bus,0,synthetic_gps
2026-05-16 11:10:31,45.7508853,21.2304156,10.61,victoriei_michelangelo_complex,bus,0,synthetic_gps
2026-05-16 11:10:32,45.7507151,21.2303874,2.61,victoriei_michelangelo_complex,bus,0,synthetic_gps
2026-05-16 11:10:33,45.7507324,21.2303683,0.0,victoriei_michelangelo_complex,bus,0,synthetic_gps
2026-05-16 11:10:34,45.7506764,21.2304573,0.63,victoriei_michelangelo_complex,bus,0,synthetic_gps
2026-05-16 11:10:35,45.7507301,21.2304394,0.72,victoriei_michelangelo_complex,bus,0,synthetic_gps
2026-05-16 11:10:36,45.7507056,21.2304398,0.98,victoriei_michelangelo_complex,bus,0,synthetic_gps
2026-05-16 11:10:37,45.7506995,21.2304639,1.27,victoriei_michelangelo_complex,bus,0,synthetic_gps
2026-05-16 11:10:38,45.7507035,21.2304003,0.85,victoriei_michelangelo_complex,bus,0,synthetic_gps
2026-05-16 11:10:39,45.7506288,21.2304417,1.17,victoriei_michelangelo_complex,bus,0,synthetic_gps
2026-05-16 11:10:40,45.7506833,21.2304211,0.32,victoriei_michelangelo_complex,bus,0,synthetic_gps
2026-05-16 11:10:41,45.7505755,21.2304776,1.61,victoriei_michelangelo_complex,bus,0,synthetic_gps
2026-05-16 11:10:42,45.7506623,21.2304675,0.51,victoriei_michelangelo_complex,bus,0,synthetic_gps
2026-05-16 11:10:43,45.7506869,21.2304286,1.61,victoriei_michelangelo_complex,bus,0,synthetic_gps
2026-05-16 11:10:44,45.7507219,21.2304792,1.44,victoriei_michelangelo_complex,bus,0,synthetic_gps
2026-05-16 11:10:45,45.750705,21.2305129,1.02,victoriei_michelangelo_complex,bus,0,synthetic_gps
2026-05-16 11:10:46,45.750638,21.2305519,1.19,victoriei_michelangelo_complex,bus,0,synthetic_gps
2026-05-16 11:10:47,45.7506387,21.2304543,0.03,victoriei_michelangelo_complex,bus,0,synthetic_gps
2026-05-16 11:10:48,45.7506097,21.230528,1.24,victoriei_michelangelo_complex,bus,0,synthetic_gps
2026-05-16 11:10:49,45.7506082,21.230529,0.71,victoriei_michelangelo_complex,bus,0,synthetic_gps
2026-05-16 11:10:50,45.7506813,21.230486,8.71,victoriei_michelangelo_complex,bus,0,synthetic_gps
2026-05-16 11:10:51,45.7506524,21.2305297,16.71,victoriei_michelangelo_complex,bus,0,synthetic_gps
2026-05-16 11:10:52,45.7506658,21.2305567,16.29,victoriei_michelangelo_complex,bus,0,synthetic_gps
2026-05-16 11:10:53,45.7506137,21.2305547,17.64,victoriei_michelangelo_complex,bus,0,synthetic_gps
2026-05-16 11:10:54,45.7506651,21.2306237,14.36,victoriei_michelangelo_complex,bus,0,synthetic_gps
2026-05-16 11:10:55,45.7506745,21.2306157,14.49,victoriei_michelangelo_complex,bus,0,synthetic_gps
2026-05-16 11:10:56,45.7506735,21.2305975,22.49,victoriei_michelangelo_complex,bus,0,synthetic_gps
2026-05-16 11:10:57,45.7506601,21.2305699,20.0,victoriei_michelangelo_complex,bus,0,synthetic_gps
2026-05-16 11:10:58,45.750663,21.2305615,12.0,victoriei_michelangelo_complex,bus,0,synthetic_gps
2026-05-16 11:10:59,45.7506924,21.2305691,18.28,victoriei_michelangelo_complex,bus,0,synthetic_gps
2026-05-16 11:11:00,45.7506564,21.2305502,23.83,victoriei_michelangelo_complex,bus,0,synthetic_gps
2026-05-16 11:11:01,45.7506174,21.2305871,30.56,victoriei_michelangelo_complex,bus,0,synthetic_gps
2026-05-16 11:11:02,45.7506317,21.2304866,38.56,victoriei_michelangelo_complex,bus,0,synthetic_gps
2026-05-16 11:11:03,45.7505957,21.2306609,30.56,victoriei_michelangelo_complex,bus,0,synthetic_gps
2026-05-16 11:11:04,45.7505602,21.2306508,22.56,victoriei_michelangelo_complex,bus,0,synthetic_gps
2026-05-16 11:11:05,45.7506203,21.2305794,19.92,victoriei_michelangelo_complex,bus,0,synthetic_gps
2026-05-16 11:11:06,45.7506437,21.2306782,21.95,victoriei_michelangelo_complex,bus,0,synthetic_gps
2026-05-16 11:11:07,45.7506716,21.2306386,15.11,victoriei_michelangelo_complex,bus,0,synthetic_gps
2026-05-16 11:11:08,45.7505538,21.2306562,23.11,victoriei_michelangelo_complex,bus,0,synthetic_gps
2026-05-16 11:11:09,45.7505512,21.2307163,24.06,victoriei_michelangelo_complex,bus,0,synthetic_gps
2026-05-16 11:11:10,45.7506037,21.230637,16.06,victoriei_michelangelo_complex,bus,0,synthetic_gps
2026-05-16 11:11:11,45.7505411,21.230704,10.49,victoriei_michelangelo_complex,bus,0,synthetic_gps
2026-05-16 11:11:12,45.7505188,21.2307194,18.49,victoriei_michelangelo_complex,bus,0,synthetic_gps
2026-05-16 11:11:13,45.7505827,21.2307508,26.49,victoriei_michelangelo_complex,bus,0,synthetic_gps
2026-05-16 11:11:14,45.7505736,21.2306727,20.26,victoriei_michelangelo_complex,bus,0,synthetic_gps
2026-05-16 11:11:15,45.7505491,21.2307237,19.73,victoriei_michelangelo_complex,bus,0,synthetic_gps
2026-05-16 11:11:16,45.7505738,21.2306911,27.73,victoriei_michelangelo_complex,bus,0,synthetic_gps
2026-05-16 11:11:17,45.7506034,21.2306737,33.37,victoriei_michelangelo_complex,bus,0,synthetic_gps
2026-05-16 11:11:18,45.7505692,21.2307941,25.37,victoriei_michelangelo_complex,bus,0,synthetic_gps
2026-05-16 11:11:19,45.7505073,21.2306636,17.37,victoriei_michelangelo_complex,bus,0,synthetic_gps
2026-05-16 11:11:20,45.7504963,21.230777,9.37,victoriei_michelangelo_complex,bus,0,synthetic_gps
2026-05-16 11:11:21,45.7505151,21.2308014,17.37,victoriei_michelangelo_complex,bus,0,synthetic_gps
2026-05-16 11:11:22,45.7505114,21.2307349,9.37,victoriei_michelangelo_complex,bus,0,synthetic_gps
2026-05-16 11:11:23,45.7505203,21.2306879,17.37,victoriei_michelangelo_complex,bus,0,synthetic_gps
2026-05-16 11:11:24,45.7504907,21.2307362,23.98,victoriei_michelangelo_complex,bus,0,synthetic_gps
2026-05-16 11:11:25,45.7504384,21.2308037,23.85,victoriei_michelangelo_complex,bus,0,synthetic_gps
2026-05-16 11:11:26,45.7505208,21.2307805,31.85,victoriei_michelangelo_complex,bus,0,synthetic_gps
2026-05-16 11:11:27,45.750466,21.2307779,30.78,victoriei_michelangelo_complex,bus,0,synthetic_gps
2026-05-16 11:11:28,45.7504404,21.230726,22.78,victoriei_michelangelo_complex,bus,0,synthetic_gps
2026-05-16 11:11:29,45.7505589,21.2307625,16.27,victoriei_michelangelo_complex,bus,0,synthetic_gps
2026-05-16 11:11:30,45.7504547,21.2307539,24.27,victoriei_michelangelo_complex,bus,0,synthetic_gps
2026-05-16 11:11:31,45.7505055,21.2308084,21.92,victoriei_michelangelo_complex,bus,0,synthetic_gps
2026-05-16 11:11:32,45.7505158,21.230746,13.92,victoriei_michelangelo_complex,bus,0,synthetic_gps
2026-05-16 11:11:33,45.7504411,21.2308676,5.92,victoriei_michelangelo_complex,bus,0,synthetic_gps
2026-05-16 11:11:34,45.750477,21.2307934,13.92,victoriei_michelangelo_complex,bus,0,synthetic_gps
2026-05-16 11:11:35,45.7504541,21.2308266,21.92,victoriei_michelangelo_complex,bus,0,synthetic_gps
2026-05-16 11:11:36,45.7504734,21.2308785,25.6,victoriei_michelangelo_complex,bus,0,synthetic_gps
2026-05-16 11:11:37,45.7504387,21.2308688,20.85,victoriei_michelangelo_complex,bus,0,synthetic_gps
2026-05-16 11:11:38,45.7504568,21.2308702,12.85,victoriei_michelangelo_complex,bus,0,synthetic_gps
2026-05-16 11:11:39,45.7505239,21.230859,20.85,victoriei_michelangelo_complex,bus,0,synthetic_gps
2026-05-16 11:11:40,45.7504604,21.2309347,12.97,victoriei_michelangelo_complex,bus,0,synthetic_gps
2026-05-16 11:11:41,45.7504296,21.2309479,20.97,victoriei_michelangelo_complex,bus,0,synthetic_gps
2026-05-16 11:11:42,45.7504632,21.230914,12.97,victoriei_michelangelo_complex,bus,0,synthetic_gps
2026-05-16 11:11:43,45.7504405,21.2308855,18.53,victoriei_michelangelo_complex,bus,0,synthetic_gps
2026-05-16 11:11:44,45.7504351,21.2308701,18.03,victoriei_michelangelo_complex,bus,0,synthetic_gps
2026-05-16 11:11:45,45.7503262,21.2309422,26.03,victoriei_michelangelo_complex,bus,0,synthetic_gps
2026-05-16 11:11:46,45.7504178,21.2309338,18.03,victoriei_michelangelo_complex,bus,0,synthetic_gps
2026-05-16 11:11:47,45.7504502,21.2309598,20.3,victoriei_michelangelo_complex,bus,0,synthetic_gps
2026-05-16 11:11:48,45.7504195,21.2309102,23.52,victoriei_michelangelo_complex,bus,0,synthetic_gps
2026-05-16 11:11:49,45.7504334,21.2308982,24.08,victoriei_michelangelo_complex,bus,0,synthetic_gps
2026-05-16 11:11:50,45.7503927,21.2309139,20.23,victoriei_michelangelo_complex,bus,0,synthetic_gps
2026-05-16 11:11:51,45.7504073,21.2309766,14.05,victoriei_michelangelo_complex,bus,0,synthetic_gps
2026-05-16 11:11:52,45.7503565,21.2310571,10.26,victoriei_michelangelo_complex,bus,0,synthetic_gps
2026-05-16 11:11:53,45.7503627,21.2309461,16.43,victoriei_michelangelo_complex,bus,0,synthetic_gps
2026-05-16 11:11:54,45.7504127,21.2310257,24.43,victoriei_michelangelo_complex,bus,0,synthetic_gps
2026-05-16 11:11:55,45.7503535,21.2309269,28.25,victoriei_michelangelo_complex,bus,0,synthetic_gps
2026-05-16 11:11:56,45.7503696,21.2310396,31.59,victoriei_michelangelo_complex,bus,0,synthetic_gps
2026-05-16 11:11:57,45.750365,21.2309666,23.59,victoriei_michelangelo_complex,bus,0,synthetic_gps
2026-05-16 11:11:58,45.7503418,21.2309771,20.95,victoriei_michelangelo_complex,bus,0,synthetic_gps
2026-05-16 11:11:59,45.7503757,21.2310747,12.95,victoriei_michelangelo_complex,bus,0,synthetic_gps
2026-05-16 11:12:00,45.7504316,21.2310708,9.01,victoriei_michelangelo_complex,bus,0,synthetic_gps
2026-05-16 11:12:01,45.7503178,21.2311478,16.95,victoriei_michelangelo_complex,bus,0,synthetic_gps
2026-05-16 11:12:02,45.7503018,21.231029,16.32,victoriei_michelangelo_complex,bus,0,synthetic_gps
2026-05-16 11:12:03,45.7503619,21.2310549,15.8,victoriei_michelangelo_complex,bus,0,synthetic_gps
2026-05-16 11:12:04,45.7503385,21.2310694,18.03,victoriei_michelangelo_complex,bus,0,synthetic_gps
2026-05-16 11:12:05,45.7502771,21.2311103,26.03,victoriei_michelangelo_complex,bus,0,synthetic_gps
2026-05-16 11:12:06,45.7503012,21.2309678,33.48,victoriei_michelangelo_complex,bus,0,synthetic_gps
2026-05-16 11:12:07,45.7502939,21.2310876,25.48,victoriei_michelangelo_complex,bus,0,synthetic_gps
2026-05-16 11:12:08,45.7503,21.2311066,17.48,victoriei_michelangelo_complex,bus,0,synthetic_gps
2026-05-16 11:12:09,45.7503212,21.2310854,25.48,victoriei_michelangelo_complex,bus,0,synthetic_gps
2026-05-16 11:12:10,45.7503191,21.2311189,28.32,victoriei_michelangelo_complex,bus,0,synthetic_gps
2026-05-16 11:12:11,45.7503091,21.2310801,33.63,victoriei_michelangelo_complex,bus,0,synthetic_gps
2026-05-16 11:12:12,45.7502733,21.2311885,25.63,victoriei_michelangelo_complex,bus,0,synthetic_gps
2026-05-16 11:12:13,45.7502236,21.2311614,28.7,victoriei_michelangelo_complex,bus,0,synthetic_gps
2026-05-16 11:12:14,45.7502745,21.2312144,28.19,victoriei_michelangelo_complex,bus,0,synthetic_gps
2026-05-16 11:12:15,45.7504031,21.2311857,20.19,victoriei_michelangelo_complex,bus,0,synthetic_gps
2026-05-16 11:12:16,45.7502271,21.2311425,24.75,victoriei_michelangelo_complex,bus,0,synthetic_gps
2026-05-16 11:12:17,45.75025,21.2312321,31.38,victoriei_michelangelo_complex,bus,0,synthetic_gps
2026-05-16 11:12:18,45.7503219,21.2312009,23.38,victoriei_michelangelo_complex,bus,0,synthetic_gps
2026-05-16 11:12:19,45.7503158,21.2311767,15.94,victoriei_michelangelo_complex,bus,0,synthetic_gps
2026-05-16 11:12:20,45.7501961,21.2311578,23.94,victoriei_michelangelo_complex,bus,0,synthetic_gps
2026-05-16 11:12:21,45.750274,21.2313331,28.84,victoriei_michelangelo_complex,bus,0,synthetic_gps
2026-05-16 11:12:22,45.7501758,21.2311119,20.84,victoriei_michelangelo_complex,bus,0,synthetic_gps
2026-05-16 11:12:23,45.7502515,21.2312199,28.84,victoriei_michelangelo_complex,bus,0,synthetic_gps
2026-05-16 11:12:24,45.7502326,21.2312405,28.9,victoriei_michelangelo_complex,bus,0,synthetic_gps
2026-05-16 11:12:25,45.7502371,21.2312212,20.9,victoriei_michelangelo_complex,bus,0,synthetic_gps
2026-05-16 11:12:26,45.7503089,21.2312729,28.9,victoriei_michelangelo_complex,bus,0,synthetic_gps
2026-05-16 11:12:27,45.7502356,21.2312819,20.9,victoriei_michelangelo_complex,bus,0,synthetic_gps
2026-05-16 11:12:28,45.7503103,21.2312605,25.1,victoriei_michelangelo_complex,bus,0,synthetic_gps
2026-05-16 11:12:29,45.7501531,21.2311691,17.1,victoriei_michelangelo_complex,bus,0,synthetic_gps
2026-05-16 11:12:30,45.7502274,21.2312883,25.1,victoriei_michelangelo_complex,bus,0,synthetic_gps
2026-05-16 11:12:31,45.7502592,21.2312193,20.97,victoriei_michelangelo_complex,bus,0,synthetic_gps
2026-05-16 11:12:32,45.7501379,21.2311834,14.03,victoriei_michelangelo_complex,bus,0,synthetic_gps
2026-05-16 11:12:33,45.7501052,21.2313437,22.03,victoriei_michelangelo_complex,bus,0,synthetic_gps
2026-05-16 11:12:34,45.7502983,21.2313041,14.03,victoriei_michelangelo_complex,bus,0,synthetic_gps
2026-05-16 11:12:35,45.7501854,21.2312809,22.03,victoriei_michelangelo_complex,bus,0,synthetic_gps
2026-05-16 11:12:36,45.7501549,21.2312699,27.7,victoriei_michelangelo_complex,bus,0,synthetic_gps
2026-05-16 11:12:37,45.7501457,21.2313039,29.46,victoriei_michelangelo_complex,bus,0,synthetic_gps
2026-05-16 11:12:38,45.7501814,21.2313598,21.46,victoriei_michelangelo_complex,bus,0,synthetic_gps
2026-05-16 11:12:39,45.7502563,21.2312717,18.06,victoriei_michelangelo_complex,bus,0,synthetic_gps
2026-05-16 11:12:40,45.7500902,21.2313695,26.06,victoriei_michelangelo_complex,bus,0,synthetic_gps
2026-05-16 11:12:41,45.7502031,21.2312889,22.71,victoriei_michelangelo_complex,bus,0,synthetic_gps
2026-05-16 11:12:42,45.7501528,21.2314016,19.4,victoriei_michelangelo_complex,bus,0,synthetic_gps
2026-05-16 11:12:43,45.7501836,21.2313951,27.4,victoriei_michelangelo_complex,bus,0,synthetic_gps
2026-05-16 11:12:44,45.7501788,21.2314036,34.78,victoriei_michelangelo_complex,bus,0,synthetic_gps
2026-05-16 11:12:45,45.7502271,21.2313887,38.31,victoriei_michelangelo_complex,bus,0,synthetic_gps
2026-05-16 11:12:46,45.7501548,21.2314067,30.31,victoriei_michelangelo_complex,bus,0,synthetic_gps
2026-05-16 11:12:47,45.7500531,21.2314147,36.27,victoriei_michelangelo_complex,bus,0,synthetic_gps
2026-05-16 11:12:48,45.7501473,21.2315572,28.27,victoriei_michelangelo_complex,bus,0,synthetic_gps
2026-05-16 11:12:49,45.7501217,21.2314093,28.81,victoriei_michelangelo_complex,bus,0,synthetic_gps
2026-05-16 11:12:50,45.7501539,21.2315237,30.64,victoriei_michelangelo_complex,bus,0,synthetic_gps
2026-05-16 11:12:51,45.7500862,21.2314227,22.64,victoriei_michelangelo_complex,bus,0,synthetic_gps
2026-05-16 11:12:52,45.7500501,21.2314775,20.6,victoriei_michelangelo_complex,bus,0,synthetic_gps
2026-05-16 11:12:53,45.7501029,21.231426,17.54,victoriei_michelangelo_complex,bus,0,synthetic_gps
2026-05-16 11:12:54,45.7501078,21.2314506,20.47,victoriei_michelangelo_complex,bus,0,synthetic_gps
2026-05-16 11:12:55,45.7500571,21.2314714,12.47,victoriei_michelangelo_complex,bus,0,synthetic_gps
2026-05-16 11:12:56,45.7500941,21.2315145,20.47,victoriei_michelangelo_complex,bus,0,synthetic_gps
2026-05-16 11:12:57,45.7500334,21.2315321,23.07,victoriei_michelangelo_complex,bus,0,synthetic_gps
2026-05-16 11:12:58,45.7500576,21.2315023,20.34,victoriei_michelangelo_complex,bus,0,synthetic_gps
2026-05-16 11:12:59,45.7500364,21.2315249,18.54,victoriei_michelangelo_complex,bus,0,synthetic_gps
2026-05-16 11:13:00,45.7500117,21.2315755,10.54,victoriei_michelangelo_complex,bus,0,synthetic_gps
2026-05-16 11:13:01,45.7501256,21.231551,2.54,victoriei_michelangelo_complex,bus,0,synthetic_gps
2026-05-16 11:13:02,45.7499907,21.2315849,0.55,victoriei_michelangelo_complex,bus,0,synthetic_gps
2026-05-16 11:13:03,45.7500189,21.2315964,1.09,victoriei_michelangelo_complex,bus,0,synthetic_gps
2026-05-16 11:13:04,45.7500929,21.2315256,0.8,victoriei_michelangelo_complex,bus,0,synthetic_gps
2026-05-16 11:13:05,45.7500327,21.2315704,0.78,victoriei_michelangelo_complex,bus,0,synthetic_gps
2026-05-16 11:13:06,45.7499591,21.2315756,0.54,victoriei_michelangelo_complex,bus,0,synthetic_gps
2026-05-16 11:13:07,45.7499736,21.2315479,1.58,victoriei_michelangelo_complex,bus,0,synthetic_gps
2026-05-16 11:13:08,45.7499762,21.23162,0.42,victoriei_michelangelo_complex,bus,0,synthetic_gps
2026-05-16 11:13:09,45.7500478,21.2315884,1.77,victoriei_michelangelo_complex,bus,0,synthetic_gps
2026-05-16 11:13:10,45.7499155,21.2315744,1.05,victoriei_michelangelo_complex,bus,0,synthetic_gps
2026-05-16 11:13:11,45.7499618,21.2316244,0.6,victoriei_michelangelo_complex,bus,0,synthetic_gps
2026-05-16 11:13:12,45.7499116,21.2315734,1.18,victoriei_michelangelo_complex,bus,0,synthetic_gps
2026-05-16 11:13:13,45.7500806,21.2316175,2.13,victoriei_michelangelo_complex,bus,0,synthetic_gps
2026-05-16 11:13:14,45.7500399,21.2315737,1.35,victoriei_michelangelo_complex,bus,0,synthetic_gps
2026-05-16 11:13:15,45.7499457,21.2315727,0.98,victoriei_michelangelo_complex,bus,0,synthetic_gps
2026-05-16 11:13:16,45.7499418,21.2315667,1.63,victoriei_michelangelo_complex,bus,0,synthetic_gps
2026-05-16 11:13:17,45.7500741,21.2316899,1.06,victoriei_michelangelo_complex,bus,0,synthetic_gps
2026-05-16 11:13:18,45.7499693,21.2316794,1.26,victoriei_michelangelo_complex,bus,0,synthetic_gps
2026-05-16 11:13:19,45.7499665,21.2316131,0.99,victoriei_michelangelo_complex,bus,0,synthetic_gps
2026-05-16 11:13:20,45.7499372,21.2316461,8.99,victoriei_michelangelo_complex,bus,0,synthetic_gps
2026-05-16 11:13:21,45.7499965,21.2316717,16.99,victoriei_michelangelo_complex,bus,0,synthetic_gps
2026-05-16 11:13:22,45.7499353,21.2316685,8.99,victoriei_michelangelo_complex,bus,0,synthetic_gps
2026-05-16 11:13:23,45.7499811,21.2316359,16.99,victoriei_michelangelo_complex,bus,0,synthetic_gps
2026-05-16 11:13:24,45.7498874,21.2316791,24.99,victoriei_michelangelo_complex,bus,0,synthetic_gps
2026-05-16 11:13:25,45.7499022,21.2317553,16.99,victoriei_michelangelo_complex,bus,0,synthetic_gps
2026-05-16 11:13:26,45.7500206,21.2317654,24.99,victoriei_michelangelo_complex,bus,0,synthetic_gps
2026-05-16 11:13:27,45.7498421,21.2316512,16.99,victoriei_michelangelo_complex,bus,0,synthetic_gps
2026-05-16 11:13:28,45.7498976,21.2316673,24.99,victoriei_michelangelo_complex,bus,0,synthetic_gps
2026-05-16 11:13:29,45.7499166,21.2317642,16.99,victoriei_michelangelo_complex,bus,0,synthetic_gps
2026-05-16 11:13:30,45.7499787,21.2318178,24.29,victoriei_michelangelo_complex,bus,0,synthetic_gps
2026-05-16 11:13:31,45.749939,21.2317909,32.29,victoriei_michelangelo_complex,bus,0,synthetic_gps
2026-05-16 11:13:32,45.7499097,21.2317248,24.29,victoriei_michelangelo_complex,bus,0,synthetic_gps
2026-05-16 11:13:33,45.7499682,21.2317988,32.29,victoriei_michelangelo_complex,bus,0,synthetic_gps
2026-05-16 11:13:34,45.7499002,21.2318027,24.29,victoriei_michelangelo_complex,bus,0,synthetic_gps
2026-05-16 11:13:35,45.7498216,21.231779,16.29,victoriei_michelangelo_complex,bus,0,synthetic_gps
2026-05-16 11:13:36,45.7499879,21.2317635,9.1,victoriei_michelangelo_complex,bus,0,synthetic_gps
2026-05-16 11:13:37,45.7498631,21.2317893,17.1,victoriei_michelangelo_complex,bus,0,synthetic_gps
2026-05-16 11:13:38,45.7499107,21.231839,11.81,victoriei_michelangelo_complex,bus,0,synthetic_gps
2026-05-16 11:13:39,45.7498541,21.2317735,19.81,victoriei_michelangelo_complex,bus,0,synthetic_gps
2026-05-16 11:13:40,45.7497943,21.2319181,11.81,victoriei_michelangelo_complex,bus,0,synthetic_gps
2026-05-16 11:13:41,45.7499324,21.2318501,19.81,victoriei_michelangelo_complex,bus,0,synthetic_gps
2026-05-16 11:13:42,45.7498223,21.2318673,20.03,victoriei_michelangelo_complex,bus,0,synthetic_gps
2026-05-16 11:13:43,45.7497925,21.2318783,28.03,victoriei_michelangelo_complex,bus,0,synthetic_gps
2026-05-16 11:13:44,45.7498485,21.2318499,23.36,victoriei_michelangelo_complex,bus,0,synthetic_gps
2026-05-16 11:13:45,45.7498872,21.2318137,26.53,victoriei_michelangelo_complex,bus,0,synthetic_gps
2026-05-16 11:13:46,45.7498559,21.2318561,25.85,victoriei_michelangelo_complex,bus,0,synthetic_gps
2026-05-16 11:13:47,45.7497541,21.2319298,23.15,victoriei_michelangelo_complex,bus,0,synthetic_gps
2026-05-16 11:13:48,45.7498351,21.2318763,31.15,victoriei_michelangelo_complex,bus,0,synthetic_gps
2026-05-16 11:13:49,45.7498464,21.231894,23.15,victoriei_michelangelo_complex,bus,0,synthetic_gps
2026-05-16 11:13:50,45.7497814,21.2318733,15.15,victoriei_michelangelo_complex,bus,0,synthetic_gps
2026-05-16 11:13:51,45.7498341,21.2319296,23.15,victoriei_michelangelo_complex,bus,0,synthetic_gps
2026-05-16 11:13:52,45.749807,21.2319317,19.48,victoriei_michelangelo_complex,bus,0,synthetic_gps
2026-05-16 11:13:53,45.7498789,21.2318701,19.15,victoriei_michelangelo_complex,bus,0,synthetic_gps
2026-05-16 11:13:54,45.749862,21.2319593,19.02,victoriei_michelangelo_complex,bus,0,synthetic_gps
2026-05-16 11:13:55,45.7497724,21.2318697,27.02,victoriei_michelangelo_complex,bus,0,synthetic_gps
2026-05-16 11:13:56,45.7498302,21.2319936,27.09,victoriei_michelangelo_complex,bus,0,synthetic_gps
2026-05-16 11:13:57,45.7498021,21.2319973,21.65,victoriei_michelangelo_complex,bus,0,synthetic_gps
2026-05-16 11:13:58,45.7497924,21.2320319,13.65,victoriei_michelangelo_complex,bus,0,synthetic_gps
2026-05-16 11:13:59,45.7496968,21.2319549,10.46,victoriei_michelangelo_complex,bus,0,synthetic_gps
2026-05-16 11:14:00,45.7497832,21.2320188,18.46,victoriei_michelangelo_complex,bus,0,synthetic_gps
2026-05-16 11:14:01,45.7497427,21.2319963,15.27,victoriei_michelangelo_complex,bus,0,synthetic_gps
2026-05-16 11:14:02,45.749782,21.2319936,10.11,victoriei_michelangelo_complex,bus,0,synthetic_gps
2026-05-16 11:14:03,45.749731,21.2320215,17.34,victoriei_michelangelo_complex,bus,0,synthetic_gps
2026-05-16 11:14:04,45.7497597,21.2320625,22.49,victoriei_michelangelo_complex,bus,0,synthetic_gps
2026-05-16 11:14:05,45.7496896,21.2320873,14.76,victoriei_michelangelo_complex,bus,0,synthetic_gps
2026-05-16 11:14:06,45.7497515,21.2321153,22.76,victoriei_michelangelo_complex,bus,0,synthetic_gps
2026-05-16 11:14:07,45.749705,21.2319985,25.04,victoriei_michelangelo_complex,bus,0,synthetic_gps
2026-05-16 11:14:08,45.7497648,21.2321039,22.41,victoriei_michelangelo_complex,bus,0,synthetic_gps
2026-05-16 11:14:09,45.7496565,21.2320902,27.05,victoriei_michelangelo_complex,bus,0,synthetic_gps
2026-05-16 11:14:10,45.7497329,21.2320484,19.05,victoriei_michelangelo_complex,bus,0,synthetic_gps
2026-05-16 11:14:11,45.7496786,21.2320167,11.05,victoriei_michelangelo_complex,bus,0,synthetic_gps
2026-05-16 11:14:12,45.749667,21.2320415,19.05,victoriei_michelangelo_complex,bus,0,synthetic_gps
2026-05-16 11:14:13,45.7496423,21.232033,15.94,victoriei_michelangelo_complex,bus,0,synthetic_gps
2026-05-16 11:14:14,45.7497041,21.2320971,15.54,victoriei_michelangelo_complex,bus,0,synthetic_gps
2026-05-16 11:14:15,45.7496263,21.2320799,23.54,victoriei_michelangelo_complex,bus,0,synthetic_gps
2026-05-16 11:14:16,45.7496805,21.2321321,15.54,victoriei_michelangelo_complex,bus,0,synthetic_gps
2026-05-16 11:14:17,45.7496705,21.2321111,23.54,victoriei_michelangelo_complex,bus,0,synthetic_gps
2026-05-16 11:14:18,45.749641,21.2321414,28.55,victoriei_michelangelo_complex,bus,0,synthetic_gps
2026-05-16 11:14:19,45.749625,21.232054,31.56,victoriei_michelangelo_complex,bus,0,synthetic_gps
2026-05-16 11:14:20,45.749703,21.2320496,23.56,victoriei_michelangelo_complex,bus,0,synthetic_gps
2026-05-16 11:14:21,45.7496198,21.2322101,31.56,victoriei_michelangelo_complex,bus,0,synthetic_gps
2026-05-16 11:14:22,45.7496462,21.2321379,27.36,victoriei_michelangelo_complex,bus,0,synthetic_gps
2026-05-16 11:14:23,45.7495721,21.2321592,35.36,victoriei_michelangelo_complex,bus,0,synthetic_gps
2026-05-16 11:14:24,45.7496219,21.2321468,27.36,victoriei_michelangelo_complex,bus,0,synthetic_gps
2026-05-16 11:14:25,45.7496529,21.2322067,23.88,victoriei_michelangelo_complex,bus,0,synthetic_gps
2026-05-16 11:14:26,45.7496042,21.2321617,25.62,victoriei_michelangelo_complex,bus,0,synthetic_gps
2026-05-16 11:14:27,45.7496544,21.2322111,23.91,victoriei_michelangelo_complex,bus,0,synthetic_gps
2026-05-16 11:14:28,45.7495766,21.2322124,15.91,victoriei_michelangelo_complex,bus,0,synthetic_gps
2026-05-16 11:14:29,45.7496056,21.2321772,10.69,victoriei_michelangelo_complex,bus,0,synthetic_gps
2026-05-16 11:14:30,45.7496146,21.232289,18.69,victoriei_michelangelo_complex,bus,0,synthetic_gps
2026-05-16 11:14:31,45.7496128,21.2322387,26.69,victoriei_michelangelo_complex,bus,0,synthetic_gps
2026-05-16 11:14:32,45.7496259,21.2322621,33.9,victoriei_michelangelo_complex,bus,0,synthetic_gps
2026-05-16 11:14:33,45.7496145,21.232236,25.9,victoriei_michelangelo_complex,bus,0,synthetic_gps
2026-05-16 11:14:34,45.7495309,21.2322134,19.04,victoriei_michelangelo_complex,bus,0,synthetic_gps
2026-05-16 11:14:35,45.7495901,21.2323599,27.04,victoriei_michelangelo_complex,bus,0,synthetic_gps
2026-05-16 11:14:36,45.7495333,21.2322379,19.04,victoriei_michelangelo_complex,bus,0,synthetic_gps
2026-05-16 11:14:37,45.749506,21.2322915,16.46,victoriei_michelangelo_complex,bus,0,synthetic_gps
2026-05-16 11:14:38,45.7495721,21.2322907,22.37,victoriei_michelangelo_complex,bus,0,synthetic_gps
2026-05-16 11:14:39,45.7495007,21.2322701,14.37,victoriei_michelangelo_complex,bus,0,synthetic_gps
2026-05-16 11:14:40,45.7495064,21.232314,13.3,victoriei_michelangelo_complex,bus,0,synthetic_gps
2026-05-16 11:14:41,45.7496038,21.2323988,14.78,victoriei_michelangelo_complex,bus,0,synthetic_gps
2026-05-16 11:14:42,45.749547,21.2323739,16.54,victoriei_michelangelo_complex,bus,0,synthetic_gps
2026-05-16 11:14:43,45.7495869,21.232295,24.54,victoriei_michelangelo_complex,bus,0,synthetic_gps
2026-05-16 11:14:44,45.7495708,21.2322975,16.54,victoriei_michelangelo_complex,bus,0,synthetic_gps
2026-05-16 11:14:45,45.749521,21.2323429,19.24,victoriei_michelangelo_complex,bus,0,synthetic_gps
2026-05-16 11:14:46,45.7495039,21.2323479,26.46,victoriei_michelangelo_complex,bus,0,synthetic_gps
2026-05-16 11:14:47,45.7494562,21.2323615,18.46,victoriei_michelangelo_complex,bus,0,synthetic_gps
2026-05-16 11:14:48,45.7495429,21.2324235,22.73,victoriei_michelangelo_complex,bus,0,synthetic_gps
2026-05-16 11:14:49,45.7495263,21.2323325,14.73,victoriei_michelangelo_complex,bus,0,synthetic_gps
2026-05-16 11:14:50,45.7494786,21.2322937,22.73,victoriei_michelangelo_complex,bus,0,synthetic_gps
2026-05-16 11:14:51,45.7495025,21.232397,14.73,victoriei_michelangelo_complex,bus,0,synthetic_gps
2026-05-16 11:14:52,45.7494844,21.2324085,22.73,victoriei_michelangelo_complex,bus,0,synthetic_gps
2026-05-16 11:14:53,45.7494929,21.2324593,14.73,victoriei_michelangelo_complex,bus,0,synthetic_gps
2026-05-16 11:14:54,45.7494692,21.2324696,16.79,victoriei_michelangelo_complex,bus,0,synthetic_gps
2026-05-16 11:14:55,45.7495776,21.2323882,24.79,victoriei_michelangelo_complex,bus,0,synthetic_gps
2026-05-16 11:14:56,45.7495332,21.2323916,16.79,victoriei_michelangelo_complex,bus,0,synthetic_gps
2026-05-16 11:14:57,45.7494855,21.2324424,23.56,victoriei_michelangelo_complex,bus,0,synthetic_gps
2026-05-16 11:14:58,45.7494214,21.2324539,15.56,victoriei_michelangelo_complex,bus,0,synthetic_gps
2026-05-16 11:14:59,45.7495038,21.2324744,23.23,victoriei_michelangelo_complex,bus,0,synthetic_gps
2026-05-16 11:15:00,45.7494495,21.2325047,18.14,victoriei_michelangelo_complex,bus,0,synthetic_gps
2026-05-16 11:15:01,45.7494654,21.2325384,22.75,victoriei_michelangelo_complex,bus,0,synthetic_gps
2026-05-16 11:15:02,45.7494442,21.2324956,18.49,victoriei_michelangelo_complex,bus,0,synthetic_gps
2026-05-16 11:15:03,45.7494892,21.2324632,12.02,victoriei_michelangelo_complex,bus,0,synthetic_gps
2026-05-16 11:15:04,45.7494882,21.2325086,20.02,victoriei_michelangelo_complex,bus,0,synthetic_gps
2026-05-16 11:15:05,45.7494593,21.2325348,28.02,victoriei_michelangelo_complex,bus,0,synthetic_gps
2026-05-16 11:15:06,45.7494468,21.2325001,24.68,victoriei_michelangelo_complex,bus,0,synthetic_gps
2026-05-16 11:15:07,45.7494085,21.232528,16.68,victoriei_michelangelo_complex,bus,0,synthetic_gps
2026-05-16 11:15:08,45.749409,21.2325904,11.34,victoriei_michelangelo_complex,bus,0,synthetic_gps
2026-05-16 11:15:09,45.7493941,21.2325389,19.34,victoriei_michelangelo_complex,bus,0,synthetic_gps
2026-05-16 11:15:10,45.7494188,21.232423,22.79,victoriei_michelangelo_complex,bus,0,synthetic_gps
2026-05-16 11:15:11,45.7494599,21.2325401,29.16,victoriei_michelangelo_complex,bus,0,synthetic_gps
2026-05-16 11:15:12,45.749381,21.2325059,27.75,victoriei_michelangelo_complex,bus,0,synthetic_gps
2026-05-16 11:15:13,45.7494606,21.2325969,19.75,victoriei_michelangelo_complex,bus,0,synthetic_gps
2026-05-16 11:15:14,45.749372,21.2325644,27.75,victoriei_michelangelo_complex,bus,0,synthetic_gps
2026-05-16 11:15:15,45.7493736,21.2325847,20.01,victoriei_michelangelo_complex,bus,0,synthetic_gps
2026-05-16 11:15:16,45.74941,21.232638,15.95,victoriei_michelangelo_complex,bus,0,synthetic_gps
2026-05-16 11:15:17,45.7493314,21.2326279,23.95,victoriei_michelangelo_complex,bus,0,synthetic_gps
2026-05-16 11:15:18,45.7494221,21.2325504,31.95,victoriei_michelangelo_complex,bus,0,synthetic_gps
2026-05-16 11:15:19,45.7494037,21.2325948,23.95,victoriei_michelangelo_complex,bus,0,synthetic_gps
2026-05-16 11:15:20,45.7493204,21.2325851,15.95,victoriei_michelangelo_complex,bus,0,synthetic_gps
2026-05-16 11:15:21,45.7493735,21.2325704,22.72,victoriei_michelangelo_complex,bus,0,synthetic_gps
2026-05-16 11:15:22,45.7493687,21.2326573,30.15,victoriei_michelangelo_complex,bus,0,synthetic_gps
2026-05-16 11:15:23,45.7492902,21.232724,26.96,victoriei_michelangelo_complex,bus,0,synthetic_gps
2026-05-16 11:15:24,45.7493659,21.2326303,22.73,victoriei_michelangelo_complex,bus,0,synthetic_gps
2026-05-16 11:15:25,45.7493774,21.2326307,15.42,victoriei_michelangelo_complex,bus,0,synthetic_gps
2026-05-16 11:15:26,45.7493418,21.2326765,21.2,victoriei_michelangelo_complex,bus,0,synthetic_gps
2026-05-16 11:15:27,45.7492756,21.2326688,17.34,victoriei_michelangelo_complex,bus,0,synthetic_gps
2026-05-16 11:15:28,45.7492924,21.2327346,9.34,victoriei_michelangelo_complex,bus,0,synthetic_gps
2026-05-16 11:15:29,45.7493868,21.2327008,7.9,victoriei_michelangelo_complex,bus,0,synthetic_gps
2026-05-16 11:15:30,45.7493472,21.2327481,0.95,victoriei_michelangelo_complex,bus,0,synthetic_gps
2026-05-16 11:15:31,45.7492979,21.2326963,0.69,victoriei_michelangelo_complex,bus,0,synthetic_gps
2026-05-16 11:15:32,45.7493183,21.2327572,1.79,victoriei_michelangelo_complex,bus,0,synthetic_gps
2026-05-16 11:15:33,45.7493301,21.2327089,0.69,victoriei_michelangelo_complex,bus,0,synthetic_gps
2026-05-16 11:15:34,45.7492837,21.2326946,1.16,victoriei_michelangelo_complex,bus,0,synthetic_gps
2026-05-16 11:15:35,45.7493455,21.2328008,1.69,victoriei_michelangelo_complex,bus,0,synthetic_gps
2026-05-16 11:15:36,45.7492414,21.2327197,0.98,victoriei_michelangelo_complex,bus,0,synthetic_gps
2026-05-16 11:15:37,45.749192,21.2328084,0.97,victoriei_michelangelo_complex,bus,0,synthetic_gps
2026-05-16 11:15:38,45.7492256,21.2327231,0.65,victoriei_michelangelo_complex,bus,0,synthetic_gps
2026-05-16 11:15:39,45.749278,21.2327571,0.85,victoriei_michelangelo_complex,bus,0,synthetic_gps
2026-05-16 11:15:40,45.7492401,21.2327344,0.42,victoriei_michelangelo_complex,bus,0,synthetic_gps
2026-05-16 11:15:41,45.7492603,21.2327946,0.27,victoriei_michelangelo_complex,bus,0,synthetic_gps
2026-05-16 11:15:42,45.7491789,21.2328264,1.42,victoriei_michelangelo_complex,bus,0,synthetic_gps
2026-05-16 11:15:43,45.7491722,21.2327575,0.41,victoriei_michelangelo_complex,bus,0,synthetic_gps
2026-05-16 11:15:44,45.7492665,21.2327773,2.17,victoriei_michelangelo_complex,bus,0,synthetic_gps
2026-05-16 11:15:45,45.7492243,21.2328057,0.81,victoriei_michelangelo_complex,bus,0,synthetic_gps
2026-05-16 11:15:46,45.7492384,21.2327771,0.31,victoriei_michelangelo_complex,bus,0,synthetic_gps
2026-05-16 11:15:47,45.7492962,21.2328316,1.79,victoriei_michelangelo_complex,bus,0,synthetic_gps
2026-05-16 11:15:48,45.7491967,21.2327859,1.73,victoriei_michelangelo_complex,bus,0,synthetic_gps
2026-05-16 11:15:49,45.7492005,21.2329674,1.06,victoriei_michelangelo_complex,bus,0,synthetic_gps
2026-05-16 11:15:50,45.749233,21.2328206,9.06,victoriei_michelangelo_complex,bus,0,synthetic_gps
2026-05-16 11:15:51,45.7492282,21.2328097,17.06,victoriei_michelangelo_complex,bus,0,synthetic_gps
2026-05-16 11:15:52,45.7492174,21.2329304,25.06,victoriei_michelangelo_complex,bus,0,synthetic_gps
2026-05-16 11:15:53,45.7491713,21.2329291,21.52,victoriei_michelangelo_complex,bus,0,synthetic_gps
2026-05-16 11:15:54,45.7491885,21.2328523,17.38,victoriei_michelangelo_complex,bus,0,synthetic_gps
2026-05-16 11:15:55,45.7492304,21.2328377,18.71,victoriei_michelangelo_complex,bus,0,synthetic_gps
2026-05-16 11:15:56,45.7491624,21.232915,26.71,victoriei_michelangelo_complex,bus,0,synthetic_gps
2026-05-16 11:15:57,45.7491252,21.2328679,22.17,victoriei_michelangelo_complex,bus,0,synthetic_gps
2026-05-16 11:15:58,45.7491234,21.2328454,30.17,victoriei_michelangelo_complex,bus,0,synthetic_gps
2026-05-16 11:15:59,45.7491245,21.2329005,22.17,victoriei_michelangelo_complex,bus,0,synthetic_gps
2026-05-16 11:16:00,45.7492216,21.2329246,26.5,victoriei_michelangelo_complex,bus,0,synthetic_gps
2026-05-16 11:16:01,45.7491525,21.2330381,26.41,victoriei_michelangelo_complex,bus,0,synthetic_gps
2026-05-16 11:16:02,45.7490712,21.2329402,23.28,victoriei_michelangelo_complex,bus,0,synthetic_gps
2026-05-16 11:16:03,45.7491547,21.2329361,24.72,victoriei_michelangelo_complex,bus,0,synthetic_gps
2026-05-16 11:16:04,45.7491816,21.2329771,26.83,victoriei_michelangelo_complex,bus,0,synthetic_gps
2026-05-16 11:16:05,45.7490336,21.2329229,18.83,victoriei_michelangelo_complex,bus,0,synthetic_gps
2026-05-16 11:16:06,45.7492391,21.2329604,26.8,victoriei_michelangelo_complex,bus,0,synthetic_gps
2026-05-16 11:16:07,45.7491354,21.2330329,28.52,victoriei_michelangelo_complex,bus,0,synthetic_gps
2026-05-16 11:16:08,45.7492171,21.2329936,27.94,victoriei_michelangelo_complex,bus,0,synthetic_gps
2026-05-16 11:16:09,45.7492409,21.2329953,23.33,victoriei_michelangelo_complex,bus,0,synthetic_gps
2026-05-16 11:16:10,45.7491303,21.2330216,24.19,victoriei_michelangelo_complex,bus,0,synthetic_gps
2026-05-16 11:16:11,45.7490455,21.2330096,16.19,victoriei_michelangelo_complex,bus,0,synthetic_gps
2026-05-16 11:16:12,45.7491359,21.2330953,17.43,victoriei_michelangelo_complex,bus,0,synthetic_gps
2026-05-16 11:16:13,45.7490434,21.2330222,22.52,victoriei_michelangelo_complex,bus,0,synthetic_gps
2026-05-16 11:16:14,45.74901,21.2330037,25.69,victoriei_michelangelo_complex,bus,0,synthetic_gps
2026-05-16 11:16:15,45.7491188,21.2330668,17.69,victoriei_michelangelo_complex,bus,0,synthetic_gps
2026-05-16 11:16:16,45.7491288,21.2331366,25.69,victoriei_michelangelo_complex,bus,0,synthetic_gps
2026-05-16 11:16:17,45.7491049,21.2331214,20.58,victoriei_michelangelo_complex,bus,0,synthetic_gps
2026-05-16 11:16:18,45.7491133,21.2330505,28.58,victoriei_michelangelo_complex,bus,0,synthetic_gps
2026-05-16 11:16:19,45.7489947,21.2331401,20.58,victoriei_michelangelo_complex,bus,0,synthetic_gps
2026-05-16 11:16:20,45.7490571,21.2330678,28.58,victoriei_michelangelo_complex,bus,0,synthetic_gps
2026-05-16 11:16:21,45.7490838,21.2331443,23.29,victoriei_michelangelo_complex,bus,0,synthetic_gps
2026-05-16 11:16:22,45.7490893,21.2330665,19.95,victoriei_michelangelo_complex,bus,0,synthetic_gps
2026-05-16 11:16:23,45.7490221,21.2331127,14.55,victoriei_michelangelo_complex,bus,0,synthetic_gps
2026-05-16 11:16:24,45.7490755,21.2332425,22.55,victoriei_michelangelo_complex,bus,0,synthetic_gps
2026-05-16 11:16:25,45.7490396,21.2331782,15.15,victoriei_michelangelo_complex,bus,0,synthetic_gps
2026-05-16 11:16:26,45.7490204,21.2332198,23.15,victoriei_michelangelo_complex,bus,0,synthetic_gps
2026-05-16 11:16:27,45.7490178,21.2330978,18.94,victoriei_michelangelo_complex,bus,0,synthetic_gps
2026-05-16 11:16:28,45.7491005,21.233227,26.94,victoriei_michelangelo_complex,bus,0,synthetic_gps
2026-05-16 11:16:29,45.7489862,21.233198,24.92,victoriei_michelangelo_complex,bus,0,synthetic_gps
2026-05-16 11:16:30,45.7490253,21.2331667,30.32,victoriei_michelangelo_complex,bus,0,synthetic_gps
2026-05-16 11:16:31,45.7489622,21.2331717,22.32,victoriei_michelangelo_complex,bus,0,synthetic_gps
2026-05-16 11:16:32,45.7490619,21.2332292,30.32,victoriei_michelangelo_complex,bus,0,synthetic_gps
2026-05-16 11:16:33,45.7489974,21.2331566,22.32,victoriei_michelangelo_complex,bus,0,synthetic_gps
2026-05-16 11:16:34,45.748928,21.233195,27.6,victoriei_michelangelo_complex,bus,0,synthetic_gps
2026-05-16 11:16:35,45.7490283,21.2331751,22.58,victoriei_michelangelo_complex,bus,0,synthetic_gps
2026-05-16 11:16:36,45.7490296,21.2332196,24.44,victoriei_michelangelo_complex,bus,0,synthetic_gps
2026-05-16 11:16:37,45.7490414,21.2332019,18.1,victoriei_michelangelo_complex,bus,0,synthetic_gps
2026-05-16 11:16:38,45.7490026,21.2332489,26.1,victoriei_michelangelo_complex,bus,0,synthetic_gps
2026-05-16 11:16:39,45.7489605,21.2332919,18.1,victoriei_michelangelo_complex,bus,0,synthetic_gps
2026-05-16 11:16:40,45.7489135,21.2332228,21.16,victoriei_michelangelo_complex,bus,0,synthetic_gps
2026-05-16 11:16:41,45.7489985,21.2332343,29.16,victoriei_michelangelo_complex,bus,0,synthetic_gps
2026-05-16 11:16:42,45.7489502,21.2332863,24.28,victoriei_michelangelo_complex,bus,0,synthetic_gps
2026-05-16 11:16:43,45.7489628,21.2332192,25.0,victoriei_michelangelo_complex,bus,0,synthetic_gps
2026-05-16 11:16:44,45.7488229,21.2332859,17.0,victoriei_michelangelo_complex,bus,0,synthetic_gps
2026-05-16 11:16:45,45.7488763,21.2333788,17.0,victoriei_michelangelo_complex,bus,0,synthetic_gps
2026-05-16 11:16:46,45.7489959,21.2332664,21.63,victoriei_michelangelo_complex,bus,0,synthetic_gps
2026-05-16 11:16:47,45.7489648,21.2333025,24.11,victoriei_michelangelo_complex,bus,0,synthetic_gps
2026-05-16 11:16:48,45.7489913,21.2333273,32.11,victoriei_michelangelo_complex,bus,0,synthetic_gps
2026-05-16 11:16:49,45.7489272,21.2333714,26.73,victoriei_michelangelo_complex,bus,0,synthetic_gps
2026-05-16 11:16:50,45.7489452,21.2332902,30.14,victoriei_michelangelo_complex,bus,0,synthetic_gps
2026-05-16 11:16:51,45.7488355,21.2333097,22.14,victoriei_michelangelo_complex,bus,0,synthetic_gps
2026-05-16 11:16:52,45.7488295,21.2333638,18.22,victoriei_michelangelo_complex,bus,0,synthetic_gps
2026-05-16 11:16:53,45.7489401,21.233341,26.22,victoriei_michelangelo_complex,bus,0,synthetic_gps
2026-05-16 11:16:54,45.7489094,21.2333053,18.22,victoriei_michelangelo_complex,bus,0,synthetic_gps
2026-05-16 11:16:55,45.7489863,21.2333371,16.1,victoriei_michelangelo_complex,bus,0,synthetic_gps
2026-05-16 11:16:56,45.7489271,21.2334104,16.69,victoriei_michelangelo_complex,bus,0,synthetic_gps
2026-05-16 11:16:57,45.748782,21.2333958,23.4,victoriei_michelangelo_complex,bus,0,synthetic_gps
2026-05-16 11:16:58,45.7489216,21.2333576,20.81,victoriei_michelangelo_complex,bus,0,synthetic_gps
2026-05-16 11:16:59,45.7488699,21.2333953,12.81,victoriei_michelangelo_complex,bus,0,synthetic_gps
2026-05-16 11:17:00,45.7488662,21.2334146,16.92,victoriei_michelangelo_complex,bus,0,synthetic_gps
2026-05-16 11:17:01,45.7488855,21.2333442,16.25,victoriei_michelangelo_complex,bus,0,synthetic_gps
2026-05-16 11:17:02,45.7488389,21.2334109,24.25,victoriei_michelangelo_complex,bus,0,synthetic_gps
2026-05-16 11:17:03,45.748918,21.2334536,16.25,victoriei_michelangelo_complex,bus,0,synthetic_gps
2026-05-16 11:17:04,45.7488664,21.2334908,23.91,victoriei_michelangelo_complex,bus,0,synthetic_gps
2026-05-16 11:17:05,45.7489143,21.2334296,30.93,victoriei_michelangelo_complex,bus,0,synthetic_gps
2026-05-16 11:17:06,45.7488163,21.2334875,22.93,victoriei_michelangelo_complex,bus,0,synthetic_gps
2026-05-16 11:17:07,45.7488931,21.2334777,17.58,victoriei_michelangelo_complex,bus,0,synthetic_gps
2026-05-16 11:17:08,45.7489102,21.2335696,20.46,victoriei_michelangelo_complex,bus,0,synthetic_gps
2026-05-16 11:17:09,45.7488694,21.2334749,19.85,victoriei_michelangelo_complex,bus,0,synthetic_gps
2026-05-16 11:17:10,45.7487854,21.233497,27.85,victoriei_michelangelo_complex,bus,0,synthetic_gps
2026-05-16 11:17:11,45.7488297,21.2334838,20.47,victoriei_michelangelo_complex,bus,0,synthetic_gps
2026-05-16 11:17:12,45.7489205,21.2334917,21.64,victoriei_michelangelo_complex,bus,0,synthetic_gps
2026-05-16 11:17:13,45.7487899,21.2335245,19.35,victoriei_michelangelo_complex,bus,0,synthetic_gps
2026-05-16 11:17:14,45.7487192,21.2335448,12.04,victoriei_michelangelo_complex,bus,0,synthetic_gps
2026-05-16 11:17:15,45.7488522,21.2335506,20.04,victoriei_michelangelo_complex,bus,0,synthetic_gps
2026-05-16 11:17:16,45.748794,21.2335305,28.04,victoriei_michelangelo_complex,bus,0,synthetic_gps
2026-05-16 11:17:17,45.7488263,21.2335903,21.19,victoriei_michelangelo_complex,bus,0,synthetic_gps
2026-05-16 11:17:18,45.7488034,21.2335547,23.76,victoriei_michelangelo_complex,bus,0,synthetic_gps
2026-05-16 11:17:19,45.7487733,21.2335567,28.9,victoriei_michelangelo_complex,bus,0,synthetic_gps
2026-05-16 11:17:20,45.7487349,21.2335837,20.9,victoriei_michelangelo_complex,bus,0,synthetic_gps
2026-05-16 11:17:21,45.7487763,21.2335458,28.9,victoriei_michelangelo_complex,bus,0,synthetic_gps
2026-05-16 11:17:22,45.7487873,21.2335119,20.9,victoriei_michelangelo_complex,bus,0,synthetic_gps
2026-05-16 11:17:23,45.7488202,21.2336615,28.9,victoriei_michelangelo_complex,bus,0,synthetic_gps
2026-05-16 11:17:24,45.7487142,21.2335833,20.9,victoriei_michelangelo_complex,bus,0,synthetic_gps
2026-05-16 11:17:25,45.7487129,21.2336553,13.34,victoriei_michelangelo_complex,bus,0,synthetic_gps
2026-05-16 11:17:26,45.7488111,21.2336202,21.34,victoriei_michelangelo_complex,bus,0,synthetic_gps
2026-05-16 11:17:27,45.7488163,21.23363,13.34,victoriei_michelangelo_complex,bus,0,synthetic_gps
2026-05-16 11:17:28,45.7487049,21.2335884,21.34,victoriei_michelangelo_complex,bus,0,synthetic_gps
2026-05-16 11:17:29,45.7487097,21.2336522,20.32,victoriei_michelangelo_complex,bus,0,synthetic_gps
2026-05-16 11:17:30,45.7486998,21.2337024,12.32,victoriei_michelangelo_complex,bus,0,synthetic_gps
2026-05-16 11:17:31,45.7486892,21.2336686,15.54,victoriei_michelangelo_complex,bus,0,synthetic_gps
2026-05-16 11:17:32,45.7486316,21.233715,7.54,victoriei_michelangelo_complex,bus,0,synthetic_gps
2026-05-16 11:17:33,45.7487389,21.2336642,15.54,victoriei_michelangelo_complex,bus,0,synthetic_gps
2026-05-16 11:17:34,45.7487534,21.2336389,23.54,victoriei_michelangelo_complex,bus,0,synthetic_gps
2026-05-16 11:17:35,45.7487616,21.2337161,31.54,victoriei_michelangelo_complex,bus,0,synthetic_gps
2026-05-16 11:17:36,45.7486989,21.2337166,24.45,victoriei_michelangelo_complex,bus,0,synthetic_gps
2026-05-16 11:17:37,45.748692,21.2336702,16.45,victoriei_michelangelo_complex,bus,0,synthetic_gps
2026-05-16 11:17:38,45.7487377,21.2337417,24.45,victoriei_michelangelo_complex,bus,0,synthetic_gps
2026-05-16 11:17:39,45.7486961,21.2336476,32.45,victoriei_michelangelo_complex,bus,0,synthetic_gps
2026-05-16 11:17:40,45.7486448,21.233674,24.45,victoriei_michelangelo_complex,bus,0,synthetic_gps
2026-05-16 11:17:41,45.7486753,21.2336801,16.45,victoriei_michelangelo_complex,bus,0,synthetic_gps
2026-05-16 11:17:42,45.7486621,21.2337836,17.23,victoriei_michelangelo_complex,bus,0,synthetic_gps
2026-05-16 11:17:43,45.7486808,21.2337519,25.23,victoriei_michelangelo_complex,bus,0,synthetic_gps
2026-05-16 11:17:44,45.7486163,21.2336788,33.23,victoriei_michelangelo_complex,bus,0,synthetic_gps
2026-05-16 11:17:45,45.7486882,21.2337885,25.23,victoriei_michelangelo_complex,bus,0,synthetic_gps
2026-05-16 11:17:46,45.7486058,21.2336892,21.44,victoriei_michelangelo_complex,bus,0,synthetic_gps
2026-05-16 11:17:47,45.7486551,21.2337943,13.44,victoriei_michelangelo_complex,bus,0,synthetic_gps
2026-05-16 11:17:48,45.7487004,21.2337189,11.79,victoriei_michelangelo_complex,bus,0,synthetic_gps
2026-05-16 11:17:49,45.7486584,21.233847,19.79,victoriei_michelangelo_complex,bus,0,synthetic_gps
2026-05-16 11:17:50,45.7486456,21.2338073,11.79,victoriei_michelangelo_complex,bus,0,synthetic_gps
2026-05-16 11:17:51,45.7486348,21.2337893,19.79,victoriei_michelangelo_complex,bus,0,synthetic_gps
2026-05-16 11:17:52,45.7486464,21.2338293,27.79,victoriei_michelangelo_complex,bus,0,synthetic_gps
2026-05-16 11:17:53,45.7486212,21.2337476,19.79,victoriei_michelangelo_complex,bus,0,synthetic_gps
2026-05-16 11:17:54,45.7485012,21.2338622,23.51,victoriei_michelangelo_complex,bus,0,synthetic_gps
2026-05-16 11:17:55,45.7486428,21.2338312,25.46,victoriei_michelangelo_complex,bus,0,synthetic_gps
2026-05-16 11:17:56,45.7486275,21.2338411,17.87,victoriei_michelangelo_complex,bus,0,synthetic_gps
2026-05-16 11:17:57,45.7486678,21.2338992,22.87,victoriei_michelangelo_complex,bus,0,synthetic_gps
2026-05-16 11:17:58,45.7485815,21.2337957,26.54,victoriei_michelangelo_complex,bus,0,synthetic_gps
2026-05-16 11:17:59,45.748604,21.2338646,26.02,victoriei_michelangelo_complex,bus,0,synthetic_gps
2026-05-16 11:18:00,45.7486153,21.2338718,18.02,victoriei_michelangelo_complex,bus,0,synthetic_gps
2026-05-16 11:18:01,45.7485926,21.2338771,10.02,victoriei_michelangelo_complex,bus,0,synthetic_gps
2026-05-16 11:18:02,45.7484686,21.2339439,2.02,victoriei_michelangelo_complex,bus,0,synthetic_gps
2026-05-16 11:18:03,45.748538,21.2339487,0.63,victoriei_michelangelo_complex,bus,0,synthetic_gps
2026-05-16 11:18:04,45.7485029,21.2340016,0.0,victoriei_michelangelo_complex,bus,0,synthetic_gps
2026-05-16 11:18:05,45.7485156,21.2339793,1.46,victoriei_michelangelo_complex,bus,0,synthetic_gps
2026-05-16 11:18:06,45.7485626,21.2339468,1.96,victoriei_michelangelo_complex,bus,0,synthetic_gps
2026-05-16 11:18:07,45.748578,21.2339493,0.98,victoriei_michelangelo_complex,bus,0,synthetic_gps
2026-05-16 11:18:08,45.748631,21.233957,1.56,victoriei_michelangelo_complex,bus,0,synthetic_gps
2026-05-16 11:18:09,45.7485446,21.2339107,0.42,victoriei_michelangelo_complex,bus,0,synthetic_gps
2026-05-16 11:18:10,45.748581,21.2339638,1.99,victoriei_michelangelo_complex,bus,0,synthetic_gps
2026-05-16 11:18:11,45.7485003,21.2339098,1.19,victoriei_michelangelo_complex,bus,0,synthetic_gps
2026-05-16 11:18:12,45.7485171,21.2340028,0.49,victoriei_michelangelo_complex,bus,0,synthetic_gps
2026-05-16 11:18:13,45.7485792,21.2339172,1.54,victoriei_michelangelo_complex,bus,0,synthetic_gps
2026-05-16 11:18:14,45.7484746,21.2339641,1.97,victoriei_michelangelo_complex,bus,0,synthetic_gps
2026-05-16 11:18:15,45.7485961,21.2339338,0.93,victoriei_michelangelo_complex,bus,0,synthetic_gps
2026-05-16 11:18:16,45.7484114,21.2340065,0.0,victoriei_michelangelo_complex,bus,0,synthetic_gps
2026-05-16 11:18:17,45.7484648,21.2340168,0.0,victoriei_michelangelo_complex,bus,0,synthetic_gps
2026-05-16 11:18:18,45.7484041,21.2340239,1.05,victoriei_michelangelo_complex,bus,0,synthetic_gps
2026-05-16 11:18:19,45.7485503,21.234059,1.25,victoriei_michelangelo_complex,bus,0,synthetic_gps
2026-05-16 11:18:20,45.7484976,21.2339979,9.25,victoriei_michelangelo_complex,bus,0,synthetic_gps
2026-05-16 11:18:21,45.7485082,21.2340552,4.24,victoriei_michelangelo_complex,bus,0,synthetic_gps
2026-05-16 11:18:22,45.7484426,21.2341755,12.24,victoriei_michelangelo_complex,bus,0,synthetic_gps
2026-05-16 11:18:23,45.7483979,21.2340266,20.24,victoriei_michelangelo_complex,bus,0,synthetic_gps
2026-05-16 11:18:24,45.7484386,21.2340414,25.87,victoriei_michelangelo_complex,bus,0,synthetic_gps
2026-05-16 11:18:25,45.748494,21.2341116,31.57,victoriei_michelangelo_complex,bus,0,synthetic_gps
2026-05-16 11:18:26,45.748533,21.2341581,23.57,victoriei_michelangelo_complex,bus,0,synthetic_gps
2026-05-16 11:18:27,45.7484115,21.2341868,25.63,victoriei_michelangelo_complex,bus,0,synthetic_gps
2026-05-16 11:18:28,45.7483858,21.2341201,17.63,victoriei_michelangelo_complex,bus,0,synthetic_gps
2026-05-16 11:18:29,45.74837,21.2341128,25.63,victoriei_michelangelo_complex,bus,0,synthetic_gps
2026-05-16 11:18:30,45.7484378,21.2342114,17.63,victoriei_michelangelo_complex,bus,0,synthetic_gps
2026-05-16 11:18:31,45.7483733,21.2341668,25.63,victoriei_michelangelo_complex,bus,0,synthetic_gps
2026-05-16 11:18:32,45.7484204,21.2342588,17.63,victoriei_michelangelo_complex,bus,0,synthetic_gps
2026-05-16 11:18:33,45.7484313,21.2342044,24.65,victoriei_michelangelo_complex,bus,0,synthetic_gps
2026-05-16 11:18:34,45.748458,21.234229,16.65,victoriei_michelangelo_complex,bus,0,synthetic_gps
2026-05-16 11:18:35,45.7483687,21.2342048,15.57,victoriei_michelangelo_complex,bus,0,synthetic_gps
2026-05-16 11:18:36,45.748423,21.2342184,22.14,victoriei_michelangelo_complex,bus,0,synthetic_gps
2026-05-16 11:18:37,45.7483777,21.2342428,17.68,victoriei_michelangelo_complex,bus,0,synthetic_gps
2026-05-16 11:18:38,45.7485391,21.2342437,25.68,victoriei_michelangelo_complex,bus,0,synthetic_gps
2026-05-16 11:18:39,45.7484391,21.2343747,26.4,victoriei_michelangelo_complex,bus,0,synthetic_gps
2026-05-16 11:18:40,45.7483979,21.2343432,19.65,victoriei_michelangelo_complex,bus,0,synthetic_gps
2026-05-16 11:18:41,45.7484792,21.2342752,27.65,victoriei_michelangelo_complex,bus,0,synthetic_gps
2026-05-16 11:18:42,45.7484067,21.234373,35.65,victoriei_michelangelo_complex,bus,0,synthetic_gps
2026-05-16 11:18:43,45.7484063,21.2343835,27.65,victoriei_michelangelo_complex,bus,0,synthetic_gps
2026-05-16 11:18:44,45.7483697,21.2343714,27.15,victoriei_michelangelo_complex,bus,0,synthetic_gps
2026-05-16 11:18:45,45.7483191,21.2343267,19.15,victoriei_michelangelo_complex,bus,0,synthetic_gps
2026-05-16 11:18:46,45.7482955,21.2343896,22.18,victoriei_michelangelo_complex,bus,0,synthetic_gps
2026-05-16 11:18:47,45.7483446,21.234486,19.37,victoriei_michelangelo_complex,bus,0,synthetic_gps
2026-05-16 11:18:48,45.7483961,21.2343888,27.37,victoriei_michelangelo_complex,bus,0,synthetic_gps
2026-05-16 11:18:49,45.7484125,21.2344541,28.0,victoriei_michelangelo_complex,bus,0,synthetic_gps
2026-05-16 11:18:50,45.7483804,21.2344586,20.0,victoriei_michelangelo_complex,bus,0,synthetic_gps
2026-05-16 11:18:51,45.7483691,21.2344941,12.79,victoriei_michelangelo_complex,bus,0,synthetic_gps
2026-05-16 11:18:52,45.7483638,21.2344767,9.2,victoriei_michelangelo_complex,bus,0,synthetic_gps
2026-05-16 11:18:53,45.7483975,21.2344412,13.99,victoriei_michelangelo_complex,bus,0,synthetic_gps
2026-05-16 11:18:54,45.7483307,21.2344357,21.99,victoriei_michelangelo_complex,bus,0,synthetic_gps
2026-05-16 11:18:55,45.7483984,21.23445,29.99,victoriei_michelangelo_complex,bus,0,synthetic_gps
2026-05-16 11:18:56,45.7483549,21.2344628,25.97,victoriei_michelangelo_complex,bus,0,synthetic_gps
2026-05-16 11:18:57,45.7483163,21.234553,22.74,victoriei_michelangelo_complex,bus,0,synthetic_gps
2026-05-16 11:18:58,45.7483545,21.2345307,29.11,victoriei_michelangelo_complex,bus,0,synthetic_gps
2026-05-16 11:18:59,45.7483807,21.2346242,21.11,victoriei_michelangelo_complex,bus,0,synthetic_gps
2026-05-16 11:19:00,45.7482935,21.2344969,20.87,victoriei_michelangelo_complex,bus,0,synthetic_gps
2026-05-16 11:19:01,45.7483209,21.2345244,25.03,victoriei_michelangelo_complex,bus,0,synthetic_gps
2026-05-16 11:19:02,45.7483056,21.2346201,19.1,victoriei_michelangelo_complex,bus,0,synthetic_gps
2026-05-16 11:19:03,45.7483786,21.2345756,24.22,victoriei_michelangelo_complex,bus,0,synthetic_gps
2026-05-16 11:19:04,45.7483339,21.2346496,16.22,victoriei_michelangelo_complex,bus,0,synthetic_gps
2026-05-16 11:19:05,45.7483492,21.2346693,8.22,victoriei_michelangelo_complex,bus,0,synthetic_gps
2026-05-16 11:19:06,45.7483222,21.2346409,16.22,victoriei_michelangelo_complex,bus,0,synthetic_gps
2026-05-16 11:19:07,45.7483275,21.2346829,23.69,victoriei_michelangelo_complex,bus,0,synthetic_gps
2026-05-16 11:19:08,45.7482418,21.2346478,31.69,victoriei_michelangelo_complex,bus,0,synthetic_gps
2026-05-16 11:19:09,45.7482951,21.2346934,30.0,victoriei_michelangelo_complex,bus,0,synthetic_gps
2026-05-16 11:19:10,45.7483187,21.2348062,22.0,victoriei_michelangelo_complex,bus,0,synthetic_gps
2026-05-16 11:19:11,45.748343,21.2347598,15.0,victoriei_michelangelo_complex,bus,0,synthetic_gps
2026-05-16 11:19:12,45.7483214,21.2346742,23.0,victoriei_michelangelo_complex,bus,0,synthetic_gps
2026-05-16 11:19:13,45.7483083,21.234681,27.09,victoriei_michelangelo_complex,bus,0,synthetic_gps
2026-05-16 11:19:14,45.7483179,21.2346443,23.09,victoriei_michelangelo_complex,bus,0,synthetic_gps
2026-05-16 11:19:15,45.7482,21.2346821,31.09,victoriei_michelangelo_complex,bus,0,synthetic_gps
2026-05-16 11:19:16,45.748223,21.2347593,23.09,victoriei_michelangelo_complex,bus,0,synthetic_gps
2026-05-16 11:19:17,45.748225,21.2347541,15.09,victoriei_michelangelo_complex,bus,0,synthetic_gps
2026-05-16 11:19:18,45.748319,21.2347231,23.09,victoriei_michelangelo_complex,bus,0,synthetic_gps
2026-05-16 11:19:19,45.748275,21.2347702,17.55,victoriei_michelangelo_complex,bus,0,synthetic_gps
2026-05-16 11:19:20,45.7481731,21.2347857,24.04,victoriei_michelangelo_complex,bus,0,synthetic_gps
2026-05-16 11:19:21,45.7482489,21.2347793,20.11,victoriei_michelangelo_complex,bus,0,synthetic_gps
2026-05-16 11:19:22,45.7483371,21.2347762,27.6,victoriei_michelangelo_complex,bus,0,synthetic_gps
2026-05-16 11:19:23,45.7481803,21.2348826,21.48,victoriei_michelangelo_complex,bus,0,synthetic_gps
2026-05-16 11:19:24,45.748304,21.2348316,21.43,victoriei_michelangelo_complex,bus,0,synthetic_gps
2026-05-16 11:19:25,45.748286,21.2348768,24.98,victoriei_michelangelo_complex,bus,0,synthetic_gps
2026-05-16 11:19:26,45.7482671,21.2348396,21.36,victoriei_michelangelo_complex,bus,0,synthetic_gps
2026-05-16 11:19:27,45.7482093,21.2348376,18.29,victoriei_michelangelo_complex,bus,0,synthetic_gps
2026-05-16 11:19:28,45.7481948,21.2349433,12.48,victoriei_michelangelo_complex,bus,0,synthetic_gps
2026-05-16 11:19:29,45.7482496,21.2349391,19.71,victoriei_michelangelo_complex,bus,0,synthetic_gps
2026-05-16 11:19:30,45.7481923,21.2349487,22.86,victoriei_michelangelo_complex,bus,0,synthetic_gps
2026-05-16 11:19:31,45.7481833,21.2349843,30.86,victoriei_michelangelo_complex,bus,0,synthetic_gps
2026-05-16 11:19:32,45.7482154,21.2349968,22.86,victoriei_michelangelo_complex,bus,0,synthetic_gps
2026-05-16 11:19:33,45.7481931,21.2350092,20.65,victoriei_michelangelo_complex,bus,0,synthetic_gps
2026-05-16 11:19:34,45.7481679,21.2349841,14.01,victoriei_michelangelo_complex,bus,0,synthetic_gps
2026-05-16 11:19:35,45.7481691,21.2349772,22.01,victoriei_michelangelo_complex,bus,0,synthetic_gps
2026-05-16 11:19:36,45.7482219,21.2350072,25.64,victoriei_michelangelo_complex,bus,0,synthetic_gps
2026-05-16 11:19:37,45.7481586,21.2351152,17.64,victoriei_michelangelo_complex,bus,0,synthetic_gps
2026-05-16 11:19:38,45.7482554,21.2349962,18.05,victoriei_michelangelo_complex,bus,0,synthetic_gps
2026-05-16 11:19:39,45.7482101,21.235116,20.72,victoriei_michelangelo_complex,bus,0,synthetic_gps
2026-05-16 11:19:40,45.748164,21.2351227,24.01,victoriei_michelangelo_complex,bus,0,synthetic_gps
2026-05-16 11:19:41,45.7481672,21.2350006,20.48,victoriei_michelangelo_complex,bus,0,synthetic_gps
2026-05-16 11:19:42,45.7481725,21.2351192,17.22,victoriei_michelangelo_complex,bus,0,synthetic_gps
2026-05-16 11:19:43,45.7482818,21.2350968,25.22,victoriei_michelangelo_complex,bus,0,synthetic_gps
2026-05-16 11:19:44,45.7481792,21.2350434,21.1,victoriei_michelangelo_complex,bus,0,synthetic_gps
2026-05-16 11:19:45,45.748123,21.2350365,29.1,victoriei_michelangelo_complex,bus,0,synthetic_gps
2026-05-16 11:19:46,45.7482412,21.235176,32.24,victoriei_michelangelo_complex,bus,0,synthetic_gps
2026-05-16 11:19:47,45.7481898,21.2351179,24.24,victoriei_michelangelo_complex,bus,0,synthetic_gps
2026-05-16 11:19:48,45.7481418,21.2351413,17.75,victoriei_michelangelo_complex,bus,0,synthetic_gps
2026-05-16 11:19:49,45.7481783,21.2351588,25.75,victoriei_michelangelo_complex,bus,0,synthetic_gps
2026-05-16 11:19:50,45.7480796,21.2352106,33.75,victoriei_michelangelo_complex,bus,0,synthetic_gps
2026-05-16 11:19:51,45.7480897,21.2351352,25.75,victoriei_michelangelo_complex,bus,0,synthetic_gps
2026-05-16 11:19:52,45.7481609,21.2352208,26.14,victoriei_michelangelo_complex,bus,0,synthetic_gps
2026-05-16 11:19:53,45.7481153,21.2351658,24.21,victoriei_michelangelo_complex,bus,0,synthetic_gps
2026-05-16 11:19:54,45.7482212,21.235254,20.4,victoriei_michelangelo_complex,bus,0,synthetic_gps
2026-05-16 11:19:55,45.7481219,21.2352407,26.58,victoriei_michelangelo_complex,bus,0,synthetic_gps
2026-05-16 11:19:56,45.748122,21.2352431,34.58,victoriei_michelangelo_complex,bus,0,synthetic_gps
2026-05-16 11:19:57,45.7481844,21.2353466,26.58,victoriei_michelangelo_complex,bus,0,synthetic_gps
2026-05-16 11:19:58,45.7481152,21.2353248,31.15,victoriei_michelangelo_complex,bus,0,synthetic_gps
2026-05-16 11:19:59,45.7481026,21.235302,23.15,victoriei_michelangelo_complex,bus,0,synthetic_gps
2026-05-16 11:20:00,45.7481243,21.2352896,19.58,victoriei_michelangelo_complex,bus,0,synthetic_gps
2026-05-16 11:20:01,45.7480826,21.2353072,11.58,victoriei_michelangelo_complex,bus,0,synthetic_gps
2026-05-16 11:20:02,45.7481313,21.2353093,19.58,victoriei_michelangelo_complex,bus,0,synthetic_gps
2026-05-16 11:20:03,45.7480551,21.235379,13.81,victoriei_michelangelo_complex,bus,0,synthetic_gps
2026-05-16 11:20:04,45.7480509,21.2354501,21.81,victoriei_michelangelo_complex,bus,0,synthetic_gps
2026-05-16 11:20:05,45.7480954,21.2353281,26.87,victoriei_michelangelo_complex,bus,0,synthetic_gps
2026-05-16 11:20:06,45.7480939,21.2353489,18.87,victoriei_michelangelo_complex,bus,0,synthetic_gps
2026-05-16 11:20:07,45.7480845,21.2353671,26.07,victoriei_michelangelo_complex,bus,0,synthetic_gps
2026-05-16 11:20:08,45.7480877,21.2353845,30.71,victoriei_michelangelo_complex,bus,0,synthetic_gps
2026-05-16 11:20:09,45.7479466,21.235406,22.71,victoriei_michelangelo_complex,bus,0,synthetic_gps
2026-05-16 11:20:10,45.7481036,21.2354286,20.34,victoriei_michelangelo_complex,bus,0,synthetic_gps
2026-05-16 11:20:11,45.7480343,21.2354293,18.04,victoriei_michelangelo_complex,bus,0,synthetic_gps
2026-05-16 11:20:12,45.7480718,21.2354903,24.87,victoriei_michelangelo_complex,bus,0,synthetic_gps
2026-05-16 11:20:13,45.7481062,21.2354516,17.62,victoriei_michelangelo_complex,bus,0,synthetic_gps
2026-05-16 11:20:14,45.7480557,21.2354717,25.62,victoriei_michelangelo_complex,bus,0,synthetic_gps
2026-05-16 11:20:15,45.7480131,21.235475,33.62,victoriei_michelangelo_complex,bus,0,synthetic_gps
2026-05-16 11:20:16,45.7481074,21.2354833,26.66,victoriei_michelangelo_complex,bus,0,synthetic_gps
2026-05-16 11:20:17,45.7481774,21.2354372,26.27,victoriei_michelangelo_complex,bus,0,synthetic_gps
2026-05-16 11:20:18,45.7480325,21.2354757,26.38,victoriei_michelangelo_complex,bus,0,synthetic_gps
2026-05-16 11:20:19,45.7480201,21.2354481,18.91,victoriei_michelangelo_complex,bus,0,synthetic_gps
2026-05-16 11:20:20,45.7480464,21.2354754,26.91,victoriei_michelangelo_complex,bus,0,synthetic_gps
2026-05-16 11:20:21,45.7480543,21.2355498,31.0,victoriei_michelangelo_complex,bus,0,synthetic_gps
2026-05-16 11:20:22,45.7480852,21.2355667,37.59,victoriei_michelangelo_complex,bus,0,synthetic_gps
2026-05-16 11:20:23,45.7480005,21.235601,29.59,victoriei_michelangelo_complex,bus,0,synthetic_gps
2026-05-16 11:20:24,45.747997,21.2355765,22.49,victoriei_michelangelo_complex,bus,0,synthetic_gps
2026-05-16 11:20:25,45.7480266,21.2356439,20.17,victoriei_michelangelo_complex,bus,0,synthetic_gps
2026-05-16 11:20:26,45.748028,21.2356786,13.83,victoriei_michelangelo_complex,bus,0,synthetic_gps
2026-05-16 11:20:27,45.7480501,21.235564,20.66,victoriei_michelangelo_complex,bus,0,synthetic_gps
2026-05-16 11:20:28,45.748012,21.2357006,19.33,victoriei_michelangelo_complex,bus,0,synthetic_gps
2026-05-16 11:20:29,45.7480491,21.2356537,22.33,victoriei_michelangelo_complex,bus,0,synthetic_gps
2026-05-16 11:20:30,45.7480293,21.2356252,14.33,victoriei_michelangelo_complex,bus,0,synthetic_gps
2026-05-16 11:20:31,45.7479668,21.2356103,6.33,victoriei_michelangelo_complex,bus,0,synthetic_gps
2026-05-16 11:20:32,45.7479118,21.2356729,1.09,victoriei_michelangelo_complex,bus,0,synthetic_gps
2026-05-16 11:20:33,45.7479069,21.2357252,0.5,victoriei_michelangelo_complex,bus,0,synthetic_gps
2026-05-16 11:20:34,45.748021,21.2357187,0.5,victoriei_michelangelo_complex,bus,0,synthetic_gps
2026-05-16 11:20:35,45.7479459,21.2357145,1.3,victoriei_michelangelo_complex,bus,0,synthetic_gps
2026-05-16 11:20:36,45.7479478,21.2357764,0.0,victoriei_michelangelo_complex,bus,0,synthetic_gps
2026-05-16 11:20:37,45.7479345,21.2358308,2.02,victoriei_michelangelo_complex,bus,0,synthetic_gps
2026-05-16 11:20:38,45.7479953,21.2358119,0.32,victoriei_michelangelo_complex,bus,0,synthetic_gps
2026-05-16 11:20:39,45.7479134,21.2358825,0.98,victoriei_michelangelo_complex,bus,0,synthetic_gps
2026-05-16 11:20:40,45.7479112,21.2358131,0.0,victoriei_michelangelo_complex,bus,0,synthetic_gps
2026-05-16 11:20:41,45.7478759,21.2357511,0.0,victoriei_michelangelo_complex,bus,0,synthetic_gps
2026-05-16 11:20:42,45.7478613,21.2358042,0.4,victoriei_michelangelo_complex,bus,0,synthetic_gps
2026-05-16 11:20:43,45.7479365,21.235794,1.28,victoriei_michelangelo_complex,bus,0,synthetic_gps
2026-05-16 11:20:44,45.7479736,21.2357903,1.22,victoriei_michelangelo_complex,bus,0,synthetic_gps
2026-05-16 11:20:45,45.7480113,21.2358043,0.8,victoriei_michelangelo_complex,bus,0,synthetic_gps
2026-05-16 11:20:46,45.7479807,21.2358552,2.26,victoriei_michelangelo_complex,bus,0,synthetic_gps
2026-05-16 11:20:47,45.74798,21.2359163,0.47,victoriei_michelangelo_complex,bus,0,synthetic_gps
2026-05-16 11:20:48,45.747949,21.2359506,0.4,victoriei_michelangelo_complex,bus,0,synthetic_gps
2026-05-16 11:20:49,45.747963,21.2358875,0.67,victoriei_michelangelo_complex,bus,0,synthetic_gps
2026-05-16 11:20:50,45.7479317,21.235983,8.67,victoriei_michelangelo_complex,bus,0,synthetic_gps
2026-05-16 11:20:51,45.7479386,21.23597,16.67,victoriei_michelangelo_complex,bus,0,synthetic_gps
2026-05-16 11:20:52,45.7478274,21.2359769,17.46,victoriei_michelangelo_complex,bus,0,synthetic_gps
2026-05-16 11:20:53,45.7479503,21.2359523,25.46,victoriei_michelangelo_complex,bus,0,synthetic_gps
2026-05-16 11:20:54,45.7479637,21.2360139,25.65,victoriei_michelangelo_complex,bus,0,synthetic_gps
2026-05-16 11:20:55,45.7480146,21.2359143,19.76,victoriei_michelangelo_complex,bus,0,synthetic_gps
2026-05-16 11:20:56,45.74785,21.2360214,19.85,victoriei_michelangelo_complex,bus,0,synthetic_gps
2026-05-16 11:20:57,45.747885,21.2360596,24.88,victoriei_michelangelo_complex,bus,0,synthetic_gps
2026-05-16 11:20:58,45.7479062,21.2360044,26.0,victoriei_michelangelo_complex,bus,0,synthetic_gps
2026-05-16 11:20:59,45.7479674,21.2360177,18.0,victoriei_michelangelo_complex,bus,0,synthetic_gps
2026-05-16 11:21:00,45.7478805,21.2360521,26.0,victoriei_michelangelo_complex,bus,0,synthetic_gps
2026-05-16 11:21:01,45.7478978,21.2360723,20.65,victoriei_michelangelo_complex,bus,0,synthetic_gps
2026-05-16 11:21:02,45.7479509,21.2361286,28.37,victoriei_michelangelo_complex,bus,0,synthetic_gps
2026-05-16 11:21:03,45.7478539,21.2360759,24.57,victoriei_michelangelo_complex,bus,0,synthetic_gps
2026-05-16 11:21:04,45.7478657,21.2360969,32.57,victoriei_michelangelo_complex,bus,0,synthetic_gps
2026-05-16 11:21:05,45.747912,21.2361698,24.57,victoriei_michelangelo_complex,bus,0,synthetic_gps
2026-05-16 11:21:06,45.7478563,21.2361093,26.24,victoriei_michelangelo_complex,bus,0,synthetic_gps
2026-05-16 11:21:07,45.7478348,21.2361595,21.67,victoriei_michelangelo_complex,bus,0,synthetic_gps
2026-05-16 11:21:08,45.7478757,21.2361119,13.67,victoriei_michelangelo_complex,bus,0,synthetic_gps
2026-05-16 11:21:09,45.7478209,21.2361464,8.01,victoriei_michelangelo_complex,bus,0,synthetic_gps
2026-05-16 11:21:10,45.7479427,21.236073,15.15,victoriei_michelangelo_complex,bus,0,synthetic_gps
2026-05-16 11:21:11,45.7479013,21.2361889,22.69,victoriei_michelangelo_complex,bus,0,synthetic_gps
2026-05-16 11:21:12,45.7478022,21.2361576,30.69,victoriei_michelangelo_complex,bus,0,synthetic_gps
2026-05-16 11:21:13,45.7478354,21.236164,22.69,victoriei_michelangelo_complex,bus,0,synthetic_gps
2026-05-16 11:21:14,45.7478,21.2362538,22.64,victoriei_michelangelo_complex,bus,0,synthetic_gps
2026-05-16 11:21:15,45.7478411,21.2362336,29.47,victoriei_michelangelo_complex,bus,0,synthetic_gps
2026-05-16 11:21:16,45.7478616,21.2362565,21.47,victoriei_michelangelo_complex,bus,0,synthetic_gps
2026-05-16 11:21:17,45.7478598,21.2362234,13.47,victoriei_michelangelo_complex,bus,0,synthetic_gps
2026-05-16 11:21:18,45.7478522,21.2362401,21.47,victoriei_michelangelo_complex,bus,0,synthetic_gps
2026-05-16 11:21:19,45.7477729,21.2362381,29.47,victoriei_michelangelo_complex,bus,0,synthetic_gps
2026-05-16 11:21:20,45.7478085,21.2363104,36.57,victoriei_michelangelo_complex,bus,0,synthetic_gps
2026-05-16 11:21:21,45.7478496,21.236415,28.57,victoriei_michelangelo_complex,bus,0,synthetic_gps
2026-05-16 11:21:22,45.7477673,21.236357,31.16,victoriei_michelangelo_complex,bus,0,synthetic_gps
2026-05-16 11:21:23,45.7478563,21.2363785,26.18,victoriei_michelangelo_complex,bus,0,synthetic_gps
2026-05-16 11:21:24,45.747858,21.2363041,32.96,victoriei_michelangelo_complex,bus,0,synthetic_gps
2026-05-16 11:21:25,45.7477616,21.2364622,26.9,victoriei_michelangelo_complex,bus,0,synthetic_gps
2026-05-16 11:21:26,45.7477601,21.2362746,22.44,victoriei_michelangelo_complex,bus,0,synthetic_gps
2026-05-16 11:21:27,45.7477832,21.2362959,18.99,victoriei_michelangelo_complex,bus,0,synthetic_gps
2026-05-16 11:21:28,45.74775,21.2364306,19.41,victoriei_michelangelo_complex,bus,0,synthetic_gps
2026-05-16 11:21:29,45.747859,21.2363136,17.44,victoriei_michelangelo_complex,bus,0,synthetic_gps
2026-05-16 11:21:30,45.7478216,21.2364361,19.33,victoriei_michelangelo_complex,bus,0,synthetic_gps
2026-05-16 11:21:31,45.7476951,21.2364698,27.33,victoriei_michelangelo_complex,bus,0,synthetic_gps
2026-05-16 11:21:32,45.7477547,21.2364132,25.63,victoriei_michelangelo_complex,bus,0,synthetic_gps
2026-05-16 11:21:33,45.7477681,21.2364866,17.63,victoriei_michelangelo_complex,bus,0,synthetic_gps
2026-05-16 11:21:34,45.7477919,21.2364272,25.63,victoriei_michelangelo_complex,bus,0,synthetic_gps
2026-05-16 11:21:35,45.7477469,21.2364772,31.77,victoriei_michelangelo_complex,bus,0,synthetic_gps
2026-05-16 11:21:36,45.7477816,21.236416,23.77,victoriei_michelangelo_complex,bus,0,synthetic_gps
2026-05-16 11:21:37,45.747713,21.2363631,15.83,victoriei_michelangelo_complex,bus,0,synthetic_gps
2026-05-16 11:21:38,45.7477521,21.236548,23.83,victoriei_michelangelo_complex,bus,0,synthetic_gps
2026-05-16 11:21:39,45.7478275,21.23651,27.65,victoriei_michelangelo_complex,bus,0,synthetic_gps
2026-05-16 11:21:40,45.7477308,21.2366085,21.95,victoriei_michelangelo_complex,bus,0,synthetic_gps
2026-05-16 11:21:41,45.7477064,21.2365538,26.37,victoriei_michelangelo_complex,bus,0,synthetic_gps
2026-05-16 11:21:42,45.7477643,21.2365277,27.35,victoriei_michelangelo_complex,bus,0,synthetic_gps
2026-05-16 11:21:43,45.7477869,21.2365753,19.35,victoriei_michelangelo_complex,bus,0,synthetic_gps
2026-05-16 11:21:44,45.747847,21.2366386,27.35,victoriei_michelangelo_complex,bus,0,synthetic_gps
2026-05-16 11:21:45,45.7476693,21.2366035,26.89,victoriei_michelangelo_complex,bus,0,synthetic_gps
2026-05-16 11:21:46,45.7476759,21.2366078,19.16,victoriei_michelangelo_complex,bus,0,synthetic_gps
2026-05-16 11:21:47,45.7476911,21.2366139,27.16,victoriei_michelangelo_complex,bus,0,synthetic_gps
2026-05-16 11:21:48,45.7477417,21.2366055,26.68,victoriei_michelangelo_complex,bus,0,synthetic_gps
2026-05-16 11:21:49,45.7476907,21.236622,18.68,victoriei_michelangelo_complex,bus,0,synthetic_gps
2026-05-16 11:21:50,45.747641,21.2365918,26.68,victoriei_michelangelo_complex,bus,0,synthetic_gps
2026-05-16 11:21:51,45.7477026,21.2366052,34.68,victoriei_michelangelo_complex,bus,0,synthetic_gps
2026-05-16 11:21:52,45.747719,21.2366095,26.68,victoriei_michelangelo_complex,bus,0,synthetic_gps
2026-05-16 11:21:53,45.7476329,21.2366563,18.68,victoriei_michelangelo_complex,bus,0,synthetic_gps
2026-05-16 11:21:54,45.7477004,21.2367403,18.56,victoriei_michelangelo_complex,bus,0,synthetic_gps
2026-05-16 11:21:55,45.7476715,21.2367241,13.69,victoriei_michelangelo_complex,bus,0,synthetic_gps
2026-05-16 11:21:56,45.7476735,21.23669,17.91,victoriei_michelangelo_complex,bus,0,synthetic_gps
2026-05-16 11:21:57,45.7476904,21.2367268,9.91,victoriei_michelangelo_complex,bus,0,synthetic_gps
2026-05-16 11:21:58,45.7476834,21.2367546,9.91,victoriei_michelangelo_complex,bus,0,synthetic_gps
2026-05-16 11:21:59,45.7476454,21.2367671,17.91,victoriei_michelangelo_complex,bus,0,synthetic_gps
2026-05-16 11:22:00,45.7478024,21.2367704,25.91,victoriei_michelangelo_complex,bus,0,synthetic_gps
2026-05-16 11:22:01,45.747618,21.2368354,33.82,victoriei_michelangelo_complex,bus,0,synthetic_gps
2026-05-16 11:22:02,45.7476127,21.2367796,25.82,victoriei_michelangelo_complex,bus,0,synthetic_gps
2026-05-16 11:22:03,45.7476416,21.2368402,17.82,victoriei_michelangelo_complex,bus,0,synthetic_gps
2026-05-16 11:22:04,45.7476875,21.2367671,25.82,victoriei_michelangelo_complex,bus,0,synthetic_gps
2026-05-16 11:22:05,45.7476725,21.236891,22.04,victoriei_michelangelo_complex,bus,0,synthetic_gps
2026-05-16 11:22:06,45.7476809,21.2368431,14.04,victoriei_michelangelo_complex,bus,0,synthetic_gps
2026-05-16 11:22:07,45.7475928,21.2367855,22.04,victoriei_michelangelo_complex,bus,0,synthetic_gps
2026-05-16 11:22:08,45.7476256,21.2368702,18.43,victoriei_michelangelo_complex,bus,0,synthetic_gps
2026-05-16 11:22:09,45.7477539,21.2368471,18.71,victoriei_michelangelo_complex,bus,0,synthetic_gps
2026-05-16 11:22:10,45.7476859,21.2369764,26.71,victoriei_michelangelo_complex,bus,0,synthetic_gps
2026-05-16 11:22:11,45.7475765,21.236934,21.8,victoriei_michelangelo_complex,bus,0,synthetic_gps
2026-05-16 11:22:12,45.7475377,21.2369625,29.8,victoriei_michelangelo_complex,bus,0,synthetic_gps
2026-05-16 11:22:13,45.7476414,21.2368956,21.8,victoriei_michelangelo_complex,bus,0,synthetic_gps
2026-05-16 11:22:14,45.7475099,21.2369573,17.51,victoriei_michelangelo_complex,bus,0,synthetic_gps
2026-05-16 11:22:15,45.7476021,21.2369453,24.8,victoriei_michelangelo_complex,bus,0,synthetic_gps
2026-05-16 11:22:16,45.7476181,21.2370037,16.8,victoriei_michelangelo_complex,bus,0,synthetic_gps
2026-05-16 11:22:17,45.74758,21.2369229,24.8,victoriei_michelangelo_complex,bus,0,synthetic_gps
2026-05-16 11:22:18,45.7476505,21.2369507,28.2,victoriei_michelangelo_complex,bus,0,synthetic_gps
2026-05-16 11:22:19,45.7476345,21.2369624,20.2,victoriei_michelangelo_complex,bus,0,synthetic_gps
2026-05-16 11:22:20,45.7475889,21.2370522,16.18,victoriei_michelangelo_complex,bus,0,synthetic_gps
2026-05-16 11:22:21,45.74768,21.2370435,15.32,victoriei_michelangelo_complex,bus,0,synthetic_gps
2026-05-16 11:22:22,45.7474584,21.2370441,14.92,victoriei_michelangelo_complex,bus,0,synthetic_gps
2026-05-16 11:22:23,45.7476498,21.2370991,22.92,victoriei_michelangelo_complex,bus,0,synthetic_gps
2026-05-16 11:22:24,45.7475951,21.2370719,20.86,victoriei_michelangelo_complex,bus,0,synthetic_gps
2026-05-16 11:22:25,45.7475364,21.2371315,23.46,victoriei_michelangelo_complex,bus,0,synthetic_gps
2026-05-16 11:22:26,45.7475689,21.23705,29.41,victoriei_michelangelo_complex,bus,0,synthetic_gps
2026-05-16 11:22:27,45.7475468,21.2370893,21.41,victoriei_michelangelo_complex,bus,0,synthetic_gps
2026-05-16 11:22:28,45.7476084,21.2371068,29.41,victoriei_michelangelo_complex,bus,0,synthetic_gps
2026-05-16 11:22:29,45.7475093,21.2371323,27.0,victoriei_michelangelo_complex,bus,0,synthetic_gps
2026-05-16 11:22:30,45.7475787,21.2371717,31.77,victoriei_michelangelo_complex,bus,0,synthetic_gps
2026-05-16 11:22:31,45.7474904,21.2371598,30.55,victoriei_michelangelo_complex,bus,0,synthetic_gps
2026-05-16 11:22:32,45.7475702,21.2372207,29.79,victoriei_michelangelo_complex,bus,0,synthetic_gps
2026-05-16 11:22:33,45.7475263,21.2371099,21.79,victoriei_michelangelo_complex,bus,0,synthetic_gps
2026-05-16 11:22:34,45.7475383,21.2371232,27.16,victoriei_michelangelo_complex,bus,0,synthetic_gps
2026-05-16 11:22:35,45.7475143,21.2371698,25.51,victoriei_michelangelo_complex,bus,0,synthetic_gps
2026-05-16 11:22:36,45.7475094,21.2371961,26.1,victoriei_michelangelo_complex,bus,0,synthetic_gps
2026-05-16 11:22:37,45.7475857,21.237237,18.1,victoriei_michelangelo_complex,bus,0,synthetic_gps
2026-05-16 11:22:38,45.7475315,21.2372219,20.82,victoriei_michelangelo_complex,bus,0,synthetic_gps
2026-05-16 11:22:39,45.7475179,21.2372615,12.82,victoriei_michelangelo_complex,bus,0,synthetic_gps
2026-05-16 11:22:40,45.7475119,21.2372705,4.82,victoriei_michelangelo_complex,bus,0,synthetic_gps
2026-05-16 11:22:41,45.7475243,21.2373093,12.82,victoriei_michelangelo_complex,bus,0,synthetic_gps
2026-05-16 11:22:42,45.7474997,21.2373725,17.79,victoriei_michelangelo_complex,bus,0,synthetic_gps
2026-05-16 11:22:43,45.7475188,21.2373709,18.06,victoriei_michelangelo_complex,bus,0,synthetic_gps
2026-05-16 11:22:44,45.7475464,21.2373388,10.06,victoriei_michelangelo_complex,bus,0,synthetic_gps
2026-05-16 11:22:45,45.7474909,21.237243,4.45,victoriei_michelangelo_complex,bus,0,synthetic_gps
2026-05-16 11:22:46,45.7475218,21.2373567,12.45,victoriei_michelangelo_complex,bus,0,synthetic_gps
2026-05-16 11:22:47,45.7475133,21.2372259,20.45,victoriei_michelangelo_complex,bus,0,synthetic_gps
2026-05-16 11:22:48,45.7475408,21.2373012,12.45,victoriei_michelangelo_complex,bus,0,synthetic_gps
2026-05-16 11:22:49,45.7475192,21.237367,20.45,victoriei_michelangelo_complex,bus,0,synthetic_gps
2026-05-16 11:22:50,45.7475078,21.2375149,22.16,victoriei_michelangelo_complex,bus,0,synthetic_gps
2026-05-16 11:22:51,45.7474809,21.2374825,23.84,victoriei_michelangelo_complex,bus,0,synthetic_gps
2026-05-16 11:22:52,45.7474678,21.2373923,23.73,victoriei_michelangelo_complex,bus,0,synthetic_gps
2026-05-16 11:22:53,45.7474122,21.2374162,23.38,victoriei_michelangelo_complex,bus,0,synthetic_gps
2026-05-16 11:22:54,45.7473651,21.2374565,15.38,victoriei_michelangelo_complex,bus,0,synthetic_gps
2026-05-16 11:22:55,45.7474415,21.2374141,23.38,victoriei_michelangelo_complex,bus,0,synthetic_gps
2026-05-16 11:22:56,45.7474645,21.2374537,26.53,victoriei_michelangelo_complex,bus,0,synthetic_gps
2026-05-16 11:22:57,45.7473796,21.2373787,26.65,victoriei_michelangelo_complex,bus,0,synthetic_gps
2026-05-16 11:22:58,45.7474339,21.2373939,19.68,victoriei_michelangelo_complex,bus,0,synthetic_gps
2026-05-16 11:22:59,45.7473887,21.2374935,16.4,victoriei_michelangelo_complex,bus,0,synthetic_gps
2026-05-16 11:23:00,45.7475059,21.2375353,8.4,victoriei_michelangelo_complex,bus,0,synthetic_gps
2026-05-16 11:23:01,45.7473853,21.2376892,1.27,victoriei_michelangelo_complex,bus,0,synthetic_gps
2026-05-16 11:23:02,45.7474708,21.2374884,1.5,victoriei_michelangelo_complex,bus,0,synthetic_gps
2026-05-16 11:23:03,45.7474261,21.237552,0.99,victoriei_michelangelo_complex,bus,0,synthetic_gps
2026-05-16 11:23:04,45.7474258,21.2375108,1.27,victoriei_michelangelo_complex,bus,0,synthetic_gps
2026-05-16 11:23:05,45.7474229,21.2376123,0.0,victoriei_michelangelo_complex,bus,0,synthetic_gps
2026-05-16 11:23:06,45.7474558,21.2377134,2.02,victoriei_michelangelo_complex,bus,0,synthetic_gps
2026-05-16 11:23:07,45.747403,21.2375786,1.07,victoriei_michelangelo_complex,bus,0,synthetic_gps
2026-05-16 11:23:08,45.7474501,21.237605,0.0,victoriei_michelangelo_complex,bus,0,synthetic_gps
2026-05-16 11:23:09,45.7473859,21.2376306,0.0,victoriei_michelangelo_complex,bus,0,synthetic_gps
2026-05-16 11:23:10,45.7474465,21.2376153,2.47,victoriei_michelangelo_complex,bus,0,synthetic_gps
2026-05-16 11:23:11,45.7474644,21.2376658,0.56,victoriei_michelangelo_complex,bus,0,synthetic_gps
2026-05-16 11:23:12,45.7473759,21.2376701,0.83,victoriei_michelangelo_complex,bus,0,synthetic_gps
2026-05-16 11:23:13,45.7474109,21.2375942,0.94,victoriei_michelangelo_complex,bus,0,synthetic_gps
2026-05-16 11:23:14,45.7473863,21.2377346,0.65,victoriei_michelangelo_complex,bus,0,synthetic_gps
2026-05-16 11:23:15,45.7474309,21.237746,0.34,victoriei_michelangelo_complex,bus,0,synthetic_gps
2026-05-16 11:23:16,45.7474767,21.2376943,0.38,victoriei_michelangelo_complex,bus,0,synthetic_gps
2026-05-16 11:23:17,45.747371,21.2377255,1.4,victoriei_michelangelo_complex,bus,0,synthetic_gps
2026-05-16 11:23:18,45.7474141,21.2377851,0.74,victoriei_michelangelo_complex,bus,0,synthetic_gps
2026-05-16 11:23:19,45.7473832,21.2377908,1.27,victoriei_michelangelo_complex,bus,0,synthetic_gps
2026-05-16 11:23:20,45.7473751,21.2378324,9.27,victoriei_michelangelo_complex,bus,0,synthetic_gps
2026-05-16 11:23:21,45.7474146,21.2377385,14.39,victoriei_michelangelo_complex,bus,0,synthetic_gps
2026-05-16 11:23:22,45.7473295,21.2377777,18.19,victoriei_michelangelo_complex,bus,0,synthetic_gps
2026-05-16 11:23:23,45.74733,21.2377666,11.41,victoriei_michelangelo_complex,bus,0,synthetic_gps
2026-05-16 11:23:24,45.7473031,21.2378011,19.41,victoriei_michelangelo_complex,bus,0,synthetic_gps
2026-05-16 11:23:25,45.7473288,21.2378143,27.41,victoriei_michelangelo_complex,bus,0,synthetic_gps
2026-05-16 11:23:26,45.74726,21.2378506,27.74,victoriei_michelangelo_complex,bus,0,synthetic_gps
2026-05-16 11:23:27,45.7473468,21.2378131,35.74,victoriei_michelangelo_complex,bus,0,synthetic_gps
2026-05-16 11:23:28,45.747379,21.2378679,27.74,victoriei_michelangelo_complex,bus,0,synthetic_gps
2026-05-16 11:23:29,45.7472965,21.2378952,35.74,victoriei_michelangelo_complex,bus,0,synthetic_gps
2026-05-16 11:23:30,45.7473113,21.2379826,27.74,victoriei_michelangelo_complex,bus,0,synthetic_gps
2026-05-16 11:23:31,45.7473488,21.2380568,19.74,victoriei_michelangelo_complex,bus,0,synthetic_gps
2026-05-16 11:23:32,45.7473851,21.2379198,21.22,victoriei_michelangelo_complex,bus,0,synthetic_gps
2026-05-16 11:23:33,45.7473518,21.2379512,13.22,victoriei_michelangelo_complex,bus,0,synthetic_gps
2026-05-16 11:23:34,45.7473262,21.2379256,13.8,victoriei_michelangelo_complex,bus,0,synthetic_gps
2026-05-16 11:23:35,45.7473543,21.2379343,21.8,victoriei_michelangelo_complex,bus,0,synthetic_gps
2026-05-16 11:23:36,45.7473504,21.2379788,26.17,victoriei_michelangelo_complex,bus,0,synthetic_gps
2026-05-16 11:23:37,45.7473149,21.2380481,18.17,victoriei_michelangelo_complex,bus,0,synthetic_gps
2026-05-16 11:23:38,45.7473429,21.2380692,26.17,victoriei_michelangelo_complex,bus,0,synthetic_gps
2026-05-16 11:23:39,45.7473279,21.2379903,18.17,victoriei_michelangelo_complex,bus,0,synthetic_gps
2026-05-16 11:23:40,45.7472479,21.2380096,26.17,victoriei_michelangelo_complex,bus,0,synthetic_gps
2026-05-16 11:23:41,45.7473051,21.2380092,18.72,victoriei_michelangelo_complex,bus,0,synthetic_gps
2026-05-16 11:23:42,45.7473027,21.2379618,10.72,victoriei_michelangelo_complex,bus,0,synthetic_gps
2026-05-16 11:23:43,45.7473319,21.2380338,18.72,victoriei_michelangelo_complex,bus,0,synthetic_gps
2026-05-16 11:23:44,45.7472949,21.2381228,10.72,victoriei_michelangelo_complex,bus,0,synthetic_gps
2026-05-16 11:23:45,45.747163,21.2380552,18.72,victoriei_michelangelo_complex,bus,0,synthetic_gps
2026-05-16 11:23:46,45.7473038,21.2380918,16.17,victoriei_michelangelo_complex,bus,0,synthetic_gps
2026-05-16 11:23:47,45.7472779,21.2380912,24.17,victoriei_michelangelo_complex,bus,0,synthetic_gps
2026-05-16 11:23:48,45.747301,21.2380617,30.93,victoriei_michelangelo_complex,bus,0,synthetic_gps
2026-05-16 11:23:49,45.7472204,21.2382503,22.93,victoriei_michelangelo_complex,bus,0,synthetic_gps
2026-05-16 11:23:50,45.7472454,21.2381764,19.34,victoriei_michelangelo_complex,bus,0,synthetic_gps
2026-05-16 11:23:51,45.7472639,21.2381491,20.84,victoriei_michelangelo_complex,bus,0,synthetic_gps
2026-05-16 11:23:52,45.747237,21.2381909,28.84,victoriei_michelangelo_complex,bus,0,synthetic_gps
2026-05-16 11:23:53,45.7473118,21.2381574,20.84,victoriei_michelangelo_complex,bus,0,synthetic_gps
2026-05-16 11:23:54,45.7472184,21.2381536,19.61,victoriei_michelangelo_complex,bus,0,synthetic_gps
2026-05-16 11:23:55,45.74727,21.2382542,27.61,victoriei_michelangelo_complex,bus,0,synthetic_gps
2026-05-16 11:23:56,45.7472923,21.2382458,19.61,victoriei_michelangelo_complex,bus,0,synthetic_gps
2026-05-16 11:23:57,45.7472476,21.238104,11.61,victoriei_michelangelo_complex,bus,0,synthetic_gps
2026-05-16 11:23:58,45.7472897,21.2382049,10.78,victoriei_michelangelo_complex,bus,0,synthetic_gps
2026-05-16 11:23:59,45.7472748,21.2382979,5.87,victoriei_michelangelo_complex,bus,0,synthetic_gps
2026-05-16 11:24:00,45.7472183,21.238259,8.63,victoriei_michelangelo_complex,bus,0,synthetic_gps
2026-05-16 11:24:01,45.7473265,21.2383503,7.41,victoriei_michelangelo_complex,bus,0,synthetic_gps
2026-05-16 11:24:02,45.7472425,21.2382831,6.09,victoriei_michelangelo_complex,bus,0,synthetic_gps
2026-05-16 11:24:03,45.7471639,21.2382336,6.4,victoriei_michelangelo_complex,bus,0,synthetic_gps
2026-05-16 11:24:04,45.7472163,21.2383387,11.16,victoriei_michelangelo_complex,bus,0,synthetic_gps
2026-05-16 11:24:05,45.7471349,21.238345,6.57,victoriei_michelangelo_complex,bus,0,synthetic_gps
2026-05-16 11:24:06,45.747158,21.2383029,8.21,victoriei_michelangelo_complex,bus,0,synthetic_gps
2026-05-16 11:24:07,45.7471504,21.2383577,7.61,victoriei_michelangelo_complex,bus,0,synthetic_gps
2026-05-16 11:24:08,45.7471561,21.238357,7.99,victoriei_michelangelo_complex,bus,0,synthetic_gps
2026-05-16 11:24:09,45.7471649,21.238355,7.42,victoriei_michelangelo_complex,bus,0,synthetic_gps
2026-05-16 11:24:10,45.7472206,21.2383709,9.59,victoriei_michelangelo_complex,bus,0,synthetic_gps
2026-05-16 11:24:11,45.7472702,21.2383881,6.93,victoriei_michelangelo_complex,bus,0,synthetic_gps
2026-05-16 11:24:12,45.7471628,21.2384536,8.61,victoriei_michelangelo_complex,bus,0,synthetic_gps
2026-05-16 11:24:13,45.7471826,21.2384303,11.97,victoriei_michelangelo_complex,bus,0,synthetic_gps
2026-05-16 11:24:14,45.7471347,21.2383778,10.59,victoriei_michelangelo_complex,bus,0,synthetic_gps
2026-05-16 11:24:15,45.747176,21.2384625,10.14,victoriei_michelangelo_complex,bus,0,synthetic_gps
2026-05-16 11:24:16,45.7471176,21.2384869,6.91,victoriei_michelangelo_complex,bus,0,synthetic_gps
2026-05-16 11:24:17,45.7471681,21.2384224,6.37,victoriei_michelangelo_complex,bus,0,synthetic_gps
2026-05-16 11:24:18,45.7471769,21.2385275,8.88,victoriei_michelangelo_complex,bus,0,synthetic_gps
2026-05-16 11:24:19,45.7471916,21.2384712,14.08,victoriei_michelangelo_complex,bus,0,synthetic_gps
2026-05-16 11:24:20,45.7470864,21.2384984,6.73,victoriei_michelangelo_complex,bus,0,synthetic_gps
2026-05-16 11:24:21,45.7470626,21.2385512,0.0,victoriei_michelangelo_complex,bus,0,synthetic_gps
2026-05-16 11:24:22,45.7471591,21.2385117,8.0,victoriei_michelangelo_complex,bus,0,synthetic_gps
2026-05-16 11:24:23,45.7472103,21.2385606,4.02,victoriei_michelangelo_complex,bus,0,synthetic_gps
2026-05-16 11:24:24,45.7471012,21.238609,10.17,victoriei_michelangelo_complex,bus,0,synthetic_gps
2026-05-16 11:24:25,45.7471366,21.2385347,3.93,victoriei_michelangelo_complex,bus,0,synthetic_gps
2026-05-16 11:24:26,45.747219,21.23858,9.23,victoriei_michelangelo_complex,bus,0,synthetic_gps
2026-05-16 11:24:27,45.7472092,21.2385843,11.32,victoriei_michelangelo_complex,bus,0,synthetic_gps
2026-05-16 11:24:28,45.7471556,21.238599,4.18,victoriei_michelangelo_complex,bus,0,synthetic_gps
2026-05-16 11:24:29,45.7470963,21.2385947,5.98,victoriei_michelangelo_complex,bus,0,synthetic_gps
2026-05-16 11:24:30,45.7470904,21.238571,9.02,victoriei_michelangelo_complex,bus,0,synthetic_gps
2026-05-16 11:24:31,45.747118,21.2386328,14.65,victoriei_michelangelo_complex,bus,0,synthetic_gps
2026-05-16 11:24:32,45.7471942,21.238732,8.38,victoriei_michelangelo_complex,bus,0,synthetic_gps
2026-05-16 11:24:33,45.7470024,21.2386932,10.8,victoriei_michelangelo_complex,bus,0,synthetic_gps
2026-05-16 11:24:34,45.7471125,21.2386761,11.73,victoriei_michelangelo_complex,bus,0,synthetic_gps
2026-05-16 11:24:35,45.7470725,21.2386795,4.04,victoriei_michelangelo_complex,bus,0,synthetic_gps
2026-05-16 11:24:36,45.7470406,21.2387257,6.28,victoriei_michelangelo_complex,bus,0,synthetic_gps
2026-05-16 11:24:37,45.7470778,21.2387249,2.93,victoriei_michelangelo_complex,bus,0,synthetic_gps
2026-05-16 11:24:38,45.7471051,21.2386393,9.06,victoriei_michelangelo_complex,bus,0,synthetic_gps
2026-05-16 11:24:39,45.7471295,21.2387209,3.35,victoriei_michelangelo_complex,bus,0,synthetic_gps
2026-05-16 11:24:40,45.7471482,21.2386466,9.15,victoriei_michelangelo_complex,bus,0,synthetic_gps
2026-05-16 11:24:41,45.7470912,21.2387225,6.78,victoriei_michelangelo_complex,bus,0,synthetic_gps
2026-05-16 11:24:42,45.7470871,21.2388386,7.5,victoriei_michelangelo_complex,bus,0,synthetic_gps
2026-05-16 11:24:43,45.7470209,21.2387268,8.34,victoriei_michelangelo_complex,bus,0,synthetic_gps
2026-05-16 11:24:44,45.7470289,21.2388303,7.74,victoriei_michelangelo_complex,bus,0,synthetic_gps
2026-05-16 11:24:45,45.747044,21.2388393,8.63,victoriei_michelangelo_complex,bus,0,synthetic_gps
2026-05-16 11:24:46,45.747127,21.2388538,3.89,victoriei_michelangelo_complex,bus,0,synthetic_gps
2026-05-16 11:24:47,45.7469062,21.2388636,9.82,victoriei_michelangelo_complex,bus,0,synthetic_gps
2026-05-16 11:24:48,45.747054,21.2388287,10.14,victoriei_michelangelo_complex,bus,0,synthetic_gps
2026-05-16 11:24:49,45.7470583,21.238867,5.31,victoriei_michelangelo_complex,bus,0,synthetic_gps
2026-05-16 11:24:50,45.7470429,21.2388389,10.26,victoriei_michelangelo_complex,bus,0,synthetic_gps
2026-05-16 11:24:51,45.7470157,21.2388238,9.52,victoriei_michelangelo_complex,bus,0,synthetic_gps
2026-05-16 11:24:52,45.7469654,21.2389575,12.83,victoriei_michelangelo_complex,bus,0,synthetic_gps
2026-05-16 11:24:53,45.7470362,21.2388271,7.41,victoriei_michelangelo_complex,bus,0,synthetic_gps
2026-05-16 11:24:54,45.7470359,21.2389272,11.47,victoriei_michelangelo_complex,bus,0,synthetic_gps
2026-05-16 11:24:55,45.7470631,21.2389181,10.59,victoriei_michelangelo_complex,bus,0,synthetic_gps
2026-05-16 11:24:56,45.7470097,21.2389133,9.24,victoriei_michelangelo_complex,bus,0,synthetic_gps
2026-05-16 11:24:57,45.747009,21.2389685,2.35,victoriei_michelangelo_complex,bus,0,synthetic_gps
2026-05-16 11:24:58,45.7470647,21.2390241,3.0,victoriei_michelangelo_complex,bus,0,synthetic_gps
2026-05-16 11:24:59,45.7470331,21.2390311,6.14,victoriei_michelangelo_complex,bus,0,synthetic_gps
