timestamp,latitude,longitude,speed_kmh,route_id,transport_mode,is_peak_hour,source
2026-05-30 19:11:00,45.7247632,21.198996,0.55,shopping_city_centru,bus,1,synthetic_gps
2026-05-30 19:11:01,45.7248328,21.1990313,0.46,shopping_city_centru,bus,1,synthetic_gps
2026-05-30 19:11:02,45.7248157,21.1991005,0.52,shopping_city_centru,bus,1,synthetic_gps
2026-05-30 19:11:03,45.7248761,21.1990249,0.21,shopping_city_centru,bus,1,synthetic_gps
2026-05-30 19:11:04,45.7247751,21.1990747,0.34,shopping_city_centru,bus,1,synthetic_gps
2026-05-30 19:11:05,45.7247988,21.1990814,0.57,shopping_city_centru,bus,1,synthetic_gps
2026-05-30 19:11:06,45.7248864,21.1990864,0.7,shopping_city_centru,bus,1,synthetic_gps
2026-05-30 19:11:07,45.7249276,21.1991383,0.4,shopping_city_centru,bus,1,synthetic_gps
2026-05-30 19:11:08,45.7248474,21.1991387,0.57,shopping_city_centru,bus,1,synthetic_gps
2026-05-30 19:11:09,45.7249381,21.1991233,0.24,shopping_city_centru,bus,1,synthetic_gps
2026-05-30 19:11:10,45.7249555,21.1991923,0.11,shopping_city_centru,bus,1,synthetic_gps
2026-05-30 19:11:11,45.7249514,21.1992042,0.26,shopping_city_centru,bus,1,synthetic_gps
2026-05-30 19:11:12,45.724941,21.1992118,0.49,shopping_city_centru,bus,1,synthetic_gps
2026-05-30 19:11:13,45.7249812,21.1992255,0.12,shopping_city_centru,bus,1,synthetic_gps
2026-05-30 19:11:14,45.7250017,21.1991812,0.16,shopping_city_centru,bus,1,synthetic_gps
2026-05-30 19:11:15,45.7249658,21.1992688,0.29,shopping_city_centru,bus,1,synthetic_gps
2026-05-30 19:11:16,45.7249481,21.1991821,0.56,shopping_city_centru,bus,1,synthetic_gps
2026-05-30 19:11:17,45.7249842,21.199315,0.48,shopping_city_centru,bus,1,synthetic_gps
2026-05-30 19:11:18,45.7249979,21.1991976,0.2,shopping_city_centru,bus,1,synthetic_gps
2026-05-30 19:11:19,45.7250448,21.1992085,0.11,shopping_city_centru,bus,1,synthetic_gps
2026-05-30 19:11:20,45.7250633,21.1993356,8.11,shopping_city_centru,bus,1,synthetic_gps
2026-05-30 19:11:21,45.7250932,21.1993241,11.77,shopping_city_centru,bus,1,synthetic_gps
2026-05-30 19:11:22,45.7250965,21.1994332,10.33,shopping_city_centru,bus,1,synthetic_gps
2026-05-30 19:11:23,45.7250954,21.1994055,10.6,shopping_city_centru,bus,1,synthetic_gps
2026-05-30 19:11:24,45.7251416,21.1994234,2.6,shopping_city_centru,bus,1,synthetic_gps
2026-05-30 19:11:25,45.7250907,21.1993263,6.86,shopping_city_centru,bus,1,synthetic_gps
2026-05-30 19:11:26,45.7251173,21.199356,13.07,shopping_city_centru,bus,1,synthetic_gps
2026-05-30 19:11:27,45.725169,21.1994192,12.12,shopping_city_centru,bus,1,synthetic_gps
2026-05-30 19:11:28,45.7251169,21.1994539,12.9,shopping_city_centru,bus,1,synthetic_gps
2026-05-30 19:11:29,45.7252181,21.1993953,4.9,shopping_city_centru,bus,1,synthetic_gps
2026-05-30 19:11:30,45.7251584,21.1994862,6.36,shopping_city_centru,bus,1,synthetic_gps
2026-05-30 19:11:31,45.7252172,21.1993895,7.23,shopping_city_centru,bus,1,synthetic_gps
2026-05-30 19:11:32,45.7252379,21.1995213,1.42,shopping_city_centru,bus,1,synthetic_gps
2026-05-30 19:11:33,45.7251708,21.1995107,6.74,shopping_city_centru,bus,1,synthetic_gps
2026-05-30 19:11:34,45.7252653,21.1995864,9.17,shopping_city_centru,bus,1,synthetic_gps
2026-05-30 19:11:35,45.7252872,21.1995009,14.19,shopping_city_centru,bus,1,synthetic_gps
2026-05-30 19:11:36,45.7252791,21.199564,8.52,shopping_city_centru,bus,1,synthetic_gps
2026-05-30 19:11:37,45.7253292,21.1995021,0.99,shopping_city_centru,bus,1,synthetic_gps
2026-05-30 19:11:38,45.7253941,21.1996208,8.99,shopping_city_centru,bus,1,synthetic_gps
2026-05-30 19:11:39,45.725299,21.199583,10.81,shopping_city_centru,bus,1,synthetic_gps
2026-05-30 19:11:40,45.725276,21.19961,11.53,shopping_city_centru,bus,1,synthetic_gps
2026-05-30 19:11:41,45.7253807,21.1995949,11.91,shopping_city_centru,bus,1,synthetic_gps
2026-05-30 19:11:42,45.7253714,21.199698,4.13,shopping_city_centru,bus,1,synthetic_gps
2026-05-30 19:11:43,45.725335,21.1996646,9.79,shopping_city_centru,bus,1,synthetic_gps
2026-05-30 19:11:44,45.7253492,21.199688,10.42,shopping_city_centru,bus,1,synthetic_gps
2026-05-30 19:11:45,45.7254068,21.199708,10.98,shopping_city_centru,bus,1,synthetic_gps
2026-05-30 19:11:46,45.7254045,21.1997007,5.04,shopping_city_centru,bus,1,synthetic_gps
2026-05-30 19:11:47,45.7254697,21.1998071,7.99,shopping_city_centru,bus,1,synthetic_gps
2026-05-30 19:11:48,45.7254215,21.1997599,6.9,shopping_city_centru,bus,1,synthetic_gps
2026-05-30 19:11:49,45.7254495,21.1996927,12.12,shopping_city_centru,bus,1,synthetic_gps
2026-05-30 19:11:50,45.7254255,21.199774,8.13,shopping_city_centru,bus,1,synthetic_gps
2026-05-30 19:11:51,45.7254387,21.1998192,8.13,shopping_city_centru,bus,1,synthetic_gps
2026-05-30 19:11:52,45.7254505,21.1997767,10.56,shopping_city_centru,bus,1,synthetic_gps
2026-05-30 19:11:53,45.7255574,21.1997643,8.31,shopping_city_centru,bus,1,synthetic_gps
2026-05-30 19:11:54,45.7255427,21.1998625,5.27,shopping_city_centru,bus,1,synthetic_gps
2026-05-30 19:11:55,45.7254551,21.1997598,8.77,shopping_city_centru,bus,1,synthetic_gps
2026-05-30 19:11:56,45.7255467,21.199935,4.85,shopping_city_centru,bus,1,synthetic_gps
2026-05-30 19:11:57,45.7256134,21.1998956,10.17,shopping_city_centru,bus,1,synthetic_gps
2026-05-30 19:11:58,45.7255413,21.199926,8.07,shopping_city_centru,bus,1,synthetic_gps
2026-05-30 19:11:59,45.7254753,21.199843,14.06,shopping_city_centru,bus,1,synthetic_gps
2026-05-30 19:12:00,45.7256134,21.1999787,8.95,shopping_city_centru,bus,1,synthetic_gps
2026-05-30 19:12:01,45.7256302,21.1999178,6.72,shopping_city_centru,bus,1,synthetic_gps
2026-05-30 19:12:02,45.7256803,21.1999669,7.17,shopping_city_centru,bus,1,synthetic_gps
2026-05-30 19:12:03,45.7256259,21.2000453,13.79,shopping_city_centru,bus,1,synthetic_gps
2026-05-30 19:12:04,45.7256601,21.1999929,11.58,shopping_city_centru,bus,1,synthetic_gps
2026-05-30 19:12:05,45.7256825,21.1999668,5.33,shopping_city_centru,bus,1,synthetic_gps
2026-05-30 19:12:06,45.7257031,21.2001095,4.59,shopping_city_centru,bus,1,synthetic_gps
2026-05-30 19:12:07,45.7256519,21.2000632,8.17,shopping_city_centru,bus,1,synthetic_gps
2026-05-30 19:12:08,45.7256894,21.2000868,8.51,shopping_city_centru,bus,1,synthetic_gps
2026-05-30 19:12:09,45.7256675,21.2000227,16.29,shopping_city_centru,bus,1,synthetic_gps
2026-05-30 19:12:10,45.7257007,21.2001527,11.7,shopping_city_centru,bus,1,synthetic_gps
2026-05-30 19:12:11,45.7257234,21.200123,6.07,shopping_city_centru,bus,1,synthetic_gps
2026-05-30 19:12:12,45.7257921,21.2002434,7.15,shopping_city_centru,bus,1,synthetic_gps
2026-05-30 19:12:13,45.7257666,21.2000716,14.9,shopping_city_centru,bus,1,synthetic_gps
2026-05-30 19:12:14,45.7257688,21.2001765,10.81,shopping_city_centru,bus,1,synthetic_gps
2026-05-30 19:12:15,45.7258022,21.2002479,10.03,shopping_city_centru,bus,1,synthetic_gps
2026-05-30 19:12:16,45.725786,21.2001919,6.14,shopping_city_centru,bus,1,synthetic_gps
2026-05-30 19:12:17,45.7258003,21.2001739,8.65,shopping_city_centru,bus,1,synthetic_gps
2026-05-30 19:12:18,45.7258441,21.2001004,9.83,shopping_city_centru,bus,1,synthetic_gps
2026-05-30 19:12:19,45.7258891,21.2002027,8.83,shopping_city_centru,bus,1,synthetic_gps
2026-05-30 19:12:20,45.7258156,21.2003125,11.53,shopping_city_centru,bus,1,synthetic_gps
2026-05-30 19:12:21,45.7259309,21.2002825,10.22,shopping_city_centru,bus,1,synthetic_gps
2026-05-30 19:12:22,45.7259475,21.2003122,18.22,shopping_city_centru,bus,1,synthetic_gps
2026-05-30 19:12:23,45.7259021,21.2002908,22.38,shopping_city_centru,bus,1,synthetic_gps
2026-05-30 19:12:24,45.7259341,21.2003446,30.38,shopping_city_centru,bus,1,synthetic_gps
2026-05-30 19:12:25,45.7259486,21.2003042,22.38,shopping_city_centru,bus,1,synthetic_gps
2026-05-30 19:12:26,45.725887,21.2002772,22.36,shopping_city_centru,bus,1,synthetic_gps
2026-05-30 19:12:27,45.7259124,21.2003441,14.36,shopping_city_centru,bus,1,synthetic_gps
2026-05-30 19:12:28,45.7258993,21.2003357,22.36,shopping_city_centru,bus,1,synthetic_gps
2026-05-30 19:12:29,45.7259744,21.2004058,30.36,shopping_city_centru,bus,1,synthetic_gps
2026-05-30 19:12:30,45.7260231,21.2004264,37.09,shopping_city_centru,bus,1,synthetic_gps
2026-05-30 19:12:31,45.7260043,21.2004334,29.09,shopping_city_centru,bus,1,synthetic_gps
2026-05-30 19:12:32,45.726006,21.2004643,21.09,shopping_city_centru,bus,1,synthetic_gps
2026-05-30 19:12:33,45.7259962,21.2004456,29.09,shopping_city_centru,bus,1,synthetic_gps
2026-05-30 19:12:34,45.7260445,21.2004038,28.73,shopping_city_centru,bus,1,synthetic_gps
2026-05-30 19:12:35,45.72611,21.2004338,20.73,shopping_city_centru,bus,1,synthetic_gps
2026-05-30 19:12:36,45.7260849,21.2005156,20.48,shopping_city_centru,bus,1,synthetic_gps
2026-05-30 19:12:37,45.7260971,21.2004371,28.48,shopping_city_centru,bus,1,synthetic_gps
2026-05-30 19:12:38,45.7261917,21.2004819,20.48,shopping_city_centru,bus,1,synthetic_gps
2026-05-30 19:12:39,45.7262116,21.2005674,12.48,shopping_city_centru,bus,1,synthetic_gps
2026-05-30 19:12:40,45.7261285,21.2005618,20.48,shopping_city_centru,bus,1,synthetic_gps
2026-05-30 19:12:41,45.7261829,21.2006431,12.78,shopping_city_centru,bus,1,synthetic_gps
2026-05-30 19:12:42,45.7261658,21.2006371,20.78,shopping_city_centru,bus,1,synthetic_gps
2026-05-30 19:12:43,45.7261652,21.2006403,28.78,shopping_city_centru,bus,1,synthetic_gps
2026-05-30 19:12:44,45.7261909,21.200619,35.61,shopping_city_centru,bus,1,synthetic_gps
2026-05-30 19:12:45,45.7261631,21.2006474,27.61,shopping_city_centru,bus,1,synthetic_gps
2026-05-30 19:12:46,45.7261772,21.200678,35.61,shopping_city_centru,bus,1,synthetic_gps
2026-05-30 19:12:47,45.7262316,21.2006693,27.61,shopping_city_centru,bus,1,synthetic_gps
2026-05-30 19:12:48,45.7261911,21.2007279,31.88,shopping_city_centru,bus,1,synthetic_gps
2026-05-30 19:12:49,45.7262384,21.2007085,32.09,shopping_city_centru,bus,1,synthetic_gps
2026-05-30 19:12:50,45.7261922,21.2006767,24.09,shopping_city_centru,bus,1,synthetic_gps
2026-05-30 19:12:51,45.7262763,21.2007738,32.09,shopping_city_centru,bus,1,synthetic_gps
2026-05-30 19:12:52,45.7263176,21.2007605,24.09,shopping_city_centru,bus,1,synthetic_gps
2026-05-30 19:12:53,45.7263051,21.2007302,16.09,shopping_city_centru,bus,1,synthetic_gps
2026-05-30 19:12:54,45.7262766,21.2007806,20.01,shopping_city_centru,bus,1,synthetic_gps
2026-05-30 19:12:55,45.726324,21.2009184,28.01,shopping_city_centru,bus,1,synthetic_gps
2026-05-30 19:12:56,45.726343,21.2008196,21.13,shopping_city_centru,bus,1,synthetic_gps
2026-05-30 19:12:57,45.7262767,21.2008295,29.13,shopping_city_centru,bus,1,synthetic_gps
2026-05-30 19:12:58,45.7263202,21.2009061,27.53,shopping_city_centru,bus,1,synthetic_gps
2026-05-30 19:12:59,45.7263879,21.2008549,19.53,shopping_city_centru,bus,1,synthetic_gps
2026-05-30 19:13:00,45.7263728,21.2008581,27.19,shopping_city_centru,bus,1,synthetic_gps
2026-05-30 19:13:01,45.7263711,21.200967,23.13,shopping_city_centru,bus,1,synthetic_gps
2026-05-30 19:13:02,45.7264161,21.2008822,31.13,shopping_city_centru,bus,1,synthetic_gps
2026-05-30 19:13:03,45.7263505,21.2009909,23.13,shopping_city_centru,bus,1,synthetic_gps
2026-05-30 19:13:04,45.7264021,21.2009679,31.13,shopping_city_centru,bus,1,synthetic_gps
2026-05-30 19:13:05,45.7264986,21.2009978,23.13,shopping_city_centru,bus,1,synthetic_gps
2026-05-30 19:13:06,45.7264454,21.2009598,25.22,shopping_city_centru,bus,1,synthetic_gps
2026-05-30 19:13:07,45.7265371,21.2010392,17.22,shopping_city_centru,bus,1,synthetic_gps
2026-05-30 19:13:08,45.7265098,21.2009035,9.22,shopping_city_centru,bus,1,synthetic_gps
2026-05-30 19:13:09,45.7264731,21.2011479,17.22,shopping_city_centru,bus,1,synthetic_gps
2026-05-30 19:13:10,45.7265239,21.2010944,25.22,shopping_city_centru,bus,1,synthetic_gps
2026-05-30 19:13:11,45.72657,21.2010581,24.17,shopping_city_centru,bus,1,synthetic_gps
2026-05-30 19:13:12,45.7265713,21.2010093,30.87,shopping_city_centru,bus,1,synthetic_gps
2026-05-30 19:13:13,45.7265281,21.2011226,23.77,shopping_city_centru,bus,1,synthetic_gps
2026-05-30 19:13:14,45.7265541,21.2011584,17.91,shopping_city_centru,bus,1,synthetic_gps
2026-05-30 19:13:15,45.7265406,21.2011098,25.91,shopping_city_centru,bus,1,synthetic_gps
2026-05-30 19:13:16,45.7265781,21.2011583,17.91,shopping_city_centru,bus,1,synthetic_gps
2026-05-30 19:13:17,45.7265835,21.2011748,10.89,shopping_city_centru,bus,1,synthetic_gps
2026-05-30 19:13:18,45.7266639,21.2012438,18.89,shopping_city_centru,bus,1,synthetic_gps
2026-05-30 19:13:19,45.7266373,21.2011981,26.89,shopping_city_centru,bus,1,synthetic_gps
2026-05-30 19:13:20,45.7265968,21.2011681,33.05,shopping_city_centru,bus,1,synthetic_gps
2026-05-30 19:13:21,45.7265983,21.2012112,25.05,shopping_city_centru,bus,1,synthetic_gps
2026-05-30 19:13:22,45.7265864,21.201219,33.05,shopping_city_centru,bus,1,synthetic_gps
2026-05-30 19:13:23,45.7266997,21.2012404,25.05,shopping_city_centru,bus,1,synthetic_gps
2026-05-30 19:13:24,45.7266896,21.2012431,26.99,shopping_city_centru,bus,1,synthetic_gps
2026-05-30 19:13:25,45.7267005,21.2012815,32.63,shopping_city_centru,bus,1,synthetic_gps
2026-05-30 19:13:26,45.7266904,21.2013165,30.0,shopping_city_centru,bus,1,synthetic_gps
2026-05-30 19:13:27,45.7267682,21.2013609,31.88,shopping_city_centru,bus,1,synthetic_gps
2026-05-30 19:13:28,45.7268099,21.2013584,39.88,shopping_city_centru,bus,1,synthetic_gps
2026-05-30 19:13:29,45.7268155,21.2012773,31.88,shopping_city_centru,bus,1,synthetic_gps
2026-05-30 19:13:30,45.7268226,21.2013369,23.88,shopping_city_centru,bus,1,synthetic_gps
2026-05-30 19:13:31,45.7268856,21.2013643,15.88,shopping_city_centru,bus,1,synthetic_gps
2026-05-30 19:13:32,45.7267555,21.2013643,7.88,shopping_city_centru,bus,1,synthetic_gps
2026-05-30 19:13:33,45.7268065,21.2014351,0.8,shopping_city_centru,bus,1,synthetic_gps
2026-05-30 19:13:34,45.726777,21.2014313,0.56,shopping_city_centru,bus,1,synthetic_gps
2026-05-30 19:13:35,45.7267321,21.2014061,0.79,shopping_city_centru,bus,1,synthetic_gps
2026-05-30 19:13:36,45.7268369,21.2014611,0.34,shopping_city_centru,bus,1,synthetic_gps
2026-05-30 19:13:37,45.7268717,21.201446,1.26,shopping_city_centru,bus,1,synthetic_gps
2026-05-30 19:13:38,45.7268694,21.2014685,0.98,shopping_city_centru,bus,1,synthetic_gps
2026-05-30 19:13:39,45.7269084,21.2014415,0.77,shopping_city_centru,bus,1,synthetic_gps
2026-05-30 19:13:40,45.7269157,21.2014842,0.88,shopping_city_centru,bus,1,synthetic_gps
2026-05-30 19:13:41,45.7269741,21.2015458,1.25,shopping_city_centru,bus,1,synthetic_gps
2026-05-30 19:13:42,45.7269848,21.2016483,1.28,shopping_city_centru,bus,1,synthetic_gps
2026-05-30 19:13:43,45.7268921,21.201646,1.11,shopping_city_centru,bus,1,synthetic_gps
2026-05-30 19:13:44,45.7270152,21.2015356,0.96,shopping_city_centru,bus,1,synthetic_gps
2026-05-30 19:13:45,45.7269614,21.2016195,1.05,shopping_city_centru,bus,1,synthetic_gps
2026-05-30 19:13:46,45.7269987,21.2016595,1.04,shopping_city_centru,bus,1,synthetic_gps
2026-05-30 19:13:47,45.72693,21.2015957,1.27,shopping_city_centru,bus,1,synthetic_gps
2026-05-30 19:13:48,45.7269928,21.2016445,0.73,shopping_city_centru,bus,1,synthetic_gps
2026-05-30 19:13:49,45.7269514,21.2017082,0.39,shopping_city_centru,bus,1,synthetic_gps
2026-05-30 19:13:50,45.727054,21.2016773,8.39,shopping_city_centru,bus,1,synthetic_gps
2026-05-30 19:13:51,45.7270518,21.2016808,16.39,shopping_city_centru,bus,1,synthetic_gps
2026-05-30 19:13:52,45.7270759,21.2016995,24.39,shopping_city_centru,bus,1,synthetic_gps
2026-05-30 19:13:53,45.7270688,21.2017861,23.17,shopping_city_centru,bus,1,synthetic_gps
2026-05-30 19:13:54,45.7270994,21.201721,15.17,shopping_city_centru,bus,1,synthetic_gps
2026-05-30 19:13:55,45.7272508,21.2017241,20.14,shopping_city_centru,bus,1,synthetic_gps
2026-05-30 19:13:56,45.7270678,21.2018477,16.17,shopping_city_centru,bus,1,synthetic_gps
2026-05-30 19:13:57,45.7271694,21.2016768,24.17,shopping_city_centru,bus,1,synthetic_gps
2026-05-30 19:13:58,45.7271937,21.201802,30.14,shopping_city_centru,bus,1,synthetic_gps
2026-05-30 19:13:59,45.7272109,21.201775,25.78,shopping_city_centru,bus,1,synthetic_gps
2026-05-30 19:14:00,45.7272097,21.2018115,33.78,shopping_city_centru,bus,1,synthetic_gps
2026-05-30 19:14:01,45.7271452,21.2018895,25.78,shopping_city_centru,bus,1,synthetic_gps
2026-05-30 19:14:02,45.7271458,21.2018547,31.28,shopping_city_centru,bus,1,synthetic_gps
2026-05-30 19:14:03,45.7272115,21.2019247,23.28,shopping_city_centru,bus,1,synthetic_gps
2026-05-30 19:14:04,45.7272013,21.2020754,25.75,shopping_city_centru,bus,1,synthetic_gps
2026-05-30 19:14:05,45.727211,21.2018644,29.44,shopping_city_centru,bus,1,synthetic_gps
2026-05-30 19:14:06,45.727297,21.2019167,21.44,shopping_city_centru,bus,1,synthetic_gps
2026-05-30 19:14:07,45.7272608,21.2019651,24.78,shopping_city_centru,bus,1,synthetic_gps
2026-05-30 19:14:08,45.7272713,21.2019657,32.78,shopping_city_centru,bus,1,synthetic_gps
2026-05-30 19:14:09,45.7271906,21.2019985,24.78,shopping_city_centru,bus,1,synthetic_gps
2026-05-30 19:14:10,45.7272835,21.2018997,21.12,shopping_city_centru,bus,1,synthetic_gps
2026-05-30 19:14:11,45.7273526,21.2020546,28.07,shopping_city_centru,bus,1,synthetic_gps
2026-05-30 19:14:12,45.7273475,21.2019874,23.45,shopping_city_centru,bus,1,synthetic_gps
2026-05-30 19:14:13,45.7272828,21.2020793,21.38,shopping_city_centru,bus,1,synthetic_gps
2026-05-30 19:14:14,45.7273939,21.2020151,22.48,shopping_city_centru,bus,1,synthetic_gps
2026-05-30 19:14:15,45.7273939,21.2020576,30.48,shopping_city_centru,bus,1,synthetic_gps
2026-05-30 19:14:16,45.7273845,21.2020941,26.29,shopping_city_centru,bus,1,synthetic_gps
2026-05-30 19:14:17,45.7274109,21.2020436,18.29,shopping_city_centru,bus,1,synthetic_gps
2026-05-30 19:14:18,45.7273238,21.202088,26.29,shopping_city_centru,bus,1,synthetic_gps
2026-05-30 19:14:19,45.7273325,21.2021116,24.25,shopping_city_centru,bus,1,synthetic_gps
2026-05-30 19:14:20,45.7274185,21.20207,24.08,shopping_city_centru,bus,1,synthetic_gps
2026-05-30 19:14:21,45.7274286,21.2021766,17.96,shopping_city_centru,bus,1,synthetic_gps
2026-05-30 19:14:22,45.7274717,21.202086,25.68,shopping_city_centru,bus,1,synthetic_gps
2026-05-30 19:14:23,45.7274496,21.2021422,25.94,shopping_city_centru,bus,1,synthetic_gps
2026-05-30 19:14:24,45.7274758,21.2022344,21.01,shopping_city_centru,bus,1,synthetic_gps
2026-05-30 19:14:25,45.7275026,21.2021782,29.01,shopping_city_centru,bus,1,synthetic_gps
2026-05-30 19:14:26,45.7275154,21.2023262,21.01,shopping_city_centru,bus,1,synthetic_gps
2026-05-30 19:14:27,45.7274735,21.2022017,13.01,shopping_city_centru,bus,1,synthetic_gps
2026-05-30 19:14:28,45.7274689,21.2022758,16.34,shopping_city_centru,bus,1,synthetic_gps
2026-05-30 19:14:29,45.7275843,21.2023175,24.34,shopping_city_centru,bus,1,synthetic_gps
2026-05-30 19:14:30,45.7275276,21.2023126,25.77,shopping_city_centru,bus,1,synthetic_gps
2026-05-30 19:14:31,45.727495,21.2023141,19.96,shopping_city_centru,bus,1,synthetic_gps
2026-05-30 19:14:32,45.7276073,21.2023918,22.32,shopping_city_centru,bus,1,synthetic_gps
2026-05-30 19:14:33,45.7276538,21.2023337,16.01,shopping_city_centru,bus,1,synthetic_gps
2026-05-30 19:14:34,45.7275338,21.2023064,24.01,shopping_city_centru,bus,1,synthetic_gps
2026-05-30 19:14:35,45.7276905,21.2023684,24.92,shopping_city_centru,bus,1,synthetic_gps
2026-05-30 19:14:36,45.7277358,21.2023548,32.92,shopping_city_centru,bus,1,synthetic_gps
2026-05-30 19:14:37,45.7276304,21.2023869,25.74,shopping_city_centru,bus,1,synthetic_gps
2026-05-30 19:14:38,45.727683,21.2024303,26.78,shopping_city_centru,bus,1,synthetic_gps
2026-05-30 19:14:39,45.7277225,21.2024174,34.78,shopping_city_centru,bus,1,synthetic_gps
2026-05-30 19:14:40,45.7275646,21.2023991,33.7,shopping_city_centru,bus,1,synthetic_gps
2026-05-30 19:14:41,45.727749,21.202548,30.48,shopping_city_centru,bus,1,synthetic_gps
2026-05-30 19:14:42,45.7278011,21.2024184,26.59,shopping_city_centru,bus,1,synthetic_gps
2026-05-30 19:14:43,45.7277351,21.2025964,33.33,shopping_city_centru,bus,1,synthetic_gps
2026-05-30 19:14:44,45.7276552,21.2025789,33.77,shopping_city_centru,bus,1,synthetic_gps
2026-05-30 19:14:45,45.7277128,21.202557,28.01,shopping_city_centru,bus,1,synthetic_gps
2026-05-30 19:14:46,45.7277492,21.2024676,22.6,shopping_city_centru,bus,1,synthetic_gps
2026-05-30 19:14:47,45.72777,21.2025536,30.6,shopping_city_centru,bus,1,synthetic_gps
2026-05-30 19:14:48,45.7278123,21.2026152,32.67,shopping_city_centru,bus,1,synthetic_gps
2026-05-30 19:14:49,45.7278826,21.2026345,24.67,shopping_city_centru,bus,1,synthetic_gps
2026-05-30 19:14:50,45.7278215,21.2025927,19.79,shopping_city_centru,bus,1,synthetic_gps
2026-05-30 19:14:51,45.7278394,21.2026742,12.63,shopping_city_centru,bus,1,synthetic_gps
2026-05-30 19:14:52,45.727782,21.202679,15.9,shopping_city_centru,bus,1,synthetic_gps
2026-05-30 19:14:53,45.7279287,21.2026037,23.9,shopping_city_centru,bus,1,synthetic_gps
2026-05-30 19:14:54,45.7279527,21.2027272,31.9,shopping_city_centru,bus,1,synthetic_gps
2026-05-30 19:14:55,45.7278386,21.2026598,31.19,shopping_city_centru,bus,1,synthetic_gps
2026-05-30 19:14:56,45.7279052,21.2027464,29.72,shopping_city_centru,bus,1,synthetic_gps
2026-05-30 19:14:57,45.7279221,21.2027007,30.33,shopping_city_centru,bus,1,synthetic_gps
2026-05-30 19:14:58,45.7279428,21.2028075,31.72,shopping_city_centru,bus,1,synthetic_gps
2026-05-30 19:14:59,45.7279348,21.20279,23.72,shopping_city_centru,bus,1,synthetic_gps
2026-05-30 19:15:00,45.7279317,21.2027796,31.72,shopping_city_centru,bus,1,synthetic_gps
2026-05-30 19:15:01,45.7279279,21.2028309,31.13,shopping_city_centru,bus,1,synthetic_gps
2026-05-30 19:15:02,45.7279989,21.2028874,23.13,shopping_city_centru,bus,1,synthetic_gps
2026-05-30 19:15:03,45.7280035,21.2028422,15.66,shopping_city_centru,bus,1,synthetic_gps
2026-05-30 19:15:04,45.7279931,21.2029028,23.66,shopping_city_centru,bus,1,synthetic_gps
2026-05-30 19:15:05,45.7279997,21.2028715,27.77,shopping_city_centru,bus,1,synthetic_gps
2026-05-30 19:15:06,45.7280312,21.202952,35.77,shopping_city_centru,bus,1,synthetic_gps
2026-05-30 19:15:07,45.7279915,21.2028253,27.77,shopping_city_centru,bus,1,synthetic_gps
2026-05-30 19:15:08,45.7280325,21.2028813,24.54,shopping_city_centru,bus,1,synthetic_gps
2026-05-30 19:15:09,45.7280699,21.2029484,16.54,shopping_city_centru,bus,1,synthetic_gps
2026-05-30 19:15:10,45.7280758,21.2029199,24.54,shopping_city_centru,bus,1,synthetic_gps
2026-05-30 19:15:11,45.7280178,21.2029659,18.93,shopping_city_centru,bus,1,synthetic_gps
2026-05-30 19:15:12,45.7281023,21.2029433,15.06,shopping_city_centru,bus,1,synthetic_gps
2026-05-30 19:15:13,45.7280897,21.2029354,23.06,shopping_city_centru,bus,1,synthetic_gps
2026-05-30 19:15:14,45.7282185,21.2029824,19.3,shopping_city_centru,bus,1,synthetic_gps
2026-05-30 19:15:15,45.7281484,21.2030224,12.15,shopping_city_centru,bus,1,synthetic_gps
2026-05-30 19:15:16,45.7282317,21.2029949,8.07,shopping_city_centru,bus,1,synthetic_gps
2026-05-30 19:15:17,45.7282656,21.2029853,16.07,shopping_city_centru,bus,1,synthetic_gps
2026-05-30 19:15:18,45.7282482,21.2030363,21.89,shopping_city_centru,bus,1,synthetic_gps
2026-05-30 19:15:19,45.7281245,21.2030555,29.89,shopping_city_centru,bus,1,synthetic_gps
2026-05-30 19:15:20,45.7282472,21.2030879,33.58,shopping_city_centru,bus,1,synthetic_gps
2026-05-30 19:15:21,45.7281353,21.2030735,25.58,shopping_city_centru,bus,1,synthetic_gps
2026-05-30 19:15:22,45.7282735,21.2031067,17.58,shopping_city_centru,bus,1,synthetic_gps
2026-05-30 19:15:23,45.7282718,21.2031389,21.49,shopping_city_centru,bus,1,synthetic_gps
2026-05-30 19:15:24,45.7282173,21.2031824,28.02,shopping_city_centru,bus,1,synthetic_gps
2026-05-30 19:15:25,45.7281868,21.2031871,26.63,shopping_city_centru,bus,1,synthetic_gps
2026-05-30 19:15:26,45.7283741,21.2031894,18.63,shopping_city_centru,bus,1,synthetic_gps
2026-05-30 19:15:27,45.7283021,21.2032041,15.57,shopping_city_centru,bus,1,synthetic_gps
2026-05-30 19:15:28,45.7282873,21.2031393,23.57,shopping_city_centru,bus,1,synthetic_gps
2026-05-30 19:15:29,45.728335,21.2032533,15.57,shopping_city_centru,bus,1,synthetic_gps
2026-05-30 19:15:30,45.7283625,21.203234,18.35,shopping_city_centru,bus,1,synthetic_gps
2026-05-30 19:15:31,45.7284422,21.2032235,26.35,shopping_city_centru,bus,1,synthetic_gps
2026-05-30 19:15:32,45.7283672,21.203186,34.35,shopping_city_centru,bus,1,synthetic_gps
2026-05-30 19:15:33,45.728378,21.2033232,26.35,shopping_city_centru,bus,1,synthetic_gps
2026-05-30 19:15:34,45.7285207,21.2032334,18.35,shopping_city_centru,bus,1,synthetic_gps
2026-05-30 19:15:35,45.7284322,21.203358,16.74,shopping_city_centru,bus,1,synthetic_gps
2026-05-30 19:15:36,45.7283605,21.2032538,8.8,shopping_city_centru,bus,1,synthetic_gps
2026-05-30 19:15:37,45.7284226,21.2033917,11.97,shopping_city_centru,bus,1,synthetic_gps
2026-05-30 19:15:38,45.7284405,21.2034455,19.97,shopping_city_centru,bus,1,synthetic_gps
2026-05-30 19:15:39,45.7285073,21.2034102,11.97,shopping_city_centru,bus,1,synthetic_gps
2026-05-30 19:15:40,45.7284978,21.2033846,19.97,shopping_city_centru,bus,1,synthetic_gps
2026-05-30 19:15:41,45.7284788,21.2033015,27.97,shopping_city_centru,bus,1,synthetic_gps
2026-05-30 19:15:42,45.7285607,21.2035235,30.53,shopping_city_centru,bus,1,synthetic_gps
2026-05-30 19:15:43,45.7285785,21.2034186,27.65,shopping_city_centru,bus,1,synthetic_gps
2026-05-30 19:15:44,45.7285251,21.2034659,19.65,shopping_city_centru,bus,1,synthetic_gps
2026-05-30 19:15:45,45.7284784,21.2034388,20.41,shopping_city_centru,bus,1,synthetic_gps
2026-05-30 19:15:46,45.728527,21.2035391,12.41,shopping_city_centru,bus,1,synthetic_gps
2026-05-30 19:15:47,45.7285974,21.2035546,20.41,shopping_city_centru,bus,1,synthetic_gps
2026-05-30 19:15:48,45.7285675,21.203423,18.0,shopping_city_centru,bus,1,synthetic_gps
2026-05-30 19:15:49,45.7285867,21.2036104,26.0,shopping_city_centru,bus,1,synthetic_gps
2026-05-30 19:15:50,45.7285889,21.2035917,32.67,shopping_city_centru,bus,1,synthetic_gps
2026-05-30 19:15:51,45.7286063,21.2035967,39.47,shopping_city_centru,bus,1,synthetic_gps
2026-05-30 19:15:52,45.7286564,21.20351,31.47,shopping_city_centru,bus,1,synthetic_gps
2026-05-30 19:15:53,45.7286677,21.2036651,28.41,shopping_city_centru,bus,1,synthetic_gps
2026-05-30 19:15:54,45.7287171,21.2036055,27.37,shopping_city_centru,bus,1,synthetic_gps
2026-05-30 19:15:55,45.7286741,21.2036681,23.19,shopping_city_centru,bus,1,synthetic_gps
2026-05-30 19:15:56,45.7286496,21.2035859,29.7,shopping_city_centru,bus,1,synthetic_gps
2026-05-30 19:15:57,45.7286959,21.2036585,28.66,shopping_city_centru,bus,1,synthetic_gps
2026-05-30 19:15:58,45.7288213,21.2037298,20.66,shopping_city_centru,bus,1,synthetic_gps
2026-05-30 19:15:59,45.7286985,21.2035713,22.64,shopping_city_centru,bus,1,synthetic_gps
2026-05-30 19:16:00,45.7287074,21.2037178,14.64,shopping_city_centru,bus,1,synthetic_gps
2026-05-30 19:16:01,45.7288369,21.2037644,6.64,shopping_city_centru,bus,1,synthetic_gps
2026-05-30 19:16:02,45.7287377,21.2036755,2.12,shopping_city_centru,bus,1,synthetic_gps
2026-05-30 19:16:03,45.7287743,21.2037786,1.77,shopping_city_centru,bus,1,synthetic_gps
2026-05-30 19:16:04,45.728874,21.2037836,1.02,shopping_city_centru,bus,1,synthetic_gps
2026-05-30 19:16:05,45.7287959,21.2037625,0.75,shopping_city_centru,bus,1,synthetic_gps
2026-05-30 19:16:06,45.7288973,21.2037942,1.23,shopping_city_centru,bus,1,synthetic_gps
2026-05-30 19:16:07,45.7288121,21.2038035,1.0,shopping_city_centru,bus,1,synthetic_gps
2026-05-30 19:16:08,45.7288578,21.2037285,1.23,shopping_city_centru,bus,1,synthetic_gps
2026-05-30 19:16:09,45.7289146,21.203858,0.47,shopping_city_centru,bus,1,synthetic_gps
2026-05-30 19:16:10,45.7288344,21.2039356,1.28,shopping_city_centru,bus,1,synthetic_gps
2026-05-30 19:16:11,45.728886,21.2038346,0.48,shopping_city_centru,bus,1,synthetic_gps
2026-05-30 19:16:12,45.7288126,21.2038862,1.35,shopping_city_centru,bus,1,synthetic_gps
2026-05-30 19:16:13,45.7288423,21.2038814,1.76,shopping_city_centru,bus,1,synthetic_gps
2026-05-30 19:16:14,45.728929,21.2039051,1.64,shopping_city_centru,bus,1,synthetic_gps
2026-05-30 19:16:15,45.7289245,21.2039236,1.74,shopping_city_centru,bus,1,synthetic_gps
2026-05-30 19:16:16,45.7289476,21.2040077,0.66,shopping_city_centru,bus,1,synthetic_gps
2026-05-30 19:16:17,45.7289963,21.2039692,0.97,shopping_city_centru,bus,1,synthetic_gps
2026-05-30 19:16:18,45.7290226,21.2040035,0.75,shopping_city_centru,bus,1,synthetic_gps
2026-05-30 19:16:19,45.7290285,21.2039869,0.08,shopping_city_centru,bus,1,synthetic_gps
2026-05-30 19:16:20,45.7289921,21.2040263,8.08,shopping_city_centru,bus,1,synthetic_gps
2026-05-30 19:16:21,45.7290523,21.2041197,3.58,shopping_city_centru,bus,1,synthetic_gps
2026-05-30 19:16:22,45.7290038,21.2040845,10.24,shopping_city_centru,bus,1,synthetic_gps
2026-05-30 19:16:23,45.7290432,21.2040341,18.24,shopping_city_centru,bus,1,synthetic_gps
2026-05-30 19:16:24,45.7290098,21.2041616,10.24,shopping_city_centru,bus,1,synthetic_gps
2026-05-30 19:16:25,45.7290947,21.2040877,18.24,shopping_city_centru,bus,1,synthetic_gps
2026-05-30 19:16:26,45.7289971,21.2041755,20.64,shopping_city_centru,bus,1,synthetic_gps
2026-05-30 19:16:27,45.7290279,21.2041793,17.87,shopping_city_centru,bus,1,synthetic_gps
2026-05-30 19:16:28,45.7290901,21.2041166,25.87,shopping_city_centru,bus,1,synthetic_gps
2026-05-30 19:16:29,45.7290745,21.2041731,20.2,shopping_city_centru,bus,1,synthetic_gps
2026-05-30 19:16:30,45.7291181,21.2042195,16.36,shopping_city_centru,bus,1,synthetic_gps
2026-05-30 19:16:31,45.7290863,21.2041453,18.63,shopping_city_centru,bus,1,synthetic_gps
2026-05-30 19:16:32,45.7291953,21.2042747,22.13,shopping_city_centru,bus,1,synthetic_gps
2026-05-30 19:16:33,45.7291405,21.2042559,30.13,shopping_city_centru,bus,1,synthetic_gps
2026-05-30 19:16:34,45.7291563,21.2041936,29.67,shopping_city_centru,bus,1,synthetic_gps
2026-05-30 19:16:35,45.7292009,21.2042801,37.15,shopping_city_centru,bus,1,synthetic_gps
2026-05-30 19:16:36,45.7291979,21.204203,29.15,shopping_city_centru,bus,1,synthetic_gps
2026-05-30 19:16:37,45.7291851,21.2042905,37.15,shopping_city_centru,bus,1,synthetic_gps
2026-05-30 19:16:38,45.7292418,21.204391,41.41,shopping_city_centru,bus,1,synthetic_gps
2026-05-30 19:16:39,45.729281,21.2043009,38.81,shopping_city_centru,bus,1,synthetic_gps
2026-05-30 19:16:40,45.7293111,21.2043247,30.81,shopping_city_centru,bus,1,synthetic_gps
2026-05-30 19:16:41,45.7292539,21.2043492,22.81,shopping_city_centru,bus,1,synthetic_gps
2026-05-30 19:16:42,45.7293196,21.2043423,16.91,shopping_city_centru,bus,1,synthetic_gps
2026-05-30 19:16:43,45.7292837,21.2043454,24.91,shopping_city_centru,bus,1,synthetic_gps
2026-05-30 19:16:44,45.7293371,21.2043327,16.91,shopping_city_centru,bus,1,synthetic_gps
2026-05-30 19:16:45,45.7292906,21.2044426,20.45,shopping_city_centru,bus,1,synthetic_gps
2026-05-30 19:16:46,45.7293913,21.2044057,28.45,shopping_city_centru,bus,1,synthetic_gps
2026-05-30 19:16:47,45.7292802,21.2044305,36.45,shopping_city_centru,bus,1,synthetic_gps
2026-05-30 19:16:48,45.7293576,21.2044228,34.85,shopping_city_centru,bus,1,synthetic_gps
2026-05-30 19:16:49,45.7294259,21.2043688,28.3,shopping_city_centru,bus,1,synthetic_gps
2026-05-30 19:16:50,45.7294267,21.2046121,24.84,shopping_city_centru,bus,1,synthetic_gps
2026-05-30 19:16:51,45.7293641,21.2044672,16.84,shopping_city_centru,bus,1,synthetic_gps
2026-05-30 19:16:52,45.7294822,21.2046103,16.05,shopping_city_centru,bus,1,synthetic_gps
2026-05-30 19:16:53,45.729357,21.2045106,24.05,shopping_city_centru,bus,1,synthetic_gps
2026-05-30 19:16:54,45.7294603,21.2045449,20.03,shopping_city_centru,bus,1,synthetic_gps
2026-05-30 19:16:55,45.729427,21.2045694,20.85,shopping_city_centru,bus,1,synthetic_gps
2026-05-30 19:16:56,45.7294694,21.2045041,12.85,shopping_city_centru,bus,1,synthetic_gps
2026-05-30 19:16:57,45.7295095,21.204597,14.41,shopping_city_centru,bus,1,synthetic_gps
2026-05-30 19:16:58,45.7294524,21.2046849,22.41,shopping_city_centru,bus,1,synthetic_gps
2026-05-30 19:16:59,45.7295091,21.2046655,26.7,shopping_city_centru,bus,1,synthetic_gps
2026-05-30 19:17:00,45.7294807,21.2046821,18.7,shopping_city_centru,bus,1,synthetic_gps
2026-05-30 19:17:01,45.7295804,21.2046476,15.18,shopping_city_centru,bus,1,synthetic_gps
2026-05-30 19:17:02,45.7295873,21.2046695,9.39,shopping_city_centru,bus,1,synthetic_gps
2026-05-30 19:17:03,45.7295465,21.2046593,17.39,shopping_city_centru,bus,1,synthetic_gps
2026-05-30 19:17:04,45.7296349,21.2047813,25.39,shopping_city_centru,bus,1,synthetic_gps
2026-05-30 19:17:05,45.7295548,21.2047668,33.39,shopping_city_centru,bus,1,synthetic_gps
2026-05-30 19:17:06,45.7295343,21.204692,25.39,shopping_city_centru,bus,1,synthetic_gps
2026-05-30 19:17:07,45.7296509,21.2047525,19.27,shopping_city_centru,bus,1,synthetic_gps
2026-05-30 19:17:08,45.7296228,21.2048256,20.27,shopping_city_centru,bus,1,synthetic_gps
2026-05-30 19:17:09,45.7295938,21.2048095,27.32,shopping_city_centru,bus,1,synthetic_gps
2026-05-30 19:17:10,45.7295943,21.2048491,30.87,shopping_city_centru,bus,1,synthetic_gps
2026-05-30 19:17:11,45.7296766,21.2048426,38.7,shopping_city_centru,bus,1,synthetic_gps
2026-05-30 19:17:12,45.729778,21.2048346,39.03,shopping_city_centru,bus,1,synthetic_gps
2026-05-30 19:17:13,45.7296608,21.2048279,31.03,shopping_city_centru,bus,1,synthetic_gps
2026-05-30 19:17:14,45.729688,21.2048676,39.03,shopping_city_centru,bus,1,synthetic_gps
2026-05-30 19:17:15,45.7297622,21.2049155,31.03,shopping_city_centru,bus,1,synthetic_gps
2026-05-30 19:17:16,45.7297356,21.2049175,25.06,shopping_city_centru,bus,1,synthetic_gps
2026-05-30 19:17:17,45.729739,21.2048637,17.06,shopping_city_centru,bus,1,synthetic_gps
2026-05-30 19:17:18,45.7298364,21.2049003,25.06,shopping_city_centru,bus,1,synthetic_gps
2026-05-30 19:17:19,45.7297961,21.2049602,29.14,shopping_city_centru,bus,1,synthetic_gps
2026-05-30 19:17:20,45.7297892,21.2049944,37.14,shopping_city_centru,bus,1,synthetic_gps
2026-05-30 19:17:21,45.7299068,21.2049239,29.14,shopping_city_centru,bus,1,synthetic_gps
2026-05-30 19:17:22,45.729821,21.2049697,21.14,shopping_city_centru,bus,1,synthetic_gps
2026-05-30 19:17:23,45.7298079,21.204998,25.2,shopping_city_centru,bus,1,synthetic_gps
2026-05-30 19:17:24,45.7297904,21.2050333,17.56,shopping_city_centru,bus,1,synthetic_gps
2026-05-30 19:17:25,45.7298075,21.2050231,25.08,shopping_city_centru,bus,1,synthetic_gps
2026-05-30 19:17:26,45.7298788,21.2050809,18.65,shopping_city_centru,bus,1,synthetic_gps
2026-05-30 19:17:27,45.729851,21.2050652,26.65,shopping_city_centru,bus,1,synthetic_gps
2026-05-30 19:17:28,45.7299254,21.2051584,18.65,shopping_city_centru,bus,1,synthetic_gps
2026-05-30 19:17:29,45.7299591,21.2051172,26.65,shopping_city_centru,bus,1,synthetic_gps
2026-05-30 19:17:30,45.7300056,21.2051772,26.92,shopping_city_centru,bus,1,synthetic_gps
2026-05-30 19:17:31,45.7299526,21.2051002,30.65,shopping_city_centru,bus,1,synthetic_gps
2026-05-30 19:17:32,45.7299747,21.2051198,22.65,shopping_city_centru,bus,1,synthetic_gps
2026-05-30 19:17:33,45.729901,21.2051692,23.63,shopping_city_centru,bus,1,synthetic_gps
2026-05-30 19:17:34,45.7299415,21.2051393,21.73,shopping_city_centru,bus,1,synthetic_gps
2026-05-30 19:17:35,45.7299925,21.205216,15.68,shopping_city_centru,bus,1,synthetic_gps
2026-05-30 19:17:36,45.7299602,21.2052147,23.68,shopping_city_centru,bus,1,synthetic_gps
2026-05-30 19:17:37,45.7300225,21.2052564,16.51,shopping_city_centru,bus,1,synthetic_gps
2026-05-30 19:17:38,45.7300201,21.2052174,24.51,shopping_city_centru,bus,1,synthetic_gps
2026-05-30 19:17:39,45.729985,21.2052434,32.4,shopping_city_centru,bus,1,synthetic_gps
2026-05-30 19:17:40,45.7300703,21.2051987,26.94,shopping_city_centru,bus,1,synthetic_gps
2026-05-30 19:17:41,45.7300526,21.2052431,19.57,shopping_city_centru,bus,1,synthetic_gps
2026-05-30 19:17:42,45.7300419,21.2052132,27.57,shopping_city_centru,bus,1,synthetic_gps
2026-05-30 19:17:43,45.7300828,21.2052101,27.85,shopping_city_centru,bus,1,synthetic_gps
2026-05-30 19:17:44,45.7300862,21.2053133,28.54,shopping_city_centru,bus,1,synthetic_gps
2026-05-30 19:17:45,45.7301675,21.2053638,20.54,shopping_city_centru,bus,1,synthetic_gps
2026-05-30 19:17:46,45.7301078,21.2053366,28.54,shopping_city_centru,bus,1,synthetic_gps
2026-05-30 19:17:47,45.7301251,21.2054315,20.54,shopping_city_centru,bus,1,synthetic_gps
2026-05-30 19:17:48,45.7301504,21.205376,28.54,shopping_city_centru,bus,1,synthetic_gps
2026-05-30 19:17:49,45.7302347,21.2054067,20.54,shopping_city_centru,bus,1,synthetic_gps
2026-05-30 19:17:50,45.7301583,21.2054425,28.54,shopping_city_centru,bus,1,synthetic_gps
2026-05-30 19:17:51,45.7302403,21.2054842,30.49,shopping_city_centru,bus,1,synthetic_gps
2026-05-30 19:17:52,45.730206,21.2054727,37.05,shopping_city_centru,bus,1,synthetic_gps
2026-05-30 19:17:53,45.7303472,21.2054018,29.05,shopping_city_centru,bus,1,synthetic_gps
2026-05-30 19:17:54,45.7301944,21.2055171,32.27,shopping_city_centru,bus,1,synthetic_gps
2026-05-30 19:17:55,45.7302473,21.2055326,26.53,shopping_city_centru,bus,1,synthetic_gps
2026-05-30 19:17:56,45.7301514,21.2054896,34.53,shopping_city_centru,bus,1,synthetic_gps
2026-05-30 19:17:57,45.7301962,21.2055515,29.43,shopping_city_centru,bus,1,synthetic_gps
2026-05-30 19:17:58,45.7303407,21.2056476,21.43,shopping_city_centru,bus,1,synthetic_gps
2026-05-30 19:17:59,45.7302835,21.2054601,21.45,shopping_city_centru,bus,1,synthetic_gps
2026-05-30 19:18:00,45.7303673,21.2055483,29.45,shopping_city_centru,bus,1,synthetic_gps
2026-05-30 19:18:01,45.7303053,21.2056597,21.45,shopping_city_centru,bus,1,synthetic_gps
2026-05-30 19:18:02,45.7303587,21.2055916,29.45,shopping_city_centru,bus,1,synthetic_gps
2026-05-30 19:18:03,45.7302856,21.2056515,26.39,shopping_city_centru,bus,1,synthetic_gps
2026-05-30 19:18:04,45.7303854,21.2056417,34.39,shopping_city_centru,bus,1,synthetic_gps
2026-05-30 19:18:05,45.7304285,21.2056446,26.39,shopping_city_centru,bus,1,synthetic_gps
2026-05-30 19:18:06,45.7303398,21.2056981,22.38,shopping_city_centru,bus,1,synthetic_gps
2026-05-30 19:18:07,45.7303372,21.2057069,20.2,shopping_city_centru,bus,1,synthetic_gps
2026-05-30 19:18:08,45.7303412,21.2056919,23.3,shopping_city_centru,bus,1,synthetic_gps
2026-05-30 19:18:09,45.7304439,21.2057992,31.3,shopping_city_centru,bus,1,synthetic_gps
2026-05-30 19:18:10,45.7304263,21.2057498,31.55,shopping_city_centru,bus,1,synthetic_gps
2026-05-30 19:18:11,45.7304362,21.2057036,25.59,shopping_city_centru,bus,1,synthetic_gps
2026-05-30 19:18:12,45.7304997,21.2057745,17.59,shopping_city_centru,bus,1,synthetic_gps
2026-05-30 19:18:13,45.7305158,21.2058093,21.09,shopping_city_centru,bus,1,synthetic_gps
2026-05-30 19:18:14,45.7305158,21.2057431,15.11,shopping_city_centru,bus,1,synthetic_gps
2026-05-30 19:18:15,45.7305687,21.2058204,23.11,shopping_city_centru,bus,1,synthetic_gps
2026-05-30 19:18:16,45.7304259,21.2059127,17.0,shopping_city_centru,bus,1,synthetic_gps
2026-05-30 19:18:17,45.7305271,21.2058353,9.0,shopping_city_centru,bus,1,synthetic_gps
2026-05-30 19:18:18,45.7305774,21.2058153,17.0,shopping_city_centru,bus,1,synthetic_gps
2026-05-30 19:18:19,45.7305278,21.2059628,24.82,shopping_city_centru,bus,1,synthetic_gps
2026-05-30 19:18:20,45.7305821,21.2058885,32.82,shopping_city_centru,bus,1,synthetic_gps
2026-05-30 19:18:21,45.7306594,21.205947,24.82,shopping_city_centru,bus,1,synthetic_gps
2026-05-30 19:18:22,45.7305721,21.2059133,16.82,shopping_city_centru,bus,1,synthetic_gps
2026-05-30 19:18:23,45.7305584,21.2059505,24.82,shopping_city_centru,bus,1,synthetic_gps
2026-05-30 19:18:24,45.7305871,21.2059252,20.75,shopping_city_centru,bus,1,synthetic_gps
2026-05-30 19:18:25,45.7306197,21.205966,15.08,shopping_city_centru,bus,1,synthetic_gps
2026-05-30 19:18:26,45.7306346,21.2060475,23.08,shopping_city_centru,bus,1,synthetic_gps
2026-05-30 19:18:27,45.7306833,21.2061037,31.08,shopping_city_centru,bus,1,synthetic_gps
2026-05-30 19:18:28,45.730538,21.2060349,23.08,shopping_city_centru,bus,1,synthetic_gps
2026-05-30 19:18:29,45.730736,21.2059489,15.08,shopping_city_centru,bus,1,synthetic_gps
2026-05-30 19:18:30,45.7306956,21.2060743,7.08,shopping_city_centru,bus,1,synthetic_gps
2026-05-30 19:18:31,45.7307773,21.2060605,1.08,shopping_city_centru,bus,1,synthetic_gps
2026-05-30 19:18:32,45.730727,21.2060937,2.17,shopping_city_centru,bus,1,synthetic_gps
2026-05-30 19:18:33,45.7307074,21.2061059,0.14,shopping_city_centru,bus,1,synthetic_gps
2026-05-30 19:18:34,45.7307513,21.2061445,0.0,shopping_city_centru,bus,1,synthetic_gps
2026-05-30 19:18:35,45.7307318,21.2061941,0.81,shopping_city_centru,bus,1,synthetic_gps
2026-05-30 19:18:36,45.7307483,21.2061305,1.45,shopping_city_centru,bus,1,synthetic_gps
2026-05-30 19:18:37,45.7307462,21.2062056,0.57,shopping_city_centru,bus,1,synthetic_gps
2026-05-30 19:18:38,45.7307666,21.206249,0.31,shopping_city_centru,bus,1,synthetic_gps
2026-05-30 19:18:39,45.7308364,21.206295,0.42,shopping_city_centru,bus,1,synthetic_gps
2026-05-30 19:18:40,45.7309374,21.2061786,1.09,shopping_city_centru,bus,1,synthetic_gps
2026-05-30 19:18:41,45.7308713,21.2061913,1.38,shopping_city_centru,bus,1,synthetic_gps
2026-05-30 19:18:42,45.7308564,21.2063459,1.52,shopping_city_centru,bus,1,synthetic_gps
2026-05-30 19:18:43,45.73086,21.2062858,0.27,shopping_city_centru,bus,1,synthetic_gps
2026-05-30 19:18:44,45.7309006,21.2062515,0.6,shopping_city_centru,bus,1,synthetic_gps
2026-05-30 19:18:45,45.7308768,21.2062918,1.34,shopping_city_centru,bus,1,synthetic_gps
2026-05-30 19:18:46,45.7309274,21.2063278,0.13,shopping_city_centru,bus,1,synthetic_gps
2026-05-30 19:18:47,45.7308773,21.2063911,2.27,shopping_city_centru,bus,1,synthetic_gps
2026-05-30 19:18:48,45.7310291,21.206362,1.27,shopping_city_centru,bus,1,synthetic_gps
2026-05-30 19:18:49,45.7309835,21.2063806,0.57,shopping_city_centru,bus,1,synthetic_gps
2026-05-30 19:18:50,45.7309234,21.2064142,8.57,shopping_city_centru,bus,1,synthetic_gps
2026-05-30 19:18:51,45.7309802,21.2063294,3.88,shopping_city_centru,bus,1,synthetic_gps
2026-05-30 19:18:52,45.7310247,21.2064807,11.88,shopping_city_centru,bus,1,synthetic_gps
2026-05-30 19:18:53,45.731028,21.2064039,15.02,shopping_city_centru,bus,1,synthetic_gps
2026-05-30 19:18:54,45.7310384,21.2064139,23.02,shopping_city_centru,bus,1,synthetic_gps
2026-05-30 19:18:55,45.7310924,21.2064077,15.02,shopping_city_centru,bus,1,synthetic_gps
2026-05-30 19:18:56,45.730998,21.2064611,19.21,shopping_city_centru,bus,1,synthetic_gps
2026-05-30 19:18:57,45.731047,21.2065771,27.21,shopping_city_centru,bus,1,synthetic_gps
2026-05-30 19:18:58,45.7311427,21.206486,19.21,shopping_city_centru,bus,1,synthetic_gps
2026-05-30 19:18:59,45.7310776,21.206504,27.21,shopping_city_centru,bus,1,synthetic_gps
2026-05-30 19:19:00,45.731023,21.2065649,35.21,shopping_city_centru,bus,1,synthetic_gps
2026-05-30 19:19:01,45.7311614,21.206542,27.21,shopping_city_centru,bus,1,synthetic_gps
2026-05-30 19:19:02,45.7311572,21.2065246,22.71,shopping_city_centru,bus,1,synthetic_gps
2026-05-30 19:19:03,45.7312336,21.2066162,30.71,shopping_city_centru,bus,1,synthetic_gps
2026-05-30 19:19:04,45.7311098,21.2065386,22.71,shopping_city_centru,bus,1,synthetic_gps
2026-05-30 19:19:05,45.7311179,21.2066063,23.24,shopping_city_centru,bus,1,synthetic_gps
2026-05-30 19:19:06,45.7311909,21.2066542,25.26,shopping_city_centru,bus,1,synthetic_gps
2026-05-30 19:19:07,45.7312254,21.2067264,23.96,shopping_city_centru,bus,1,synthetic_gps
2026-05-30 19:19:08,45.7312151,21.2066195,27.76,shopping_city_centru,bus,1,synthetic_gps
2026-05-30 19:19:09,45.7311976,21.20666,19.76,shopping_city_centru,bus,1,synthetic_gps
2026-05-30 19:19:10,45.7312267,21.2067555,14.84,shopping_city_centru,bus,1,synthetic_gps
2026-05-30 19:19:11,45.7311941,21.2066773,14.75,shopping_city_centru,bus,1,synthetic_gps
2026-05-30 19:19:12,45.7312494,21.2068118,22.07,shopping_city_centru,bus,1,synthetic_gps
2026-05-30 19:19:13,45.7312582,21.2067224,27.94,shopping_city_centru,bus,1,synthetic_gps
2026-05-30 19:19:14,45.731355,21.2066963,31.97,shopping_city_centru,bus,1,synthetic_gps
2026-05-30 19:19:15,45.7313022,21.2068136,38.97,shopping_city_centru,bus,1,synthetic_gps
2026-05-30 19:19:16,45.7313244,21.2068162,30.97,shopping_city_centru,bus,1,synthetic_gps
2026-05-30 19:19:17,45.7313821,21.2068196,24.88,shopping_city_centru,bus,1,synthetic_gps
2026-05-30 19:19:18,45.7313205,21.2068938,18.84,shopping_city_centru,bus,1,synthetic_gps
2026-05-30 19:19:19,45.7313973,21.206881,19.83,shopping_city_centru,bus,1,synthetic_gps
2026-05-30 19:19:20,45.7314119,21.2068804,19.69,shopping_city_centru,bus,1,synthetic_gps
2026-05-30 19:19:21,45.7313972,21.2068647,11.69,shopping_city_centru,bus,1,synthetic_gps
2026-05-30 19:19:22,45.7312925,21.2068005,19.69,shopping_city_centru,bus,1,synthetic_gps
2026-05-30 19:19:23,45.7313788,21.2068754,27.69,shopping_city_centru,bus,1,synthetic_gps
2026-05-30 19:19:24,45.7313962,21.2069249,21.2,shopping_city_centru,bus,1,synthetic_gps
2026-05-30 19:19:25,45.731456,21.2068313,29.2,shopping_city_centru,bus,1,synthetic_gps
2026-05-30 19:19:26,45.7314341,21.2069821,34.25,shopping_city_centru,bus,1,synthetic_gps
2026-05-30 19:19:27,45.731496,21.206894,26.3,shopping_city_centru,bus,1,synthetic_gps
2026-05-30 19:19:28,45.7314577,21.2069764,29.4,shopping_city_centru,bus,1,synthetic_gps
2026-05-30 19:19:29,45.7314293,21.2069786,32.77,shopping_city_centru,bus,1,synthetic_gps
2026-05-30 19:19:30,45.7314226,21.2069846,24.77,shopping_city_centru,bus,1,synthetic_gps
2026-05-30 19:19:31,45.7314229,21.2069996,24.55,shopping_city_centru,bus,1,synthetic_gps
2026-05-30 19:19:32,45.731474,21.2069904,32.55,shopping_city_centru,bus,1,synthetic_gps
2026-05-30 19:19:33,45.7315361,21.2070726,24.55,shopping_city_centru,bus,1,synthetic_gps
2026-05-30 19:19:34,45.7315288,21.2070918,18.07,shopping_city_centru,bus,1,synthetic_gps
2026-05-30 19:19:35,45.7315999,21.2070637,26.07,shopping_city_centru,bus,1,synthetic_gps
2026-05-30 19:19:36,45.7316301,21.2071117,18.07,shopping_city_centru,bus,1,synthetic_gps
2026-05-30 19:19:37,45.7315351,21.2071535,25.94,shopping_city_centru,bus,1,synthetic_gps
2026-05-30 19:19:38,45.7316225,21.2070683,17.94,shopping_city_centru,bus,1,synthetic_gps
2026-05-30 19:19:39,45.7316163,21.2070107,25.94,shopping_city_centru,bus,1,synthetic_gps
2026-05-30 19:19:40,45.7316445,21.2070937,32.32,shopping_city_centru,bus,1,synthetic_gps
2026-05-30 19:19:41,45.7316608,21.2071552,28.07,shopping_city_centru,bus,1,synthetic_gps
2026-05-30 19:19:42,45.7317636,21.2072214,29.89,shopping_city_centru,bus,1,synthetic_gps
2026-05-30 19:19:43,45.731717,21.2072068,37.89,shopping_city_centru,bus,1,synthetic_gps
2026-05-30 19:19:44,45.7317519,21.2072128,29.89,shopping_city_centru,bus,1,synthetic_gps
2026-05-30 19:19:45,45.7317006,21.207263,23.17,shopping_city_centru,bus,1,synthetic_gps
2026-05-30 19:19:46,45.7317454,21.2071339,28.82,shopping_city_centru,bus,1,synthetic_gps
2026-05-30 19:19:47,45.7317459,21.2073328,20.82,shopping_city_centru,bus,1,synthetic_gps
2026-05-30 19:19:48,45.7317307,21.2072132,23.0,shopping_city_centru,bus,1,synthetic_gps
2026-05-30 19:19:49,45.7317477,21.2073428,31.0,shopping_city_centru,bus,1,synthetic_gps
2026-05-30 19:19:50,45.7318775,21.2072766,31.02,shopping_city_centru,bus,1,synthetic_gps
2026-05-30 19:19:51,45.7317985,21.2072885,23.12,shopping_city_centru,bus,1,synthetic_gps
2026-05-30 19:19:52,45.7318512,21.2073102,15.12,shopping_city_centru,bus,1,synthetic_gps
2026-05-30 19:19:53,45.731777,21.2073878,10.87,shopping_city_centru,bus,1,synthetic_gps
2026-05-30 19:19:54,45.7318319,21.2073803,18.55,shopping_city_centru,bus,1,synthetic_gps
2026-05-30 19:19:55,45.7319251,21.2073008,19.88,shopping_city_centru,bus,1,synthetic_gps
2026-05-30 19:19:56,45.7318126,21.2073855,14.83,shopping_city_centru,bus,1,synthetic_gps
2026-05-30 19:19:57,45.731823,21.2074976,19.28,shopping_city_centru,bus,1,synthetic_gps
2026-05-30 19:19:58,45.7318539,21.2074981,21.65,shopping_city_centru,bus,1,synthetic_gps
2026-05-30 19:19:59,45.7319329,21.2073632,17.74,shopping_city_centru,bus,1,synthetic_gps
2026-05-30 19:20:00,45.7319275,21.2075115,19.81,shopping_city_centru,bus,1,synthetic_gps
2026-05-30 19:20:01,45.7319658,21.2074865,23.03,shopping_city_centru,bus,1,synthetic_gps
2026-05-30 19:20:02,45.731983,21.2074803,21.51,shopping_city_centru,bus,1,synthetic_gps
2026-05-30 19:20:03,45.7320312,21.207428,29.51,shopping_city_centru,bus,1,synthetic_gps
2026-05-30 19:20:04,45.7319746,21.2075714,21.51,shopping_city_centru,bus,1,synthetic_gps
2026-05-30 19:20:05,45.7319371,21.2075199,13.51,shopping_city_centru,bus,1,synthetic_gps
2026-05-30 19:20:06,45.7319801,21.2075301,17.19,shopping_city_centru,bus,1,synthetic_gps
2026-05-30 19:20:07,45.7320703,21.2075206,18.28,shopping_city_centru,bus,1,synthetic_gps
2026-05-30 19:20:08,45.7320081,21.2075586,26.28,shopping_city_centru,bus,1,synthetic_gps
2026-05-30 19:20:09,45.7320135,21.2075737,19.63,shopping_city_centru,bus,1,synthetic_gps
2026-05-30 19:20:10,45.7320481,21.2076069,21.1,shopping_city_centru,bus,1,synthetic_gps
2026-05-30 19:20:11,45.7320799,21.2075716,13.1,shopping_city_centru,bus,1,synthetic_gps
2026-05-30 19:20:12,45.7321247,21.207704,21.1,shopping_city_centru,bus,1,synthetic_gps
2026-05-30 19:20:13,45.7321105,21.2076605,13.23,shopping_city_centru,bus,1,synthetic_gps
2026-05-30 19:20:14,45.7321757,21.2076882,21.23,shopping_city_centru,bus,1,synthetic_gps
2026-05-30 19:20:15,45.7321851,21.2077549,22.07,shopping_city_centru,bus,1,synthetic_gps
2026-05-30 19:20:16,45.7321697,21.207619,14.07,shopping_city_centru,bus,1,synthetic_gps
2026-05-30 19:20:17,45.7321978,21.2076906,22.07,shopping_city_centru,bus,1,synthetic_gps
2026-05-30 19:20:18,45.7321749,21.2076917,23.93,shopping_city_centru,bus,1,synthetic_gps
2026-05-30 19:20:19,45.7323005,21.2077831,31.93,shopping_city_centru,bus,1,synthetic_gps
2026-05-30 19:20:20,45.7321912,21.2077837,23.93,shopping_city_centru,bus,1,synthetic_gps
2026-05-30 19:20:21,45.7322383,21.2078036,31.93,shopping_city_centru,bus,1,synthetic_gps
2026-05-30 19:20:22,45.7323226,21.2077812,23.93,shopping_city_centru,bus,1,synthetic_gps
2026-05-30 19:20:23,45.7322575,21.2077292,25.7,shopping_city_centru,bus,1,synthetic_gps
2026-05-30 19:20:24,45.7323125,21.2077523,33.7,shopping_city_centru,bus,1,synthetic_gps
2026-05-30 19:20:25,45.7322463,21.2078402,36.18,shopping_city_centru,bus,1,synthetic_gps
2026-05-30 19:20:26,45.732328,21.2078741,28.18,shopping_city_centru,bus,1,synthetic_gps
2026-05-30 19:20:27,45.7323153,21.2078681,21.91,shopping_city_centru,bus,1,synthetic_gps
2026-05-30 19:20:28,45.7323908,21.207881,22.56,shopping_city_centru,bus,1,synthetic_gps
2026-05-30 19:20:29,45.7323649,21.2078008,18.22,shopping_city_centru,bus,1,synthetic_gps
2026-05-30 19:20:30,45.7323411,21.2079019,26.22,shopping_city_centru,bus,1,synthetic_gps
2026-05-30 19:20:31,45.7324405,21.2078819,30.08,shopping_city_centru,bus,1,synthetic_gps
2026-05-30 19:20:32,45.7324135,21.2079303,25.36,shopping_city_centru,bus,1,synthetic_gps
2026-05-30 19:20:33,45.7325031,21.2079581,25.27,shopping_city_centru,bus,1,synthetic_gps
2026-05-30 19:20:34,45.7324036,21.2079017,29.06,shopping_city_centru,bus,1,synthetic_gps
2026-05-30 19:20:35,45.7324054,21.2079711,21.06,shopping_city_centru,bus,1,synthetic_gps
2026-05-30 19:20:36,45.7324549,21.2079715,23.58,shopping_city_centru,bus,1,synthetic_gps
2026-05-30 19:20:37,45.7324587,21.2079499,27.76,shopping_city_centru,bus,1,synthetic_gps
2026-05-30 19:20:38,45.7325098,21.207967,24.03,shopping_city_centru,bus,1,synthetic_gps
2026-05-30 19:20:39,45.7324871,21.208025,17.07,shopping_city_centru,bus,1,synthetic_gps
2026-05-30 19:20:40,45.7325384,21.208025,15.15,shopping_city_centru,bus,1,synthetic_gps
2026-05-30 19:20:41,45.7325807,21.2080838,14.89,shopping_city_centru,bus,1,synthetic_gps
2026-05-30 19:20:42,45.7325302,21.2080815,22.89,shopping_city_centru,bus,1,synthetic_gps
2026-05-30 19:20:43,45.7325092,21.20802,19.93,shopping_city_centru,bus,1,synthetic_gps
2026-05-30 19:20:44,45.7325846,21.2080447,19.63,shopping_city_centru,bus,1,synthetic_gps
2026-05-30 19:20:45,45.732575,21.2080896,22.45,shopping_city_centru,bus,1,synthetic_gps
2026-05-30 19:20:46,45.7326571,21.2080685,29.97,shopping_city_centru,bus,1,synthetic_gps
2026-05-30 19:20:47,45.7327226,21.2080998,21.97,shopping_city_centru,bus,1,synthetic_gps
2026-05-30 19:20:48,45.7326281,21.208181,29.93,shopping_city_centru,bus,1,synthetic_gps
2026-05-30 19:20:49,45.7327128,21.208137,24.11,shopping_city_centru,bus,1,synthetic_gps
2026-05-30 19:20:50,45.7327293,21.2082199,32.11,shopping_city_centru,bus,1,synthetic_gps
2026-05-30 19:20:51,45.7326585,21.2082542,25.97,shopping_city_centru,bus,1,synthetic_gps
2026-05-30 19:20:52,45.7327458,21.2081747,17.97,shopping_city_centru,bus,1,synthetic_gps
2026-05-30 19:20:53,45.7327236,21.2082381,9.97,shopping_city_centru,bus,1,synthetic_gps
2026-05-30 19:20:54,45.732751,21.2082829,12.65,shopping_city_centru,bus,1,synthetic_gps
2026-05-30 19:20:55,45.7327151,21.2082891,20.65,shopping_city_centru,bus,1,synthetic_gps
2026-05-30 19:20:56,45.7327303,21.2082428,28.42,shopping_city_centru,bus,1,synthetic_gps
2026-05-30 19:20:57,45.732749,21.2082308,20.42,shopping_city_centru,bus,1,synthetic_gps
2026-05-30 19:20:58,45.7328361,21.2083409,28.42,shopping_city_centru,bus,1,synthetic_gps
2026-05-30 19:20:59,45.7328975,21.2082925,36.42,shopping_city_centru,bus,1,synthetic_gps
2026-05-30 19:21:00,45.7328471,21.2082969,28.42,shopping_city_centru,bus,1,synthetic_gps
2026-05-30 19:21:01,45.7328265,21.2083057,20.42,shopping_city_centru,bus,1,synthetic_gps
2026-05-30 19:21:02,45.7328343,21.2083881,12.42,shopping_city_centru,bus,1,synthetic_gps
2026-05-30 19:21:03,45.7328285,21.2082312,4.42,shopping_city_centru,bus,1,synthetic_gps
2026-05-30 19:21:04,45.7328888,21.2084532,0.62,shopping_city_centru,bus,1,synthetic_gps
2026-05-30 19:21:05,45.7328879,21.208375,1.25,shopping_city_centru,bus,1,synthetic_gps
2026-05-30 19:21:06,45.7329317,21.2083826,2.13,shopping_city_centru,bus,1,synthetic_gps
2026-05-30 19:21:07,45.732932,21.2083751,0.41,shopping_city_centru,bus,1,synthetic_gps
2026-05-30 19:21:08,45.7329567,21.2084412,0.52,shopping_city_centru,bus,1,synthetic_gps
2026-05-30 19:21:09,45.7329627,21.2084326,0.88,shopping_city_centru,bus,1,synthetic_gps
2026-05-30 19:21:10,45.7329617,21.2084441,1.31,shopping_city_centru,bus,1,synthetic_gps
2026-05-30 19:21:11,45.7330247,21.208539,0.32,shopping_city_centru,bus,1,synthetic_gps
2026-05-30 19:21:12,45.7331028,21.2086199,0.5,shopping_city_centru,bus,1,synthetic_gps
2026-05-30 19:21:13,45.7330386,21.2085675,1.76,shopping_city_centru,bus,1,synthetic_gps
2026-05-30 19:21:14,45.7330595,21.2085005,1.08,shopping_city_centru,bus,1,synthetic_gps
2026-05-30 19:21:15,45.7330771,21.2085283,1.3,shopping_city_centru,bus,1,synthetic_gps
2026-05-30 19:21:16,45.7330455,21.2085438,0.76,shopping_city_centru,bus,1,synthetic_gps
2026-05-30 19:21:17,45.7331179,21.2085908,2.37,shopping_city_centru,bus,1,synthetic_gps
2026-05-30 19:21:18,45.7331264,21.2085831,0.76,shopping_city_centru,bus,1,synthetic_gps
2026-05-30 19:21:19,45.7331303,21.2086548,0.69,shopping_city_centru,bus,1,synthetic_gps
2026-05-30 19:21:20,45.7331291,21.2086806,8.69,shopping_city_centru,bus,1,synthetic_gps
2026-05-30 19:21:21,45.7331778,21.2086675,16.69,shopping_city_centru,bus,1,synthetic_gps
2026-05-30 19:21:22,45.733126,21.2085989,24.69,shopping_city_centru,bus,1,synthetic_gps
2026-05-30 19:21:23,45.7330842,21.2086704,16.69,shopping_city_centru,bus,1,synthetic_gps
2026-05-30 19:21:24,45.7331692,21.2086815,24.69,shopping_city_centru,bus,1,synthetic_gps
2026-05-30 19:21:25,45.7331349,21.2086348,32.69,shopping_city_centru,bus,1,synthetic_gps
2026-05-30 19:21:26,45.7332059,21.2087039,24.69,shopping_city_centru,bus,1,synthetic_gps
2026-05-30 19:21:27,45.7331292,21.2088086,23.3,shopping_city_centru,bus,1,synthetic_gps
2026-05-30 19:21:28,45.733183,21.2087066,31.3,shopping_city_centru,bus,1,synthetic_gps
2026-05-30 19:21:29,45.7331797,21.2087793,28.61,shopping_city_centru,bus,1,synthetic_gps
2026-05-30 19:21:30,45.7332257,21.2087338,20.61,shopping_city_centru,bus,1,synthetic_gps
2026-05-30 19:21:31,45.7333022,21.208789,28.61,shopping_city_centru,bus,1,synthetic_gps
2026-05-30 19:21:32,45.7332318,21.208792,30.72,shopping_city_centru,bus,1,synthetic_gps
2026-05-30 19:21:33,45.733297,21.2088371,26.62,shopping_city_centru,bus,1,synthetic_gps
2026-05-30 19:21:34,45.733198,21.2088449,18.62,shopping_city_centru,bus,1,synthetic_gps
2026-05-30 19:21:35,45.7334054,21.2087719,26.62,shopping_city_centru,bus,1,synthetic_gps
2026-05-30 19:21:36,45.7333137,21.2088574,29.79,shopping_city_centru,bus,1,synthetic_gps
2026-05-30 19:21:37,45.7332986,21.2087664,21.79,shopping_city_centru,bus,1,synthetic_gps
2026-05-30 19:21:38,45.7334661,21.2089269,14.39,shopping_city_centru,bus,1,synthetic_gps
2026-05-30 19:21:39,45.7333767,21.208905,22.39,shopping_city_centru,bus,1,synthetic_gps
2026-05-30 19:21:40,45.7333968,21.2088972,14.39,shopping_city_centru,bus,1,synthetic_gps
2026-05-30 19:21:41,45.7333977,21.2089399,21.84,shopping_city_centru,bus,1,synthetic_gps
2026-05-30 19:21:42,45.7334444,21.2089143,25.21,shopping_city_centru,bus,1,synthetic_gps
2026-05-30 19:21:43,45.7333785,21.2088849,24.43,shopping_city_centru,bus,1,synthetic_gps
2026-05-30 19:21:44,45.7334261,21.2089821,22.6,shopping_city_centru,bus,1,synthetic_gps
2026-05-30 19:21:45,45.7334941,21.2091004,30.6,shopping_city_centru,bus,1,synthetic_gps
2026-05-30 19:21:46,45.7334983,21.2089979,24.9,shopping_city_centru,bus,1,synthetic_gps
2026-05-30 19:21:47,45.7335385,21.2090046,29.79,shopping_city_centru,bus,1,synthetic_gps
2026-05-30 19:21:48,45.7335311,21.2090645,23.85,shopping_city_centru,bus,1,synthetic_gps
2026-05-30 19:21:49,45.733615,21.209092,21.35,shopping_city_centru,bus,1,synthetic_gps
2026-05-30 19:21:50,45.7335253,21.2090913,13.35,shopping_city_centru,bus,1,synthetic_gps
2026-05-30 19:21:51,45.7335144,21.209055,21.35,shopping_city_centru,bus,1,synthetic_gps
2026-05-30 19:21:52,45.7335111,21.20911,21.43,shopping_city_centru,bus,1,synthetic_gps
2026-05-30 19:21:53,45.7336403,21.2090915,13.43,shopping_city_centru,bus,1,synthetic_gps
2026-05-30 19:21:54,45.733602,21.2090704,21.43,shopping_city_centru,bus,1,synthetic_gps
2026-05-30 19:21:55,45.7336333,21.2091764,18.32,shopping_city_centru,bus,1,synthetic_gps
2026-05-30 19:21:56,45.7336537,21.2091174,15.08,shopping_city_centru,bus,1,synthetic_gps
2026-05-30 19:21:57,45.7336554,21.2091189,19.07,shopping_city_centru,bus,1,synthetic_gps
2026-05-30 19:21:58,45.7336307,21.2091703,17.87,shopping_city_centru,bus,1,synthetic_gps
2026-05-30 19:21:59,45.7337045,21.2092078,23.35,shopping_city_centru,bus,1,synthetic_gps
2026-05-30 19:22:00,45.7337217,21.2092272,25.0,shopping_city_centru,bus,1,synthetic_gps
2026-05-30 19:22:01,45.733729,21.2093169,33.0,shopping_city_centru,bus,1,synthetic_gps
2026-05-30 19:22:02,45.733764,21.2092048,29.27,shopping_city_centru,bus,1,synthetic_gps
2026-05-30 19:22:03,45.7337261,21.2092294,37.27,shopping_city_centru,bus,1,synthetic_gps
2026-05-30 19:22:04,45.7336551,21.2093131,29.27,shopping_city_centru,bus,1,synthetic_gps
2026-05-30 19:22:05,45.7337284,21.2092404,21.27,shopping_city_centru,bus,1,synthetic_gps
2026-05-30 19:22:06,45.7338175,21.209348,16.63,shopping_city_centru,bus,1,synthetic_gps
2026-05-30 19:22:07,45.7338111,21.2093592,24.63,shopping_city_centru,bus,1,synthetic_gps
2026-05-30 19:22:08,45.7338574,21.2093575,32.63,shopping_city_centru,bus,1,synthetic_gps
2026-05-30 19:22:09,45.7338376,21.2093517,35.78,shopping_city_centru,bus,1,synthetic_gps
2026-05-30 19:22:10,45.7338538,21.2093633,27.78,shopping_city_centru,bus,1,synthetic_gps
2026-05-30 19:22:11,45.7339678,21.2093692,22.84,shopping_city_centru,bus,1,synthetic_gps
2026-05-30 19:22:12,45.7339157,21.2093627,30.84,shopping_city_centru,bus,1,synthetic_gps
2026-05-30 19:22:13,45.7338885,21.2093873,22.84,shopping_city_centru,bus,1,synthetic_gps
2026-05-30 19:22:14,45.7339567,21.2094344,30.84,shopping_city_centru,bus,1,synthetic_gps
2026-05-30 19:22:15,45.7338951,21.2094255,22.84,shopping_city_centru,bus,1,synthetic_gps
2026-05-30 19:22:16,45.7339842,21.2094301,30.84,shopping_city_centru,bus,1,synthetic_gps
2026-05-30 19:22:17,45.7339765,21.2095366,25.01,shopping_city_centru,bus,1,synthetic_gps
2026-05-30 19:22:18,45.7340393,21.2094357,31.04,shopping_city_centru,bus,1,synthetic_gps
2026-05-30 19:22:19,45.7339018,21.2095032,28.98,shopping_city_centru,bus,1,synthetic_gps
2026-05-30 19:22:20,45.733976,21.2095197,36.98,shopping_city_centru,bus,1,synthetic_gps
2026-05-30 19:22:21,45.7340044,21.2095403,36.08,shopping_city_centru,bus,1,synthetic_gps
2026-05-30 19:22:22,45.7340559,21.2094968,37.9,shopping_city_centru,bus,1,synthetic_gps
2026-05-30 19:22:23,45.7340909,21.2094944,39.98,shopping_city_centru,bus,1,synthetic_gps
2026-05-30 19:22:24,45.734062,21.2095428,31.98,shopping_city_centru,bus,1,synthetic_gps
2026-05-30 19:22:25,45.7340075,21.2095872,36.16,shopping_city_centru,bus,1,synthetic_gps
2026-05-30 19:22:26,45.7340993,21.209545,28.66,shopping_city_centru,bus,1,synthetic_gps
2026-05-30 19:22:27,45.7341286,21.2095396,21.57,shopping_city_centru,bus,1,synthetic_gps
2026-05-30 19:22:28,45.7341247,21.2096255,29.57,shopping_city_centru,bus,1,synthetic_gps
2026-05-30 19:22:29,45.7341521,21.2095052,21.57,shopping_city_centru,bus,1,synthetic_gps
2026-05-30 19:22:30,45.7341527,21.2096388,29.57,shopping_city_centru,bus,1,synthetic_gps
2026-05-30 19:22:31,45.7341802,21.2095983,31.83,shopping_city_centru,bus,1,synthetic_gps
2026-05-30 19:22:32,45.7341803,21.2097208,31.28,shopping_city_centru,bus,1,synthetic_gps
2026-05-30 19:22:33,45.7342809,21.2097383,26.18,shopping_city_centru,bus,1,synthetic_gps
2026-05-30 19:22:34,45.7341389,21.2097164,23.18,shopping_city_centru,bus,1,synthetic_gps
2026-05-30 19:22:35,45.7341737,21.2097042,31.18,shopping_city_centru,bus,1,synthetic_gps
2026-05-30 19:22:36,45.7342486,21.2096758,24.87,shopping_city_centru,bus,1,synthetic_gps
2026-05-30 19:22:37,45.7343205,21.2098103,24.01,shopping_city_centru,bus,1,synthetic_gps
2026-05-30 19:22:38,45.7342706,21.209784,16.01,shopping_city_centru,bus,1,synthetic_gps
2026-05-30 19:22:39,45.7342865,21.209812,24.01,shopping_city_centru,bus,1,synthetic_gps
2026-05-30 19:22:40,45.7342254,21.2098017,18.18,shopping_city_centru,bus,1,synthetic_gps
2026-05-30 19:22:41,45.7342293,21.2097952,17.18,shopping_city_centru,bus,1,synthetic_gps
2026-05-30 19:22:42,45.7343435,21.2098442,25.18,shopping_city_centru,bus,1,synthetic_gps
2026-05-30 19:22:43,45.7343235,21.209864,17.18,shopping_city_centru,bus,1,synthetic_gps
2026-05-30 19:22:44,45.7344234,21.2098293,24.28,shopping_city_centru,bus,1,synthetic_gps
2026-05-30 19:22:45,45.7344336,21.2098368,32.28,shopping_city_centru,bus,1,synthetic_gps
2026-05-30 19:22:46,45.7343825,21.2099078,38.0,shopping_city_centru,bus,1,synthetic_gps
2026-05-30 19:22:47,45.7343837,21.2098612,30.0,shopping_city_centru,bus,1,synthetic_gps
2026-05-30 19:22:48,45.7343988,21.2099507,22.0,shopping_city_centru,bus,1,synthetic_gps
2026-05-30 19:22:49,45.7344412,21.2099514,24.26,shopping_city_centru,bus,1,synthetic_gps
2026-05-30 19:22:50,45.7345143,21.2098942,16.26,shopping_city_centru,bus,1,synthetic_gps
2026-05-30 19:22:51,45.7344416,21.2099292,18.76,shopping_city_centru,bus,1,synthetic_gps
2026-05-30 19:22:52,45.7344644,21.2099935,25.8,shopping_city_centru,bus,1,synthetic_gps
2026-05-30 19:22:53,45.7345126,21.2100219,30.96,shopping_city_centru,bus,1,synthetic_gps
2026-05-30 19:22:54,45.7345212,21.2100378,27.77,shopping_city_centru,bus,1,synthetic_gps
2026-05-30 19:22:55,45.7344865,21.2099544,27.54,shopping_city_centru,bus,1,synthetic_gps
2026-05-30 19:22:56,45.7346095,21.2100324,19.54,shopping_city_centru,bus,1,synthetic_gps
2026-05-30 19:22:57,45.7344779,21.2101493,25.63,shopping_city_centru,bus,1,synthetic_gps
2026-05-30 19:22:58,45.7345435,21.2100992,19.09,shopping_city_centru,bus,1,synthetic_gps
2026-05-30 19:22:59,45.7345736,21.210095,26.63,shopping_city_centru,bus,1,synthetic_gps
2026-05-30 19:23:00,45.7345875,21.2100543,23.7,shopping_city_centru,bus,1,synthetic_gps
2026-05-30 19:23:01,45.7346165,21.2100656,27.92,shopping_city_centru,bus,1,synthetic_gps
2026-05-30 19:23:02,45.7346186,21.2100954,19.92,shopping_city_centru,bus,1,synthetic_gps
2026-05-30 19:23:03,45.7345712,21.210092,20.31,shopping_city_centru,bus,1,synthetic_gps
2026-05-30 19:23:04,45.7346594,21.210176,28.31,shopping_city_centru,bus,1,synthetic_gps
2026-05-30 19:23:05,45.7346383,21.2101618,32.41,shopping_city_centru,bus,1,synthetic_gps
2026-05-30 19:23:06,45.7346237,21.2101413,33.55,shopping_city_centru,bus,1,synthetic_gps
2026-05-30 19:23:07,45.7346553,21.2102495,25.55,shopping_city_centru,bus,1,synthetic_gps
2026-05-30 19:23:08,45.734688,21.2102653,24.79,shopping_city_centru,bus,1,synthetic_gps
2026-05-30 19:23:09,45.734708,21.2101258,31.7,shopping_city_centru,bus,1,synthetic_gps
2026-05-30 19:23:10,45.7347545,21.2102312,23.7,shopping_city_centru,bus,1,synthetic_gps
2026-05-30 19:23:11,45.7347773,21.2102307,20.35,shopping_city_centru,bus,1,synthetic_gps
2026-05-30 19:23:12,45.7347977,21.2102978,22.7,shopping_city_centru,bus,1,synthetic_gps
2026-05-30 19:23:13,45.7348034,21.210285,14.7,shopping_city_centru,bus,1,synthetic_gps
2026-05-30 19:23:14,45.734786,21.2103589,21.47,shopping_city_centru,bus,1,synthetic_gps
2026-05-30 19:23:15,45.7346991,21.2103428,16.68,shopping_city_centru,bus,1,synthetic_gps
2026-05-30 19:23:16,45.7348188,21.2103023,24.68,shopping_city_centru,bus,1,synthetic_gps
2026-05-30 19:23:17,45.7348318,21.2103062,32.68,shopping_city_centru,bus,1,synthetic_gps
2026-05-30 19:23:18,45.7348132,21.2102546,28.84,shopping_city_centru,bus,1,synthetic_gps
2026-05-30 19:23:19,45.7348828,21.21035,21.06,shopping_city_centru,bus,1,synthetic_gps
2026-05-30 19:23:20,45.7348842,21.2103363,28.21,shopping_city_centru,bus,1,synthetic_gps
2026-05-30 19:23:21,45.7348921,21.2103166,34.37,shopping_city_centru,bus,1,synthetic_gps
2026-05-30 19:23:22,45.7349084,21.2104537,26.37,shopping_city_centru,bus,1,synthetic_gps
2026-05-30 19:23:23,45.7348631,21.210363,18.37,shopping_city_centru,bus,1,synthetic_gps
2026-05-30 19:23:24,45.734971,21.2104167,26.37,shopping_city_centru,bus,1,synthetic_gps
2026-05-30 19:23:25,45.7350069,21.2104245,29.89,shopping_city_centru,bus,1,synthetic_gps
2026-05-30 19:23:26,45.7350133,21.2103831,31.55,shopping_city_centru,bus,1,synthetic_gps
2026-05-30 19:23:27,45.7350162,21.2104342,23.55,shopping_city_centru,bus,1,synthetic_gps
2026-05-30 19:23:28,45.7349768,21.2105384,19.98,shopping_city_centru,bus,1,synthetic_gps
2026-05-30 19:23:29,45.7349672,21.2105172,22.24,shopping_city_centru,bus,1,synthetic_gps
2026-05-30 19:23:30,45.7350401,21.2105688,14.24,shopping_city_centru,bus,1,synthetic_gps
2026-05-30 19:23:31,45.735078,21.2105216,6.24,shopping_city_centru,bus,1,synthetic_gps
2026-05-30 19:23:32,45.7351138,21.2105441,1.38,shopping_city_centru,bus,1,synthetic_gps
2026-05-30 19:23:33,45.7350419,21.2105534,0.45,shopping_city_centru,bus,1,synthetic_gps
2026-05-30 19:23:34,45.735099,21.2105826,0.59,shopping_city_centru,bus,1,synthetic_gps
2026-05-30 19:23:35,45.7351445,21.2106177,0.7,shopping_city_centru,bus,1,synthetic_gps
2026-05-30 19:23:36,45.7351244,21.2106061,1.34,shopping_city_centru,bus,1,synthetic_gps
2026-05-30 19:23:37,45.7350612,21.2106903,1.22,shopping_city_centru,bus,1,synthetic_gps
2026-05-30 19:23:38,45.735093,21.2105255,0.58,shopping_city_centru,bus,1,synthetic_gps
2026-05-30 19:23:39,45.7352218,21.2106803,0.57,shopping_city_centru,bus,1,synthetic_gps
2026-05-30 19:23:40,45.7352589,21.2106627,1.3,shopping_city_centru,bus,1,synthetic_gps
2026-05-30 19:23:41,45.7352975,21.2106712,1.64,shopping_city_centru,bus,1,synthetic_gps
2026-05-30 19:23:42,45.7351616,21.2107672,0.11,shopping_city_centru,bus,1,synthetic_gps
2026-05-30 19:23:43,45.7351742,21.2106601,0.62,shopping_city_centru,bus,1,synthetic_gps
2026-05-30 19:23:44,45.7352629,21.2107145,0.82,shopping_city_centru,bus,1,synthetic_gps
2026-05-30 19:23:45,45.7352981,21.2107367,0.0,shopping_city_centru,bus,1,synthetic_gps
2026-05-30 19:23:46,45.7353584,21.210804,0.0,shopping_city_centru,bus,1,synthetic_gps
2026-05-30 19:23:47,45.7352837,21.2107053,0.63,shopping_city_centru,bus,1,synthetic_gps
2026-05-30 19:23:48,45.7353071,21.2108306,0.32,shopping_city_centru,bus,1,synthetic_gps
2026-05-30 19:23:49,45.7353042,21.2108135,1.07,shopping_city_centru,bus,1,synthetic_gps
2026-05-30 19:23:50,45.7353282,21.210789,9.07,shopping_city_centru,bus,1,synthetic_gps
2026-05-30 19:23:51,45.7353075,21.2108315,17.07,shopping_city_centru,bus,1,synthetic_gps
2026-05-30 19:23:52,45.7353335,21.210865,21.65,shopping_city_centru,bus,1,synthetic_gps
2026-05-30 19:23:53,45.7353614,21.2109314,13.65,shopping_city_centru,bus,1,synthetic_gps
2026-05-30 19:23:54,45.7354116,21.2108523,5.65,shopping_city_centru,bus,1,synthetic_gps
2026-05-30 19:23:55,45.7353792,21.2108194,13.65,shopping_city_centru,bus,1,synthetic_gps
2026-05-30 19:23:56,45.735405,21.2108916,17.17,shopping_city_centru,bus,1,synthetic_gps
2026-05-30 19:23:57,45.7354817,21.2109377,12.32,shopping_city_centru,bus,1,synthetic_gps
2026-05-30 19:23:58,45.7354385,21.2109072,20.32,shopping_city_centru,bus,1,synthetic_gps
2026-05-30 19:23:59,45.7355458,21.2109324,13.78,shopping_city_centru,bus,1,synthetic_gps
2026-05-30 19:24:00,45.7355284,21.2110301,21.78,shopping_city_centru,bus,1,synthetic_gps
2026-05-30 19:24:01,45.735466,21.2109826,21.61,shopping_city_centru,bus,1,synthetic_gps
2026-05-30 19:24:02,45.735452,21.2110987,25.96,shopping_city_centru,bus,1,synthetic_gps
2026-05-30 19:24:03,45.7355407,21.2110565,23.21,shopping_city_centru,bus,1,synthetic_gps
2026-05-30 19:24:04,45.7355026,21.2110748,15.21,shopping_city_centru,bus,1,synthetic_gps
2026-05-30 19:24:05,45.7355557,21.2111027,11.69,shopping_city_centru,bus,1,synthetic_gps
2026-05-30 19:24:06,45.7355624,21.2110987,19.69,shopping_city_centru,bus,1,synthetic_gps
2026-05-30 19:24:07,45.7355786,21.2111237,21.14,shopping_city_centru,bus,1,synthetic_gps
2026-05-30 19:24:08,45.7356243,21.2111493,13.14,shopping_city_centru,bus,1,synthetic_gps
2026-05-30 19:24:09,45.7355557,21.2111542,21.14,shopping_city_centru,bus,1,synthetic_gps
2026-05-30 19:24:10,45.735699,21.2111114,13.14,shopping_city_centru,bus,1,synthetic_gps
2026-05-30 19:24:11,45.7355729,21.2111986,20.45,shopping_city_centru,bus,1,synthetic_gps
2026-05-30 19:24:12,45.7356241,21.2110989,21.21,shopping_city_centru,bus,1,synthetic_gps
2026-05-30 19:24:13,45.7355989,21.2111857,29.21,shopping_city_centru,bus,1,synthetic_gps
2026-05-30 19:24:14,45.7356747,21.2111886,35.96,shopping_city_centru,bus,1,synthetic_gps
2026-05-30 19:24:15,45.7357677,21.2112026,27.96,shopping_city_centru,bus,1,synthetic_gps
2026-05-30 19:24:16,45.7356751,21.2112038,19.96,shopping_city_centru,bus,1,synthetic_gps
2026-05-30 19:24:17,45.7356604,21.2112313,26.21,shopping_city_centru,bus,1,synthetic_gps
2026-05-30 19:24:18,45.7357285,21.2112411,18.21,shopping_city_centru,bus,1,synthetic_gps
2026-05-30 19:24:19,45.7357307,21.2113341,10.21,shopping_city_centru,bus,1,synthetic_gps
2026-05-30 19:24:20,45.7356504,21.2112012,2.21,shopping_city_centru,bus,1,synthetic_gps
2026-05-30 19:24:21,45.7357712,21.2112149,10.21,shopping_city_centru,bus,1,synthetic_gps
2026-05-30 19:24:22,45.7358787,21.2113072,18.21,shopping_city_centru,bus,1,synthetic_gps
2026-05-30 19:24:23,45.7358146,21.2112974,25.37,shopping_city_centru,bus,1,synthetic_gps
2026-05-30 19:24:24,45.7358336,21.2114109,29.89,shopping_city_centru,bus,1,synthetic_gps
2026-05-30 19:24:25,45.7358769,21.2113722,37.89,shopping_city_centru,bus,1,synthetic_gps
2026-05-30 19:24:26,45.735869,21.2112937,29.89,shopping_city_centru,bus,1,synthetic_gps
2026-05-30 19:24:27,45.7358527,21.2113641,33.79,shopping_city_centru,bus,1,synthetic_gps
2026-05-30 19:24:28,45.7358351,21.2113749,31.62,shopping_city_centru,bus,1,synthetic_gps
2026-05-30 19:24:29,45.7358924,21.2114002,24.91,shopping_city_centru,bus,1,synthetic_gps
2026-05-30 19:24:30,45.7359482,21.2113655,32.91,shopping_city_centru,bus,1,synthetic_gps
2026-05-30 19:24:31,45.7359134,21.2113987,24.91,shopping_city_centru,bus,1,synthetic_gps
2026-05-30 19:24:32,45.7359505,21.2113981,32.91,shopping_city_centru,bus,1,synthetic_gps
2026-05-30 19:24:33,45.7360421,21.2114307,24.91,shopping_city_centru,bus,1,synthetic_gps
2026-05-30 19:24:34,45.7360253,21.2115014,18.21,shopping_city_centru,bus,1,synthetic_gps
2026-05-30 19:24:35,45.7360069,21.2114863,15.87,shopping_city_centru,bus,1,synthetic_gps
2026-05-30 19:24:36,45.7359954,21.2114399,20.73,shopping_city_centru,bus,1,synthetic_gps
2026-05-30 19:24:37,45.7360587,21.2113997,16.23,shopping_city_centru,bus,1,synthetic_gps
2026-05-30 19:24:38,45.7361062,21.2115816,18.71,shopping_city_centru,bus,1,synthetic_gps
2026-05-30 19:24:39,45.7360976,21.2114905,13.59,shopping_city_centru,bus,1,synthetic_gps
2026-05-30 19:24:40,45.7360729,21.211546,21.59,shopping_city_centru,bus,1,synthetic_gps
2026-05-30 19:24:41,45.7361184,21.2115456,13.59,shopping_city_centru,bus,1,synthetic_gps
2026-05-30 19:24:42,45.7360668,21.2115425,9.14,shopping_city_centru,bus,1,synthetic_gps
2026-05-30 19:24:43,45.736116,21.2115249,17.14,shopping_city_centru,bus,1,synthetic_gps
2026-05-30 19:24:44,45.7360618,21.2115505,22.5,shopping_city_centru,bus,1,synthetic_gps
2026-05-30 19:24:45,45.7361408,21.2115933,21.62,shopping_city_centru,bus,1,synthetic_gps
2026-05-30 19:24:46,45.7362231,21.2116382,23.74,shopping_city_centru,bus,1,synthetic_gps
2026-05-30 19:24:47,45.7361216,21.2116429,20.66,shopping_city_centru,bus,1,synthetic_gps
2026-05-30 19:24:48,45.7361611,21.2116857,12.66,shopping_city_centru,bus,1,synthetic_gps
2026-05-30 19:24:49,45.7361932,21.2117008,20.66,shopping_city_centru,bus,1,synthetic_gps
2026-05-30 19:24:50,45.7362139,21.2116582,24.84,shopping_city_centru,bus,1,synthetic_gps
2026-05-30 19:24:51,45.7362544,21.2117911,25.49,shopping_city_centru,bus,1,synthetic_gps
2026-05-30 19:24:52,45.7361902,21.2117276,23.34,shopping_city_centru,bus,1,synthetic_gps
2026-05-30 19:24:53,45.7362832,21.2117147,31.34,shopping_city_centru,bus,1,synthetic_gps
2026-05-30 19:24:54,45.7361857,21.2118495,29.06,shopping_city_centru,bus,1,synthetic_gps
2026-05-30 19:24:55,45.7363225,21.2117415,26.95,shopping_city_centru,bus,1,synthetic_gps
2026-05-30 19:24:56,45.7362737,21.2118028,30.25,shopping_city_centru,bus,1,synthetic_gps
2026-05-30 19:24:57,45.7362618,21.2118311,31.43,shopping_city_centru,bus,1,synthetic_gps
2026-05-30 19:24:58,45.7363404,21.2118434,23.43,shopping_city_centru,bus,1,synthetic_gps
2026-05-30 19:24:59,45.736363,21.2118453,31.43,shopping_city_centru,bus,1,synthetic_gps
2026-05-30 19:25:00,45.7363395,21.2118387,23.43,shopping_city_centru,bus,1,synthetic_gps
2026-05-30 19:25:01,45.736419,21.2118595,16.58,shopping_city_centru,bus,1,synthetic_gps
2026-05-30 19:25:02,45.7363471,21.2119128,11.8,shopping_city_centru,bus,1,synthetic_gps
2026-05-30 19:25:03,45.7364451,21.2117959,14.16,shopping_city_centru,bus,1,synthetic_gps
2026-05-30 19:25:04,45.7365042,21.2118721,8.6,shopping_city_centru,bus,1,synthetic_gps
2026-05-30 19:25:05,45.7364362,21.211969,16.6,shopping_city_centru,bus,1,synthetic_gps
2026-05-30 19:25:06,45.7364261,21.2119082,18.28,shopping_city_centru,bus,1,synthetic_gps
2026-05-30 19:25:07,45.736483,21.2119196,26.28,shopping_city_centru,bus,1,synthetic_gps
2026-05-30 19:25:08,45.7364474,21.2119726,18.28,shopping_city_centru,bus,1,synthetic_gps
2026-05-30 19:25:09,45.7365071,21.2119768,26.28,shopping_city_centru,bus,1,synthetic_gps
2026-05-30 19:25:10,45.7364543,21.2119561,34.28,shopping_city_centru,bus,1,synthetic_gps
2026-05-30 19:25:11,45.7365029,21.2120047,41.33,shopping_city_centru,bus,1,synthetic_gps
2026-05-30 19:25:12,45.7365468,21.2120414,33.33,shopping_city_centru,bus,1,synthetic_gps
2026-05-30 19:25:13,45.73655,21.2120614,25.33,shopping_city_centru,bus,1,synthetic_gps
2026-05-30 19:25:14,45.7365024,21.2120793,26.19,shopping_city_centru,bus,1,synthetic_gps
2026-05-30 19:25:15,45.7364932,21.2121354,18.19,shopping_city_centru,bus,1,synthetic_gps
2026-05-30 19:25:16,45.736628,21.2121093,10.98,shopping_city_centru,bus,1,synthetic_gps
2026-05-30 19:25:17,45.7366194,21.2121139,18.98,shopping_city_centru,bus,1,synthetic_gps
2026-05-30 19:25:18,45.7365749,21.2121697,10.98,shopping_city_centru,bus,1,synthetic_gps
2026-05-30 19:25:19,45.7366267,21.2120617,18.98,shopping_city_centru,bus,1,synthetic_gps
2026-05-30 19:25:20,45.7366618,21.2121533,26.76,shopping_city_centru,bus,1,synthetic_gps
2026-05-30 19:25:21,45.7366579,21.2121768,34.76,shopping_city_centru,bus,1,synthetic_gps
2026-05-30 19:25:22,45.7366292,21.2122198,26.76,shopping_city_centru,bus,1,synthetic_gps
2026-05-30 19:25:23,45.736685,21.2121214,19.29,shopping_city_centru,bus,1,synthetic_gps
2026-05-30 19:25:24,45.7366946,21.2121741,12.13,shopping_city_centru,bus,1,synthetic_gps
2026-05-30 19:25:25,45.7366982,21.2121842,20.13,shopping_city_centru,bus,1,synthetic_gps
2026-05-30 19:25:26,45.7368184,21.2122915,12.13,shopping_city_centru,bus,1,synthetic_gps
2026-05-30 19:25:27,45.736773,21.2122544,20.13,shopping_city_centru,bus,1,synthetic_gps
2026-05-30 19:25:28,45.7367864,21.2121848,28.13,shopping_city_centru,bus,1,synthetic_gps
2026-05-30 19:25:29,45.736793,21.2122228,36.13,shopping_city_centru,bus,1,synthetic_gps
2026-05-30 19:25:30,45.7367989,21.2123066,28.13,shopping_city_centru,bus,1,synthetic_gps
2026-05-30 19:25:31,45.7368075,21.2121949,20.13,shopping_city_centru,bus,1,synthetic_gps
2026-05-30 19:25:32,45.7368585,21.2123149,17.83,shopping_city_centru,bus,1,synthetic_gps
2026-05-30 19:25:33,45.7368623,21.2123436,12.31,shopping_city_centru,bus,1,synthetic_gps
2026-05-30 19:25:34,45.7367919,21.2124262,20.31,shopping_city_centru,bus,1,synthetic_gps
2026-05-30 19:25:35,45.7368931,21.2124133,28.31,shopping_city_centru,bus,1,synthetic_gps
2026-05-30 19:25:36,45.7368412,21.2123665,20.31,shopping_city_centru,bus,1,synthetic_gps
2026-05-30 19:25:37,45.7368949,21.212432,24.3,shopping_city_centru,bus,1,synthetic_gps
2026-05-30 19:25:38,45.7369134,21.2124205,25.02,shopping_city_centru,bus,1,synthetic_gps
2026-05-30 19:25:39,45.7368707,21.2124222,33.02,shopping_city_centru,bus,1,synthetic_gps
2026-05-30 19:25:40,45.736946,21.2124669,25.02,shopping_city_centru,bus,1,synthetic_gps
2026-05-30 19:25:41,45.7369519,21.2123977,17.02,shopping_city_centru,bus,1,synthetic_gps
2026-05-30 19:25:42,45.7370051,21.2124641,14.46,shopping_city_centru,bus,1,synthetic_gps
2026-05-30 19:25:43,45.7369749,21.2125061,22.46,shopping_city_centru,bus,1,synthetic_gps
2026-05-30 19:25:44,45.737022,21.2125183,24.19,shopping_city_centru,bus,1,synthetic_gps
2026-05-30 19:25:45,45.7369965,21.2124905,23.32,shopping_city_centru,bus,1,synthetic_gps
2026-05-30 19:25:46,45.7370917,21.2126278,18.28,shopping_city_centru,bus,1,synthetic_gps
2026-05-30 19:25:47,45.7370981,21.21254,26.28,shopping_city_centru,bus,1,synthetic_gps
2026-05-30 19:25:48,45.7370583,21.2125293,27.81,shopping_city_centru,bus,1,synthetic_gps
2026-05-30 19:25:49,45.7369703,21.212629,27.7,shopping_city_centru,bus,1,synthetic_gps
2026-05-30 19:25:50,45.7371432,21.212653,25.47,shopping_city_centru,bus,1,synthetic_gps
2026-05-30 19:25:51,45.7370799,21.2125925,29.32,shopping_city_centru,bus,1,synthetic_gps
2026-05-30 19:25:52,45.737104,21.2125693,21.32,shopping_city_centru,bus,1,synthetic_gps
2026-05-30 19:25:53,45.7371197,21.2125584,16.17,shopping_city_centru,bus,1,synthetic_gps
2026-05-30 19:25:54,45.7371717,21.2126165,24.17,shopping_city_centru,bus,1,synthetic_gps
2026-05-30 19:25:55,45.7372519,21.2126506,16.17,shopping_city_centru,bus,1,synthetic_gps
2026-05-30 19:25:56,45.7372201,21.212602,24.17,shopping_city_centru,bus,1,synthetic_gps
2026-05-30 19:25:57,45.7372381,21.2126683,20.32,shopping_city_centru,bus,1,synthetic_gps
2026-05-30 19:25:58,45.7372252,21.2127171,13.95,shopping_city_centru,bus,1,synthetic_gps
2026-05-30 19:25:59,45.7371892,21.2127857,18.05,shopping_city_centru,bus,1,synthetic_gps
2026-05-30 19:26:00,45.7372657,21.2127583,10.05,shopping_city_centru,bus,1,synthetic_gps
2026-05-30 19:26:01,45.7372412,21.2127355,2.05,shopping_city_centru,bus,1,synthetic_gps
2026-05-30 19:26:02,45.7372165,21.2127851,1.38,shopping_city_centru,bus,1,synthetic_gps
2026-05-30 19:26:03,45.7372779,21.2127659,0.0,shopping_city_centru,bus,1,synthetic_gps
2026-05-30 19:26:04,45.7372593,21.2127628,1.61,shopping_city_centru,bus,1,synthetic_gps
2026-05-30 19:26:05,45.7373673,21.212871,2.17,shopping_city_centru,bus,1,synthetic_gps
2026-05-30 19:26:06,45.7372478,21.212853,0.74,shopping_city_centru,bus,1,synthetic_gps
2026-05-30 19:26:07,45.7373099,21.2129112,0.59,shopping_city_centru,bus,1,synthetic_gps
2026-05-30 19:26:08,45.7373323,21.2127955,0.73,shopping_city_centru,bus,1,synthetic_gps
2026-05-30 19:26:09,45.7373193,21.2128031,0.07,shopping_city_centru,bus,1,synthetic_gps
2026-05-30 19:26:10,45.7373688,21.2128438,0.57,shopping_city_centru,bus,1,synthetic_gps
2026-05-30 19:26:11,45.7374406,21.2129749,0.59,shopping_city_centru,bus,1,synthetic_gps
2026-05-30 19:26:12,45.7374602,21.2127856,1.56,shopping_city_centru,bus,1,synthetic_gps
2026-05-30 19:26:13,45.7374238,21.2129298,1.74,shopping_city_centru,bus,1,synthetic_gps
2026-05-30 19:26:14,45.7373939,21.2129503,0.9,shopping_city_centru,bus,1,synthetic_gps
2026-05-30 19:26:15,45.7374506,21.2129541,0.95,shopping_city_centru,bus,1,synthetic_gps
2026-05-30 19:26:16,45.7375456,21.21302,0.88,shopping_city_centru,bus,1,synthetic_gps
2026-05-30 19:26:17,45.7374804,21.2130299,0.79,shopping_city_centru,bus,1,synthetic_gps
2026-05-30 19:26:18,45.7374913,21.212995,1.71,shopping_city_centru,bus,1,synthetic_gps
2026-05-30 19:26:19,45.7374657,21.2129835,0.51,shopping_city_centru,bus,1,synthetic_gps
2026-05-30 19:26:20,45.7375257,21.213004,8.51,shopping_city_centru,bus,1,synthetic_gps
2026-05-30 19:26:21,45.7375967,21.2130297,16.51,shopping_city_centru,bus,1,synthetic_gps
2026-05-30 19:26:22,45.7374932,21.2130093,24.51,shopping_city_centru,bus,1,synthetic_gps
2026-05-30 19:26:23,45.7376123,21.2131336,16.51,shopping_city_centru,bus,1,synthetic_gps
2026-05-30 19:26:24,45.7375501,21.2130847,14.42,shopping_city_centru,bus,1,synthetic_gps
2026-05-30 19:26:25,45.7376418,21.2130851,9.25,shopping_city_centru,bus,1,synthetic_gps
2026-05-30 19:26:26,45.7376237,21.2130667,15.15,shopping_city_centru,bus,1,synthetic_gps
2026-05-30 19:26:27,45.737659,21.2131684,23.15,shopping_city_centru,bus,1,synthetic_gps
2026-05-30 19:26:28,45.7376709,21.2131242,22.63,shopping_city_centru,bus,1,synthetic_gps
2026-05-30 19:26:29,45.7376081,21.2131037,14.63,shopping_city_centru,bus,1,synthetic_gps
2026-05-30 19:26:30,45.7376834,21.2131671,22.63,shopping_city_centru,bus,1,synthetic_gps
2026-05-30 19:26:31,45.7376636,21.2132111,24.25,shopping_city_centru,bus,1,synthetic_gps
2026-05-30 19:26:32,45.7376703,21.2132178,16.25,shopping_city_centru,bus,1,synthetic_gps
2026-05-30 19:26:33,45.7377358,21.2131746,15.26,shopping_city_centru,bus,1,synthetic_gps
2026-05-30 19:26:34,45.7377529,21.2132771,14.1,shopping_city_centru,bus,1,synthetic_gps
2026-05-30 19:26:35,45.737749,21.2132214,18.04,shopping_city_centru,bus,1,synthetic_gps
2026-05-30 19:26:36,45.7378352,21.2132494,26.04,shopping_city_centru,bus,1,synthetic_gps
2026-05-30 19:26:37,45.7377354,21.2132522,26.38,shopping_city_centru,bus,1,synthetic_gps
2026-05-30 19:26:38,45.7378575,21.2133187,28.47,shopping_city_centru,bus,1,synthetic_gps
2026-05-30 19:26:39,45.7378837,21.2133509,32.37,shopping_city_centru,bus,1,synthetic_gps
2026-05-30 19:26:40,45.7378351,21.2133228,34.91,shopping_city_centru,bus,1,synthetic_gps
2026-05-30 19:26:41,45.7377961,21.2133475,28.59,shopping_city_centru,bus,1,synthetic_gps
2026-05-30 19:26:42,45.7378438,21.2133067,20.59,shopping_city_centru,bus,1,synthetic_gps
2026-05-30 19:26:43,45.7378827,21.2133892,28.59,shopping_city_centru,bus,1,synthetic_gps
2026-05-30 19:26:44,45.7378208,21.2134402,20.59,shopping_city_centru,bus,1,synthetic_gps
2026-05-30 19:26:45,45.7379984,21.2134754,18.62,shopping_city_centru,bus,1,synthetic_gps
2026-05-30 19:26:46,45.7379293,21.2134038,13.19,shopping_city_centru,bus,1,synthetic_gps
2026-05-30 19:26:47,45.737938,21.2133372,21.19,shopping_city_centru,bus,1,synthetic_gps
2026-05-30 19:26:48,45.7379312,21.2134141,28.27,shopping_city_centru,bus,1,synthetic_gps
2026-05-30 19:26:49,45.7379149,21.2135092,20.27,shopping_city_centru,bus,1,synthetic_gps
2026-05-30 19:26:50,45.7379244,21.2134333,25.11,shopping_city_centru,bus,1,synthetic_gps
2026-05-30 19:26:51,45.7379565,21.2135067,31.28,shopping_city_centru,bus,1,synthetic_gps
2026-05-30 19:26:52,45.7379712,21.2134462,23.28,shopping_city_centru,bus,1,synthetic_gps
2026-05-30 19:26:53,45.7380861,21.2134869,23.57,shopping_city_centru,bus,1,synthetic_gps
2026-05-30 19:26:54,45.7379577,21.2135093,26.51,shopping_city_centru,bus,1,synthetic_gps
2026-05-30 19:26:55,45.7379748,21.2135311,34.51,shopping_city_centru,bus,1,synthetic_gps
2026-05-30 19:26:56,45.7381138,21.2135987,28.46,shopping_city_centru,bus,1,synthetic_gps
2026-05-30 19:26:57,45.7380738,21.2135598,21.86,shopping_city_centru,bus,1,synthetic_gps
2026-05-30 19:26:58,45.7380865,21.2136267,26.45,shopping_city_centru,bus,1,synthetic_gps
2026-05-30 19:26:59,45.738154,21.2137135,34.45,shopping_city_centru,bus,1,synthetic_gps
2026-05-30 19:27:00,45.7380751,21.2135855,28.2,shopping_city_centru,bus,1,synthetic_gps
2026-05-30 19:27:01,45.7381504,21.2136508,27.16,shopping_city_centru,bus,1,synthetic_gps
2026-05-30 19:27:02,45.7380747,21.2135888,29.59,shopping_city_centru,bus,1,synthetic_gps
2026-05-30 19:27:03,45.7381806,21.2137091,25.73,shopping_city_centru,bus,1,synthetic_gps
2026-05-30 19:27:04,45.7381762,21.2137492,23.81,shopping_city_centru,bus,1,synthetic_gps
2026-05-30 19:27:05,45.7382131,21.213725,21.84,shopping_city_centru,bus,1,synthetic_gps
2026-05-30 19:27:06,45.7382327,21.2136701,27.01,shopping_city_centru,bus,1,synthetic_gps
2026-05-30 19:27:07,45.7381906,21.2137123,29.8,shopping_city_centru,bus,1,synthetic_gps
2026-05-30 19:27:08,45.7382418,21.2137004,21.8,shopping_city_centru,bus,1,synthetic_gps
2026-05-30 19:27:09,45.7382148,21.2137875,29.8,shopping_city_centru,bus,1,synthetic_gps
2026-05-30 19:27:10,45.738247,21.2137755,37.53,shopping_city_centru,bus,1,synthetic_gps
2026-05-30 19:27:11,45.7383113,21.2138232,29.53,shopping_city_centru,bus,1,synthetic_gps
2026-05-30 19:27:12,45.7383066,21.2138392,32.7,shopping_city_centru,bus,1,synthetic_gps
2026-05-30 19:27:13,45.7382899,21.2138067,36.27,shopping_city_centru,bus,1,synthetic_gps
2026-05-30 19:27:14,45.738356,21.21377,28.27,shopping_city_centru,bus,1,synthetic_gps
2026-05-30 19:27:15,45.7383605,21.2139,32.98,shopping_city_centru,bus,1,synthetic_gps
2026-05-30 19:27:16,45.7383683,21.2138106,29.54,shopping_city_centru,bus,1,synthetic_gps
2026-05-30 19:27:17,45.738388,21.2139129,21.54,shopping_city_centru,bus,1,synthetic_gps
2026-05-30 19:27:18,45.7383535,21.2138353,25.15,shopping_city_centru,bus,1,synthetic_gps
2026-05-30 19:27:19,45.738426,21.2138591,22.57,shopping_city_centru,bus,1,synthetic_gps
2026-05-30 19:27:20,45.7383899,21.2138613,26.26,shopping_city_centru,bus,1,synthetic_gps
2026-05-30 19:27:21,45.7384194,21.2139635,34.26,shopping_city_centru,bus,1,synthetic_gps
2026-05-30 19:27:22,45.7383895,21.2139468,26.26,shopping_city_centru,bus,1,synthetic_gps
2026-05-30 19:27:23,45.7384069,21.2139563,30.03,shopping_city_centru,bus,1,synthetic_gps
2026-05-30 19:27:24,45.7385302,21.2139978,22.03,shopping_city_centru,bus,1,synthetic_gps
2026-05-30 19:27:25,45.7384995,21.2139793,14.03,shopping_city_centru,bus,1,synthetic_gps
2026-05-30 19:27:26,45.7384413,21.213987,22.03,shopping_city_centru,bus,1,synthetic_gps
2026-05-30 19:27:27,45.7385534,21.2139816,26.41,shopping_city_centru,bus,1,synthetic_gps
2026-05-30 19:27:28,45.7385208,21.2140009,34.41,shopping_city_centru,bus,1,synthetic_gps
2026-05-30 19:27:29,45.7386366,21.2140663,27.39,shopping_city_centru,bus,1,synthetic_gps
2026-05-30 19:27:30,45.7385321,21.2140945,22.96,shopping_city_centru,bus,1,synthetic_gps
2026-05-30 19:27:31,45.7385867,21.2140666,14.96,shopping_city_centru,bus,1,synthetic_gps
2026-05-30 19:27:32,45.7386017,21.2141205,22.96,shopping_city_centru,bus,1,synthetic_gps
2026-05-30 19:27:33,45.7385688,21.2141128,30.96,shopping_city_centru,bus,1,synthetic_gps
2026-05-30 19:27:34,45.7385269,21.2141604,23.02,shopping_city_centru,bus,1,synthetic_gps
2026-05-30 19:27:35,45.7387032,21.2142184,24.67,shopping_city_centru,bus,1,synthetic_gps
2026-05-30 19:27:36,45.7386535,21.2142293,25.19,shopping_city_centru,bus,1,synthetic_gps
2026-05-30 19:27:37,45.7385876,21.2142252,26.4,shopping_city_centru,bus,1,synthetic_gps
2026-05-30 19:27:38,45.7386482,21.2142186,18.4,shopping_city_centru,bus,1,synthetic_gps
2026-05-30 19:27:39,45.7387517,21.2141545,17.09,shopping_city_centru,bus,1,synthetic_gps
2026-05-30 19:27:40,45.7387148,21.2142205,25.09,shopping_city_centru,bus,1,synthetic_gps
2026-05-30 19:27:41,45.7386695,21.214194,28.86,shopping_city_centru,bus,1,synthetic_gps
2026-05-30 19:27:42,45.7388108,21.2142703,36.86,shopping_city_centru,bus,1,synthetic_gps
2026-05-30 19:27:43,45.7387562,21.2142839,28.86,shopping_city_centru,bus,1,synthetic_gps
2026-05-30 19:27:44,45.7387862,21.2142341,35.35,shopping_city_centru,bus,1,synthetic_gps
2026-05-30 19:27:45,45.7388441,21.2142775,27.35,shopping_city_centru,bus,1,synthetic_gps
2026-05-30 19:27:46,45.7388324,21.2142325,19.35,shopping_city_centru,bus,1,synthetic_gps
2026-05-30 19:27:47,45.7388053,21.2142754,14.23,shopping_city_centru,bus,1,synthetic_gps
2026-05-30 19:27:48,45.7388829,21.214299,22.23,shopping_city_centru,bus,1,synthetic_gps
2026-05-30 19:27:49,45.738839,21.2142936,15.21,shopping_city_centru,bus,1,synthetic_gps
2026-05-30 19:27:50,45.7388816,21.2144233,23.21,shopping_city_centru,bus,1,synthetic_gps
2026-05-30 19:27:51,45.7388556,21.2144049,18.85,shopping_city_centru,bus,1,synthetic_gps
2026-05-30 19:27:52,45.7387814,21.2143794,22.26,shopping_city_centru,bus,1,synthetic_gps
2026-05-30 19:27:53,45.7388382,21.2144434,17.49,shopping_city_centru,bus,1,synthetic_gps
2026-05-30 19:27:54,45.7389546,21.2144556,13.88,shopping_city_centru,bus,1,synthetic_gps
2026-05-30 19:27:55,45.7389197,21.2145057,12.47,shopping_city_centru,bus,1,synthetic_gps
2026-05-30 19:27:56,45.7389206,21.2145333,20.47,shopping_city_centru,bus,1,synthetic_gps
2026-05-30 19:27:57,45.7389263,21.2144992,23.02,shopping_city_centru,bus,1,synthetic_gps
2026-05-30 19:27:58,45.7389163,21.2144588,19.02,shopping_city_centru,bus,1,synthetic_gps
2026-05-30 19:27:59,45.7389281,21.2144617,25.14,shopping_city_centru,bus,1,synthetic_gps
2026-05-30 19:28:00,45.7390169,21.2145023,33.14,shopping_city_centru,bus,1,synthetic_gps
2026-05-30 19:28:01,45.7389658,21.2145255,29.46,shopping_city_centru,bus,1,synthetic_gps
2026-05-30 19:28:02,45.7390845,21.2144875,34.0,shopping_city_centru,bus,1,synthetic_gps
2026-05-30 19:28:03,45.7391185,21.2145138,26.0,shopping_city_centru,bus,1,synthetic_gps
2026-05-30 19:28:04,45.7391098,21.2145363,18.0,shopping_city_centru,bus,1,synthetic_gps
2026-05-30 19:28:05,45.7391206,21.2145527,26.0,shopping_city_centru,bus,1,synthetic_gps
2026-05-30 19:28:06,45.739162,21.2146194,34.0,shopping_city_centru,bus,1,synthetic_gps
2026-05-30 19:28:07,45.7390895,21.2145878,26.0,shopping_city_centru,bus,1,synthetic_gps
2026-05-30 19:28:08,45.7390468,21.2145727,18.0,shopping_city_centru,bus,1,synthetic_gps
2026-05-30 19:28:09,45.7391491,21.2145788,26.0,shopping_city_centru,bus,1,synthetic_gps
2026-05-30 19:28:10,45.7390662,21.2146081,34.0,shopping_city_centru,bus,1,synthetic_gps
2026-05-30 19:28:11,45.7391941,21.2145816,26.0,shopping_city_centru,bus,1,synthetic_gps
2026-05-30 19:28:12,45.7391458,21.2146127,18.0,shopping_city_centru,bus,1,synthetic_gps
2026-05-30 19:28:13,45.7391864,21.2146695,26.0,shopping_city_centru,bus,1,synthetic_gps
2026-05-30 19:28:14,45.7392402,21.2146471,27.36,shopping_city_centru,bus,1,synthetic_gps
2026-05-30 19:28:15,45.739289,21.2146567,26.26,shopping_city_centru,bus,1,synthetic_gps
2026-05-30 19:28:16,45.739241,21.2146793,25.13,shopping_city_centru,bus,1,synthetic_gps
2026-05-30 19:28:17,45.7392258,21.2147745,24.06,shopping_city_centru,bus,1,synthetic_gps
2026-05-30 19:28:18,45.7393294,21.214705,30.22,shopping_city_centru,bus,1,synthetic_gps
2026-05-30 19:28:19,45.7392978,21.2147717,22.22,shopping_city_centru,bus,1,synthetic_gps
2026-05-30 19:28:20,45.7394185,21.2146953,28.36,shopping_city_centru,bus,1,synthetic_gps
2026-05-30 19:28:21,45.7393506,21.2147835,28.46,shopping_city_centru,bus,1,synthetic_gps
2026-05-30 19:28:22,45.7393394,21.2147787,20.46,shopping_city_centru,bus,1,synthetic_gps
2026-05-30 19:28:23,45.7393204,21.2147927,13.65,shopping_city_centru,bus,1,synthetic_gps
2026-05-30 19:28:24,45.7393968,21.2147241,18.91,shopping_city_centru,bus,1,synthetic_gps
2026-05-30 19:28:25,45.7393668,21.2148252,22.1,shopping_city_centru,bus,1,synthetic_gps
2026-05-30 19:28:26,45.739409,21.2147713,14.1,shopping_city_centru,bus,1,synthetic_gps
2026-05-30 19:28:27,45.7393911,21.2148155,7.2,shopping_city_centru,bus,1,synthetic_gps
2026-05-30 19:28:28,45.7395004,21.2148485,15.2,shopping_city_centru,bus,1,synthetic_gps
2026-05-30 19:28:29,45.7395196,21.2148257,8.36,shopping_city_centru,bus,1,synthetic_gps
2026-05-30 19:28:30,45.7395294,21.2148812,0.48,shopping_city_centru,bus,1,synthetic_gps
2026-05-30 19:28:31,45.7395072,21.214903,1.37,shopping_city_centru,bus,1,synthetic_gps
2026-05-30 19:28:32,45.7395484,21.2147968,0.86,shopping_city_centru,bus,1,synthetic_gps
2026-05-30 19:28:33,45.7395022,21.2149796,0.68,shopping_city_centru,bus,1,synthetic_gps
2026-05-30 19:28:34,45.7395873,21.2149663,0.0,shopping_city_centru,bus,1,synthetic_gps
2026-05-30 19:28:35,45.7395791,21.2150275,1.54,shopping_city_centru,bus,1,synthetic_gps
2026-05-30 19:28:36,45.7395929,21.2149903,1.71,shopping_city_centru,bus,1,synthetic_gps
2026-05-30 19:28:37,45.7396057,21.2149703,1.79,shopping_city_centru,bus,1,synthetic_gps
2026-05-30 19:28:38,45.7396222,21.2150146,0.64,shopping_city_centru,bus,1,synthetic_gps
2026-05-30 19:28:39,45.739622,21.2149354,1.23,shopping_city_centru,bus,1,synthetic_gps
2026-05-30 19:28:40,45.7396709,21.2150532,1.14,shopping_city_centru,bus,1,synthetic_gps
2026-05-30 19:28:41,45.7397554,21.2150227,1.19,shopping_city_centru,bus,1,synthetic_gps
2026-05-30 19:28:42,45.7396563,21.2151203,0.43,shopping_city_centru,bus,1,synthetic_gps
2026-05-30 19:28:43,45.7396875,21.2150068,0.81,shopping_city_centru,bus,1,synthetic_gps
2026-05-30 19:28:44,45.7397052,21.2150318,0.29,shopping_city_centru,bus,1,synthetic_gps
2026-05-30 19:28:45,45.7397223,21.2151074,1.67,shopping_city_centru,bus,1,synthetic_gps
2026-05-30 19:28:46,45.7397542,21.2150666,0.7,shopping_city_centru,bus,1,synthetic_gps
2026-05-30 19:28:47,45.7398266,21.2151648,2.45,shopping_city_centru,bus,1,synthetic_gps
2026-05-30 19:28:48,45.7398526,21.2151544,1.95,shopping_city_centru,bus,1,synthetic_gps
2026-05-30 19:28:49,45.7399225,21.2151143,1.09,shopping_city_centru,bus,1,synthetic_gps
2026-05-30 19:28:50,45.7398245,21.2151236,9.09,shopping_city_centru,bus,1,synthetic_gps
2026-05-30 19:28:51,45.7399165,21.2151554,17.09,shopping_city_centru,bus,1,synthetic_gps
2026-05-30 19:28:52,45.739874,21.2152,25.09,shopping_city_centru,bus,1,synthetic_gps
2026-05-30 19:28:53,45.7398289,21.2151623,17.09,shopping_city_centru,bus,1,synthetic_gps
2026-05-30 19:28:54,45.7398488,21.215224,25.09,shopping_city_centru,bus,1,synthetic_gps
2026-05-30 19:28:55,45.739937,21.2152389,20.57,shopping_city_centru,bus,1,synthetic_gps
2026-05-30 19:28:56,45.7398517,21.2151086,22.23,shopping_city_centru,bus,1,synthetic_gps
2026-05-30 19:28:57,45.7398972,21.2151545,18.75,shopping_city_centru,bus,1,synthetic_gps
2026-05-30 19:28:58,45.7399997,21.2152657,21.59,shopping_city_centru,bus,1,synthetic_gps
2026-05-30 19:28:59,45.7399883,21.2152479,13.59,shopping_city_centru,bus,1,synthetic_gps
2026-05-30 19:29:00,45.7399515,21.2152313,21.59,shopping_city_centru,bus,1,synthetic_gps
2026-05-30 19:29:01,45.7399824,21.215293,19.58,shopping_city_centru,bus,1,synthetic_gps
2026-05-30 19:29:02,45.7400625,21.2153429,24.94,shopping_city_centru,bus,1,synthetic_gps
2026-05-30 19:29:03,45.7400116,21.215201,16.94,shopping_city_centru,bus,1,synthetic_gps
2026-05-30 19:29:04,45.7400536,21.2153277,24.9,shopping_city_centru,bus,1,synthetic_gps
2026-05-30 19:29:05,45.7400816,21.2153809,20.91,shopping_city_centru,bus,1,synthetic_gps
2026-05-30 19:29:06,45.7401038,21.2153149,28.91,shopping_city_centru,bus,1,synthetic_gps
2026-05-30 19:29:07,45.7401192,21.2153335,23.5,shopping_city_centru,bus,1,synthetic_gps
2026-05-30 19:29:08,45.7402191,21.2153868,15.5,shopping_city_centru,bus,1,synthetic_gps
2026-05-30 19:29:09,45.7401314,21.2153316,23.5,shopping_city_centru,bus,1,synthetic_gps
2026-05-30 19:29:10,45.7402411,21.2153861,19.47,shopping_city_centru,bus,1,synthetic_gps
2026-05-30 19:29:11,45.7401595,21.2153414,22.84,shopping_city_centru,bus,1,synthetic_gps
2026-05-30 19:29:12,45.7401949,21.2155032,23.64,shopping_city_centru,bus,1,synthetic_gps
2026-05-30 19:29:13,45.7402046,21.2154632,20.12,shopping_city_centru,bus,1,synthetic_gps
2026-05-30 19:29:14,45.7402272,21.2154472,28.12,shopping_city_centru,bus,1,synthetic_gps
2026-05-30 19:29:15,45.7401569,21.21549,20.12,shopping_city_centru,bus,1,synthetic_gps
2026-05-30 19:29:16,45.7402773,21.2154958,28.12,shopping_city_centru,bus,1,synthetic_gps
2026-05-30 19:29:17,45.7402271,21.2154724,31.62,shopping_city_centru,bus,1,synthetic_gps
2026-05-30 19:29:18,45.7402668,21.215547,23.62,shopping_city_centru,bus,1,synthetic_gps
2026-05-30 19:29:19,45.7403091,21.2155131,21.48,shopping_city_centru,bus,1,synthetic_gps
2026-05-30 19:29:20,45.7402902,21.2155611,29.48,shopping_city_centru,bus,1,synthetic_gps
2026-05-30 19:29:21,45.7403371,21.2154963,37.48,shopping_city_centru,bus,1,synthetic_gps
2026-05-30 19:29:22,45.7403753,21.2155556,33.24,shopping_city_centru,bus,1,synthetic_gps
2026-05-30 19:29:23,45.7404528,21.21555,25.24,shopping_city_centru,bus,1,synthetic_gps
2026-05-30 19:29:24,45.7403978,21.2156114,32.15,shopping_city_centru,bus,1,synthetic_gps
2026-05-30 19:29:25,45.7404673,21.2156228,24.15,shopping_city_centru,bus,1,synthetic_gps
2026-05-30 19:29:26,45.7403518,21.2155262,32.15,shopping_city_centru,bus,1,synthetic_gps
2026-05-30 19:29:27,45.74046,21.2155358,29.97,shopping_city_centru,bus,1,synthetic_gps
2026-05-30 19:29:28,45.7404831,21.2156695,26.95,shopping_city_centru,bus,1,synthetic_gps
2026-05-30 19:29:29,45.7404174,21.2156205,28.57,shopping_city_centru,bus,1,synthetic_gps
2026-05-30 19:29:30,45.7404615,21.2156133,26.03,shopping_city_centru,bus,1,synthetic_gps
2026-05-30 19:29:31,45.7404778,21.2155881,18.03,shopping_city_centru,bus,1,synthetic_gps
2026-05-30 19:29:32,45.7404906,21.2156526,25.47,shopping_city_centru,bus,1,synthetic_gps
2026-05-30 19:29:33,45.7406157,21.2157316,28.07,shopping_city_centru,bus,1,synthetic_gps
2026-05-30 19:29:34,45.7406504,21.215767,20.55,shopping_city_centru,bus,1,synthetic_gps
2026-05-30 19:29:35,45.7406288,21.2156475,25.42,shopping_city_centru,bus,1,synthetic_gps
2026-05-30 19:29:36,45.7406135,21.2156588,33.42,shopping_city_centru,bus,1,synthetic_gps
2026-05-30 19:29:37,45.7406326,21.2157568,31.17,shopping_city_centru,bus,1,synthetic_gps
2026-05-30 19:29:38,45.7406557,21.2157327,23.17,shopping_city_centru,bus,1,synthetic_gps
2026-05-30 19:29:39,45.7406017,21.2157502,16.32,shopping_city_centru,bus,1,synthetic_gps
2026-05-30 19:29:40,45.7406527,21.2157466,11.88,shopping_city_centru,bus,1,synthetic_gps
2026-05-30 19:29:41,45.7406614,21.2157842,19.88,shopping_city_centru,bus,1,synthetic_gps
2026-05-30 19:29:42,45.7407404,21.2158015,22.33,shopping_city_centru,bus,1,synthetic_gps
2026-05-30 19:29:43,45.7407172,21.215888,23.84,shopping_city_centru,bus,1,synthetic_gps
2026-05-30 19:29:44,45.7407315,21.2158429,22.8,shopping_city_centru,bus,1,synthetic_gps
2026-05-30 19:29:45,45.7407336,21.215827,29.71,shopping_city_centru,bus,1,synthetic_gps
2026-05-30 19:29:46,45.7407994,21.2158398,28.19,shopping_city_centru,bus,1,synthetic_gps
2026-05-30 19:29:47,45.740855,21.2158493,29.67,shopping_city_centru,bus,1,synthetic_gps
2026-05-30 19:29:48,45.74082,21.2159024,21.67,shopping_city_centru,bus,1,synthetic_gps
2026-05-30 19:29:49,45.7408832,21.2159081,29.67,shopping_city_centru,bus,1,synthetic_gps
2026-05-30 19:29:50,45.740818,21.215843,30.9,shopping_city_centru,bus,1,synthetic_gps
2026-05-30 19:29:51,45.7407965,21.2158999,27.27,shopping_city_centru,bus,1,synthetic_gps
2026-05-30 19:29:52,45.7409512,21.215892,27.07,shopping_city_centru,bus,1,synthetic_gps
2026-05-30 19:29:53,45.7408288,21.2159928,24.14,shopping_city_centru,bus,1,synthetic_gps
2026-05-30 19:29:54,45.7408739,21.2160003,32.14,shopping_city_centru,bus,1,synthetic_gps
2026-05-30 19:29:55,45.740958,21.2159839,36.0,shopping_city_centru,bus,1,synthetic_gps
2026-05-30 19:29:56,45.7409281,21.2160054,28.0,shopping_city_centru,bus,1,synthetic_gps
2026-05-30 19:29:57,45.7408946,21.2160111,36.0,shopping_city_centru,bus,1,synthetic_gps
2026-05-30 19:29:58,45.7409661,21.2160649,28.0,shopping_city_centru,bus,1,synthetic_gps
2026-05-30 19:29:59,45.7410242,21.2160952,31.34,shopping_city_centru,bus,1,synthetic_gps
2026-05-30 19:30:00,45.741105,21.2160268,23.34,shopping_city_centru,bus,1,synthetic_gps
2026-05-30 19:30:01,45.741002,21.2160729,31.34,shopping_city_centru,bus,1,synthetic_gps
2026-05-30 19:30:02,45.7410139,21.2160571,23.34,shopping_city_centru,bus,1,synthetic_gps
2026-05-30 19:30:03,45.7410633,21.2160179,31.34,shopping_city_centru,bus,1,synthetic_gps
2026-05-30 19:30:04,45.7410603,21.2161507,30.96,shopping_city_centru,bus,1,synthetic_gps
2026-05-30 19:30:05,45.7411019,21.2160924,22.96,shopping_city_centru,bus,1,synthetic_gps
2026-05-30 19:30:06,45.7410628,21.216126,14.96,shopping_city_centru,bus,1,synthetic_gps
2026-05-30 19:30:07,45.7410509,21.216093,22.96,shopping_city_centru,bus,1,synthetic_gps
2026-05-30 19:30:08,45.7410527,21.2160993,29.85,shopping_city_centru,bus,1,synthetic_gps
2026-05-30 19:30:09,45.741159,21.2161427,24.51,shopping_city_centru,bus,1,synthetic_gps
2026-05-30 19:30:10,45.7412353,21.216143,22.1,shopping_city_centru,bus,1,synthetic_gps
2026-05-30 19:30:11,45.7411256,21.2161744,26.6,shopping_city_centru,bus,1,synthetic_gps
2026-05-30 19:30:12,45.7412043,21.2162462,18.6,shopping_city_centru,bus,1,synthetic_gps
2026-05-30 19:30:13,45.7411781,21.2161786,16.04,shopping_city_centru,bus,1,synthetic_gps
2026-05-30 19:30:14,45.74115,21.2162872,24.04,shopping_city_centru,bus,1,synthetic_gps
2026-05-30 19:30:15,45.7412875,21.2162823,27.93,shopping_city_centru,bus,1,synthetic_gps
2026-05-30 19:30:16,45.7412606,21.2162493,19.93,shopping_city_centru,bus,1,synthetic_gps
2026-05-30 19:30:17,45.7413448,21.2162231,11.93,shopping_city_centru,bus,1,synthetic_gps
2026-05-30 19:30:18,45.7413256,21.2163015,19.93,shopping_city_centru,bus,1,synthetic_gps
2026-05-30 19:30:19,45.7412702,21.2162405,11.93,shopping_city_centru,bus,1,synthetic_gps
2026-05-30 19:30:20,45.7413738,21.2162565,14.72,shopping_city_centru,bus,1,synthetic_gps
2026-05-30 19:30:21,45.7413501,21.2163187,22.01,shopping_city_centru,bus,1,synthetic_gps
2026-05-30 19:30:22,45.7413692,21.2163137,30.01,shopping_city_centru,bus,1,synthetic_gps
2026-05-30 19:30:23,45.7413748,21.2162674,29.64,shopping_city_centru,bus,1,synthetic_gps
2026-05-30 19:30:24,45.7413346,21.2163568,23.64,shopping_city_centru,bus,1,synthetic_gps
2026-05-30 19:30:25,45.7414966,21.216431,15.64,shopping_city_centru,bus,1,synthetic_gps
2026-05-30 19:30:26,45.7414167,21.2162907,14.46,shopping_city_centru,bus,1,synthetic_gps
2026-05-30 19:30:27,45.741411,21.216288,17.58,shopping_city_centru,bus,1,synthetic_gps
2026-05-30 19:30:28,45.7415026,21.2163596,20.05,shopping_city_centru,bus,1,synthetic_gps
2026-05-30 19:30:29,45.7415377,21.2163865,28.05,shopping_city_centru,bus,1,synthetic_gps
2026-05-30 19:30:30,45.7414998,21.2164709,36.05,shopping_city_centru,bus,1,synthetic_gps
2026-05-30 19:30:31,45.7415095,21.216338,28.86,shopping_city_centru,bus,1,synthetic_gps
2026-05-30 19:30:32,45.7415601,21.2164346,35.63,shopping_city_centru,bus,1,synthetic_gps
2026-05-30 19:30:33,45.741469,21.2165047,33.87,shopping_city_centru,bus,1,synthetic_gps
2026-05-30 19:30:34,45.7415139,21.2163721,25.87,shopping_city_centru,bus,1,synthetic_gps
2026-05-30 19:30:35,45.7415194,21.2164672,33.87,shopping_city_centru,bus,1,synthetic_gps
2026-05-30 19:30:36,45.7415965,21.2164787,35.18,shopping_city_centru,bus,1,synthetic_gps
2026-05-30 19:30:37,45.7415775,21.216577,27.18,shopping_city_centru,bus,1,synthetic_gps
2026-05-30 19:30:38,45.7416477,21.2165299,25.76,shopping_city_centru,bus,1,synthetic_gps
2026-05-30 19:30:39,45.741655,21.2165752,21.88,shopping_city_centru,bus,1,synthetic_gps
2026-05-30 19:30:40,45.7416253,21.2165446,28.14,shopping_city_centru,bus,1,synthetic_gps
2026-05-30 19:30:41,45.7416605,21.2166035,20.14,shopping_city_centru,bus,1,synthetic_gps
2026-05-30 19:30:42,45.7416933,21.2166257,14.65,shopping_city_centru,bus,1,synthetic_gps
2026-05-30 19:30:43,45.7417361,21.2165899,22.65,shopping_city_centru,bus,1,synthetic_gps
2026-05-30 19:30:44,45.7417099,21.2165467,16.5,shopping_city_centru,bus,1,synthetic_gps
2026-05-30 19:30:45,45.7418005,21.216581,24.5,shopping_city_centru,bus,1,synthetic_gps
2026-05-30 19:30:46,45.7417689,21.2166541,16.5,shopping_city_centru,bus,1,synthetic_gps
2026-05-30 19:30:47,45.7418241,21.2166922,8.5,shopping_city_centru,bus,1,synthetic_gps
2026-05-30 19:30:48,45.7417432,21.2167259,16.5,shopping_city_centru,bus,1,synthetic_gps
2026-05-30 19:30:49,45.7417968,21.2166885,9.68,shopping_city_centru,bus,1,synthetic_gps
2026-05-30 19:30:50,45.7418474,21.2167616,17.68,shopping_city_centru,bus,1,synthetic_gps
2026-05-30 19:30:51,45.7418092,21.2166818,25.68,shopping_city_centru,bus,1,synthetic_gps
2026-05-30 19:30:52,45.7419281,21.2166507,31.31,shopping_city_centru,bus,1,synthetic_gps
2026-05-30 19:30:53,45.7419167,21.2166264,24.73,shopping_city_centru,bus,1,synthetic_gps
2026-05-30 19:30:54,45.7419598,21.2166756,18.42,shopping_city_centru,bus,1,synthetic_gps
2026-05-30 19:30:55,45.7418575,21.2167337,13.0,shopping_city_centru,bus,1,synthetic_gps
2026-05-30 19:30:56,45.7419083,21.2167647,21.0,shopping_city_centru,bus,1,synthetic_gps
2026-05-30 19:30:57,45.7419069,21.2166831,17.84,shopping_city_centru,bus,1,synthetic_gps
2026-05-30 19:30:58,45.7419008,21.2167521,16.49,shopping_city_centru,bus,1,synthetic_gps
2026-05-30 19:30:59,45.742013,21.2168002,18.85,shopping_city_centru,bus,1,synthetic_gps
2026-05-30 19:31:00,45.7420038,21.2168544,10.85,shopping_city_centru,bus,1,synthetic_gps
2026-05-30 19:31:01,45.7419933,21.2167851,2.85,shopping_city_centru,bus,1,synthetic_gps
2026-05-30 19:31:02,45.7419962,21.2168681,0.89,shopping_city_centru,bus,1,synthetic_gps
2026-05-30 19:31:03,45.7420056,21.2168526,1.42,shopping_city_centru,bus,1,synthetic_gps
2026-05-30 19:31:04,45.7420295,21.2167762,1.54,shopping_city_centru,bus,1,synthetic_gps
2026-05-30 19:31:05,45.7420717,21.2168159,0.81,shopping_city_centru,bus,1,synthetic_gps
2026-05-30 19:31:06,45.7421344,21.2167484,0.16,shopping_city_centru,bus,1,synthetic_gps
2026-05-30 19:31:07,45.7420389,21.2168381,0.0,shopping_city_centru,bus,1,synthetic_gps
2026-05-30 19:31:08,45.7421263,21.2167892,1.13,shopping_city_centru,bus,1,synthetic_gps
2026-05-30 19:31:09,45.7421429,21.2169449,0.0,shopping_city_centru,bus,1,synthetic_gps
2026-05-30 19:31:10,45.7422103,21.2168714,0.73,shopping_city_centru,bus,1,synthetic_gps
2026-05-30 19:31:11,45.7421856,21.2170114,0.31,shopping_city_centru,bus,1,synthetic_gps
2026-05-30 19:31:12,45.7421912,21.2168847,0.62,shopping_city_centru,bus,1,synthetic_gps
2026-05-30 19:31:13,45.7422658,21.2169965,1.94,shopping_city_centru,bus,1,synthetic_gps
2026-05-30 19:31:14,45.7422662,21.2169656,0.22,shopping_city_centru,bus,1,synthetic_gps
2026-05-30 19:31:15,45.7422607,21.2169034,0.86,shopping_city_centru,bus,1,synthetic_gps
2026-05-30 19:31:16,45.7422648,21.2169802,1.88,shopping_city_centru,bus,1,synthetic_gps
2026-05-30 19:31:17,45.7422992,21.2169562,1.36,shopping_city_centru,bus,1,synthetic_gps
2026-05-30 19:31:18,45.7422824,21.2170783,1.14,shopping_city_centru,bus,1,synthetic_gps
2026-05-30 19:31:19,45.7424043,21.2170981,0.77,shopping_city_centru,bus,1,synthetic_gps
2026-05-30 19:31:20,45.7423493,21.2170687,8.77,shopping_city_centru,bus,1,synthetic_gps
2026-05-30 19:31:21,45.7423689,21.2170317,16.77,shopping_city_centru,bus,1,synthetic_gps
2026-05-30 19:31:22,45.7422926,21.2170119,17.42,shopping_city_centru,bus,1,synthetic_gps
2026-05-30 19:31:23,45.7423264,21.2171146,25.42,shopping_city_centru,bus,1,synthetic_gps
2026-05-30 19:31:24,45.7424101,21.2171272,26.44,shopping_city_centru,bus,1,synthetic_gps
2026-05-30 19:31:25,45.7423364,21.2172045,18.44,shopping_city_centru,bus,1,synthetic_gps
2026-05-30 19:31:26,45.7424181,21.2171103,26.44,shopping_city_centru,bus,1,synthetic_gps
2026-05-30 19:31:27,45.7423915,21.217064,26.38,shopping_city_centru,bus,1,synthetic_gps
2026-05-30 19:31:28,45.7424797,21.217168,34.38,shopping_city_centru,bus,1,synthetic_gps
2026-05-30 19:31:29,45.7424808,21.217216,26.38,shopping_city_centru,bus,1,synthetic_gps
2026-05-30 19:31:30,45.7424839,21.2170892,27.34,shopping_city_centru,bus,1,synthetic_gps
2026-05-30 19:31:31,45.7425414,21.2171711,22.8,shopping_city_centru,bus,1,synthetic_gps
2026-05-30 19:31:32,45.742518,21.2172871,18.92,shopping_city_centru,bus,1,synthetic_gps
2026-05-30 19:31:33,45.7426056,21.2172778,10.92,shopping_city_centru,bus,1,synthetic_gps
2026-05-30 19:31:34,45.7424812,21.2172407,12.29,shopping_city_centru,bus,1,synthetic_gps
2026-05-30 19:31:35,45.742638,21.217219,10.08,shopping_city_centru,bus,1,synthetic_gps
2026-05-30 19:31:36,45.7426841,21.2172295,16.81,shopping_city_centru,bus,1,synthetic_gps
2026-05-30 19:31:37,45.7426411,21.2172386,24.81,shopping_city_centru,bus,1,synthetic_gps
2026-05-30 19:31:38,45.7426095,21.2173282,29.3,shopping_city_centru,bus,1,synthetic_gps
2026-05-30 19:31:39,45.7426903,21.2172622,21.3,shopping_city_centru,bus,1,synthetic_gps
2026-05-30 19:31:40,45.7426353,21.2173151,19.23,shopping_city_centru,bus,1,synthetic_gps
2026-05-30 19:31:41,45.742654,21.2174132,21.15,shopping_city_centru,bus,1,synthetic_gps
2026-05-30 19:31:42,45.74273,21.217352,25.53,shopping_city_centru,bus,1,synthetic_gps
2026-05-30 19:31:43,45.7426814,21.2172959,22.74,shopping_city_centru,bus,1,synthetic_gps
2026-05-30 19:31:44,45.7426807,21.2173204,19.25,shopping_city_centru,bus,1,synthetic_gps
2026-05-30 19:31:45,45.7427568,21.2174228,12.56,shopping_city_centru,bus,1,synthetic_gps
2026-05-30 19:31:46,45.7428494,21.217378,20.56,shopping_city_centru,bus,1,synthetic_gps
2026-05-30 19:31:47,45.7427117,21.2174487,16.44,shopping_city_centru,bus,1,synthetic_gps
2026-05-30 19:31:48,45.7428285,21.2174098,24.44,shopping_city_centru,bus,1,synthetic_gps
2026-05-30 19:31:49,45.7427434,21.2173637,24.6,shopping_city_centru,bus,1,synthetic_gps
2026-05-30 19:31:50,45.7428408,21.2175034,18.4,shopping_city_centru,bus,1,synthetic_gps
2026-05-30 19:31:51,45.7428366,21.2174738,25.1,shopping_city_centru,bus,1,synthetic_gps
2026-05-30 19:31:52,45.7428043,21.2173685,26.16,shopping_city_centru,bus,1,synthetic_gps
2026-05-30 19:31:53,45.7428885,21.217546,18.16,shopping_city_centru,bus,1,synthetic_gps
2026-05-30 19:31:54,45.7429648,21.2174627,16.26,shopping_city_centru,bus,1,synthetic_gps
2026-05-30 19:31:55,45.7429052,21.2175611,24.26,shopping_city_centru,bus,1,synthetic_gps
2026-05-30 19:31:56,45.7429548,21.217572,16.26,shopping_city_centru,bus,1,synthetic_gps
2026-05-30 19:31:57,45.7430112,21.2174877,24.26,shopping_city_centru,bus,1,synthetic_gps
2026-05-30 19:31:58,45.743033,21.2174646,17.58,shopping_city_centru,bus,1,synthetic_gps
2026-05-30 19:31:59,45.7429964,21.2175029,25.58,shopping_city_centru,bus,1,synthetic_gps
2026-05-30 19:32:00,45.7429385,21.2175545,25.61,shopping_city_centru,bus,1,synthetic_gps
2026-05-30 19:32:01,45.7429778,21.2175227,29.18,shopping_city_centru,bus,1,synthetic_gps
2026-05-30 19:32:02,45.7429669,21.2176645,21.18,shopping_city_centru,bus,1,synthetic_gps
2026-05-30 19:32:03,45.7431232,21.2175739,21.77,shopping_city_centru,bus,1,synthetic_gps
2026-05-30 19:32:04,45.7430648,21.2176254,29.77,shopping_city_centru,bus,1,synthetic_gps
2026-05-30 19:32:05,45.7430891,21.2176814,21.77,shopping_city_centru,bus,1,synthetic_gps
2026-05-30 19:32:06,45.7430841,21.2175636,29.77,shopping_city_centru,bus,1,synthetic_gps
2026-05-30 19:32:07,45.7430739,21.2176243,25.97,shopping_city_centru,bus,1,synthetic_gps
2026-05-30 19:32:08,45.7431237,21.2177029,30.13,shopping_city_centru,bus,1,synthetic_gps
2026-05-30 19:32:09,45.7432105,21.2176696,38.13,shopping_city_centru,bus,1,synthetic_gps
2026-05-30 19:32:10,45.7432081,21.2175955,30.13,shopping_city_centru,bus,1,synthetic_gps
2026-05-30 19:32:11,45.7431363,21.2177915,25.75,shopping_city_centru,bus,1,synthetic_gps
2026-05-30 19:32:12,45.7431915,21.2177139,17.75,shopping_city_centru,bus,1,synthetic_gps
2026-05-30 19:32:13,45.743151,21.2177579,25.75,shopping_city_centru,bus,1,synthetic_gps
2026-05-30 19:32:14,45.7432061,21.2177435,33.75,shopping_city_centru,bus,1,synthetic_gps
2026-05-30 19:32:15,45.7432671,21.2178182,25.75,shopping_city_centru,bus,1,synthetic_gps
2026-05-30 19:32:16,45.7432948,21.217782,17.75,shopping_city_centru,bus,1,synthetic_gps
2026-05-30 19:32:17,45.7432411,21.2176649,19.56,shopping_city_centru,bus,1,synthetic_gps
2026-05-30 19:32:18,45.7433205,21.217652,27.56,shopping_city_centru,bus,1,synthetic_gps
2026-05-30 19:32:19,45.7432999,21.2178918,31.76,shopping_city_centru,bus,1,synthetic_gps
2026-05-30 19:32:20,45.7433363,21.2178838,23.76,shopping_city_centru,bus,1,synthetic_gps
2026-05-30 19:32:21,45.7433551,21.2178562,15.76,shopping_city_centru,bus,1,synthetic_gps
2026-05-30 19:32:22,45.7433782,21.2177854,23.76,shopping_city_centru,bus,1,synthetic_gps
2026-05-30 19:32:23,45.7434196,21.2178103,16.21,shopping_city_centru,bus,1,synthetic_gps
2026-05-30 19:32:24,45.7434291,21.2179413,18.84,shopping_city_centru,bus,1,synthetic_gps
2026-05-30 19:32:25,45.7433988,21.2179009,26.84,shopping_city_centru,bus,1,synthetic_gps
2026-05-30 19:32:26,45.7434319,21.2177977,32.16,shopping_city_centru,bus,1,synthetic_gps
2026-05-30 19:32:27,45.7434008,21.2179062,24.16,shopping_city_centru,bus,1,synthetic_gps
2026-05-30 19:32:28,45.7435098,21.2179339,17.16,shopping_city_centru,bus,1,synthetic_gps
2026-05-30 19:32:29,45.7435042,21.2179492,25.16,shopping_city_centru,bus,1,synthetic_gps
2026-05-30 19:32:30,45.7435784,21.217893,20.61,shopping_city_centru,bus,1,synthetic_gps
2026-05-30 19:32:31,45.7434838,21.2180408,24.06,shopping_city_centru,bus,1,synthetic_gps
2026-05-30 19:32:32,45.743547,21.2180198,32.06,shopping_city_centru,bus,1,synthetic_gps
2026-05-30 19:32:33,45.7435543,21.2179845,28.72,shopping_city_centru,bus,1,synthetic_gps
2026-05-30 19:32:34,45.7435434,21.2179242,36.72,shopping_city_centru,bus,1,synthetic_gps
2026-05-30 19:32:35,45.7436163,21.2179292,28.82,shopping_city_centru,bus,1,synthetic_gps
2026-05-30 19:32:36,45.7434808,21.2179576,22.33,shopping_city_centru,bus,1,synthetic_gps
2026-05-30 19:32:37,45.7436608,21.218021,15.04,shopping_city_centru,bus,1,synthetic_gps
2026-05-30 19:32:38,45.743667,21.2180225,21.77,shopping_city_centru,bus,1,synthetic_gps
2026-05-30 19:32:39,45.7436212,21.2180511,24.46,shopping_city_centru,bus,1,synthetic_gps
2026-05-30 19:32:40,45.7435699,21.2180687,26.1,shopping_city_centru,bus,1,synthetic_gps
2026-05-30 19:32:41,45.7437424,21.2180848,34.1,shopping_city_centru,bus,1,synthetic_gps
2026-05-30 19:32:42,45.7437154,21.2181298,26.1,shopping_city_centru,bus,1,synthetic_gps
2026-05-30 19:32:43,45.7437099,21.218075,34.1,shopping_city_centru,bus,1,synthetic_gps
2026-05-30 19:32:44,45.743752,21.2180696,42.1,shopping_city_centru,bus,1,synthetic_gps
2026-05-30 19:32:45,45.7437943,21.2180741,34.1,shopping_city_centru,bus,1,synthetic_gps
2026-05-30 19:32:46,45.7437228,21.2181472,29.33,shopping_city_centru,bus,1,synthetic_gps
2026-05-30 19:32:47,45.7438156,21.2181759,29.52,shopping_city_centru,bus,1,synthetic_gps
2026-05-30 19:32:48,45.7437198,21.218159,33.7,shopping_city_centru,bus,1,synthetic_gps
2026-05-30 19:32:49,45.743847,21.2181937,25.7,shopping_city_centru,bus,1,synthetic_gps
2026-05-30 19:32:50,45.7438584,21.2182024,17.7,shopping_city_centru,bus,1,synthetic_gps
2026-05-30 19:32:51,45.7438787,21.2181994,18.44,shopping_city_centru,bus,1,synthetic_gps
2026-05-30 19:32:52,45.7439183,21.2182374,26.44,shopping_city_centru,bus,1,synthetic_gps
2026-05-30 19:32:53,45.7438507,21.2182308,18.44,shopping_city_centru,bus,1,synthetic_gps
2026-05-30 19:32:54,45.7438705,21.2182539,26.44,shopping_city_centru,bus,1,synthetic_gps
2026-05-30 19:32:55,45.7439105,21.218184,28.03,shopping_city_centru,bus,1,synthetic_gps
2026-05-30 19:32:56,45.7438898,21.2182517,32.31,shopping_city_centru,bus,1,synthetic_gps
2026-05-30 19:32:57,45.7439215,21.2183397,24.31,shopping_city_centru,bus,1,synthetic_gps
2026-05-30 19:32:58,45.7439769,21.218345,16.31,shopping_city_centru,bus,1,synthetic_gps
2026-05-30 19:32:59,45.7440167,21.2183072,22.22,shopping_city_centru,bus,1,synthetic_gps
2026-05-30 19:33:00,45.7440013,21.2183547,24.83,shopping_city_centru,bus,1,synthetic_gps
2026-05-30 19:33:01,45.7440578,21.2182835,31.12,shopping_city_centru,bus,1,synthetic_gps
2026-05-30 19:33:02,45.7440884,21.2183837,23.12,shopping_city_centru,bus,1,synthetic_gps
2026-05-30 19:33:03,45.7440057,21.2183541,28.64,shopping_city_centru,bus,1,synthetic_gps
2026-05-30 19:33:04,45.7440721,21.218426,30.67,shopping_city_centru,bus,1,synthetic_gps
2026-05-30 19:33:05,45.7440623,21.2184527,25.08,shopping_city_centru,bus,1,synthetic_gps
2026-05-30 19:33:06,45.7440977,21.2184845,17.08,shopping_city_centru,bus,1,synthetic_gps
2026-05-30 19:33:07,45.7441045,21.2184382,23.02,shopping_city_centru,bus,1,synthetic_gps
2026-05-30 19:33:08,45.744121,21.218401,28.97,shopping_city_centru,bus,1,synthetic_gps
2026-05-30 19:33:09,45.7441711,21.2184044,32.22,shopping_city_centru,bus,1,synthetic_gps
2026-05-30 19:33:10,45.7441857,21.2183993,30.49,shopping_city_centru,bus,1,synthetic_gps
2026-05-30 19:33:11,45.7441744,21.2185085,38.49,shopping_city_centru,bus,1,synthetic_gps
2026-05-30 19:33:12,45.7442417,21.218538,30.49,shopping_city_centru,bus,1,synthetic_gps
2026-05-30 19:33:13,45.7441675,21.218404,22.49,shopping_city_centru,bus,1,synthetic_gps
2026-05-30 19:33:14,45.7441657,21.21852,14.49,shopping_city_centru,bus,1,synthetic_gps
2026-05-30 19:33:15,45.7442478,21.2185307,22.49,shopping_city_centru,bus,1,synthetic_gps
2026-05-30 19:33:16,45.7442842,21.2184591,16.65,shopping_city_centru,bus,1,synthetic_gps
2026-05-30 19:33:17,45.7443068,21.2185947,23.07,shopping_city_centru,bus,1,synthetic_gps
2026-05-30 19:33:18,45.7442875,21.2186211,27.79,shopping_city_centru,bus,1,synthetic_gps
2026-05-30 19:33:19,45.7443991,21.2186249,19.79,shopping_city_centru,bus,1,synthetic_gps
2026-05-30 19:33:20,45.7443836,21.2186366,16.76,shopping_city_centru,bus,1,synthetic_gps
2026-05-30 19:33:21,45.7443537,21.2185793,17.31,shopping_city_centru,bus,1,synthetic_gps
2026-05-30 19:33:22,45.7443298,21.2185811,9.31,shopping_city_centru,bus,1,synthetic_gps
2026-05-30 19:33:23,45.7443392,21.2185926,17.31,shopping_city_centru,bus,1,synthetic_gps
2026-05-30 19:33:24,45.7443789,21.2185894,23.78,shopping_city_centru,bus,1,synthetic_gps
2026-05-30 19:33:25,45.7443935,21.2186797,15.78,shopping_city_centru,bus,1,synthetic_gps
2026-05-30 19:33:26,45.7444027,21.2186334,23.78,shopping_city_centru,bus,1,synthetic_gps
2026-05-30 19:33:27,45.7444348,21.2187729,31.78,shopping_city_centru,bus,1,synthetic_gps
2026-05-30 19:33:28,45.7444909,21.2187758,23.78,shopping_city_centru,bus,1,synthetic_gps
2026-05-30 19:33:29,45.7445422,21.2186948,21.63,shopping_city_centru,bus,1,synthetic_gps
2026-05-30 19:33:30,45.7444462,21.218697,13.63,shopping_city_centru,bus,1,synthetic_gps
2026-05-30 19:33:31,45.7445013,21.2187029,5.63,shopping_city_centru,bus,1,synthetic_gps
2026-05-30 19:33:32,45.7444566,21.218811,1.67,shopping_city_centru,bus,1,synthetic_gps
2026-05-30 19:33:33,45.7445353,21.2186679,0.75,shopping_city_centru,bus,1,synthetic_gps
2026-05-30 19:33:34,45.7445734,21.2187537,1.08,shopping_city_centru,bus,1,synthetic_gps
2026-05-30 19:33:35,45.7446243,21.2187442,1.52,shopping_city_centru,bus,1,synthetic_gps
2026-05-30 19:33:36,45.7446245,21.2187875,1.17,shopping_city_centru,bus,1,synthetic_gps
2026-05-30 19:33:37,45.7446979,21.2188049,1.25,shopping_city_centru,bus,1,synthetic_gps
2026-05-30 19:33:38,45.7445457,21.2188969,0.52,shopping_city_centru,bus,1,synthetic_gps
2026-05-30 19:33:39,45.7445523,21.2188151,0.9,shopping_city_centru,bus,1,synthetic_gps
2026-05-30 19:33:40,45.7447023,21.2188216,1.53,shopping_city_centru,bus,1,synthetic_gps
2026-05-30 19:33:41,45.7446969,21.2188655,0.89,shopping_city_centru,bus,1,synthetic_gps
2026-05-30 19:33:42,45.7447601,21.2189457,0.78,shopping_city_centru,bus,1,synthetic_gps
2026-05-30 19:33:43,45.7446589,21.2188947,1.83,shopping_city_centru,bus,1,synthetic_gps
2026-05-30 19:33:44,45.744742,21.2189052,0.77,shopping_city_centru,bus,1,synthetic_gps
2026-05-30 19:33:45,45.7447717,21.2188877,1.68,shopping_city_centru,bus,1,synthetic_gps
2026-05-30 19:33:46,45.7447378,21.2189411,1.05,shopping_city_centru,bus,1,synthetic_gps
2026-05-30 19:33:47,45.7448311,21.2189147,0.59,shopping_city_centru,bus,1,synthetic_gps
2026-05-30 19:33:48,45.7448104,21.2189796,0.5,shopping_city_centru,bus,1,synthetic_gps
2026-05-30 19:33:49,45.7448148,21.2189854,1.38,shopping_city_centru,bus,1,synthetic_gps
2026-05-30 19:33:50,45.7447911,21.2190688,9.38,shopping_city_centru,bus,1,synthetic_gps
2026-05-30 19:33:51,45.7448563,21.2190455,17.38,shopping_city_centru,bus,1,synthetic_gps
2026-05-30 19:33:52,45.7449199,21.2189739,16.16,shopping_city_centru,bus,1,synthetic_gps
2026-05-30 19:33:53,45.7448523,21.2189874,24.16,shopping_city_centru,bus,1,synthetic_gps
2026-05-30 19:33:54,45.7448898,21.2190373,19.76,shopping_city_centru,bus,1,synthetic_gps
2026-05-30 19:33:55,45.7448281,21.2191024,11.76,shopping_city_centru,bus,1,synthetic_gps
2026-05-30 19:33:56,45.7449137,21.2190333,5.17,shopping_city_centru,bus,1,synthetic_gps
2026-05-30 19:33:57,45.7449112,21.2189655,13.17,shopping_city_centru,bus,1,synthetic_gps
2026-05-30 19:33:58,45.7449143,21.2189828,21.17,shopping_city_centru,bus,1,synthetic_gps
2026-05-30 19:33:59,45.7450099,21.219068,29.17,shopping_city_centru,bus,1,synthetic_gps
2026-05-30 19:34:00,45.7450771,21.2190892,28.82,shopping_city_centru,bus,1,synthetic_gps
2026-05-30 19:34:01,45.7450106,21.2191896,20.82,shopping_city_centru,bus,1,synthetic_gps
2026-05-30 19:34:02,45.7450482,21.2190634,20.28,shopping_city_centru,bus,1,synthetic_gps
2026-05-30 19:34:03,45.7450962,21.2190694,19.63,shopping_city_centru,bus,1,synthetic_gps
2026-05-30 19:34:04,45.7450454,21.2191352,26.81,shopping_city_centru,bus,1,synthetic_gps
2026-05-30 19:34:05,45.7451494,21.2191889,18.81,shopping_city_centru,bus,1,synthetic_gps
2026-05-30 19:34:06,45.7451104,21.2191948,25.3,shopping_city_centru,bus,1,synthetic_gps
2026-05-30 19:34:07,45.745101,21.2191346,17.3,shopping_city_centru,bus,1,synthetic_gps
2026-05-30 19:34:08,45.7451421,21.2191877,25.3,shopping_city_centru,bus,1,synthetic_gps
2026-05-30 19:34:09,45.7450987,21.219169,31.71,shopping_city_centru,bus,1,synthetic_gps
2026-05-30 19:34:10,45.7451348,21.2192918,29.33,shopping_city_centru,bus,1,synthetic_gps
2026-05-30 19:34:11,45.7452304,21.219265,22.79,shopping_city_centru,bus,1,synthetic_gps
2026-05-30 19:34:12,45.7452113,21.2192292,19.85,shopping_city_centru,bus,1,synthetic_gps
2026-05-30 19:34:13,45.7451616,21.2193242,27.85,shopping_city_centru,bus,1,synthetic_gps
2026-05-30 19:34:14,45.7453532,21.2192224,22.04,shopping_city_centru,bus,1,synthetic_gps
2026-05-30 19:34:15,45.7453279,21.219284,29.87,shopping_city_centru,bus,1,synthetic_gps
2026-05-30 19:34:16,45.7451982,21.2192376,33.92,shopping_city_centru,bus,1,synthetic_gps
2026-05-30 19:34:17,45.7452347,21.2193255,25.92,shopping_city_centru,bus,1,synthetic_gps
2026-05-30 19:34:18,45.7452307,21.2192956,17.97,shopping_city_centru,bus,1,synthetic_gps
2026-05-30 19:34:19,45.7453102,21.2192923,18.43,shopping_city_centru,bus,1,synthetic_gps
2026-05-30 19:34:20,45.7452898,21.2193388,25.33,shopping_city_centru,bus,1,synthetic_gps
2026-05-30 19:34:21,45.7453892,21.2193412,17.33,shopping_city_centru,bus,1,synthetic_gps
2026-05-30 19:34:22,45.7453381,21.2193671,25.33,shopping_city_centru,bus,1,synthetic_gps
2026-05-30 19:34:23,45.7454488,21.2194077,21.5,shopping_city_centru,bus,1,synthetic_gps
2026-05-30 19:34:24,45.7454818,21.2194342,28.35,shopping_city_centru,bus,1,synthetic_gps
2026-05-30 19:34:25,45.7454624,21.2193907,29.28,shopping_city_centru,bus,1,synthetic_gps
2026-05-30 19:34:26,45.7454225,21.2193648,21.28,shopping_city_centru,bus,1,synthetic_gps
2026-05-30 19:34:27,45.745499,21.2194006,21.8,shopping_city_centru,bus,1,synthetic_gps
2026-05-30 19:34:28,45.7454312,21.2194407,29.8,shopping_city_centru,bus,1,synthetic_gps
2026-05-30 19:34:29,45.7455164,21.219496,23.41,shopping_city_centru,bus,1,synthetic_gps
2026-05-30 19:34:30,45.7454915,21.2194509,31.38,shopping_city_centru,bus,1,synthetic_gps
2026-05-30 19:34:31,45.7454995,21.2194808,39.38,shopping_city_centru,bus,1,synthetic_gps
2026-05-30 19:34:32,45.7455115,21.2195271,31.38,shopping_city_centru,bus,1,synthetic_gps
2026-05-30 19:34:33,45.7455865,21.219518,39.38,shopping_city_centru,bus,1,synthetic_gps
2026-05-30 19:34:34,45.7456313,21.219524,39.97,shopping_city_centru,bus,1,synthetic_gps
2026-05-30 19:34:35,45.7455454,21.2195561,31.97,shopping_city_centru,bus,1,synthetic_gps
2026-05-30 19:34:36,45.7455857,21.2195246,26.38,shopping_city_centru,bus,1,synthetic_gps
2026-05-30 19:34:37,45.7456229,21.2196768,32.71,shopping_city_centru,bus,1,synthetic_gps
2026-05-30 19:34:38,45.7456687,21.2195434,24.71,shopping_city_centru,bus,1,synthetic_gps
2026-05-30 19:34:39,45.7456205,21.2196356,32.71,shopping_city_centru,bus,1,synthetic_gps
2026-05-30 19:34:40,45.7457244,21.2195389,30.23,shopping_city_centru,bus,1,synthetic_gps
2026-05-30 19:34:41,45.7456765,21.2195161,22.23,shopping_city_centru,bus,1,synthetic_gps
2026-05-30 19:34:42,45.745706,21.2196298,25.91,shopping_city_centru,bus,1,synthetic_gps
2026-05-30 19:34:43,45.7457728,21.2196321,17.91,shopping_city_centru,bus,1,synthetic_gps
2026-05-30 19:34:44,45.7457609,21.2196143,25.91,shopping_city_centru,bus,1,synthetic_gps
2026-05-30 19:34:45,45.7457112,21.2195825,25.89,shopping_city_centru,bus,1,synthetic_gps
2026-05-30 19:34:46,45.7458233,21.2196683,30.07,shopping_city_centru,bus,1,synthetic_gps
2026-05-30 19:34:47,45.7458105,21.2196297,27.99,shopping_city_centru,bus,1,synthetic_gps
2026-05-30 19:34:48,45.7456706,21.2197173,31.83,shopping_city_centru,bus,1,synthetic_gps
2026-05-30 19:34:49,45.7457926,21.2197055,23.83,shopping_city_centru,bus,1,synthetic_gps
2026-05-30 19:34:50,45.7458096,21.2197561,15.83,shopping_city_centru,bus,1,synthetic_gps
2026-05-30 19:34:51,45.7459196,21.2198028,22.41,shopping_city_centru,bus,1,synthetic_gps
2026-05-30 19:34:52,45.7459312,21.2197356,24.97,shopping_city_centru,bus,1,synthetic_gps
2026-05-30 19:34:53,45.7458708,21.2197405,32.97,shopping_city_centru,bus,1,synthetic_gps
2026-05-30 19:34:54,45.7458822,21.2197261,26.92,shopping_city_centru,bus,1,synthetic_gps
2026-05-30 19:34:55,45.7458961,21.2198248,18.92,shopping_city_centru,bus,1,synthetic_gps
2026-05-30 19:34:56,45.7459448,21.2198285,26.22,shopping_city_centru,bus,1,synthetic_gps
2026-05-30 19:34:57,45.7459974,21.2198453,18.22,shopping_city_centru,bus,1,synthetic_gps
2026-05-30 19:34:58,45.7459306,21.2198181,20.39,shopping_city_centru,bus,1,synthetic_gps
2026-05-30 19:34:59,45.7459609,21.2198272,23.99,shopping_city_centru,bus,1,synthetic_gps
2026-05-30 19:35:00,45.7460421,21.2198221,22.27,shopping_city_centru,bus,1,synthetic_gps
2026-05-30 19:35:01,45.7459863,21.2198702,24.98,shopping_city_centru,bus,1,synthetic_gps
2026-05-30 19:35:02,45.7460524,21.2199072,16.98,shopping_city_centru,bus,1,synthetic_gps
2026-05-30 19:35:03,45.7460328,21.2199128,22.05,shopping_city_centru,bus,1,synthetic_gps
2026-05-30 19:35:04,45.746,21.2198612,15.83,shopping_city_centru,bus,1,synthetic_gps
2026-05-30 19:35:05,45.7460879,21.2199,21.97,shopping_city_centru,bus,1,synthetic_gps
2026-05-30 19:35:06,45.746144,21.219889,27.68,shopping_city_centru,bus,1,synthetic_gps
2026-05-30 19:35:07,45.7461043,21.2199329,20.62,shopping_city_centru,bus,1,synthetic_gps
2026-05-30 19:35:08,45.7462248,21.22001,24.69,shopping_city_centru,bus,1,synthetic_gps
2026-05-30 19:35:09,45.7461075,21.2200153,24.4,shopping_city_centru,bus,1,synthetic_gps
2026-05-30 19:35:10,45.7461523,21.2199122,18.56,shopping_city_centru,bus,1,synthetic_gps
2026-05-30 19:35:11,45.7462497,21.2199952,13.64,shopping_city_centru,bus,1,synthetic_gps
2026-05-30 19:35:12,45.7461529,21.2200172,21.64,shopping_city_centru,bus,1,synthetic_gps
2026-05-30 19:35:13,45.746235,21.2201265,21.26,shopping_city_centru,bus,1,synthetic_gps
2026-05-30 19:35:14,45.7462388,21.2199997,13.26,shopping_city_centru,bus,1,synthetic_gps
2026-05-30 19:35:15,45.7462073,21.2200159,21.26,shopping_city_centru,bus,1,synthetic_gps
2026-05-30 19:35:16,45.7462373,21.2200611,29.26,shopping_city_centru,bus,1,synthetic_gps
2026-05-30 19:35:17,45.7462647,21.2200687,34.11,shopping_city_centru,bus,1,synthetic_gps
2026-05-30 19:35:18,45.7463724,21.2201487,42.11,shopping_city_centru,bus,1,synthetic_gps
2026-05-30 19:35:19,45.7462883,21.2200935,34.11,shopping_city_centru,bus,1,synthetic_gps
2026-05-30 19:35:20,45.7463312,21.2201819,26.11,shopping_city_centru,bus,1,synthetic_gps
2026-05-30 19:35:21,45.7462471,21.220147,34.11,shopping_city_centru,bus,1,synthetic_gps
2026-05-30 19:35:22,45.7463842,21.2202255,26.11,shopping_city_centru,bus,1,synthetic_gps
2026-05-30 19:35:23,45.746449,21.2200654,30.71,shopping_city_centru,bus,1,synthetic_gps
2026-05-30 19:35:24,45.746357,21.2201447,23.48,shopping_city_centru,bus,1,synthetic_gps
2026-05-30 19:35:25,45.7464002,21.2201594,31.48,shopping_city_centru,bus,1,synthetic_gps
2026-05-30 19:35:26,45.7463918,21.2201882,23.48,shopping_city_centru,bus,1,synthetic_gps
2026-05-30 19:35:27,45.7464459,21.2202016,31.48,shopping_city_centru,bus,1,synthetic_gps
2026-05-30 19:35:28,45.7464824,21.2202226,25.87,shopping_city_centru,bus,1,synthetic_gps
2026-05-30 19:35:29,45.7464463,21.220238,17.87,shopping_city_centru,bus,1,synthetic_gps
2026-05-30 19:35:30,45.7464857,21.2202213,25.87,shopping_city_centru,bus,1,synthetic_gps
2026-05-30 19:35:31,45.746533,21.220176,17.87,shopping_city_centru,bus,1,synthetic_gps
2026-05-30 19:35:32,45.746568,21.2202727,17.84,shopping_city_centru,bus,1,synthetic_gps
2026-05-30 19:35:33,45.7466013,21.2203075,25.84,shopping_city_centru,bus,1,synthetic_gps
2026-05-30 19:35:34,45.7465519,21.2202753,26.23,shopping_city_centru,bus,1,synthetic_gps
2026-05-30 19:35:35,45.74658,21.220335,25.83,shopping_city_centru,bus,1,synthetic_gps
2026-05-30 19:35:36,45.7465917,21.220251,17.83,shopping_city_centru,bus,1,synthetic_gps
2026-05-30 19:35:37,45.7466023,21.2202953,9.83,shopping_city_centru,bus,1,synthetic_gps
2026-05-30 19:35:38,45.7465584,21.220412,17.83,shopping_city_centru,bus,1,synthetic_gps
2026-05-30 19:35:39,45.7465974,21.2203939,25.83,shopping_city_centru,bus,1,synthetic_gps
2026-05-30 19:35:40,45.7466775,21.2203072,33.26,shopping_city_centru,bus,1,synthetic_gps
2026-05-30 19:35:41,45.7467119,21.2203001,41.26,shopping_city_centru,bus,1,synthetic_gps
2026-05-30 19:35:42,45.7466283,21.2204307,33.26,shopping_city_centru,bus,1,synthetic_gps
2026-05-30 19:35:43,45.7467733,21.2204434,31.98,shopping_city_centru,bus,1,synthetic_gps
2026-05-30 19:35:44,45.7467541,21.2204295,23.98,shopping_city_centru,bus,1,synthetic_gps
2026-05-30 19:35:45,45.7467427,21.2203894,24.06,shopping_city_centru,bus,1,synthetic_gps
2026-05-30 19:35:46,45.7467526,21.2204272,32.06,shopping_city_centru,bus,1,synthetic_gps
2026-05-30 19:35:47,45.7467818,21.2204667,24.06,shopping_city_centru,bus,1,synthetic_gps
2026-05-30 19:35:48,45.7467754,21.2203859,16.35,shopping_city_centru,bus,1,synthetic_gps
2026-05-30 19:35:49,45.7468436,21.2205176,24.35,shopping_city_centru,bus,1,synthetic_gps
2026-05-30 19:35:50,45.7468947,21.2204886,22.71,shopping_city_centru,bus,1,synthetic_gps
2026-05-30 19:35:51,45.7469178,21.2205457,28.85,shopping_city_centru,bus,1,synthetic_gps
2026-05-30 19:35:52,45.7468787,21.2205746,28.27,shopping_city_centru,bus,1,synthetic_gps
2026-05-30 19:35:53,45.7468377,21.2204515,20.27,shopping_city_centru,bus,1,synthetic_gps
2026-05-30 19:35:54,45.7469642,21.2205067,25.11,shopping_city_centru,bus,1,synthetic_gps
2026-05-30 19:35:55,45.7469497,21.2205819,21.93,shopping_city_centru,bus,1,synthetic_gps
2026-05-30 19:35:56,45.7469493,21.2205521,29.93,shopping_city_centru,bus,1,synthetic_gps
2026-05-30 19:35:57,45.7468817,21.2205488,21.93,shopping_city_centru,bus,1,synthetic_gps
2026-05-30 19:35:58,45.74698,21.2206117,27.94,shopping_city_centru,bus,1,synthetic_gps
2026-05-30 19:35:59,45.7469163,21.2204624,19.94,shopping_city_centru,bus,1,synthetic_gps
2026-05-30 19:36:00,45.747029,21.2206337,11.94,shopping_city_centru,bus,1,synthetic_gps
2026-05-30 19:36:01,45.7470358,21.2206208,3.94,shopping_city_centru,bus,1,synthetic_gps
2026-05-30 19:36:02,45.7470581,21.2206535,1.65,shopping_city_centru,bus,1,synthetic_gps
2026-05-30 19:36:03,45.7470231,21.2207115,1.07,shopping_city_centru,bus,1,synthetic_gps
2026-05-30 19:36:04,45.747044,21.2207067,1.14,shopping_city_centru,bus,1,synthetic_gps
2026-05-30 19:36:05,45.7470641,21.2206218,1.22,shopping_city_centru,bus,1,synthetic_gps
2026-05-30 19:36:06,45.7472205,21.2206724,0.14,shopping_city_centru,bus,1,synthetic_gps
2026-05-30 19:36:07,45.7470475,21.2206848,0.61,shopping_city_centru,bus,1,synthetic_gps
2026-05-30 19:36:08,45.7471161,21.2207601,0.33,shopping_city_centru,bus,1,synthetic_gps
2026-05-30 19:36:09,45.7471566,21.2207687,1.08,shopping_city_centru,bus,1,synthetic_gps
2026-05-30 19:36:10,45.7471427,21.2207257,0.75,shopping_city_centru,bus,1,synthetic_gps
2026-05-30 19:36:11,45.7472342,21.2208119,1.37,shopping_city_centru,bus,1,synthetic_gps
2026-05-30 19:36:12,45.7472328,21.2207803,0.29,shopping_city_centru,bus,1,synthetic_gps
2026-05-30 19:36:13,45.7472987,21.2208996,0.47,shopping_city_centru,bus,1,synthetic_gps
2026-05-30 19:36:14,45.7472117,21.220754,1.27,shopping_city_centru,bus,1,synthetic_gps
2026-05-30 19:36:15,45.7473263,21.220773,2.54,shopping_city_centru,bus,1,synthetic_gps
2026-05-30 19:36:16,45.7472576,21.2208821,1.1,shopping_city_centru,bus,1,synthetic_gps
2026-05-30 19:36:17,45.7472957,21.2208268,0.77,shopping_city_centru,bus,1,synthetic_gps
2026-05-30 19:36:18,45.747374,21.2208787,1.04,shopping_city_centru,bus,1,synthetic_gps
2026-05-30 19:36:19,45.7473479,21.2208123,1.58,shopping_city_centru,bus,1,synthetic_gps
2026-05-30 19:36:20,45.7473358,21.2207899,9.58,shopping_city_centru,bus,1,synthetic_gps
2026-05-30 19:36:21,45.7473865,21.2208576,17.58,shopping_city_centru,bus,1,synthetic_gps
2026-05-30 19:36:22,45.7473721,21.2209409,9.58,shopping_city_centru,bus,1,synthetic_gps
2026-05-30 19:36:23,45.7474334,21.2208786,17.58,shopping_city_centru,bus,1,synthetic_gps
2026-05-30 19:36:24,45.7473678,21.2209673,25.58,shopping_city_centru,bus,1,synthetic_gps
2026-05-30 19:36:25,45.7474664,21.2209012,17.76,shopping_city_centru,bus,1,synthetic_gps
2026-05-30 19:36:26,45.747441,21.2209639,14.32,shopping_city_centru,bus,1,synthetic_gps
2026-05-30 19:36:27,45.7474646,21.2210184,22.32,shopping_city_centru,bus,1,synthetic_gps
2026-05-30 19:36:28,45.7474401,21.2210366,28.67,shopping_city_centru,bus,1,synthetic_gps
2026-05-30 19:36:29,45.7474706,21.2208957,20.67,shopping_city_centru,bus,1,synthetic_gps
2026-05-30 19:36:30,45.7474798,21.2210109,12.67,shopping_city_centru,bus,1,synthetic_gps
2026-05-30 19:36:31,45.7475492,21.2209842,20.67,shopping_city_centru,bus,1,synthetic_gps
2026-05-30 19:36:32,45.7475221,21.221033,26.92,shopping_city_centru,bus,1,synthetic_gps
2026-05-30 19:36:33,45.7475192,21.2209819,23.87,shopping_city_centru,bus,1,synthetic_gps
2026-05-30 19:36:34,45.7474484,21.2211074,31.87,shopping_city_centru,bus,1,synthetic_gps
2026-05-30 19:36:35,45.7475709,21.2210305,23.87,shopping_city_centru,bus,1,synthetic_gps
2026-05-30 19:36:36,45.7475997,21.2211421,15.87,shopping_city_centru,bus,1,synthetic_gps
2026-05-30 19:36:37,45.7476105,21.221111,17.84,shopping_city_centru,bus,1,synthetic_gps
2026-05-30 19:36:38,45.7476277,21.2210718,23.76,shopping_city_centru,bus,1,synthetic_gps
2026-05-30 19:36:39,45.7475939,21.2211099,22.8,shopping_city_centru,bus,1,synthetic_gps
2026-05-30 19:36:40,45.7476298,21.2210156,16.78,shopping_city_centru,bus,1,synthetic_gps
2026-05-30 19:36:41,45.7476583,21.2211069,17.14,shopping_city_centru,bus,1,synthetic_gps
2026-05-30 19:36:42,45.7476314,21.2211605,25.14,shopping_city_centru,bus,1,synthetic_gps
2026-05-30 19:36:43,45.7476327,21.2211339,30.36,shopping_city_centru,bus,1,synthetic_gps
2026-05-30 19:36:44,45.7475942,21.221062,25.35,shopping_city_centru,bus,1,synthetic_gps
2026-05-30 19:36:45,45.747731,21.2211115,19.65,shopping_city_centru,bus,1,synthetic_gps
2026-05-30 19:36:46,45.7477,21.221157,27.65,shopping_city_centru,bus,1,synthetic_gps
2026-05-30 19:36:47,45.7477552,21.2211684,19.65,shopping_city_centru,bus,1,synthetic_gps
2026-05-30 19:36:48,45.7477285,21.2212568,17.76,shopping_city_centru,bus,1,synthetic_gps
2026-05-30 19:36:49,45.7477432,21.2211562,25.76,shopping_city_centru,bus,1,synthetic_gps
2026-05-30 19:36:50,45.7477255,21.221214,27.15,shopping_city_centru,bus,1,synthetic_gps
2026-05-30 19:36:51,45.747788,21.2211383,30.35,shopping_city_centru,bus,1,synthetic_gps
2026-05-30 19:36:52,45.7477359,21.2211973,38.35,shopping_city_centru,bus,1,synthetic_gps
2026-05-30 19:36:53,45.7477707,21.2212772,40.77,shopping_city_centru,bus,1,synthetic_gps
2026-05-30 19:36:54,45.7478098,21.2212667,32.77,shopping_city_centru,bus,1,synthetic_gps
2026-05-30 19:36:55,45.7478065,21.2213051,29.67,shopping_city_centru,bus,1,synthetic_gps
2026-05-30 19:36:56,45.7478476,21.2212319,21.67,shopping_city_centru,bus,1,synthetic_gps
2026-05-30 19:36:57,45.7477492,21.2212504,29.67,shopping_city_centru,bus,1,synthetic_gps
2026-05-30 19:36:58,45.7478331,21.2212424,21.67,shopping_city_centru,bus,1,synthetic_gps
2026-05-30 19:36:59,45.7478366,21.2213101,29.67,shopping_city_centru,bus,1,synthetic_gps
2026-05-30 19:37:00,45.7479133,21.2211941,21.67,shopping_city_centru,bus,1,synthetic_gps
2026-05-30 19:37:01,45.7478968,21.2212814,18.84,shopping_city_centru,bus,1,synthetic_gps
2026-05-30 19:37:02,45.7479215,21.221287,23.38,shopping_city_centru,bus,1,synthetic_gps
2026-05-30 19:37:03,45.7479058,21.2213018,20.9,shopping_city_centru,bus,1,synthetic_gps
2026-05-30 19:37:04,45.7479073,21.2213335,12.9,shopping_city_centru,bus,1,synthetic_gps
2026-05-30 19:37:05,45.7479821,21.2212859,19.12,shopping_city_centru,bus,1,synthetic_gps
2026-05-30 19:37:06,45.747924,21.2213361,19.97,shopping_city_centru,bus,1,synthetic_gps
2026-05-30 19:37:07,45.7479566,21.2213402,25.01,shopping_city_centru,bus,1,synthetic_gps
2026-05-30 19:37:08,45.7479048,21.2214254,30.08,shopping_city_centru,bus,1,synthetic_gps
2026-05-30 19:37:09,45.7480631,21.2213361,22.37,shopping_city_centru,bus,1,synthetic_gps
2026-05-30 19:37:10,45.7479442,21.2213562,30.37,shopping_city_centru,bus,1,synthetic_gps
2026-05-30 19:37:11,45.7479606,21.2213525,22.37,shopping_city_centru,bus,1,synthetic_gps
2026-05-30 19:37:12,45.7479569,21.2214222,21.41,shopping_city_centru,bus,1,synthetic_gps
2026-05-30 19:37:13,45.7480624,21.221361,29.41,shopping_city_centru,bus,1,synthetic_gps
2026-05-30 19:37:14,45.7480676,21.221416,23.73,shopping_city_centru,bus,1,synthetic_gps
2026-05-30 19:37:15,45.7479837,21.2214018,31.73,shopping_city_centru,bus,1,synthetic_gps
2026-05-30 19:37:16,45.7480172,21.2214334,23.73,shopping_city_centru,bus,1,synthetic_gps
2026-05-30 19:37:17,45.7480567,21.2213931,17.57,shopping_city_centru,bus,1,synthetic_gps
2026-05-30 19:37:18,45.7481672,21.2214464,22.61,shopping_city_centru,bus,1,synthetic_gps
2026-05-30 19:37:19,45.7480735,21.2214507,22.94,shopping_city_centru,bus,1,synthetic_gps
2026-05-30 19:37:20,45.7481397,21.2214162,23.25,shopping_city_centru,bus,1,synthetic_gps
2026-05-30 19:37:21,45.7480849,21.2214309,18.14,shopping_city_centru,bus,1,synthetic_gps
2026-05-30 19:37:22,45.7481869,21.221514,17.72,shopping_city_centru,bus,1,synthetic_gps
2026-05-30 19:37:23,45.7481227,21.2215071,25.72,shopping_city_centru,bus,1,synthetic_gps
2026-05-30 19:37:24,45.7481971,21.2215241,17.72,shopping_city_centru,bus,1,synthetic_gps
2026-05-30 19:37:25,45.7481827,21.2215467,15.68,shopping_city_centru,bus,1,synthetic_gps
2026-05-30 19:37:26,45.7480873,21.2216049,23.68,shopping_city_centru,bus,1,synthetic_gps
2026-05-30 19:37:27,45.7481597,21.2215035,29.13,shopping_city_centru,bus,1,synthetic_gps
2026-05-30 19:37:28,45.748242,21.2215727,26.28,shopping_city_centru,bus,1,synthetic_gps
2026-05-30 19:37:29,45.7482092,21.2215368,34.28,shopping_city_centru,bus,1,synthetic_gps
2026-05-30 19:37:30,45.7482122,21.2216091,26.28,shopping_city_centru,bus,1,synthetic_gps
2026-05-30 19:37:31,45.7480954,21.2216006,25.61,shopping_city_centru,bus,1,synthetic_gps
2026-05-30 19:37:32,45.7482919,21.2215289,17.61,shopping_city_centru,bus,1,synthetic_gps
2026-05-30 19:37:33,45.7481959,21.2216188,25.61,shopping_city_centru,bus,1,synthetic_gps
2026-05-30 19:37:34,45.7482475,21.2215694,20.14,shopping_city_centru,bus,1,synthetic_gps
2026-05-30 19:37:35,45.7483592,21.2215701,28.14,shopping_city_centru,bus,1,synthetic_gps
2026-05-30 19:37:36,45.7482903,21.2216059,20.49,shopping_city_centru,bus,1,synthetic_gps
2026-05-30 19:37:37,45.7483343,21.2216143,23.37,shopping_city_centru,bus,1,synthetic_gps
2026-05-30 19:37:38,45.7483898,21.2216548,31.37,shopping_city_centru,bus,1,synthetic_gps
2026-05-30 19:37:39,45.7483439,21.2216296,23.37,shopping_city_centru,bus,1,synthetic_gps
2026-05-30 19:37:40,45.7484024,21.2215622,15.92,shopping_city_centru,bus,1,synthetic_gps
2026-05-30 19:37:41,45.7484839,21.2216774,23.92,shopping_city_centru,bus,1,synthetic_gps
2026-05-30 19:37:42,45.748413,21.2216694,15.92,shopping_city_centru,bus,1,synthetic_gps
2026-05-30 19:37:43,45.7484124,21.2217495,16.33,shopping_city_centru,bus,1,synthetic_gps
2026-05-30 19:37:44,45.7484269,21.2216584,12.54,shopping_city_centru,bus,1,synthetic_gps
2026-05-30 19:37:45,45.7484559,21.2217004,20.54,shopping_city_centru,bus,1,synthetic_gps
2026-05-30 19:37:46,45.7484257,21.2216877,28.54,shopping_city_centru,bus,1,synthetic_gps
2026-05-30 19:37:47,45.748433,21.2217129,26.56,shopping_city_centru,bus,1,synthetic_gps
2026-05-30 19:37:48,45.7483819,21.2216984,18.56,shopping_city_centru,bus,1,synthetic_gps
2026-05-30 19:37:49,45.7484402,21.221739,15.55,shopping_city_centru,bus,1,synthetic_gps
2026-05-30 19:37:50,45.7484822,21.2217101,18.73,shopping_city_centru,bus,1,synthetic_gps
2026-05-30 19:37:51,45.7485249,21.2217239,18.0,shopping_city_centru,bus,1,synthetic_gps
2026-05-30 19:37:52,45.748547,21.2217566,23.71,shopping_city_centru,bus,1,synthetic_gps
2026-05-30 19:37:53,45.7485256,21.2218127,26.8,shopping_city_centru,bus,1,synthetic_gps
2026-05-30 19:37:54,45.7485184,21.2217501,26.71,shopping_city_centru,bus,1,synthetic_gps
2026-05-30 19:37:55,45.7485388,21.2217356,18.71,shopping_city_centru,bus,1,synthetic_gps
2026-05-30 19:37:56,45.7485279,21.2218654,26.71,shopping_city_centru,bus,1,synthetic_gps
2026-05-30 19:37:57,45.7485755,21.2217766,26.11,shopping_city_centru,bus,1,synthetic_gps
2026-05-30 19:37:58,45.748636,21.221832,18.11,shopping_city_centru,bus,1,synthetic_gps
2026-05-30 19:37:59,45.7485347,21.2218589,26.11,shopping_city_centru,bus,1,synthetic_gps
2026-05-30 19:38:00,45.7485814,21.2218895,18.11,shopping_city_centru,bus,1,synthetic_gps
2026-05-30 19:38:01,45.7485639,21.2218213,26.11,shopping_city_centru,bus,1,synthetic_gps
2026-05-30 19:38:02,45.7485404,21.2218523,28.8,shopping_city_centru,bus,1,synthetic_gps
2026-05-30 19:38:03,45.7486075,21.221916,27.38,shopping_city_centru,bus,1,synthetic_gps
2026-05-30 19:38:04,45.7486005,21.2218571,19.38,shopping_city_centru,bus,1,synthetic_gps
2026-05-30 19:38:05,45.7486188,21.2219241,25.4,shopping_city_centru,bus,1,synthetic_gps
2026-05-30 19:38:06,45.7486956,21.2219073,21.34,shopping_city_centru,bus,1,synthetic_gps
2026-05-30 19:38:07,45.7486365,21.2219,16.87,shopping_city_centru,bus,1,synthetic_gps
2026-05-30 19:38:08,45.7486724,21.221847,24.87,shopping_city_centru,bus,1,synthetic_gps
2026-05-30 19:38:09,45.7486748,21.221922,17.88,shopping_city_centru,bus,1,synthetic_gps
2026-05-30 19:38:10,45.7486979,21.2218859,25.88,shopping_city_centru,bus,1,synthetic_gps
2026-05-30 19:38:11,45.7486894,21.2218685,33.88,shopping_city_centru,bus,1,synthetic_gps
2026-05-30 19:38:12,45.7487759,21.221925,38.53,shopping_city_centru,bus,1,synthetic_gps
2026-05-30 19:38:13,45.7487997,21.2219668,30.53,shopping_city_centru,bus,1,synthetic_gps
2026-05-30 19:38:14,45.7488005,21.2219281,26.08,shopping_city_centru,bus,1,synthetic_gps
2026-05-30 19:38:15,45.7487962,21.2219447,23.88,shopping_city_centru,bus,1,synthetic_gps
2026-05-30 19:38:16,45.7487981,21.2219841,26.83,shopping_city_centru,bus,1,synthetic_gps
2026-05-30 19:38:17,45.7487476,21.2219407,26.47,shopping_city_centru,bus,1,synthetic_gps
2026-05-30 19:38:18,45.7488932,21.22196,34.47,shopping_city_centru,bus,1,synthetic_gps
2026-05-30 19:38:19,45.7489327,21.2220623,28.61,shopping_city_centru,bus,1,synthetic_gps
2026-05-30 19:38:20,45.74882,21.2220317,20.61,shopping_city_centru,bus,1,synthetic_gps
2026-05-30 19:38:21,45.7489364,21.2219105,28.61,shopping_city_centru,bus,1,synthetic_gps
2026-05-30 19:38:22,45.7488749,21.2220662,28.99,shopping_city_centru,bus,1,synthetic_gps
2026-05-30 19:38:23,45.7488961,21.2220559,26.57,shopping_city_centru,bus,1,synthetic_gps
2026-05-30 19:38:24,45.7488954,21.2220697,21.52,shopping_city_centru,bus,1,synthetic_gps
2026-05-30 19:38:25,45.7488778,21.2220745,28.13,shopping_city_centru,bus,1,synthetic_gps
2026-05-30 19:38:26,45.7489289,21.2220967,20.13,shopping_city_centru,bus,1,synthetic_gps
2026-05-30 19:38:27,45.7489325,21.2220664,19.96,shopping_city_centru,bus,1,synthetic_gps
2026-05-30 19:38:28,45.7489409,21.2220493,11.96,shopping_city_centru,bus,1,synthetic_gps
2026-05-30 19:38:29,45.7489341,21.2220406,12.52,shopping_city_centru,bus,1,synthetic_gps
2026-05-30 19:38:30,45.7489773,21.2220834,4.52,shopping_city_centru,bus,1,synthetic_gps
2026-05-30 19:38:31,45.7489586,21.2221188,0.49,shopping_city_centru,bus,1,synthetic_gps
2026-05-30 19:38:32,45.7489296,21.222165,1.6,shopping_city_centru,bus,1,synthetic_gps
2026-05-30 19:38:33,45.7490093,21.2220983,0.44,shopping_city_centru,bus,1,synthetic_gps
2026-05-30 19:38:34,45.7489805,21.22218,0.52,shopping_city_centru,bus,1,synthetic_gps
2026-05-30 19:38:35,45.7490034,21.2222051,0.21,shopping_city_centru,bus,1,synthetic_gps
2026-05-30 19:38:36,45.7490385,21.2221397,1.62,shopping_city_centru,bus,1,synthetic_gps
2026-05-30 19:38:37,45.7490323,21.2222624,1.73,shopping_city_centru,bus,1,synthetic_gps
2026-05-30 19:38:38,45.7489959,21.2221005,1.07,shopping_city_centru,bus,1,synthetic_gps
2026-05-30 19:38:39,45.7490606,21.2222146,1.08,shopping_city_centru,bus,1,synthetic_gps
2026-05-30 19:38:40,45.7490936,21.2222374,1.22,shopping_city_centru,bus,1,synthetic_gps
2026-05-30 19:38:41,45.7490927,21.2221511,0.42,shopping_city_centru,bus,1,synthetic_gps
2026-05-30 19:38:42,45.7490742,21.222208,1.67,shopping_city_centru,bus,1,synthetic_gps
2026-05-30 19:38:43,45.7491287,21.2221862,2.23,shopping_city_centru,bus,1,synthetic_gps
2026-05-30 19:38:44,45.7492323,21.2222333,1.82,shopping_city_centru,bus,1,synthetic_gps
2026-05-30 19:38:45,45.74914,21.2222638,0.6,shopping_city_centru,bus,1,synthetic_gps
2026-05-30 19:38:46,45.7491424,21.2222393,0.0,shopping_city_centru,bus,1,synthetic_gps
2026-05-30 19:38:47,45.7491599,21.2221929,1.53,shopping_city_centru,bus,1,synthetic_gps
2026-05-30 19:38:48,45.7491712,21.2222433,1.15,shopping_city_centru,bus,1,synthetic_gps
2026-05-30 19:38:49,45.7492245,21.2222329,0.04,shopping_city_centru,bus,1,synthetic_gps
2026-05-30 19:38:50,45.749148,21.222276,8.04,shopping_city_centru,bus,1,synthetic_gps
2026-05-30 19:38:51,45.7491963,21.2223505,13.92,shopping_city_centru,bus,1,synthetic_gps
2026-05-30 19:38:52,45.7493111,21.2224007,7.85,shopping_city_centru,bus,1,synthetic_gps
2026-05-30 19:38:53,45.749311,21.2223186,15.85,shopping_city_centru,bus,1,synthetic_gps
2026-05-30 19:38:54,45.7492552,21.2223105,21.84,shopping_city_centru,bus,1,synthetic_gps
2026-05-30 19:38:55,45.7492387,21.2223142,29.57,shopping_city_centru,bus,1,synthetic_gps
2026-05-30 19:38:56,45.7492949,21.2223719,35.45,shopping_city_centru,bus,1,synthetic_gps
2026-05-30 19:38:57,45.7492502,21.2224107,30.06,shopping_city_centru,bus,1,synthetic_gps
2026-05-30 19:38:58,45.7492981,21.2223057,23.35,shopping_city_centru,bus,1,synthetic_gps
2026-05-30 19:38:59,45.7493407,21.2223951,31.35,shopping_city_centru,bus,1,synthetic_gps
2026-05-30 19:39:00,45.7493512,21.2223839,26.65,shopping_city_centru,bus,1,synthetic_gps
2026-05-30 19:39:01,45.7493766,21.2224153,18.65,shopping_city_centru,bus,1,synthetic_gps
2026-05-30 19:39:02,45.7493961,21.2224826,10.65,shopping_city_centru,bus,1,synthetic_gps
2026-05-30 19:39:03,45.7493845,21.2224278,18.65,shopping_city_centru,bus,1,synthetic_gps
2026-05-30 19:39:04,45.7494815,21.2225051,14.04,shopping_city_centru,bus,1,synthetic_gps
2026-05-30 19:39:05,45.7493672,21.2223748,7.67,shopping_city_centru,bus,1,synthetic_gps
2026-05-30 19:39:06,45.7493535,21.2224094,15.67,shopping_city_centru,bus,1,synthetic_gps
2026-05-30 19:39:07,45.7493991,21.2224545,20.18,shopping_city_centru,bus,1,synthetic_gps
2026-05-30 19:39:08,45.7494724,21.2225346,12.18,shopping_city_centru,bus,1,synthetic_gps
2026-05-30 19:39:09,45.7494354,21.2224433,20.18,shopping_city_centru,bus,1,synthetic_gps
2026-05-30 19:39:10,45.749367,21.2224493,26.96,shopping_city_centru,bus,1,synthetic_gps
2026-05-30 19:39:11,45.7494451,21.2224342,24.44,shopping_city_centru,bus,1,synthetic_gps
2026-05-30 19:39:12,45.7493871,21.2225287,32.44,shopping_city_centru,bus,1,synthetic_gps
2026-05-30 19:39:13,45.7494408,21.222533,40.44,shopping_city_centru,bus,1,synthetic_gps
2026-05-30 19:39:14,45.749583,21.2225225,32.44,shopping_city_centru,bus,1,synthetic_gps
2026-05-30 19:39:15,45.7494922,21.2225551,24.44,shopping_city_centru,bus,1,synthetic_gps
2026-05-30 19:39:16,45.7495825,21.222476,32.44,shopping_city_centru,bus,1,synthetic_gps
2026-05-30 19:39:17,45.7495735,21.2225477,33.09,shopping_city_centru,bus,1,synthetic_gps
2026-05-30 19:39:18,45.7495438,21.2224936,35.12,shopping_city_centru,bus,1,synthetic_gps
2026-05-30 19:39:19,45.7496122,21.2225785,33.27,shopping_city_centru,bus,1,synthetic_gps
2026-05-30 19:39:20,45.7496246,21.2225096,25.27,shopping_city_centru,bus,1,synthetic_gps
2026-05-30 19:39:21,45.7495797,21.22258,33.27,shopping_city_centru,bus,1,synthetic_gps
2026-05-30 19:39:22,45.7495939,21.2226107,25.27,shopping_city_centru,bus,1,synthetic_gps
2026-05-30 19:39:23,45.7495985,21.2226079,24.67,shopping_city_centru,bus,1,synthetic_gps
2026-05-30 19:39:24,45.7496546,21.2226499,16.67,shopping_city_centru,bus,1,synthetic_gps
2026-05-30 19:39:25,45.7496022,21.2226644,16.57,shopping_city_centru,bus,1,synthetic_gps
2026-05-30 19:39:26,45.7495637,21.2226719,24.57,shopping_city_centru,bus,1,synthetic_gps
2026-05-30 19:39:27,45.7496747,21.2226347,22.75,shopping_city_centru,bus,1,synthetic_gps
2026-05-30 19:39:28,45.7496843,21.2226381,29.75,shopping_city_centru,bus,1,synthetic_gps
2026-05-30 19:39:29,45.7496723,21.2226167,21.75,shopping_city_centru,bus,1,synthetic_gps
2026-05-30 19:39:30,45.7497,21.2226413,20.08,shopping_city_centru,bus,1,synthetic_gps
2026-05-30 19:39:31,45.7497737,21.2226397,19.37,shopping_city_centru,bus,1,synthetic_gps
2026-05-30 19:39:32,45.7497657,21.2226535,16.32,shopping_city_centru,bus,1,synthetic_gps
2026-05-30 19:39:33,45.7496752,21.2227168,23.06,shopping_city_centru,bus,1,synthetic_gps
2026-05-30 19:39:34,45.7497407,21.2227647,24.1,shopping_city_centru,bus,1,synthetic_gps
2026-05-30 19:39:35,45.7497715,21.2226461,27.28,shopping_city_centru,bus,1,synthetic_gps
2026-05-30 19:39:36,45.7498197,21.2226756,24.23,shopping_city_centru,bus,1,synthetic_gps
2026-05-30 19:39:37,45.7497595,21.2227822,30.75,shopping_city_centru,bus,1,synthetic_gps
2026-05-30 19:39:38,45.7498235,21.2227555,22.75,shopping_city_centru,bus,1,synthetic_gps
2026-05-30 19:39:39,45.7497041,21.2227029,14.75,shopping_city_centru,bus,1,synthetic_gps
2026-05-30 19:39:40,45.7498805,21.2227784,22.46,shopping_city_centru,bus,1,synthetic_gps
2026-05-30 19:39:41,45.749814,21.2227561,21.32,shopping_city_centru,bus,1,synthetic_gps
2026-05-30 19:39:42,45.7498134,21.2227846,19.24,shopping_city_centru,bus,1,synthetic_gps
2026-05-30 19:39:43,45.7499071,21.2227811,14.45,shopping_city_centru,bus,1,synthetic_gps
2026-05-30 19:39:44,45.7498496,21.2227399,21.8,shopping_city_centru,bus,1,synthetic_gps
2026-05-30 19:39:45,45.7499423,21.2228297,13.8,shopping_city_centru,bus,1,synthetic_gps
2026-05-30 19:39:46,45.7499375,21.2228316,21.8,shopping_city_centru,bus,1,synthetic_gps
2026-05-30 19:39:47,45.7498375,21.2227218,29.8,shopping_city_centru,bus,1,synthetic_gps
2026-05-30 19:39:48,45.7499159,21.2229018,21.8,shopping_city_centru,bus,1,synthetic_gps
2026-05-30 19:39:49,45.7499391,21.2227948,29.8,shopping_city_centru,bus,1,synthetic_gps
2026-05-30 19:39:50,45.7499052,21.2228692,24.07,shopping_city_centru,bus,1,synthetic_gps
2026-05-30 19:39:51,45.7499473,21.2228029,32.07,shopping_city_centru,bus,1,synthetic_gps
2026-05-30 19:39:52,45.7499521,21.2229079,24.07,shopping_city_centru,bus,1,synthetic_gps
2026-05-30 19:39:53,45.7499257,21.2228819,25.12,shopping_city_centru,bus,1,synthetic_gps
2026-05-30 19:39:54,45.7498963,21.2229109,23.65,shopping_city_centru,bus,1,synthetic_gps
2026-05-30 19:39:55,45.7500016,21.2228334,15.65,shopping_city_centru,bus,1,synthetic_gps
2026-05-30 19:39:56,45.7499605,21.2228865,16.39,shopping_city_centru,bus,1,synthetic_gps
2026-05-30 19:39:57,45.7500301,21.2229022,14.73,shopping_city_centru,bus,1,synthetic_gps
2026-05-30 19:39:58,45.7501023,21.2229306,19.47,shopping_city_centru,bus,1,synthetic_gps
2026-05-30 19:39:59,45.7500513,21.2229303,22.28,shopping_city_centru,bus,1,synthetic_gps
2026-05-30 19:40:00,45.7501275,21.2229218,15.59,shopping_city_centru,bus,1,synthetic_gps
2026-05-30 19:40:01,45.7500979,21.2228597,23.59,shopping_city_centru,bus,1,synthetic_gps
2026-05-30 19:40:02,45.7500533,21.2229524,15.59,shopping_city_centru,bus,1,synthetic_gps
2026-05-30 19:40:03,45.7500557,21.2229634,15.06,shopping_city_centru,bus,1,synthetic_gps
2026-05-30 19:40:04,45.7500726,21.2229753,23.06,shopping_city_centru,bus,1,synthetic_gps
2026-05-30 19:40:05,45.7501372,21.2230189,17.7,shopping_city_centru,bus,1,synthetic_gps
2026-05-30 19:40:06,45.7500748,21.2230248,25.7,shopping_city_centru,bus,1,synthetic_gps
2026-05-30 19:40:07,45.7501131,21.2229997,23.02,shopping_city_centru,bus,1,synthetic_gps
2026-05-30 19:40:08,45.7501027,21.2230302,29.78,shopping_city_centru,bus,1,synthetic_gps
2026-05-30 19:40:09,45.7501743,21.2230743,25.06,shopping_city_centru,bus,1,synthetic_gps
2026-05-30 19:40:10,45.7502252,21.2229871,32.97,shopping_city_centru,bus,1,synthetic_gps
2026-05-30 19:40:11,45.7502499,21.2230377,30.83,shopping_city_centru,bus,1,synthetic_gps
2026-05-30 19:40:12,45.7501788,21.2230489,28.81,shopping_city_centru,bus,1,synthetic_gps
2026-05-30 19:40:13,45.7502814,21.2230044,36.81,shopping_city_centru,bus,1,synthetic_gps
2026-05-30 19:40:14,45.7502439,21.223087,28.81,shopping_city_centru,bus,1,synthetic_gps
2026-05-30 19:40:15,45.7502618,21.2230013,30.21,shopping_city_centru,bus,1,synthetic_gps
2026-05-30 19:40:16,45.750264,21.2230836,28.85,shopping_city_centru,bus,1,synthetic_gps
2026-05-30 19:40:17,45.7502091,21.2230906,20.85,shopping_city_centru,bus,1,synthetic_gps
2026-05-30 19:40:18,45.7502659,21.2230616,28.85,shopping_city_centru,bus,1,synthetic_gps
2026-05-30 19:40:19,45.7503266,21.2231503,20.85,shopping_city_centru,bus,1,synthetic_gps
2026-05-30 19:40:20,45.7502863,21.223123,28.85,shopping_city_centru,bus,1,synthetic_gps
2026-05-30 19:40:21,45.7502327,21.2231417,32.22,shopping_city_centru,bus,1,synthetic_gps
2026-05-30 19:40:22,45.7504064,21.2231339,31.04,shopping_city_centru,bus,1,synthetic_gps
2026-05-30 19:40:23,45.7503022,21.2231798,39.04,shopping_city_centru,bus,1,synthetic_gps
2026-05-30 19:40:24,45.7503841,21.2231796,31.04,shopping_city_centru,bus,1,synthetic_gps
2026-05-30 19:40:25,45.7503898,21.223168,23.04,shopping_city_centru,bus,1,synthetic_gps
2026-05-30 19:40:26,45.7503652,21.2232005,28.9,shopping_city_centru,bus,1,synthetic_gps
2026-05-30 19:40:27,45.7502848,21.2231624,22.22,shopping_city_centru,bus,1,synthetic_gps
2026-05-30 19:40:28,45.7504476,21.2231995,30.22,shopping_city_centru,bus,1,synthetic_gps
2026-05-30 19:40:29,45.7503672,21.2232797,22.22,shopping_city_centru,bus,1,synthetic_gps
2026-05-30 19:40:30,45.7504616,21.2232411,17.7,shopping_city_centru,bus,1,synthetic_gps
2026-05-30 19:40:31,45.7503478,21.2232923,20.57,shopping_city_centru,bus,1,synthetic_gps
2026-05-30 19:40:32,45.7505054,21.2232127,12.57,shopping_city_centru,bus,1,synthetic_gps
2026-05-30 19:40:33,45.7504614,21.2232516,20.57,shopping_city_centru,bus,1,synthetic_gps
2026-05-30 19:40:34,45.7504745,21.2232651,20.57,shopping_city_centru,bus,1,synthetic_gps
2026-05-30 19:40:35,45.7505081,21.2232858,12.57,shopping_city_centru,bus,1,synthetic_gps
2026-05-30 19:40:36,45.7505164,21.223229,20.57,shopping_city_centru,bus,1,synthetic_gps
2026-05-30 19:40:37,45.7505075,21.2233252,19.93,shopping_city_centru,bus,1,synthetic_gps
2026-05-30 19:40:38,45.7504859,21.2232798,27.93,shopping_city_centru,bus,1,synthetic_gps
2026-05-30 19:40:39,45.7504994,21.2232628,19.93,shopping_city_centru,bus,1,synthetic_gps
2026-05-30 19:40:40,45.75064,21.2233337,27.93,shopping_city_centru,bus,1,synthetic_gps
2026-05-30 19:40:41,45.750547,21.2233319,34.27,shopping_city_centru,bus,1,synthetic_gps
2026-05-30 19:40:42,45.7505482,21.2233188,30.35,shopping_city_centru,bus,1,synthetic_gps
2026-05-30 19:40:43,45.7505903,21.2233552,23.07,shopping_city_centru,bus,1,synthetic_gps
2026-05-30 19:40:44,45.7506604,21.2232345,18.72,shopping_city_centru,bus,1,synthetic_gps
2026-05-30 19:40:45,45.7506394,21.2234236,15.29,shopping_city_centru,bus,1,synthetic_gps
2026-05-30 19:40:46,45.7505172,21.2233831,21.5,shopping_city_centru,bus,1,synthetic_gps
2026-05-30 19:40:47,45.7506097,21.2233842,13.5,shopping_city_centru,bus,1,synthetic_gps
2026-05-30 19:40:48,45.750756,21.2233635,21.5,shopping_city_centru,bus,1,synthetic_gps
2026-05-30 19:40:49,45.7506253,21.2233397,13.5,shopping_city_centru,bus,1,synthetic_gps
2026-05-30 19:40:50,45.7506402,21.2234291,21.5,shopping_city_centru,bus,1,synthetic_gps
2026-05-30 19:40:51,45.7506947,21.2234103,17.63,shopping_city_centru,bus,1,synthetic_gps
2026-05-30 19:40:52,45.7506193,21.2234449,9.63,shopping_city_centru,bus,1,synthetic_gps
2026-05-30 19:40:53,45.7506655,21.2234137,11.49,shopping_city_centru,bus,1,synthetic_gps
2026-05-30 19:40:54,45.7506951,21.2234261,18.41,shopping_city_centru,bus,1,synthetic_gps
2026-05-30 19:40:55,45.7507596,21.2233873,23.5,shopping_city_centru,bus,1,synthetic_gps
2026-05-30 19:40:56,45.7507185,21.2234656,15.5,shopping_city_centru,bus,1,synthetic_gps
2026-05-30 19:40:57,45.7507897,21.2234914,23.5,shopping_city_centru,bus,1,synthetic_gps
2026-05-30 19:40:58,45.7507937,21.2233699,20.5,shopping_city_centru,bus,1,synthetic_gps
2026-05-30 19:40:59,45.7508454,21.2235079,28.5,shopping_city_centru,bus,1,synthetic_gps
2026-05-30 19:41:00,45.7508602,21.2234791,20.5,shopping_city_centru,bus,1,synthetic_gps
2026-05-30 19:41:01,45.7508133,21.2235548,12.5,shopping_city_centru,bus,1,synthetic_gps
2026-05-30 19:41:02,45.7507386,21.223525,4.5,shopping_city_centru,bus,1,synthetic_gps
2026-05-30 19:41:03,45.7507925,21.2235204,1.51,shopping_city_centru,bus,1,synthetic_gps
2026-05-30 19:41:04,45.7509004,21.2234972,1.11,shopping_city_centru,bus,1,synthetic_gps
2026-05-30 19:41:05,45.7508603,21.2235384,1.72,shopping_city_centru,bus,1,synthetic_gps
2026-05-30 19:41:06,45.7508565,21.2235048,1.3,shopping_city_centru,bus,1,synthetic_gps
2026-05-30 19:41:07,45.7508544,21.2235449,0.0,shopping_city_centru,bus,1,synthetic_gps
2026-05-30 19:41:08,45.7508453,21.2236207,0.87,shopping_city_centru,bus,1,synthetic_gps
2026-05-30 19:41:09,45.7509304,21.2236291,1.89,shopping_city_centru,bus,1,synthetic_gps
2026-05-30 19:41:10,45.7509375,21.2235591,0.71,shopping_city_centru,bus,1,synthetic_gps
2026-05-30 19:41:11,45.7508465,21.2235387,0.75,shopping_city_centru,bus,1,synthetic_gps
2026-05-30 19:41:12,45.7509099,21.2235905,0.78,shopping_city_centru,bus,1,synthetic_gps
2026-05-30 19:41:13,45.7509484,21.2236092,0.66,shopping_city_centru,bus,1,synthetic_gps
2026-05-30 19:41:14,45.7508418,21.2236208,1.31,shopping_city_centru,bus,1,synthetic_gps
2026-05-30 19:41:15,45.7510024,21.2236529,0.77,shopping_city_centru,bus,1,synthetic_gps
2026-05-30 19:41:16,45.7509526,21.2236355,1.39,shopping_city_centru,bus,1,synthetic_gps
2026-05-30 19:41:17,45.750972,21.2235844,1.07,shopping_city_centru,bus,1,synthetic_gps
2026-05-30 19:41:18,45.7509761,21.2236333,1.35,shopping_city_centru,bus,1,synthetic_gps
2026-05-30 19:41:19,45.7509806,21.2236475,0.41,shopping_city_centru,bus,1,synthetic_gps
2026-05-30 19:41:20,45.7509813,21.223692,8.41,shopping_city_centru,bus,1,synthetic_gps
2026-05-30 19:41:21,45.7510018,21.2237047,15.98,shopping_city_centru,bus,1,synthetic_gps
2026-05-30 19:41:22,45.7510305,21.2236963,7.98,shopping_city_centru,bus,1,synthetic_gps
2026-05-30 19:41:23,45.7510554,21.2237038,15.98,shopping_city_centru,bus,1,synthetic_gps
2026-05-30 19:41:24,45.751068,21.2235702,23.98,shopping_city_centru,bus,1,synthetic_gps
2026-05-30 19:41:25,45.7511313,21.2237035,19.79,shopping_city_centru,bus,1,synthetic_gps
2026-05-30 19:41:26,45.7511228,21.2237144,26.07,shopping_city_centru,bus,1,synthetic_gps
2026-05-30 19:41:27,45.7511126,21.2237663,18.41,shopping_city_centru,bus,1,synthetic_gps
2026-05-30 19:41:28,45.7511725,21.2237628,26.41,shopping_city_centru,bus,1,synthetic_gps
2026-05-30 19:41:29,45.7511597,21.2238358,34.41,shopping_city_centru,bus,1,synthetic_gps
2026-05-30 19:41:30,45.7511852,21.2238035,40.13,shopping_city_centru,bus,1,synthetic_gps
2026-05-30 19:41:31,45.7511482,21.2237587,32.13,shopping_city_centru,bus,1,synthetic_gps
2026-05-30 19:41:32,45.7512089,21.2238203,24.13,shopping_city_centru,bus,1,synthetic_gps
2026-05-30 19:41:33,45.7511952,21.2238045,29.92,shopping_city_centru,bus,1,synthetic_gps
2026-05-30 19:41:34,45.7512379,21.2237833,21.92,shopping_city_centru,bus,1,synthetic_gps
2026-05-30 19:41:35,45.7511348,21.2237267,18.61,shopping_city_centru,bus,1,synthetic_gps
2026-05-30 19:41:36,45.7511087,21.2238464,26.61,shopping_city_centru,bus,1,synthetic_gps
2026-05-30 19:41:37,45.7512508,21.223791,18.61,shopping_city_centru,bus,1,synthetic_gps
2026-05-30 19:41:38,45.7513167,21.2238839,24.65,shopping_city_centru,bus,1,synthetic_gps
2026-05-30 19:41:39,45.7512344,21.2238559,32.65,shopping_city_centru,bus,1,synthetic_gps
2026-05-30 19:41:40,45.7512509,21.2238007,24.71,shopping_city_centru,bus,1,synthetic_gps
2026-05-30 19:41:41,45.7512908,21.2238306,16.71,shopping_city_centru,bus,1,synthetic_gps
2026-05-30 19:41:42,45.7513501,21.2238677,24.71,shopping_city_centru,bus,1,synthetic_gps
2026-05-30 19:41:43,45.7512773,21.2238688,32.71,shopping_city_centru,bus,1,synthetic_gps
2026-05-30 19:41:44,45.7513272,21.2238292,34.15,shopping_city_centru,bus,1,synthetic_gps
2026-05-30 19:41:45,45.751321,21.2239829,26.15,shopping_city_centru,bus,1,synthetic_gps
2026-05-30 19:41:46,45.7513447,21.2239111,25.63,shopping_city_centru,bus,1,synthetic_gps
2026-05-30 19:41:47,45.7514429,21.2238016,17.63,shopping_city_centru,bus,1,synthetic_gps
2026-05-30 19:41:48,45.7513992,21.2239468,25.63,shopping_city_centru,bus,1,synthetic_gps
2026-05-30 19:41:49,45.7513233,21.2239706,25.35,shopping_city_centru,bus,1,synthetic_gps
2026-05-30 19:41:50,45.7514044,21.2240006,33.35,shopping_city_centru,bus,1,synthetic_gps
2026-05-30 19:41:51,45.7514758,21.2239619,25.35,shopping_city_centru,bus,1,synthetic_gps
2026-05-30 19:41:52,45.7514159,21.2239659,33.35,shopping_city_centru,bus,1,synthetic_gps
2026-05-30 19:41:53,45.7514943,21.223982,25.35,shopping_city_centru,bus,1,synthetic_gps
2026-05-30 19:41:54,45.7514512,21.2240634,31.36,shopping_city_centru,bus,1,synthetic_gps
2026-05-30 19:41:55,45.7513657,21.2240531,38.81,shopping_city_centru,bus,1,synthetic_gps
2026-05-30 19:41:56,45.751418,21.2239414,37.35,shopping_city_centru,bus,1,synthetic_gps
2026-05-30 19:41:57,45.7514717,21.2240171,29.35,shopping_city_centru,bus,1,synthetic_gps
2026-05-30 19:41:58,45.7514896,21.2240932,36.67,shopping_city_centru,bus,1,synthetic_gps
2026-05-30 19:41:59,45.7514856,21.22406,28.67,shopping_city_centru,bus,1,synthetic_gps
2026-05-30 19:42:00,45.7515281,21.2239614,23.69,shopping_city_centru,bus,1,synthetic_gps
2026-05-30 19:42:01,45.7514932,21.2240591,31.69,shopping_city_centru,bus,1,synthetic_gps
2026-05-30 19:42:02,45.7514693,21.2241024,32.31,shopping_city_centru,bus,1,synthetic_gps
2026-05-30 19:42:03,45.7515968,21.2240684,24.31,shopping_city_centru,bus,1,synthetic_gps
2026-05-30 19:42:04,45.7515386,21.2240836,24.71,shopping_city_centru,bus,1,synthetic_gps
2026-05-30 19:42:05,45.7516031,21.2240688,29.17,shopping_city_centru,bus,1,synthetic_gps
2026-05-30 19:42:06,45.7517016,21.2241757,21.17,shopping_city_centru,bus,1,synthetic_gps
2026-05-30 19:42:07,45.7516029,21.2241509,29.17,shopping_city_centru,bus,1,synthetic_gps
2026-05-30 19:42:08,45.7516272,21.2241636,21.17,shopping_city_centru,bus,1,synthetic_gps
2026-05-30 19:42:09,45.7516042,21.2241361,27.33,shopping_city_centru,bus,1,synthetic_gps
2026-05-30 19:42:10,45.751655,21.2241846,35.33,shopping_city_centru,bus,1,synthetic_gps
2026-05-30 19:42:11,45.7516494,21.2240832,32.02,shopping_city_centru,bus,1,synthetic_gps
2026-05-30 19:42:12,45.7517512,21.2241946,37.49,shopping_city_centru,bus,1,synthetic_gps
2026-05-30 19:42:13,45.7516458,21.2240577,29.49,shopping_city_centru,bus,1,synthetic_gps
2026-05-30 19:42:14,45.751673,21.2240971,21.49,shopping_city_centru,bus,1,synthetic_gps
2026-05-30 19:42:15,45.7516749,21.2241454,15.23,shopping_city_centru,bus,1,synthetic_gps
2026-05-30 19:42:16,45.7516947,21.2241765,23.23,shopping_city_centru,bus,1,synthetic_gps
2026-05-30 19:42:17,45.7517961,21.2242394,18.32,shopping_city_centru,bus,1,synthetic_gps
2026-05-30 19:42:18,45.7517381,21.2242296,26.32,shopping_city_centru,bus,1,synthetic_gps
2026-05-30 19:42:19,45.7517757,21.2241539,28.58,shopping_city_centru,bus,1,synthetic_gps
2026-05-30 19:42:20,45.7516878,21.2241409,22.07,shopping_city_centru,bus,1,synthetic_gps
2026-05-30 19:42:21,45.7517573,21.2242513,25.38,shopping_city_centru,bus,1,synthetic_gps
2026-05-30 19:42:22,45.7518881,21.2241461,33.38,shopping_city_centru,bus,1,synthetic_gps
2026-05-30 19:42:23,45.7517927,21.2242981,25.38,shopping_city_centru,bus,1,synthetic_gps
2026-05-30 19:42:24,45.7517759,21.2242751,17.38,shopping_city_centru,bus,1,synthetic_gps
2026-05-30 19:42:25,45.7518118,21.2242608,25.38,shopping_city_centru,bus,1,synthetic_gps
2026-05-30 19:42:26,45.7518246,21.2242388,27.89,shopping_city_centru,bus,1,synthetic_gps
2026-05-30 19:42:27,45.7517592,21.2242654,32.19,shopping_city_centru,bus,1,synthetic_gps
2026-05-30 19:42:28,45.7518468,21.2244265,37.44,shopping_city_centru,bus,1,synthetic_gps
2026-05-30 19:42:29,45.7518103,21.2243736,29.44,shopping_city_centru,bus,1,synthetic_gps
2026-05-30 19:42:30,45.751883,21.224331,29.22,shopping_city_centru,bus,1,synthetic_gps
2026-05-30 19:42:31,45.7518589,21.2243209,21.28,shopping_city_centru,bus,1,synthetic_gps
2026-05-30 19:42:32,45.7519349,21.2243208,29.28,shopping_city_centru,bus,1,synthetic_gps
2026-05-30 19:42:33,45.7519346,21.2243233,21.28,shopping_city_centru,bus,1,synthetic_gps
2026-05-30 19:42:34,45.7518904,21.2243313,13.28,shopping_city_centru,bus,1,synthetic_gps
2026-05-30 19:42:35,45.7519652,21.2243431,21.28,shopping_city_centru,bus,1,synthetic_gps
2026-05-30 19:42:36,45.7519384,21.2243652,29.28,shopping_city_centru,bus,1,synthetic_gps
2026-05-30 19:42:37,45.7519815,21.2244286,21.28,shopping_city_centru,bus,1,synthetic_gps
2026-05-30 19:42:38,45.7519993,21.2244119,29.28,shopping_city_centru,bus,1,synthetic_gps
2026-05-30 19:42:39,45.7519765,21.2244022,32.38,shopping_city_centru,bus,1,synthetic_gps
2026-05-30 19:42:40,45.7520658,21.2243855,31.68,shopping_city_centru,bus,1,synthetic_gps
2026-05-30 19:42:41,45.7519615,21.2244731,23.68,shopping_city_centru,bus,1,synthetic_gps
2026-05-30 19:42:42,45.7520055,21.2243793,16.46,shopping_city_centru,bus,1,synthetic_gps
2026-05-30 19:42:43,45.7521248,21.2244271,24.46,shopping_city_centru,bus,1,synthetic_gps
2026-05-30 19:42:44,45.752049,21.2244995,26.58,shopping_city_centru,bus,1,synthetic_gps
2026-05-30 19:42:45,45.752011,21.2244809,18.59,shopping_city_centru,bus,1,synthetic_gps
2026-05-30 19:42:46,45.7520734,21.2244641,19.67,shopping_city_centru,bus,1,synthetic_gps
2026-05-30 19:42:47,45.7520137,21.2244274,11.67,shopping_city_centru,bus,1,synthetic_gps
2026-05-30 19:42:48,45.7521263,21.2244903,19.67,shopping_city_centru,bus,1,synthetic_gps
2026-05-30 19:42:49,45.7520851,21.2245032,25.5,shopping_city_centru,bus,1,synthetic_gps
2026-05-30 19:42:50,45.7521398,21.224509,17.5,shopping_city_centru,bus,1,synthetic_gps
2026-05-30 19:42:51,45.7521361,21.2245772,23.27,shopping_city_centru,bus,1,synthetic_gps
2026-05-30 19:42:52,45.7522255,21.2245917,31.27,shopping_city_centru,bus,1,synthetic_gps
2026-05-30 19:42:53,45.7521994,21.2244947,30.0,shopping_city_centru,bus,1,synthetic_gps
2026-05-30 19:42:54,45.7521814,21.2245043,36.18,shopping_city_centru,bus,1,synthetic_gps
2026-05-30 19:42:55,45.7521566,21.2245653,28.18,shopping_city_centru,bus,1,synthetic_gps
2026-05-30 19:42:56,45.7522048,21.224496,27.14,shopping_city_centru,bus,1,synthetic_gps
2026-05-30 19:42:57,45.7521986,21.2245346,31.54,shopping_city_centru,bus,1,synthetic_gps
2026-05-30 19:42:58,45.752194,21.2245729,23.54,shopping_city_centru,bus,1,synthetic_gps
2026-05-30 19:42:59,45.7522547,21.2245883,30.33,shopping_city_centru,bus,1,synthetic_gps
2026-05-30 19:43:00,45.75222,21.2245581,33.02,shopping_city_centru,bus,1,synthetic_gps
2026-05-30 19:43:01,45.7522518,21.2245645,25.02,shopping_city_centru,bus,1,synthetic_gps
2026-05-30 19:43:02,45.752303,21.2246452,28.48,shopping_city_centru,bus,1,synthetic_gps
2026-05-30 19:43:03,45.7522894,21.2246292,20.48,shopping_city_centru,bus,1,synthetic_gps
2026-05-30 19:43:04,45.7522857,21.2246157,12.98,shopping_city_centru,bus,1,synthetic_gps
2026-05-30 19:43:05,45.7523008,21.2246688,20.98,shopping_city_centru,bus,1,synthetic_gps
2026-05-30 19:43:06,45.7523446,21.2246292,12.98,shopping_city_centru,bus,1,synthetic_gps
2026-05-30 19:43:07,45.7523719,21.2246255,20.98,shopping_city_centru,bus,1,synthetic_gps
2026-05-30 19:43:08,45.7523864,21.2246981,28.98,shopping_city_centru,bus,1,synthetic_gps
2026-05-30 19:43:09,45.7524353,21.2246322,25.08,shopping_city_centru,bus,1,synthetic_gps
2026-05-30 19:43:10,45.7524168,21.2247139,27.79,shopping_city_centru,bus,1,synthetic_gps
2026-05-30 19:43:11,45.7523584,21.2246315,28.44,shopping_city_centru,bus,1,synthetic_gps
2026-05-30 19:43:12,45.7523806,21.224718,24.81,shopping_city_centru,bus,1,synthetic_gps
2026-05-30 19:43:13,45.7524849,21.2246803,29.93,shopping_city_centru,bus,1,synthetic_gps
2026-05-30 19:43:14,45.7523918,21.2246516,21.93,shopping_city_centru,bus,1,synthetic_gps
2026-05-30 19:43:15,45.7524309,21.2248288,29.93,shopping_city_centru,bus,1,synthetic_gps
2026-05-30 19:43:16,45.7524477,21.2247758,25.34,shopping_city_centru,bus,1,synthetic_gps
2026-05-30 19:43:17,45.7524091,21.2247291,31.33,shopping_city_centru,bus,1,synthetic_gps
2026-05-30 19:43:18,45.7524107,21.2247571,23.33,shopping_city_centru,bus,1,synthetic_gps
2026-05-30 19:43:19,45.7524067,21.224745,31.33,shopping_city_centru,bus,1,synthetic_gps
2026-05-30 19:43:20,45.7524827,21.2247784,29.26,shopping_city_centru,bus,1,synthetic_gps
2026-05-30 19:43:21,45.7525345,21.224805,33.89,shopping_city_centru,bus,1,synthetic_gps
2026-05-30 19:43:22,45.7525062,21.2247849,25.89,shopping_city_centru,bus,1,synthetic_gps
2026-05-30 19:43:23,45.7525504,21.2248012,17.89,shopping_city_centru,bus,1,synthetic_gps
2026-05-30 19:43:24,45.7525249,21.2247918,25.89,shopping_city_centru,bus,1,synthetic_gps
2026-05-30 19:43:25,45.7524989,21.224832,31.79,shopping_city_centru,bus,1,synthetic_gps
2026-05-30 19:43:26,45.7525727,21.2248002,23.79,shopping_city_centru,bus,1,synthetic_gps
2026-05-30 19:43:27,45.7526556,21.2248644,15.79,shopping_city_centru,bus,1,synthetic_gps
2026-05-30 19:43:28,45.752588,21.224882,23.79,shopping_city_centru,bus,1,synthetic_gps
2026-05-30 19:43:29,45.752526,21.2247645,15.8,shopping_city_centru,bus,1,synthetic_gps
2026-05-30 19:43:30,45.7525745,21.2248277,7.8,shopping_city_centru,bus,1,synthetic_gps
2026-05-30 19:43:31,45.7526456,21.22487,0.97,shopping_city_centru,bus,1,synthetic_gps
2026-05-30 19:43:32,45.7526041,21.2249459,0.93,shopping_city_centru,bus,1,synthetic_gps
2026-05-30 19:43:33,45.7526818,21.2248542,1.26,shopping_city_centru,bus,1,synthetic_gps
2026-05-30 19:43:34,45.7526046,21.2249295,1.51,shopping_city_centru,bus,1,synthetic_gps
2026-05-30 19:43:35,45.7527402,21.224917,1.05,shopping_city_centru,bus,1,synthetic_gps
2026-05-30 19:43:36,45.7526974,21.2249586,1.56,shopping_city_centru,bus,1,synthetic_gps
2026-05-30 19:43:37,45.7526784,21.224997,1.39,shopping_city_centru,bus,1,synthetic_gps
2026-05-30 19:43:38,45.752732,21.2249571,1.55,shopping_city_centru,bus,1,synthetic_gps
2026-05-30 19:43:39,45.7527681,21.2249114,0.42,shopping_city_centru,bus,1,synthetic_gps
2026-05-30 19:43:40,45.7527166,21.224989,0.3,shopping_city_centru,bus,1,synthetic_gps
2026-05-30 19:43:41,45.7527589,21.2250632,0.41,shopping_city_centru,bus,1,synthetic_gps
2026-05-30 19:43:42,45.7527499,21.2250217,0.39,shopping_city_centru,bus,1,synthetic_gps
2026-05-30 19:43:43,45.7527095,21.2248333,0.45,shopping_city_centru,bus,1,synthetic_gps
2026-05-30 19:43:44,45.7527554,21.2249812,0.61,shopping_city_centru,bus,1,synthetic_gps
2026-05-30 19:43:45,45.7527264,21.225046,0.11,shopping_city_centru,bus,1,synthetic_gps
2026-05-30 19:43:46,45.7527733,21.2249868,0.27,shopping_city_centru,bus,1,synthetic_gps
2026-05-30 19:43:47,45.7528823,21.2249854,0.52,shopping_city_centru,bus,1,synthetic_gps
2026-05-30 19:43:48,45.7527871,21.2250059,0.21,shopping_city_centru,bus,1,synthetic_gps
2026-05-30 19:43:49,45.7528441,21.2250103,0.18,shopping_city_centru,bus,1,synthetic_gps
2026-05-30 19:43:50,45.7528882,21.2250501,6.6,shopping_city_centru,bus,1,synthetic_gps
2026-05-30 19:43:51,45.7528004,21.2251005,4.01,shopping_city_centru,bus,1,synthetic_gps
2026-05-30 19:43:52,45.7529138,21.2250346,12.01,shopping_city_centru,bus,1,synthetic_gps
2026-05-30 19:43:53,45.7528495,21.2250808,7.08,shopping_city_centru,bus,1,synthetic_gps
2026-05-30 19:43:54,45.7528993,21.2250287,7.58,shopping_city_centru,bus,1,synthetic_gps
2026-05-30 19:43:55,45.7529327,21.2250618,5.5,shopping_city_centru,bus,1,synthetic_gps
2026-05-30 19:43:56,45.7529411,21.2251407,10.92,shopping_city_centru,bus,1,synthetic_gps
2026-05-30 19:43:57,45.7529498,21.2251122,9.1,shopping_city_centru,bus,1,synthetic_gps
2026-05-30 19:43:58,45.7529058,21.2251738,8.24,shopping_city_centru,bus,1,synthetic_gps
2026-05-30 19:43:59,45.7530528,21.2250811,5.12,shopping_city_centru,bus,1,synthetic_gps
2026-05-30 19:44:00,45.7530437,21.2251943,9.81,shopping_city_centru,bus,1,synthetic_gps
2026-05-30 19:44:01,45.7530525,21.2251723,9.22,shopping_city_centru,bus,1,synthetic_gps
2026-05-30 19:44:02,45.7529286,21.2251356,7.17,shopping_city_centru,bus,1,synthetic_gps
2026-05-30 19:44:03,45.7530022,21.2252229,10.52,shopping_city_centru,bus,1,synthetic_gps
2026-05-30 19:44:04,45.7530089,21.2252019,7.38,shopping_city_centru,bus,1,synthetic_gps
2026-05-30 19:44:05,45.7530363,21.2252437,5.5,shopping_city_centru,bus,1,synthetic_gps
2026-05-30 19:44:06,45.7530888,21.2251634,11.16,shopping_city_centru,bus,1,synthetic_gps
2026-05-30 19:44:07,45.7530291,21.225199,7.85,shopping_city_centru,bus,1,synthetic_gps
2026-05-30 19:44:08,45.7530567,21.2251869,9.34,shopping_city_centru,bus,1,synthetic_gps
2026-05-30 19:44:09,45.7530465,21.2252604,11.09,shopping_city_centru,bus,1,synthetic_gps
2026-05-30 19:44:10,45.7530649,21.2252643,6.7,shopping_city_centru,bus,1,synthetic_gps
2026-05-30 19:44:11,45.7531002,21.2252958,14.7,shopping_city_centru,bus,1,synthetic_gps
2026-05-30 19:44:12,45.7531313,21.2253261,6.7,shopping_city_centru,bus,1,synthetic_gps
2026-05-30 19:44:13,45.7531552,21.2252449,5.15,shopping_city_centru,bus,1,synthetic_gps
2026-05-30 19:44:14,45.7531272,21.2253122,13.15,shopping_city_centru,bus,1,synthetic_gps
2026-05-30 19:44:15,45.7532225,21.2252572,11.35,shopping_city_centru,bus,1,synthetic_gps
2026-05-30 19:44:16,45.7532071,21.2253148,7.98,shopping_city_centru,bus,1,synthetic_gps
2026-05-30 19:44:17,45.7532178,21.2252468,11.62,shopping_city_centru,bus,1,synthetic_gps
2026-05-30 19:44:18,45.7531864,21.2252794,11.32,shopping_city_centru,bus,1,synthetic_gps
2026-05-30 19:44:19,45.7532104,21.2252786,14.89,shopping_city_centru,bus,1,synthetic_gps
2026-05-30 19:44:20,45.7531808,21.2253097,9.29,shopping_city_centru,bus,1,synthetic_gps
2026-05-30 19:44:21,45.7532358,21.225342,8.15,shopping_city_centru,bus,1,synthetic_gps
2026-05-30 19:44:22,45.7532095,21.2253517,8.72,shopping_city_centru,bus,1,synthetic_gps
2026-05-30 19:44:23,45.7532281,21.2254415,14.65,shopping_city_centru,bus,1,synthetic_gps
2026-05-30 19:44:24,45.7532636,21.2254596,9.51,shopping_city_centru,bus,1,synthetic_gps
2026-05-30 19:44:25,45.7532473,21.2252706,7.62,shopping_city_centru,bus,1,synthetic_gps
2026-05-30 19:44:26,45.7532927,21.2253856,10.43,shopping_city_centru,bus,1,synthetic_gps
2026-05-30 19:44:27,45.7532855,21.2254146,11.74,shopping_city_centru,bus,1,synthetic_gps
2026-05-30 19:44:28,45.753302,21.2254146,10.29,shopping_city_centru,bus,1,synthetic_gps
2026-05-30 19:44:29,45.7533784,21.2254482,9.01,shopping_city_centru,bus,1,synthetic_gps
2026-05-30 19:44:30,45.7533952,21.2255075,4.42,shopping_city_centru,bus,1,synthetic_gps
2026-05-30 19:44:31,45.7532995,21.2254661,12.42,shopping_city_centru,bus,1,synthetic_gps
2026-05-30 19:44:32,45.7534662,21.2255114,4.42,shopping_city_centru,bus,1,synthetic_gps
2026-05-30 19:44:33,45.7533156,21.2254159,9.42,shopping_city_centru,bus,1,synthetic_gps
2026-05-30 19:44:34,45.7533476,21.2254819,4.87,shopping_city_centru,bus,1,synthetic_gps
2026-05-30 19:44:35,45.753435,21.2255429,9.33,shopping_city_centru,bus,1,synthetic_gps
2026-05-30 19:44:36,45.7532591,21.2255018,1.33,shopping_city_centru,bus,1,synthetic_gps
2026-05-30 19:44:37,45.7533928,21.2254622,9.33,shopping_city_centru,bus,1,synthetic_gps
2026-05-30 19:44:38,45.7533483,21.2254727,12.3,shopping_city_centru,bus,1,synthetic_gps
2026-05-30 19:44:39,45.7533903,21.2254919,7.94,shopping_city_centru,bus,1,synthetic_gps
2026-05-30 19:44:40,45.7534507,21.2254873,5.3,shopping_city_centru,bus,1,synthetic_gps
2026-05-30 19:44:41,45.7534206,21.225523,6.9,shopping_city_centru,bus,1,synthetic_gps
2026-05-30 19:44:42,45.7534467,21.2255604,8.17,shopping_city_centru,bus,1,synthetic_gps
2026-05-30 19:44:43,45.7534873,21.2255933,9.66,shopping_city_centru,bus,1,synthetic_gps
2026-05-30 19:44:44,45.7535264,21.2256211,6.25,shopping_city_centru,bus,1,synthetic_gps
2026-05-30 19:44:45,45.7535486,21.2256438,12.78,shopping_city_centru,bus,1,synthetic_gps
2026-05-30 19:44:46,45.7534811,21.2255746,11.59,shopping_city_centru,bus,1,synthetic_gps
2026-05-30 19:44:47,45.7534798,21.2255551,4.66,shopping_city_centru,bus,1,synthetic_gps
2026-05-30 19:44:48,45.7535947,21.2256157,9.87,shopping_city_centru,bus,1,synthetic_gps
2026-05-30 19:44:49,45.753665,21.2256606,8.91,shopping_city_centru,bus,1,synthetic_gps
2026-05-30 19:44:50,45.7536612,21.2256298,12.33,shopping_city_centru,bus,1,synthetic_gps
2026-05-30 19:44:51,45.7535449,21.2255924,7.79,shopping_city_centru,bus,1,synthetic_gps
2026-05-30 19:44:52,45.7536354,21.2256332,8.7,shopping_city_centru,bus,1,synthetic_gps
2026-05-30 19:44:53,45.7536187,21.2256215,6.23,shopping_city_centru,bus,1,synthetic_gps
2026-05-30 19:44:54,45.7536312,21.2256381,6.34,shopping_city_centru,bus,1,synthetic_gps
2026-05-30 19:44:55,45.7535363,21.2256916,8.22,shopping_city_centru,bus,1,synthetic_gps
2026-05-30 19:44:56,45.7535523,21.2256226,13.3,shopping_city_centru,bus,1,synthetic_gps
2026-05-30 19:44:57,45.75359,21.2256444,8.6,shopping_city_centru,bus,1,synthetic_gps
2026-05-30 19:44:58,45.7536767,21.2256663,11.09,shopping_city_centru,bus,1,synthetic_gps
2026-05-30 19:44:59,45.7537064,21.2256973,14.56,shopping_city_centru,bus,1,synthetic_gps
