timestamp,latitude,longitude,speed_kmh,route_id,transport_mode,is_peak_hour,source
2026-05-19 14:18:00,45.7536776,21.2257068,1.47,victoriei_iulius,walking,0,synthetic_gps
2026-05-19 14:18:01,45.7536533,21.2257215,1.98,victoriei_iulius,walking,0,synthetic_gps
2026-05-19 14:18:02,45.7537508,21.2257031,1.8,victoriei_iulius,walking,0,synthetic_gps
2026-05-19 14:18:03,45.7537111,21.2257175,2.04,victoriei_iulius,walking,0,synthetic_gps
2026-05-19 14:18:04,45.7537483,21.2257233,1.63,victoriei_iulius,walking,0,synthetic_gps
2026-05-19 14:18:05,45.7537469,21.2257218,2.36,victoriei_iulius,walking,0,synthetic_gps
2026-05-19 14:18:06,45.7537056,21.2257122,1.75,victoriei_iulius,walking,0,synthetic_gps
2026-05-19 14:18:07,45.7537624,21.2257045,2.05,victoriei_iulius,walking,0,synthetic_gps
2026-05-19 14:18:08,45.7537616,21.2256911,1.15,victoriei_iulius,walking,0,synthetic_gps
2026-05-19 14:18:09,45.7537525,21.225772,1.74,victoriei_iulius,walking,0,synthetic_gps
2026-05-19 14:18:10,45.7537663,21.2257396,1.56,victoriei_iulius,walking,0,synthetic_gps
2026-05-19 14:18:11,45.753737,21.2257456,1.48,victoriei_iulius,walking,0,synthetic_gps
2026-05-19 14:18:12,45.7537625,21.2257324,1.25,victoriei_iulius,walking,0,synthetic_gps
2026-05-19 14:18:13,45.7537876,21.2257065,1.71,victoriei_iulius,walking,0,synthetic_gps
2026-05-19 14:18:14,45.7537843,21.2257373,0.86,victoriei_iulius,walking,0,synthetic_gps
2026-05-19 14:18:15,45.7538292,21.2256928,1.95,victoriei_iulius,walking,0,synthetic_gps
2026-05-19 14:18:16,45.7538156,21.2257202,1.69,victoriei_iulius,walking,0,synthetic_gps
2026-05-19 14:18:17,45.7538358,21.2257052,1.71,victoriei_iulius,walking,0,synthetic_gps
2026-05-19 14:18:18,45.7538103,21.2257354,1.96,victoriei_iulius,walking,0,synthetic_gps
2026-05-19 14:18:19,45.7537847,21.2257523,1.68,victoriei_iulius,walking,0,synthetic_gps
2026-05-19 14:18:20,45.7538218,21.2257511,1.82,victoriei_iulius,walking,0,synthetic_gps
2026-05-19 14:18:21,45.7538581,21.2257254,1.75,victoriei_iulius,walking,0,synthetic_gps
2026-05-19 14:18:22,45.7538411,21.2256923,1.6,victoriei_iulius,walking,0,synthetic_gps
2026-05-19 14:18:23,45.7538533,21.2257502,1.8,victoriei_iulius,walking,0,synthetic_gps
2026-05-19 14:18:24,45.753869,21.2257624,1.41,victoriei_iulius,walking,0,synthetic_gps
2026-05-19 14:18:25,45.7538556,21.2257347,1.58,victoriei_iulius,walking,0,synthetic_gps
2026-05-19 14:18:26,45.753894,21.2257602,1.27,victoriei_iulius,walking,0,synthetic_gps
2026-05-19 14:18:27,45.7538803,21.2257115,1.9,victoriei_iulius,walking,0,synthetic_gps
2026-05-19 14:18:28,45.753867,21.2257364,2.01,victoriei_iulius,walking,0,synthetic_gps
2026-05-19 14:18:29,45.7539307,21.2257332,1.46,victoriei_iulius,walking,0,synthetic_gps
2026-05-19 14:18:30,45.7538969,21.2257259,1.84,victoriei_iulius,walking,0,synthetic_gps
2026-05-19 14:18:31,45.7539161,21.2257734,1.92,victoriei_iulius,walking,0,synthetic_gps
2026-05-19 14:18:32,45.7538871,21.2257209,1.83,victoriei_iulius,walking,0,synthetic_gps
2026-05-19 14:18:33,45.7539412,21.2257421,1.78,victoriei_iulius,walking,0,synthetic_gps
2026-05-19 14:18:34,45.7539153,21.2257492,1.68,victoriei_iulius,walking,0,synthetic_gps
2026-05-19 14:18:35,45.7539405,21.2257799,1.42,victoriei_iulius,walking,0,synthetic_gps
2026-05-19 14:18:36,45.753932,21.2258085,1.78,victoriei_iulius,walking,0,synthetic_gps
2026-05-19 14:18:37,45.753931,21.2257313,1.61,victoriei_iulius,walking,0,synthetic_gps
2026-05-19 14:18:38,45.753918,21.2257308,1.79,victoriei_iulius,walking,0,synthetic_gps
2026-05-19 14:18:39,45.753936,21.2258034,1.83,victoriei_iulius,walking,0,synthetic_gps
2026-05-19 14:18:40,45.7539262,21.2257518,1.53,victoriei_iulius,walking,0,synthetic_gps
2026-05-19 14:18:41,45.7539854,21.2257936,1.57,victoriei_iulius,walking,0,synthetic_gps
2026-05-19 14:18:42,45.753974,21.2257245,1.34,victoriei_iulius,walking,0,synthetic_gps
2026-05-19 14:18:43,45.7540165,21.2257829,1.27,victoriei_iulius,walking,0,synthetic_gps
2026-05-19 14:18:44,45.754013,21.2257374,1.25,victoriei_iulius,walking,0,synthetic_gps
2026-05-19 14:18:45,45.7539908,21.2257527,2.02,victoriei_iulius,walking,0,synthetic_gps
2026-05-19 14:18:46,45.7540154,21.2257365,1.92,victoriei_iulius,walking,0,synthetic_gps
2026-05-19 14:18:47,45.7539884,21.2257662,1.29,victoriei_iulius,walking,0,synthetic_gps
2026-05-19 14:18:48,45.7539873,21.2257863,1.86,victoriei_iulius,walking,0,synthetic_gps
2026-05-19 14:18:49,45.7540553,21.225753,2.07,victoriei_iulius,walking,0,synthetic_gps
2026-05-19 14:18:50,45.7539822,21.2257744,1.28,victoriei_iulius,walking,0,synthetic_gps
2026-05-19 14:18:51,45.7540872,21.2257846,1.7,victoriei_iulius,walking,0,synthetic_gps
2026-05-19 14:18:52,45.7540207,21.2257943,1.34,victoriei_iulius,walking,0,synthetic_gps
2026-05-19 14:18:53,45.753975,21.2258079,1.21,victoriei_iulius,walking,0,synthetic_gps
2026-05-19 14:18:54,45.7540099,21.2258073,1.95,victoriei_iulius,walking,0,synthetic_gps
2026-05-19 14:18:55,45.7540121,21.225775,0.37,victoriei_iulius,walking,0,synthetic_gps
2026-05-19 14:18:56,45.7540271,21.2257753,1.49,victoriei_iulius,walking,0,synthetic_gps
2026-05-19 14:18:57,45.7540476,21.225804,1.62,victoriei_iulius,walking,0,synthetic_gps
2026-05-19 14:18:58,45.7540844,21.2258315,1.56,victoriei_iulius,walking,0,synthetic_gps
2026-05-19 14:18:59,45.7540631,21.2257679,0.27,victoriei_iulius,walking,0,synthetic_gps
2026-05-19 14:19:00,45.7541391,21.2257745,1.57,victoriei_iulius,walking,0,synthetic_gps
2026-05-19 14:19:01,45.7540937,21.2257675,1.72,victoriei_iulius,walking,0,synthetic_gps
2026-05-19 14:19:02,45.754103,21.2258383,1.72,victoriei_iulius,walking,0,synthetic_gps
2026-05-19 14:19:03,45.7540716,21.2257813,1.36,victoriei_iulius,walking,0,synthetic_gps
2026-05-19 14:19:04,45.7541296,21.225753,1.28,victoriei_iulius,walking,0,synthetic_gps
2026-05-19 14:19:05,45.7541032,21.2258029,1.81,victoriei_iulius,walking,0,synthetic_gps
2026-05-19 14:19:06,45.7541494,21.2257764,1.87,victoriei_iulius,walking,0,synthetic_gps
2026-05-19 14:19:07,45.7541073,21.2257922,1.6,victoriei_iulius,walking,0,synthetic_gps
2026-05-19 14:19:08,45.7541124,21.2258082,1.7,victoriei_iulius,walking,0,synthetic_gps
2026-05-19 14:19:09,45.754149,21.2258432,2.06,victoriei_iulius,walking,0,synthetic_gps
2026-05-19 14:19:10,45.7541812,21.225784,1.8,victoriei_iulius,walking,0,synthetic_gps
2026-05-19 14:19:11,45.7541585,21.2257717,1.88,victoriei_iulius,walking,0,synthetic_gps
2026-05-19 14:19:12,45.7542045,21.2258139,4.31,victoriei_iulius,walking,0,synthetic_gps
2026-05-19 14:19:13,45.7541766,21.2257895,3.23,victoriei_iulius,walking,0,synthetic_gps
2026-05-19 14:19:14,45.7541789,21.2258287,4.89,victoriei_iulius,walking,0,synthetic_gps
2026-05-19 14:19:15,45.754195,21.2257863,6.12,victoriei_iulius,walking,0,synthetic_gps
2026-05-19 14:19:16,45.7541917,21.2257993,4.68,victoriei_iulius,walking,0,synthetic_gps
2026-05-19 14:19:17,45.7541839,21.2258077,0.94,victoriei_iulius,walking,0,synthetic_gps
2026-05-19 14:19:18,45.7541938,21.2257826,3.68,victoriei_iulius,walking,0,synthetic_gps
2026-05-19 14:19:19,45.7542381,21.2258164,5.02,victoriei_iulius,walking,0,synthetic_gps
2026-05-19 14:19:20,45.7542053,21.2258,1.16,victoriei_iulius,walking,0,synthetic_gps
2026-05-19 14:19:21,45.7542242,21.2257781,5.12,victoriei_iulius,walking,0,synthetic_gps
2026-05-19 14:19:22,45.7542506,21.2258379,6.07,victoriei_iulius,walking,0,synthetic_gps
2026-05-19 14:19:23,45.7541864,21.2258261,5.77,victoriei_iulius,walking,0,synthetic_gps
2026-05-19 14:19:24,45.7542629,21.2257959,5.15,victoriei_iulius,walking,0,synthetic_gps
2026-05-19 14:19:25,45.7542648,21.2258164,5.28,victoriei_iulius,walking,0,synthetic_gps
2026-05-19 14:19:26,45.754257,21.2257995,4.1,victoriei_iulius,walking,0,synthetic_gps
2026-05-19 14:19:27,45.7542525,21.225837,5.49,victoriei_iulius,walking,0,synthetic_gps
2026-05-19 14:19:28,45.7542413,21.225782,1.19,victoriei_iulius,walking,0,synthetic_gps
2026-05-19 14:19:29,45.7542682,21.2257684,4.43,victoriei_iulius,walking,0,synthetic_gps
2026-05-19 14:19:30,45.7542632,21.2258277,3.95,victoriei_iulius,walking,0,synthetic_gps
2026-05-19 14:19:31,45.7542751,21.2258082,4.87,victoriei_iulius,walking,0,synthetic_gps
2026-05-19 14:19:32,45.7542433,21.2258201,4.07,victoriei_iulius,walking,0,synthetic_gps
2026-05-19 14:19:33,45.7542875,21.225853,4.37,victoriei_iulius,walking,0,synthetic_gps
2026-05-19 14:19:34,45.754307,21.2258315,5.17,victoriei_iulius,walking,0,synthetic_gps
2026-05-19 14:19:35,45.7543192,21.2258034,6.2,victoriei_iulius,walking,0,synthetic_gps
2026-05-19 14:19:36,45.7543394,21.2258886,5.71,victoriei_iulius,walking,0,synthetic_gps
2026-05-19 14:19:37,45.7543028,21.2258127,5.42,victoriei_iulius,walking,0,synthetic_gps
2026-05-19 14:19:38,45.7543647,21.2258491,4.59,victoriei_iulius,walking,0,synthetic_gps
2026-05-19 14:19:39,45.754312,21.2258322,3.92,victoriei_iulius,walking,0,synthetic_gps
2026-05-19 14:19:40,45.7543083,21.2258234,5.48,victoriei_iulius,walking,0,synthetic_gps
2026-05-19 14:19:41,45.7543074,21.2257914,4.89,victoriei_iulius,walking,0,synthetic_gps
2026-05-19 14:19:42,45.754286,21.2258542,5.23,victoriei_iulius,walking,0,synthetic_gps
2026-05-19 14:19:43,45.7543509,21.2258487,4.97,victoriei_iulius,walking,0,synthetic_gps
2026-05-19 14:19:44,45.754397,21.2258794,5.3,victoriei_iulius,walking,0,synthetic_gps
2026-05-19 14:19:45,45.7543835,21.2258296,4.09,victoriei_iulius,walking,0,synthetic_gps
2026-05-19 14:19:46,45.7543678,21.2258552,4.72,victoriei_iulius,walking,0,synthetic_gps
2026-05-19 14:19:47,45.754396,21.2258494,4.82,victoriei_iulius,walking,0,synthetic_gps
2026-05-19 14:19:48,45.7544132,21.2258148,4.4,victoriei_iulius,walking,0,synthetic_gps
2026-05-19 14:19:49,45.7543967,21.2259044,1.18,victoriei_iulius,walking,0,synthetic_gps
2026-05-19 14:19:50,45.754404,21.2258361,5.2,victoriei_iulius,walking,0,synthetic_gps
2026-05-19 14:19:51,45.7543802,21.2258121,5.38,victoriei_iulius,walking,0,synthetic_gps
2026-05-19 14:19:52,45.7544207,21.2258858,5.27,victoriei_iulius,walking,0,synthetic_gps
2026-05-19 14:19:53,45.7543969,21.2258398,4.15,victoriei_iulius,walking,0,synthetic_gps
2026-05-19 14:19:54,45.7544132,21.2258966,3.26,victoriei_iulius,walking,0,synthetic_gps
2026-05-19 14:19:55,45.7544511,21.2258502,3.36,victoriei_iulius,walking,0,synthetic_gps
2026-05-19 14:19:56,45.7544789,21.2258677,3.84,victoriei_iulius,walking,0,synthetic_gps
2026-05-19 14:19:57,45.7544729,21.2258652,4.16,victoriei_iulius,walking,0,synthetic_gps
2026-05-19 14:19:58,45.754471,21.2258438,5.3,victoriei_iulius,walking,0,synthetic_gps
2026-05-19 14:19:59,45.7544657,21.2258582,4.94,victoriei_iulius,walking,0,synthetic_gps
2026-05-19 14:20:00,45.754413,21.2258916,3.6,victoriei_iulius,walking,0,synthetic_gps
2026-05-19 14:20:01,45.7544757,21.2258761,5.06,victoriei_iulius,walking,0,synthetic_gps
2026-05-19 14:20:02,45.7544912,21.2258878,6.19,victoriei_iulius,walking,0,synthetic_gps
2026-05-19 14:20:03,45.7544917,21.2258248,5.0,victoriei_iulius,walking,0,synthetic_gps
2026-05-19 14:20:04,45.7545031,21.2258889,4.65,victoriei_iulius,walking,0,synthetic_gps
2026-05-19 14:20:05,45.7545122,21.225903,4.09,victoriei_iulius,walking,0,synthetic_gps
2026-05-19 14:20:06,45.7545079,21.225849,4.31,victoriei_iulius,walking,0,synthetic_gps
2026-05-19 14:20:07,45.7545263,21.2258486,5.08,victoriei_iulius,walking,0,synthetic_gps
2026-05-19 14:20:08,45.7544934,21.2258609,3.13,victoriei_iulius,walking,0,synthetic_gps
2026-05-19 14:20:09,45.754558,21.225878,5.64,victoriei_iulius,walking,0,synthetic_gps
2026-05-19 14:20:10,45.7545011,21.2258584,5.9,victoriei_iulius,walking,0,synthetic_gps
2026-05-19 14:20:11,45.754542,21.2258792,3.7,victoriei_iulius,walking,0,synthetic_gps
2026-05-19 14:20:12,45.7545477,21.2259307,3.27,victoriei_iulius,walking,0,synthetic_gps
2026-05-19 14:20:13,45.7545489,21.2259072,4.57,victoriei_iulius,walking,0,synthetic_gps
2026-05-19 14:20:14,45.7545647,21.2258628,5.77,victoriei_iulius,walking,0,synthetic_gps
2026-05-19 14:20:15,45.7545825,21.2259171,5.37,victoriei_iulius,walking,0,synthetic_gps
2026-05-19 14:20:16,45.7545783,21.2258834,4.79,victoriei_iulius,walking,0,synthetic_gps
2026-05-19 14:20:17,45.7545747,21.2258805,4.75,victoriei_iulius,walking,0,synthetic_gps
2026-05-19 14:20:18,45.7545891,21.225894,5.11,victoriei_iulius,walking,0,synthetic_gps
2026-05-19 14:20:19,45.7546626,21.2258835,3.43,victoriei_iulius,walking,0,synthetic_gps
2026-05-19 14:20:20,45.7546006,21.2258828,4.37,victoriei_iulius,walking,0,synthetic_gps
2026-05-19 14:20:21,45.7546044,21.2259039,4.21,victoriei_iulius,walking,0,synthetic_gps
2026-05-19 14:20:22,45.7546292,21.2259244,5.03,victoriei_iulius,walking,0,synthetic_gps
2026-05-19 14:20:23,45.7546096,21.2258915,5.29,victoriei_iulius,walking,0,synthetic_gps
2026-05-19 14:20:24,45.7546069,21.2259183,5.08,victoriei_iulius,walking,0,synthetic_gps
2026-05-19 14:20:25,45.7546438,21.2258877,4.67,victoriei_iulius,walking,0,synthetic_gps
2026-05-19 14:20:26,45.7546221,21.2258753,4.45,victoriei_iulius,walking,0,synthetic_gps
2026-05-19 14:20:27,45.7547013,21.2259088,4.05,victoriei_iulius,walking,0,synthetic_gps
2026-05-19 14:20:28,45.7546724,21.2259134,3.91,victoriei_iulius,walking,0,synthetic_gps
2026-05-19 14:20:29,45.7546433,21.2259102,5.67,victoriei_iulius,walking,0,synthetic_gps
2026-05-19 14:20:30,45.7546916,21.2259046,4.73,victoriei_iulius,walking,0,synthetic_gps
2026-05-19 14:20:31,45.7547092,21.2259216,5.43,victoriei_iulius,walking,0,synthetic_gps
2026-05-19 14:20:32,45.7547201,21.2259234,3.21,victoriei_iulius,walking,0,synthetic_gps
2026-05-19 14:20:33,45.7546983,21.2259025,3.51,victoriei_iulius,walking,0,synthetic_gps
2026-05-19 14:20:34,45.7546748,21.2258946,4.52,victoriei_iulius,walking,0,synthetic_gps
2026-05-19 14:20:35,45.7547161,21.2259081,3.81,victoriei_iulius,walking,0,synthetic_gps
2026-05-19 14:20:36,45.7547048,21.2258918,3.75,victoriei_iulius,walking,0,synthetic_gps
2026-05-19 14:20:37,45.7547154,21.2259129,0.64,victoriei_iulius,walking,0,synthetic_gps
2026-05-19 14:20:38,45.7547133,21.2259208,4.99,victoriei_iulius,walking,0,synthetic_gps
2026-05-19 14:20:39,45.7547615,21.2258771,3.88,victoriei_iulius,walking,0,synthetic_gps
2026-05-19 14:20:40,45.7547337,21.2259584,5.82,victoriei_iulius,walking,0,synthetic_gps
2026-05-19 14:20:41,45.7547385,21.2258933,4.92,victoriei_iulius,walking,0,synthetic_gps
2026-05-19 14:20:42,45.7547204,21.2259438,5.04,victoriei_iulius,walking,0,synthetic_gps
2026-05-19 14:20:43,45.7547515,21.2259426,4.77,victoriei_iulius,walking,0,synthetic_gps
2026-05-19 14:20:44,45.7547791,21.2259056,3.5,victoriei_iulius,walking,0,synthetic_gps
2026-05-19 14:20:45,45.7547626,21.2259396,3.94,victoriei_iulius,walking,0,synthetic_gps
2026-05-19 14:20:46,45.7547263,21.2259301,4.52,victoriei_iulius,walking,0,synthetic_gps
2026-05-19 14:20:47,45.7547774,21.2259227,6.34,victoriei_iulius,walking,0,synthetic_gps
2026-05-19 14:20:48,45.754799,21.2259376,4.92,victoriei_iulius,walking,0,synthetic_gps
2026-05-19 14:20:49,45.7548027,21.2259575,4.56,victoriei_iulius,walking,0,synthetic_gps
2026-05-19 14:20:50,45.754773,21.2259281,5.18,victoriei_iulius,walking,0,synthetic_gps
2026-05-19 14:20:51,45.7547568,21.2259507,3.59,victoriei_iulius,walking,0,synthetic_gps
2026-05-19 14:20:52,45.7547985,21.2259397,4.85,victoriei_iulius,walking,0,synthetic_gps
2026-05-19 14:20:53,45.7548344,21.2259741,5.36,victoriei_iulius,walking,0,synthetic_gps
2026-05-19 14:20:54,45.7547926,21.2259346,4.8,victoriei_iulius,walking,0,synthetic_gps
2026-05-19 14:20:55,45.7548017,21.2259551,4.02,victoriei_iulius,walking,0,synthetic_gps
2026-05-19 14:20:56,45.7548131,21.2259485,5.13,victoriei_iulius,walking,0,synthetic_gps
2026-05-19 14:20:57,45.7548218,21.2258904,6.11,victoriei_iulius,walking,0,synthetic_gps
2026-05-19 14:20:58,45.7548626,21.225967,4.56,victoriei_iulius,walking,0,synthetic_gps
2026-05-19 14:20:59,45.7548817,21.2259439,4.92,victoriei_iulius,walking,0,synthetic_gps
2026-05-19 14:21:00,45.754842,21.2259371,3.97,victoriei_iulius,walking,0,synthetic_gps
2026-05-19 14:21:01,45.7548589,21.2259591,5.13,victoriei_iulius,walking,0,synthetic_gps
2026-05-19 14:21:02,45.754858,21.2259322,3.63,victoriei_iulius,walking,0,synthetic_gps
2026-05-19 14:21:03,45.7548696,21.2259663,4.57,victoriei_iulius,walking,0,synthetic_gps
2026-05-19 14:21:04,45.7548944,21.2259496,5.37,victoriei_iulius,walking,0,synthetic_gps
2026-05-19 14:21:05,45.7548917,21.2259631,4.53,victoriei_iulius,walking,0,synthetic_gps
2026-05-19 14:21:06,45.7548407,21.2259455,5.87,victoriei_iulius,walking,0,synthetic_gps
2026-05-19 14:21:07,45.754878,21.2259369,2.4,victoriei_iulius,walking,0,synthetic_gps
2026-05-19 14:21:08,45.754891,21.2259115,5.22,victoriei_iulius,walking,0,synthetic_gps
2026-05-19 14:21:09,45.7548945,21.2259975,6.58,victoriei_iulius,walking,0,synthetic_gps
2026-05-19 14:21:10,45.7549161,21.2259627,4.82,victoriei_iulius,walking,0,synthetic_gps
2026-05-19 14:21:11,45.7549199,21.2259723,4.84,victoriei_iulius,walking,0,synthetic_gps
2026-05-19 14:21:12,45.7549386,21.2259967,3.77,victoriei_iulius,walking,0,synthetic_gps
2026-05-19 14:21:13,45.7549134,21.2259289,3.37,victoriei_iulius,walking,0,synthetic_gps
2026-05-19 14:21:14,45.7549507,21.225957,3.39,victoriei_iulius,walking,0,synthetic_gps
2026-05-19 14:21:15,45.7549854,21.2259802,0.39,victoriei_iulius,walking,0,synthetic_gps
2026-05-19 14:21:16,45.7549636,21.225986,4.66,victoriei_iulius,walking,0,synthetic_gps
2026-05-19 14:21:17,45.7549443,21.2259881,2.89,victoriei_iulius,walking,0,synthetic_gps
2026-05-19 14:21:18,45.7549727,21.2259766,4.68,victoriei_iulius,walking,0,synthetic_gps
2026-05-19 14:21:19,45.7549072,21.2259695,4.78,victoriei_iulius,walking,0,synthetic_gps
2026-05-19 14:21:20,45.7549782,21.2259866,5.33,victoriei_iulius,walking,0,synthetic_gps
2026-05-19 14:21:21,45.7549784,21.2260313,5.87,victoriei_iulius,walking,0,synthetic_gps
2026-05-19 14:21:22,45.7549741,21.2260225,4.17,victoriei_iulius,walking,0,synthetic_gps
2026-05-19 14:21:23,45.7550058,21.2259695,4.83,victoriei_iulius,walking,0,synthetic_gps
2026-05-19 14:21:24,45.7549856,21.2260251,3.69,victoriei_iulius,walking,0,synthetic_gps
2026-05-19 14:21:25,45.7550582,21.2259637,4.44,victoriei_iulius,walking,0,synthetic_gps
2026-05-19 14:21:26,45.7550127,21.2259849,5.8,victoriei_iulius,walking,0,synthetic_gps
2026-05-19 14:21:27,45.7550717,21.2259732,5.73,victoriei_iulius,walking,0,synthetic_gps
2026-05-19 14:21:28,45.7550031,21.2259594,6.48,victoriei_iulius,walking,0,synthetic_gps
2026-05-19 14:21:29,45.7550428,21.2259705,3.9,victoriei_iulius,walking,0,synthetic_gps
2026-05-19 14:21:30,45.7550216,21.226033,4.6,victoriei_iulius,walking,0,synthetic_gps
2026-05-19 14:21:31,45.754987,21.2259896,5.82,victoriei_iulius,walking,0,synthetic_gps
2026-05-19 14:21:32,45.7550675,21.2260045,6.24,victoriei_iulius,walking,0,synthetic_gps
2026-05-19 14:21:33,45.7550395,21.2259807,4.83,victoriei_iulius,walking,0,synthetic_gps
2026-05-19 14:21:34,45.7550287,21.2260194,5.17,victoriei_iulius,walking,0,synthetic_gps
2026-05-19 14:21:35,45.7550807,21.2260015,6.23,victoriei_iulius,walking,0,synthetic_gps
2026-05-19 14:21:36,45.755109,21.2260402,5.44,victoriei_iulius,walking,0,synthetic_gps
2026-05-19 14:21:37,45.7550871,21.2260015,5.02,victoriei_iulius,walking,0,synthetic_gps
2026-05-19 14:21:38,45.7550594,21.2259997,6.11,victoriei_iulius,walking,0,synthetic_gps
2026-05-19 14:21:39,45.7551197,21.2260024,4.06,victoriei_iulius,walking,0,synthetic_gps
2026-05-19 14:21:40,45.7551316,21.2260219,6.79,victoriei_iulius,walking,0,synthetic_gps
2026-05-19 14:21:41,45.7551418,21.2259819,5.09,victoriei_iulius,walking,0,synthetic_gps
2026-05-19 14:21:42,45.755151,21.2260336,4.61,victoriei_iulius,walking,0,synthetic_gps
2026-05-19 14:21:43,45.7551316,21.2260198,5.52,victoriei_iulius,walking,0,synthetic_gps
2026-05-19 14:21:44,45.7550945,21.2260172,4.67,victoriei_iulius,walking,0,synthetic_gps
2026-05-19 14:21:45,45.7551653,21.2259795,5.7,victoriei_iulius,walking,0,synthetic_gps
2026-05-19 14:21:46,45.7551717,21.2259991,3.58,victoriei_iulius,walking,0,synthetic_gps
2026-05-19 14:21:47,45.7551636,21.2260185,4.57,victoriei_iulius,walking,0,synthetic_gps
2026-05-19 14:21:48,45.7551641,21.2260207,4.5,victoriei_iulius,walking,0,synthetic_gps
2026-05-19 14:21:49,45.7552028,21.2260136,5.9,victoriei_iulius,walking,0,synthetic_gps
2026-05-19 14:21:50,45.755145,21.2260452,3.35,victoriei_iulius,walking,0,synthetic_gps
2026-05-19 14:21:51,45.7551723,21.2260475,5.4,victoriei_iulius,walking,0,synthetic_gps
2026-05-19 14:21:52,45.7551601,21.2260217,5.32,victoriei_iulius,walking,0,synthetic_gps
2026-05-19 14:21:53,45.7552002,21.2260375,5.32,victoriei_iulius,walking,0,synthetic_gps
2026-05-19 14:21:54,45.7551972,21.2260436,6.02,victoriei_iulius,walking,0,synthetic_gps
2026-05-19 14:21:55,45.7552293,21.2260343,5.63,victoriei_iulius,walking,0,synthetic_gps
2026-05-19 14:21:56,45.7551775,21.2260353,5.01,victoriei_iulius,walking,0,synthetic_gps
2026-05-19 14:21:57,45.7552288,21.2259914,4.47,victoriei_iulius,walking,0,synthetic_gps
2026-05-19 14:21:58,45.755257,21.2260248,5.0,victoriei_iulius,walking,0,synthetic_gps
2026-05-19 14:21:59,45.7552409,21.2260412,4.87,victoriei_iulius,walking,0,synthetic_gps
2026-05-19 14:22:00,45.7552539,21.2260409,4.29,victoriei_iulius,walking,0,synthetic_gps
2026-05-19 14:22:01,45.755221,21.2260279,4.54,victoriei_iulius,walking,0,synthetic_gps
2026-05-19 14:22:02,45.7552892,21.2260733,5.16,victoriei_iulius,walking,0,synthetic_gps
2026-05-19 14:22:03,45.7552469,21.226007,3.2,victoriei_iulius,walking,0,synthetic_gps
2026-05-19 14:22:04,45.7552309,21.2260776,3.37,victoriei_iulius,walking,0,synthetic_gps
2026-05-19 14:22:05,45.7552401,21.2260881,4.46,victoriei_iulius,walking,0,synthetic_gps
2026-05-19 14:22:06,45.7552573,21.2260737,5.96,victoriei_iulius,walking,0,synthetic_gps
2026-05-19 14:22:07,45.7552752,21.2260975,4.49,victoriei_iulius,walking,0,synthetic_gps
2026-05-19 14:22:08,45.7553185,21.226052,4.4,victoriei_iulius,walking,0,synthetic_gps
2026-05-19 14:22:09,45.7552928,21.2260802,5.04,victoriei_iulius,walking,0,synthetic_gps
2026-05-19 14:22:10,45.7552844,21.2260859,5.93,victoriei_iulius,walking,0,synthetic_gps
2026-05-19 14:22:11,45.755302,21.2260498,4.06,victoriei_iulius,walking,0,synthetic_gps
2026-05-19 14:22:12,45.7553131,21.2260348,4.89,victoriei_iulius,walking,0,synthetic_gps
2026-05-19 14:22:13,45.7553225,21.226042,3.92,victoriei_iulius,walking,0,synthetic_gps
2026-05-19 14:22:14,45.7553434,21.2260871,4.35,victoriei_iulius,walking,0,synthetic_gps
2026-05-19 14:22:15,45.7553715,21.2260495,4.64,victoriei_iulius,walking,0,synthetic_gps
2026-05-19 14:22:16,45.7553201,21.226073,5.48,victoriei_iulius,walking,0,synthetic_gps
2026-05-19 14:22:17,45.7553403,21.2260399,4.07,victoriei_iulius,walking,0,synthetic_gps
2026-05-19 14:22:18,45.755395,21.2260192,3.03,victoriei_iulius,walking,0,synthetic_gps
2026-05-19 14:22:19,45.7553365,21.2260881,5.57,victoriei_iulius,walking,0,synthetic_gps
2026-05-19 14:22:20,45.7553727,21.2260705,5.43,victoriei_iulius,walking,0,synthetic_gps
2026-05-19 14:22:21,45.7553569,21.226041,3.4,victoriei_iulius,walking,0,synthetic_gps
2026-05-19 14:22:22,45.7553631,21.2260872,5.0,victoriei_iulius,walking,0,synthetic_gps
2026-05-19 14:22:23,45.7554017,21.2260367,4.18,victoriei_iulius,walking,0,synthetic_gps
2026-05-19 14:22:24,45.7554082,21.2260639,7.0,victoriei_iulius,walking,0,synthetic_gps
2026-05-19 14:22:25,45.7553386,21.226059,5.91,victoriei_iulius,walking,0,synthetic_gps
2026-05-19 14:22:26,45.7554064,21.2260954,6.18,victoriei_iulius,walking,0,synthetic_gps
2026-05-19 14:22:27,45.7554414,21.2260639,4.99,victoriei_iulius,walking,0,synthetic_gps
2026-05-19 14:22:28,45.7554069,21.2260545,4.83,victoriei_iulius,walking,0,synthetic_gps
2026-05-19 14:22:29,45.7554004,21.2260629,3.92,victoriei_iulius,walking,0,synthetic_gps
2026-05-19 14:22:30,45.7554592,21.2260685,4.56,victoriei_iulius,walking,0,synthetic_gps
2026-05-19 14:22:31,45.7554479,21.226087,0.75,victoriei_iulius,walking,0,synthetic_gps
2026-05-19 14:22:32,45.7554399,21.2260148,4.81,victoriei_iulius,walking,0,synthetic_gps
2026-05-19 14:22:33,45.7554401,21.2260588,3.6,victoriei_iulius,walking,0,synthetic_gps
2026-05-19 14:22:34,45.7554196,21.2260668,4.41,victoriei_iulius,walking,0,synthetic_gps
2026-05-19 14:22:35,45.7554574,21.2261029,4.14,victoriei_iulius,walking,0,synthetic_gps
2026-05-19 14:22:36,45.755451,21.2260818,4.95,victoriei_iulius,walking,0,synthetic_gps
2026-05-19 14:22:37,45.755504,21.2260973,6.52,victoriei_iulius,walking,0,synthetic_gps
2026-05-19 14:22:38,45.7554577,21.2260995,6.12,victoriei_iulius,walking,0,synthetic_gps
2026-05-19 14:22:39,45.7554616,21.2261272,4.77,victoriei_iulius,walking,0,synthetic_gps
2026-05-19 14:22:40,45.755462,21.2260771,3.67,victoriei_iulius,walking,0,synthetic_gps
2026-05-19 14:22:41,45.7554477,21.2260991,3.57,victoriei_iulius,walking,0,synthetic_gps
2026-05-19 14:22:42,45.7555002,21.2261071,5.78,victoriei_iulius,walking,0,synthetic_gps
2026-05-19 14:22:43,45.7554553,21.226086,5.25,victoriei_iulius,walking,0,synthetic_gps
2026-05-19 14:22:44,45.7555234,21.2260589,3.22,victoriei_iulius,walking,0,synthetic_gps
2026-05-19 14:22:45,45.755494,21.2261163,4.35,victoriei_iulius,walking,0,synthetic_gps
2026-05-19 14:22:46,45.7555108,21.2261146,3.86,victoriei_iulius,walking,0,synthetic_gps
2026-05-19 14:22:47,45.7555724,21.2260637,4.53,victoriei_iulius,walking,0,synthetic_gps
2026-05-19 14:22:48,45.7555359,21.226087,4.95,victoriei_iulius,walking,0,synthetic_gps
2026-05-19 14:22:49,45.7555608,21.2260604,3.08,victoriei_iulius,walking,0,synthetic_gps
2026-05-19 14:22:50,45.7556175,21.2261131,4.31,victoriei_iulius,walking,0,synthetic_gps
2026-05-19 14:22:51,45.7555813,21.2261276,3.65,victoriei_iulius,walking,0,synthetic_gps
2026-05-19 14:22:52,45.7555973,21.2260968,5.56,victoriei_iulius,walking,0,synthetic_gps
2026-05-19 14:22:53,45.7555667,21.2260828,3.91,victoriei_iulius,walking,0,synthetic_gps
2026-05-19 14:22:54,45.7555661,21.2261179,4.01,victoriei_iulius,walking,0,synthetic_gps
2026-05-19 14:22:55,45.7555957,21.2260986,5.1,victoriei_iulius,walking,0,synthetic_gps
2026-05-19 14:22:56,45.7555861,21.2261421,5.06,victoriei_iulius,walking,0,synthetic_gps
2026-05-19 14:22:57,45.7556005,21.2261006,4.28,victoriei_iulius,walking,0,synthetic_gps
2026-05-19 14:22:58,45.7556119,21.2261008,5.83,victoriei_iulius,walking,0,synthetic_gps
2026-05-19 14:22:59,45.7556249,21.2261263,0.9,victoriei_iulius,walking,0,synthetic_gps
2026-05-19 14:23:00,45.755628,21.2261622,5.67,victoriei_iulius,walking,0,synthetic_gps
2026-05-19 14:23:01,45.7556361,21.226173,5.49,victoriei_iulius,walking,0,synthetic_gps
2026-05-19 14:23:02,45.7556325,21.2261375,4.11,victoriei_iulius,walking,0,synthetic_gps
2026-05-19 14:23:03,45.7556782,21.2261443,4.64,victoriei_iulius,walking,0,synthetic_gps
2026-05-19 14:23:04,45.7556513,21.2261309,5.24,victoriei_iulius,walking,0,synthetic_gps
2026-05-19 14:23:05,45.7556688,21.2261011,4.59,victoriei_iulius,walking,0,synthetic_gps
2026-05-19 14:23:06,45.7556279,21.2261249,5.47,victoriei_iulius,walking,0,synthetic_gps
2026-05-19 14:23:07,45.7556863,21.2261145,5.4,victoriei_iulius,walking,0,synthetic_gps
2026-05-19 14:23:08,45.7557116,21.2261257,3.57,victoriei_iulius,walking,0,synthetic_gps
2026-05-19 14:23:09,45.7556443,21.2261072,6.34,victoriei_iulius,walking,0,synthetic_gps
2026-05-19 14:23:10,45.7556815,21.2261041,4.41,victoriei_iulius,walking,0,synthetic_gps
2026-05-19 14:23:11,45.755729,21.2261283,3.65,victoriei_iulius,walking,0,synthetic_gps
2026-05-19 14:23:12,45.7557063,21.2261043,6.13,victoriei_iulius,walking,0,synthetic_gps
2026-05-19 14:23:13,45.7557478,21.2261254,4.8,victoriei_iulius,walking,0,synthetic_gps
2026-05-19 14:23:14,45.7556961,21.2261461,5.95,victoriei_iulius,walking,0,synthetic_gps
2026-05-19 14:23:15,45.755701,21.2261301,5.53,victoriei_iulius,walking,0,synthetic_gps
2026-05-19 14:23:16,45.7557704,21.2261257,4.65,victoriei_iulius,walking,0,synthetic_gps
2026-05-19 14:23:17,45.7556975,21.2261307,5.01,victoriei_iulius,walking,0,synthetic_gps
2026-05-19 14:23:18,45.7557194,21.2261492,3.95,victoriei_iulius,walking,0,synthetic_gps
2026-05-19 14:23:19,45.7557336,21.2261656,3.39,victoriei_iulius,walking,0,synthetic_gps
2026-05-19 14:23:20,45.7557477,21.2261498,4.49,victoriei_iulius,walking,0,synthetic_gps
2026-05-19 14:23:21,45.7558007,21.2261318,4.84,victoriei_iulius,walking,0,synthetic_gps
2026-05-19 14:23:22,45.7557848,21.2261464,5.03,victoriei_iulius,walking,0,synthetic_gps
2026-05-19 14:23:23,45.7557718,21.2261617,4.52,victoriei_iulius,walking,0,synthetic_gps
2026-05-19 14:23:24,45.7557132,21.2261103,4.32,victoriei_iulius,walking,0,synthetic_gps
2026-05-19 14:23:25,45.7557623,21.2260629,5.96,victoriei_iulius,walking,0,synthetic_gps
2026-05-19 14:23:26,45.7557171,21.2261487,4.85,victoriei_iulius,walking,0,synthetic_gps
2026-05-19 14:23:27,45.7557952,21.2261555,4.31,victoriei_iulius,walking,0,synthetic_gps
2026-05-19 14:23:28,45.7557695,21.2261352,5.37,victoriei_iulius,walking,0,synthetic_gps
2026-05-19 14:23:29,45.7558523,21.2261934,4.91,victoriei_iulius,walking,0,synthetic_gps
2026-05-19 14:23:30,45.7558131,21.2261818,1.76,victoriei_iulius,walking,0,synthetic_gps
2026-05-19 14:23:31,45.7558191,21.226173,4.91,victoriei_iulius,walking,0,synthetic_gps
2026-05-19 14:23:32,45.7558075,21.2261124,4.8,victoriei_iulius,walking,0,synthetic_gps
2026-05-19 14:23:33,45.7558176,21.2261628,4.69,victoriei_iulius,walking,0,synthetic_gps
2026-05-19 14:23:34,45.7558322,21.2261815,4.51,victoriei_iulius,walking,0,synthetic_gps
2026-05-19 14:23:35,45.7558029,21.226159,5.15,victoriei_iulius,walking,0,synthetic_gps
2026-05-19 14:23:36,45.7558531,21.2261803,4.08,victoriei_iulius,walking,0,synthetic_gps
2026-05-19 14:23:37,45.755832,21.2261925,3.32,victoriei_iulius,walking,0,synthetic_gps
2026-05-19 14:23:38,45.7558274,21.2261811,5.94,victoriei_iulius,walking,0,synthetic_gps
2026-05-19 14:23:39,45.7558703,21.2261837,4.86,victoriei_iulius,walking,0,synthetic_gps
2026-05-19 14:23:40,45.7558829,21.2261586,5.64,victoriei_iulius,walking,0,synthetic_gps
2026-05-19 14:23:41,45.7558766,21.2261794,5.46,victoriei_iulius,walking,0,synthetic_gps
2026-05-19 14:23:42,45.7559341,21.2261821,5.61,victoriei_iulius,walking,0,synthetic_gps
2026-05-19 14:23:43,45.7558649,21.2261581,6.26,victoriei_iulius,walking,0,synthetic_gps
2026-05-19 14:23:44,45.7558799,21.2261541,6.09,victoriei_iulius,walking,0,synthetic_gps
2026-05-19 14:23:45,45.7559062,21.2261735,5.2,victoriei_iulius,walking,0,synthetic_gps
2026-05-19 14:23:46,45.7559148,21.2261507,5.6,victoriei_iulius,walking,0,synthetic_gps
2026-05-19 14:23:47,45.7559051,21.2262207,5.37,victoriei_iulius,walking,0,synthetic_gps
2026-05-19 14:23:48,45.7559334,21.2261802,5.06,victoriei_iulius,walking,0,synthetic_gps
2026-05-19 14:23:49,45.7559224,21.2261734,4.55,victoriei_iulius,walking,0,synthetic_gps
2026-05-19 14:23:50,45.7559574,21.2262142,5.33,victoriei_iulius,walking,0,synthetic_gps
2026-05-19 14:23:51,45.7559303,21.2261415,4.74,victoriei_iulius,walking,0,synthetic_gps
2026-05-19 14:23:52,45.7559804,21.226218,4.3,victoriei_iulius,walking,0,synthetic_gps
2026-05-19 14:23:53,45.7559492,21.2262284,4.55,victoriei_iulius,walking,0,synthetic_gps
2026-05-19 14:23:54,45.7559481,21.2261871,4.89,victoriei_iulius,walking,0,synthetic_gps
2026-05-19 14:23:55,45.7559912,21.2262255,4.26,victoriei_iulius,walking,0,synthetic_gps
2026-05-19 14:23:56,45.7559881,21.2261982,5.28,victoriei_iulius,walking,0,synthetic_gps
2026-05-19 14:23:57,45.7559595,21.226226,0.89,victoriei_iulius,walking,0,synthetic_gps
2026-05-19 14:23:58,45.7559791,21.226208,5.73,victoriei_iulius,walking,0,synthetic_gps
2026-05-19 14:23:59,45.75599,21.2262485,4.26,victoriei_iulius,walking,0,synthetic_gps
2026-05-19 14:24:00,45.755978,21.226152,4.81,victoriei_iulius,walking,0,synthetic_gps
2026-05-19 14:24:01,45.7560502,21.2261776,6.4,victoriei_iulius,walking,0,synthetic_gps
2026-05-19 14:24:02,45.7560205,21.2262367,5.08,victoriei_iulius,walking,0,synthetic_gps
2026-05-19 14:24:03,45.7560389,21.2261678,4.51,victoriei_iulius,walking,0,synthetic_gps
2026-05-19 14:24:04,45.7560817,21.2262209,4.05,victoriei_iulius,walking,0,synthetic_gps
2026-05-19 14:24:05,45.7560096,21.2262035,6.32,victoriei_iulius,walking,0,synthetic_gps
2026-05-19 14:24:06,45.7560822,21.2262238,4.89,victoriei_iulius,walking,0,synthetic_gps
2026-05-19 14:24:07,45.7560501,21.2261832,5.76,victoriei_iulius,walking,0,synthetic_gps
2026-05-19 14:24:08,45.7560667,21.2262155,3.58,victoriei_iulius,walking,0,synthetic_gps
2026-05-19 14:24:09,45.7560686,21.2262319,5.45,victoriei_iulius,walking,0,synthetic_gps
2026-05-19 14:24:10,45.7561005,21.2262014,5.1,victoriei_iulius,walking,0,synthetic_gps
2026-05-19 14:24:11,45.7560871,21.2262218,3.64,victoriei_iulius,walking,0,synthetic_gps
2026-05-19 14:24:12,45.7560535,21.2262241,3.83,victoriei_iulius,walking,0,synthetic_gps
2026-05-19 14:24:13,45.7561227,21.2262814,4.86,victoriei_iulius,walking,0,synthetic_gps
2026-05-19 14:24:14,45.7560993,21.2262314,5.03,victoriei_iulius,walking,0,synthetic_gps
2026-05-19 14:24:15,45.7561247,21.2262246,5.24,victoriei_iulius,walking,0,synthetic_gps
2026-05-19 14:24:16,45.7561097,21.226241,4.22,victoriei_iulius,walking,0,synthetic_gps
2026-05-19 14:24:17,45.7561233,21.2261971,5.01,victoriei_iulius,walking,0,synthetic_gps
2026-05-19 14:24:18,45.7561211,21.2262824,4.76,victoriei_iulius,walking,0,synthetic_gps
2026-05-19 14:24:19,45.7561301,21.2262481,5.34,victoriei_iulius,walking,0,synthetic_gps
2026-05-19 14:24:20,45.7561391,21.2262135,4.71,victoriei_iulius,walking,0,synthetic_gps
2026-05-19 14:24:21,45.7561381,21.2262833,4.88,victoriei_iulius,walking,0,synthetic_gps
2026-05-19 14:24:22,45.756161,21.2262553,5.19,victoriei_iulius,walking,0,synthetic_gps
2026-05-19 14:24:23,45.7561871,21.2262498,4.75,victoriei_iulius,walking,0,synthetic_gps
2026-05-19 14:24:24,45.7561992,21.226204,4.59,victoriei_iulius,walking,0,synthetic_gps
2026-05-19 14:24:25,45.7561306,21.2262721,3.85,victoriei_iulius,walking,0,synthetic_gps
2026-05-19 14:24:26,45.7561884,21.2262688,5.51,victoriei_iulius,walking,0,synthetic_gps
2026-05-19 14:24:27,45.756206,21.2262411,4.48,victoriei_iulius,walking,0,synthetic_gps
2026-05-19 14:24:28,45.756227,21.2262614,5.16,victoriei_iulius,walking,0,synthetic_gps
2026-05-19 14:24:29,45.7562325,21.2262523,5.35,victoriei_iulius,walking,0,synthetic_gps
2026-05-19 14:24:30,45.7562384,21.2262484,4.33,victoriei_iulius,walking,0,synthetic_gps
2026-05-19 14:24:31,45.7562746,21.226231,4.39,victoriei_iulius,walking,0,synthetic_gps
2026-05-19 14:24:32,45.7562554,21.226225,4.15,victoriei_iulius,walking,0,synthetic_gps
2026-05-19 14:24:33,45.7562354,21.2262989,3.39,victoriei_iulius,walking,0,synthetic_gps
2026-05-19 14:24:34,45.7562139,21.2262797,5.49,victoriei_iulius,walking,0,synthetic_gps
2026-05-19 14:24:35,45.7562858,21.2262618,4.4,victoriei_iulius,walking,0,synthetic_gps
2026-05-19 14:24:36,45.7562498,21.2262671,3.6,victoriei_iulius,walking,0,synthetic_gps
2026-05-19 14:24:37,45.7562828,21.2262732,4.44,victoriei_iulius,walking,0,synthetic_gps
2026-05-19 14:24:38,45.7562786,21.2262812,5.67,victoriei_iulius,walking,0,synthetic_gps
2026-05-19 14:24:39,45.7563431,21.2262995,4.64,victoriei_iulius,walking,0,synthetic_gps
2026-05-19 14:24:40,45.7562699,21.2262532,4.9,victoriei_iulius,walking,0,synthetic_gps
2026-05-19 14:24:41,45.756321,21.2263061,5.46,victoriei_iulius,walking,0,synthetic_gps
2026-05-19 14:24:42,45.7563351,21.2262865,1.03,victoriei_iulius,walking,0,synthetic_gps
2026-05-19 14:24:43,45.7563351,21.2262769,3.5,victoriei_iulius,walking,0,synthetic_gps
2026-05-19 14:24:44,45.7562883,21.2262799,5.34,victoriei_iulius,walking,0,synthetic_gps
2026-05-19 14:24:45,45.75635,21.2263107,6.04,victoriei_iulius,walking,0,synthetic_gps
2026-05-19 14:24:46,45.7563499,21.226272,4.56,victoriei_iulius,walking,0,synthetic_gps
2026-05-19 14:24:47,45.7563556,21.2262734,5.42,victoriei_iulius,walking,0,synthetic_gps
2026-05-19 14:24:48,45.7563399,21.2263056,4.97,victoriei_iulius,walking,0,synthetic_gps
2026-05-19 14:24:49,45.7563661,21.226335,5.52,victoriei_iulius,walking,0,synthetic_gps
2026-05-19 14:24:50,45.7563775,21.2262914,4.78,victoriei_iulius,walking,0,synthetic_gps
2026-05-19 14:24:51,45.7563987,21.2263342,5.25,victoriei_iulius,walking,0,synthetic_gps
2026-05-19 14:24:52,45.7564108,21.2262545,4.82,victoriei_iulius,walking,0,synthetic_gps
2026-05-19 14:24:53,45.7564062,21.2263382,2.83,victoriei_iulius,walking,0,synthetic_gps
2026-05-19 14:24:54,45.7563724,21.2262762,4.73,victoriei_iulius,walking,0,synthetic_gps
2026-05-19 14:24:55,45.7564483,21.2263485,4.29,victoriei_iulius,walking,0,synthetic_gps
2026-05-19 14:24:56,45.7564469,21.2263351,5.09,victoriei_iulius,walking,0,synthetic_gps
2026-05-19 14:24:57,45.7564643,21.2263287,3.5,victoriei_iulius,walking,0,synthetic_gps
2026-05-19 14:24:58,45.7564153,21.226319,4.46,victoriei_iulius,walking,0,synthetic_gps
2026-05-19 14:24:59,45.7564729,21.2262884,5.06,victoriei_iulius,walking,0,synthetic_gps
2026-05-19 14:25:00,45.7564903,21.2263087,5.21,victoriei_iulius,walking,0,synthetic_gps
2026-05-19 14:25:01,45.7564652,21.2262862,6.19,victoriei_iulius,walking,0,synthetic_gps
2026-05-19 14:25:02,45.7564941,21.2263405,3.57,victoriei_iulius,walking,0,synthetic_gps
2026-05-19 14:25:03,45.7565065,21.2263524,4.35,victoriei_iulius,walking,0,synthetic_gps
2026-05-19 14:25:04,45.7564873,21.2262931,4.65,victoriei_iulius,walking,0,synthetic_gps
2026-05-19 14:25:05,45.7564894,21.2263183,6.04,victoriei_iulius,walking,0,synthetic_gps
2026-05-19 14:25:06,45.7565203,21.2263246,4.9,victoriei_iulius,walking,0,synthetic_gps
2026-05-19 14:25:07,45.756561,21.2263551,5.67,victoriei_iulius,walking,0,synthetic_gps
2026-05-19 14:25:08,45.756552,21.2263392,4.33,victoriei_iulius,walking,0,synthetic_gps
2026-05-19 14:25:09,45.7565406,21.2263835,5.23,victoriei_iulius,walking,0,synthetic_gps
2026-05-19 14:25:10,45.7565775,21.2263597,5.62,victoriei_iulius,walking,0,synthetic_gps
2026-05-19 14:25:11,45.7565609,21.2263169,5.61,victoriei_iulius,walking,0,synthetic_gps
2026-05-19 14:25:12,45.7565402,21.2263113,0.5,victoriei_iulius,walking,0,synthetic_gps
2026-05-19 14:25:13,45.7565751,21.2263564,4.97,victoriei_iulius,walking,0,synthetic_gps
2026-05-19 14:25:14,45.7565928,21.2263291,5.4,victoriei_iulius,walking,0,synthetic_gps
2026-05-19 14:25:15,45.7565765,21.2263419,4.22,victoriei_iulius,walking,0,synthetic_gps
2026-05-19 14:25:16,45.7565804,21.226382,5.52,victoriei_iulius,walking,0,synthetic_gps
2026-05-19 14:25:17,45.7566395,21.2263469,5.35,victoriei_iulius,walking,0,synthetic_gps
2026-05-19 14:25:18,45.756602,21.2263414,4.26,victoriei_iulius,walking,0,synthetic_gps
2026-05-19 14:25:19,45.7565684,21.2264065,4.76,victoriei_iulius,walking,0,synthetic_gps
2026-05-19 14:25:20,45.7566095,21.2263604,5.53,victoriei_iulius,walking,0,synthetic_gps
2026-05-19 14:25:21,45.756637,21.2263502,4.98,victoriei_iulius,walking,0,synthetic_gps
2026-05-19 14:25:22,45.7566589,21.2263159,5.58,victoriei_iulius,walking,0,synthetic_gps
2026-05-19 14:25:23,45.7566105,21.2263703,5.57,victoriei_iulius,walking,0,synthetic_gps
2026-05-19 14:25:24,45.7566766,21.2263524,5.38,victoriei_iulius,walking,0,synthetic_gps
2026-05-19 14:25:25,45.756604,21.2263324,4.02,victoriei_iulius,walking,0,synthetic_gps
2026-05-19 14:25:26,45.7566514,21.2263441,4.67,victoriei_iulius,walking,0,synthetic_gps
2026-05-19 14:25:27,45.7566674,21.2263715,5.19,victoriei_iulius,walking,0,synthetic_gps
2026-05-19 14:25:28,45.7566959,21.2264002,4.49,victoriei_iulius,walking,0,synthetic_gps
2026-05-19 14:25:29,45.7566607,21.2264124,5.36,victoriei_iulius,walking,0,synthetic_gps
2026-05-19 14:25:30,45.7566846,21.2263962,5.59,victoriei_iulius,walking,0,synthetic_gps
2026-05-19 14:25:31,45.7567274,21.2263607,5.42,victoriei_iulius,walking,0,synthetic_gps
2026-05-19 14:25:32,45.7567458,21.2263695,0.52,victoriei_iulius,walking,0,synthetic_gps
2026-05-19 14:25:33,45.7567158,21.226361,5.11,victoriei_iulius,walking,0,synthetic_gps
2026-05-19 14:25:34,45.7567451,21.2263491,4.88,victoriei_iulius,walking,0,synthetic_gps
2026-05-19 14:25:35,45.7567822,21.2263877,4.58,victoriei_iulius,walking,0,synthetic_gps
2026-05-19 14:25:36,45.7567327,21.2264036,4.71,victoriei_iulius,walking,0,synthetic_gps
2026-05-19 14:25:37,45.7567087,21.2263944,4.4,victoriei_iulius,walking,0,synthetic_gps
2026-05-19 14:25:38,45.756773,21.2263823,5.94,victoriei_iulius,walking,0,synthetic_gps
2026-05-19 14:25:39,45.7568022,21.2264134,4.5,victoriei_iulius,walking,0,synthetic_gps
2026-05-19 14:25:40,45.7567619,21.2264281,4.31,victoriei_iulius,walking,0,synthetic_gps
2026-05-19 14:25:41,45.7567759,21.2263839,4.24,victoriei_iulius,walking,0,synthetic_gps
2026-05-19 14:25:42,45.7567821,21.2264014,4.64,victoriei_iulius,walking,0,synthetic_gps
2026-05-19 14:25:43,45.7567801,21.2264041,5.32,victoriei_iulius,walking,0,synthetic_gps
2026-05-19 14:25:44,45.7567854,21.2263531,5.15,victoriei_iulius,walking,0,synthetic_gps
2026-05-19 14:25:45,45.7567537,21.2264119,4.89,victoriei_iulius,walking,0,synthetic_gps
2026-05-19 14:25:46,45.7568291,21.2264489,5.42,victoriei_iulius,walking,0,synthetic_gps
2026-05-19 14:25:47,45.7568506,21.2264016,3.65,victoriei_iulius,walking,0,synthetic_gps
2026-05-19 14:25:48,45.7568485,21.2264806,5.66,victoriei_iulius,walking,0,synthetic_gps
2026-05-19 14:25:49,45.7568323,21.2264166,4.92,victoriei_iulius,walking,0,synthetic_gps
2026-05-19 14:25:50,45.7568269,21.2263889,6.08,victoriei_iulius,walking,0,synthetic_gps
2026-05-19 14:25:51,45.7568633,21.2264557,4.83,victoriei_iulius,walking,0,synthetic_gps
2026-05-19 14:25:52,45.7569157,21.2264322,5.92,victoriei_iulius,walking,0,synthetic_gps
2026-05-19 14:25:53,45.7569084,21.2263726,4.61,victoriei_iulius,walking,0,synthetic_gps
2026-05-19 14:25:54,45.7568693,21.2264229,5.81,victoriei_iulius,walking,0,synthetic_gps
2026-05-19 14:25:55,45.7568937,21.2264141,4.65,victoriei_iulius,walking,0,synthetic_gps
2026-05-19 14:25:56,45.7569089,21.2264692,4.34,victoriei_iulius,walking,0,synthetic_gps
2026-05-19 14:25:57,45.7569599,21.2264157,5.48,victoriei_iulius,walking,0,synthetic_gps
2026-05-19 14:25:58,45.7568971,21.2264706,3.92,victoriei_iulius,walking,0,synthetic_gps
2026-05-19 14:25:59,45.7569424,21.2264536,4.1,victoriei_iulius,walking,0,synthetic_gps
2026-05-19 14:26:00,45.7569252,21.2264861,5.22,victoriei_iulius,walking,0,synthetic_gps
2026-05-19 14:26:01,45.756972,21.2264518,3.92,victoriei_iulius,walking,0,synthetic_gps
2026-05-19 14:26:02,45.7569369,21.2264304,4.3,victoriei_iulius,walking,0,synthetic_gps
2026-05-19 14:26:03,45.7569421,21.2264293,3.75,victoriei_iulius,walking,0,synthetic_gps
2026-05-19 14:26:04,45.7569696,21.2264623,4.62,victoriei_iulius,walking,0,synthetic_gps
2026-05-19 14:26:05,45.7569751,21.226381,3.65,victoriei_iulius,walking,0,synthetic_gps
2026-05-19 14:26:06,45.7569896,21.2264467,5.05,victoriei_iulius,walking,0,synthetic_gps
2026-05-19 14:26:07,45.757027,21.2263855,6.19,victoriei_iulius,walking,0,synthetic_gps
2026-05-19 14:26:08,45.7569804,21.2263655,5.83,victoriei_iulius,walking,0,synthetic_gps
2026-05-19 14:26:09,45.7570286,21.2264354,5.53,victoriei_iulius,walking,0,synthetic_gps
2026-05-19 14:26:10,45.757028,21.2264732,5.0,victoriei_iulius,walking,0,synthetic_gps
2026-05-19 14:26:11,45.7570513,21.2264698,5.54,victoriei_iulius,walking,0,synthetic_gps
2026-05-19 14:26:12,45.7570046,21.2264438,5.53,victoriei_iulius,walking,0,synthetic_gps
2026-05-19 14:26:13,45.7570613,21.2264366,6.67,victoriei_iulius,walking,0,synthetic_gps
2026-05-19 14:26:14,45.75702,21.2264515,4.5,victoriei_iulius,walking,0,synthetic_gps
2026-05-19 14:26:15,45.7570762,21.2264714,6.14,victoriei_iulius,walking,0,synthetic_gps
2026-05-19 14:26:16,45.7570503,21.2264419,4.19,victoriei_iulius,walking,0,synthetic_gps
2026-05-19 14:26:17,45.7570493,21.2264361,5.38,victoriei_iulius,walking,0,synthetic_gps
2026-05-19 14:26:18,45.7571103,21.2264591,6.58,victoriei_iulius,walking,0,synthetic_gps
2026-05-19 14:26:19,45.7571065,21.2264466,4.1,victoriei_iulius,walking,0,synthetic_gps
2026-05-19 14:26:20,45.757107,21.2265228,4.72,victoriei_iulius,walking,0,synthetic_gps
2026-05-19 14:26:21,45.7571103,21.2264357,4.8,victoriei_iulius,walking,0,synthetic_gps
2026-05-19 14:26:22,45.757054,21.226471,0.46,victoriei_iulius,walking,0,synthetic_gps
2026-05-19 14:26:23,45.7571585,21.2264608,4.58,victoriei_iulius,walking,0,synthetic_gps
2026-05-19 14:26:24,45.7571063,21.226478,3.79,victoriei_iulius,walking,0,synthetic_gps
2026-05-19 14:26:25,45.7571367,21.2265115,4.4,victoriei_iulius,walking,0,synthetic_gps
2026-05-19 14:26:26,45.7571794,21.2264756,5.91,victoriei_iulius,walking,0,synthetic_gps
2026-05-19 14:26:27,45.7571354,21.2264887,2.7,victoriei_iulius,walking,0,synthetic_gps
2026-05-19 14:26:28,45.7571683,21.2264946,4.74,victoriei_iulius,walking,0,synthetic_gps
2026-05-19 14:26:29,45.7571257,21.2264704,4.72,victoriei_iulius,walking,0,synthetic_gps
2026-05-19 14:26:30,45.7571763,21.2264697,3.74,victoriei_iulius,walking,0,synthetic_gps
2026-05-19 14:26:31,45.7571705,21.2264857,4.43,victoriei_iulius,walking,0,synthetic_gps
2026-05-19 14:26:32,45.7572085,21.2264993,4.24,victoriei_iulius,walking,0,synthetic_gps
2026-05-19 14:26:33,45.7571904,21.2264884,5.04,victoriei_iulius,walking,0,synthetic_gps
2026-05-19 14:26:34,45.7572126,21.2264806,5.62,victoriei_iulius,walking,0,synthetic_gps
2026-05-19 14:26:35,45.7572635,21.226506,4.75,victoriei_iulius,walking,0,synthetic_gps
2026-05-19 14:26:36,45.7572177,21.2265252,4.73,victoriei_iulius,walking,0,synthetic_gps
2026-05-19 14:26:37,45.7571948,21.2265318,4.61,victoriei_iulius,walking,0,synthetic_gps
2026-05-19 14:26:38,45.757258,21.2265132,4.78,victoriei_iulius,walking,0,synthetic_gps
2026-05-19 14:26:39,45.7572574,21.226497,4.59,victoriei_iulius,walking,0,synthetic_gps
2026-05-19 14:26:40,45.7572244,21.2265569,6.54,victoriei_iulius,walking,0,synthetic_gps
2026-05-19 14:26:41,45.7572434,21.2264996,5.03,victoriei_iulius,walking,0,synthetic_gps
2026-05-19 14:26:42,45.7572877,21.2265476,3.38,victoriei_iulius,walking,0,synthetic_gps
2026-05-19 14:26:43,45.7572797,21.2264898,4.58,victoriei_iulius,walking,0,synthetic_gps
2026-05-19 14:26:44,45.7572695,21.2265117,5.22,victoriei_iulius,walking,0,synthetic_gps
2026-05-19 14:26:45,45.7573094,21.2264755,3.66,victoriei_iulius,walking,0,synthetic_gps
2026-05-19 14:26:46,45.7572929,21.2265655,5.79,victoriei_iulius,walking,0,synthetic_gps
2026-05-19 14:26:47,45.7572905,21.2265077,4.81,victoriei_iulius,walking,0,synthetic_gps
2026-05-19 14:26:48,45.757311,21.2265328,4.38,victoriei_iulius,walking,0,synthetic_gps
2026-05-19 14:26:49,45.7573255,21.2265099,3.93,victoriei_iulius,walking,0,synthetic_gps
2026-05-19 14:26:50,45.7573448,21.2264803,3.41,victoriei_iulius,walking,0,synthetic_gps
2026-05-19 14:26:51,45.7573175,21.2264946,0.82,victoriei_iulius,walking,0,synthetic_gps
2026-05-19 14:26:52,45.7573316,21.2265489,4.1,victoriei_iulius,walking,0,synthetic_gps
2026-05-19 14:26:53,45.757325,21.2265384,5.17,victoriei_iulius,walking,0,synthetic_gps
2026-05-19 14:26:54,45.7573896,21.2265423,5.74,victoriei_iulius,walking,0,synthetic_gps
2026-05-19 14:26:55,45.7573609,21.2265481,5.41,victoriei_iulius,walking,0,synthetic_gps
2026-05-19 14:26:56,45.7573503,21.2265611,5.21,victoriei_iulius,walking,0,synthetic_gps
2026-05-19 14:26:57,45.7573599,21.2265056,4.59,victoriei_iulius,walking,0,synthetic_gps
2026-05-19 14:26:58,45.7573187,21.226563,2.42,victoriei_iulius,walking,0,synthetic_gps
2026-05-19 14:26:59,45.757394,21.2265814,5.36,victoriei_iulius,walking,0,synthetic_gps
2026-05-19 14:27:00,45.7573709,21.2265775,3.71,victoriei_iulius,walking,0,synthetic_gps
2026-05-19 14:27:01,45.7574246,21.2265454,4.92,victoriei_iulius,walking,0,synthetic_gps
2026-05-19 14:27:02,45.7574364,21.2266251,4.43,victoriei_iulius,walking,0,synthetic_gps
2026-05-19 14:27:03,45.75742,21.2265375,5.28,victoriei_iulius,walking,0,synthetic_gps
2026-05-19 14:27:04,45.7574454,21.2265588,4.28,victoriei_iulius,walking,0,synthetic_gps
2026-05-19 14:27:05,45.7574398,21.226559,6.1,victoriei_iulius,walking,0,synthetic_gps
2026-05-19 14:27:06,45.7574462,21.2266057,4.13,victoriei_iulius,walking,0,synthetic_gps
2026-05-19 14:27:07,45.7574427,21.2265589,4.96,victoriei_iulius,walking,0,synthetic_gps
2026-05-19 14:27:08,45.7574638,21.2265716,5.68,victoriei_iulius,walking,0,synthetic_gps
2026-05-19 14:27:09,45.7575007,21.2265584,5.77,victoriei_iulius,walking,0,synthetic_gps
2026-05-19 14:27:10,45.7574514,21.2265893,4.2,victoriei_iulius,walking,0,synthetic_gps
2026-05-19 14:27:11,45.7574708,21.2265568,4.9,victoriei_iulius,walking,0,synthetic_gps
2026-05-19 14:27:12,45.757487,21.2265652,5.2,victoriei_iulius,walking,0,synthetic_gps
2026-05-19 14:27:13,45.757523,21.2265833,2.97,victoriei_iulius,walking,0,synthetic_gps
2026-05-19 14:27:14,45.75752,21.2265643,4.61,victoriei_iulius,walking,0,synthetic_gps
2026-05-19 14:27:15,45.7575599,21.2266185,4.65,victoriei_iulius,walking,0,synthetic_gps
2026-05-19 14:27:16,45.7575338,21.2265311,4.13,victoriei_iulius,walking,0,synthetic_gps
2026-05-19 14:27:17,45.7575641,21.2266005,5.03,victoriei_iulius,walking,0,synthetic_gps
2026-05-19 14:27:18,45.757539,21.2265922,6.24,victoriei_iulius,walking,0,synthetic_gps
2026-05-19 14:27:19,45.7575852,21.2265839,4.91,victoriei_iulius,walking,0,synthetic_gps
2026-05-19 14:27:20,45.7575622,21.2265386,5.54,victoriei_iulius,walking,0,synthetic_gps
2026-05-19 14:27:21,45.7575629,21.2265329,4.36,victoriei_iulius,walking,0,synthetic_gps
2026-05-19 14:27:22,45.7575589,21.2265559,5.19,victoriei_iulius,walking,0,synthetic_gps
2026-05-19 14:27:23,45.7575773,21.2266181,6.81,victoriei_iulius,walking,0,synthetic_gps
2026-05-19 14:27:24,45.7575696,21.2266249,0.53,victoriei_iulius,walking,0,synthetic_gps
2026-05-19 14:27:25,45.7575754,21.2266213,5.07,victoriei_iulius,walking,0,synthetic_gps
2026-05-19 14:27:26,45.7576123,21.2265975,4.67,victoriei_iulius,walking,0,synthetic_gps
2026-05-19 14:27:27,45.7576334,21.2266319,4.66,victoriei_iulius,walking,0,synthetic_gps
2026-05-19 14:27:28,45.7575909,21.2265942,5.29,victoriei_iulius,walking,0,synthetic_gps
2026-05-19 14:27:29,45.7575972,21.2265937,3.67,victoriei_iulius,walking,0,synthetic_gps
2026-05-19 14:27:30,45.7576522,21.2266032,5.83,victoriei_iulius,walking,0,synthetic_gps
2026-05-19 14:27:31,45.757611,21.22665,4.03,victoriei_iulius,walking,0,synthetic_gps
2026-05-19 14:27:32,45.7576617,21.226572,4.77,victoriei_iulius,walking,0,synthetic_gps
2026-05-19 14:27:33,45.7576663,21.2266093,5.06,victoriei_iulius,walking,0,synthetic_gps
2026-05-19 14:27:34,45.7576714,21.2266714,4.49,victoriei_iulius,walking,0,synthetic_gps
2026-05-19 14:27:35,45.7577115,21.2266178,4.1,victoriei_iulius,walking,0,synthetic_gps
2026-05-19 14:27:36,45.7576726,21.2266382,6.31,victoriei_iulius,walking,0,synthetic_gps
2026-05-19 14:27:37,45.7576953,21.2266222,4.2,victoriei_iulius,walking,0,synthetic_gps
2026-05-19 14:27:38,45.7576807,21.2265953,3.34,victoriei_iulius,walking,0,synthetic_gps
2026-05-19 14:27:39,45.7577124,21.2266416,4.79,victoriei_iulius,walking,0,synthetic_gps
2026-05-19 14:27:40,45.7576977,21.22667,4.13,victoriei_iulius,walking,0,synthetic_gps
2026-05-19 14:27:41,45.757726,21.2265772,3.12,victoriei_iulius,walking,0,synthetic_gps
2026-05-19 14:27:42,45.7577401,21.2266485,4.3,victoriei_iulius,walking,0,synthetic_gps
2026-05-19 14:27:43,45.7577295,21.2266629,5.63,victoriei_iulius,walking,0,synthetic_gps
2026-05-19 14:27:44,45.7577954,21.2266169,3.86,victoriei_iulius,walking,0,synthetic_gps
2026-05-19 14:27:45,45.7577533,21.2266531,4.85,victoriei_iulius,walking,0,synthetic_gps
2026-05-19 14:27:46,45.7577586,21.226649,4.23,victoriei_iulius,walking,0,synthetic_gps
2026-05-19 14:27:47,45.7577506,21.2266314,4.77,victoriei_iulius,walking,0,synthetic_gps
2026-05-19 14:27:48,45.7577616,21.2266513,3.34,victoriei_iulius,walking,0,synthetic_gps
2026-05-19 14:27:49,45.7577754,21.226641,3.75,victoriei_iulius,walking,0,synthetic_gps
2026-05-19 14:27:50,45.757821,21.2266486,4.32,victoriei_iulius,walking,0,synthetic_gps
2026-05-19 14:27:51,45.7577637,21.2265885,5.36,victoriei_iulius,walking,0,synthetic_gps
2026-05-19 14:27:52,45.7578297,21.2266596,0.83,victoriei_iulius,walking,0,synthetic_gps
2026-05-19 14:27:53,45.7578098,21.2267073,5.36,victoriei_iulius,walking,0,synthetic_gps
2026-05-19 14:27:54,45.7578453,21.2265865,5.11,victoriei_iulius,walking,0,synthetic_gps
2026-05-19 14:27:55,45.7578547,21.2266553,3.9,victoriei_iulius,walking,0,synthetic_gps
2026-05-19 14:27:56,45.7578185,21.226658,4.28,victoriei_iulius,walking,0,synthetic_gps
2026-05-19 14:27:57,45.7578225,21.2266964,4.97,victoriei_iulius,walking,0,synthetic_gps
2026-05-19 14:27:58,45.7578162,21.2266607,6.35,victoriei_iulius,walking,0,synthetic_gps
2026-05-19 14:27:59,45.7578715,21.2266724,5.13,victoriei_iulius,walking,0,synthetic_gps
2026-05-19 14:28:00,45.7578581,21.2266639,4.98,victoriei_iulius,walking,0,synthetic_gps
2026-05-19 14:28:01,45.7578672,21.2266321,4.8,victoriei_iulius,walking,0,synthetic_gps
2026-05-19 14:28:02,45.7578878,21.2266537,5.36,victoriei_iulius,walking,0,synthetic_gps
2026-05-19 14:28:03,45.7578967,21.2266539,4.35,victoriei_iulius,walking,0,synthetic_gps
2026-05-19 14:28:04,45.7578791,21.2266923,3.31,victoriei_iulius,walking,0,synthetic_gps
2026-05-19 14:28:05,45.7579005,21.2266605,5.51,victoriei_iulius,walking,0,synthetic_gps
2026-05-19 14:28:06,45.7579082,21.2267104,4.36,victoriei_iulius,walking,0,synthetic_gps
2026-05-19 14:28:07,45.7579108,21.2267133,4.83,victoriei_iulius,walking,0,synthetic_gps
2026-05-19 14:28:08,45.7579621,21.2266569,4.22,victoriei_iulius,walking,0,synthetic_gps
2026-05-19 14:28:09,45.7579654,21.2266915,4.19,victoriei_iulius,walking,0,synthetic_gps
2026-05-19 14:28:10,45.7579447,21.2266814,4.74,victoriei_iulius,walking,0,synthetic_gps
2026-05-19 14:28:11,45.7579331,21.2266686,5.45,victoriei_iulius,walking,0,synthetic_gps
2026-05-19 14:28:12,45.7579706,21.2266812,5.46,victoriei_iulius,walking,0,synthetic_gps
2026-05-19 14:28:13,45.7579935,21.2266519,5.96,victoriei_iulius,walking,0,synthetic_gps
2026-05-19 14:28:14,45.7579478,21.2266689,5.85,victoriei_iulius,walking,0,synthetic_gps
2026-05-19 14:28:15,45.7580297,21.2267102,5.31,victoriei_iulius,walking,0,synthetic_gps
2026-05-19 14:28:16,45.7579788,21.2266834,6.39,victoriei_iulius,walking,0,synthetic_gps
2026-05-19 14:28:17,45.7579676,21.2267028,3.27,victoriei_iulius,walking,0,synthetic_gps
2026-05-19 14:28:18,45.7579697,21.226714,4.42,victoriei_iulius,walking,0,synthetic_gps
2026-05-19 14:28:19,45.758052,21.2266959,3.62,victoriei_iulius,walking,0,synthetic_gps
2026-05-19 14:28:20,45.7580464,21.2267256,3.48,victoriei_iulius,walking,0,synthetic_gps
2026-05-19 14:28:21,45.7580443,21.226748,4.45,victoriei_iulius,walking,0,synthetic_gps
2026-05-19 14:28:22,45.7580172,21.2267183,2.86,victoriei_iulius,walking,0,synthetic_gps
2026-05-19 14:28:23,45.7580275,21.2267262,4.68,victoriei_iulius,walking,0,synthetic_gps
2026-05-19 14:28:24,45.7580644,21.2267381,5.28,victoriei_iulius,walking,0,synthetic_gps
2026-05-19 14:28:25,45.7580738,21.2267235,5.21,victoriei_iulius,walking,0,synthetic_gps
2026-05-19 14:28:26,45.7580841,21.2266993,4.71,victoriei_iulius,walking,0,synthetic_gps
2026-05-19 14:28:27,45.7580754,21.2267163,3.44,victoriei_iulius,walking,0,synthetic_gps
2026-05-19 14:28:28,45.7581038,21.2267134,5.8,victoriei_iulius,walking,0,synthetic_gps
2026-05-19 14:28:29,45.7580794,21.2267468,3.95,victoriei_iulius,walking,0,synthetic_gps
2026-05-19 14:28:30,45.7580727,21.2267126,5.57,victoriei_iulius,walking,0,synthetic_gps
2026-05-19 14:28:31,45.7581053,21.2266987,5.48,victoriei_iulius,walking,0,synthetic_gps
2026-05-19 14:28:32,45.7581489,21.2267122,5.57,victoriei_iulius,walking,0,synthetic_gps
2026-05-19 14:28:33,45.7581023,21.2267269,4.2,victoriei_iulius,walking,0,synthetic_gps
2026-05-19 14:28:34,45.7580966,21.2267259,5.93,victoriei_iulius,walking,0,synthetic_gps
2026-05-19 14:28:35,45.7580916,21.2267551,5.54,victoriei_iulius,walking,0,synthetic_gps
2026-05-19 14:28:36,45.7581752,21.226775,5.59,victoriei_iulius,walking,0,synthetic_gps
2026-05-19 14:28:37,45.7581462,21.2267586,5.01,victoriei_iulius,walking,0,synthetic_gps
2026-05-19 14:28:38,45.7581379,21.2267335,5.83,victoriei_iulius,walking,0,synthetic_gps
2026-05-19 14:28:39,45.7581449,21.2267259,6.0,victoriei_iulius,walking,0,synthetic_gps
2026-05-19 14:28:40,45.7581386,21.2267497,4.83,victoriei_iulius,walking,0,synthetic_gps
2026-05-19 14:28:41,45.7581813,21.2267366,4.86,victoriei_iulius,walking,0,synthetic_gps
2026-05-19 14:28:42,45.7581653,21.2267874,5.18,victoriei_iulius,walking,0,synthetic_gps
2026-05-19 14:28:43,45.7581706,21.2267301,4.94,victoriei_iulius,walking,0,synthetic_gps
2026-05-19 14:28:44,45.7581765,21.2267709,4.03,victoriei_iulius,walking,0,synthetic_gps
2026-05-19 14:28:45,45.7582152,21.2267473,4.84,victoriei_iulius,walking,0,synthetic_gps
2026-05-19 14:28:46,45.7582492,21.2267351,4.15,victoriei_iulius,walking,0,synthetic_gps
2026-05-19 14:28:47,45.7582309,21.2267574,5.34,victoriei_iulius,walking,0,synthetic_gps
2026-05-19 14:28:48,45.7581959,21.2267354,4.04,victoriei_iulius,walking,0,synthetic_gps
2026-05-19 14:28:49,45.7582468,21.2267651,5.05,victoriei_iulius,walking,0,synthetic_gps
2026-05-19 14:28:50,45.7582947,21.2267781,5.02,victoriei_iulius,walking,0,synthetic_gps
2026-05-19 14:28:51,45.7582602,21.2268027,4.86,victoriei_iulius,walking,0,synthetic_gps
2026-05-19 14:28:52,45.7582222,21.2267377,5.14,victoriei_iulius,walking,0,synthetic_gps
2026-05-19 14:28:53,45.7583338,21.2267499,4.49,victoriei_iulius,walking,0,synthetic_gps
2026-05-19 14:28:54,45.7582484,21.2267708,5.66,victoriei_iulius,walking,0,synthetic_gps
2026-05-19 14:28:55,45.7582968,21.2267674,3.34,victoriei_iulius,walking,0,synthetic_gps
2026-05-19 14:28:56,45.7583095,21.2267958,4.34,victoriei_iulius,walking,0,synthetic_gps
2026-05-19 14:28:57,45.7583104,21.2267791,5.82,victoriei_iulius,walking,0,synthetic_gps
2026-05-19 14:28:58,45.7582974,21.2267661,3.89,victoriei_iulius,walking,0,synthetic_gps
2026-05-19 14:28:59,45.7582861,21.2268102,4.0,victoriei_iulius,walking,0,synthetic_gps
2026-05-19 14:29:00,45.758317,21.2267349,3.89,victoriei_iulius,walking,0,synthetic_gps
2026-05-19 14:29:01,45.7583767,21.2268113,4.26,victoriei_iulius,walking,0,synthetic_gps
2026-05-19 14:29:02,45.7583477,21.226786,5.07,victoriei_iulius,walking,0,synthetic_gps
2026-05-19 14:29:03,45.7583086,21.2267758,4.73,victoriei_iulius,walking,0,synthetic_gps
2026-05-19 14:29:04,45.7583444,21.2267923,4.57,victoriei_iulius,walking,0,synthetic_gps
2026-05-19 14:29:05,45.7583571,21.2267796,4.2,victoriei_iulius,walking,0,synthetic_gps
2026-05-19 14:29:06,45.7584007,21.22676,3.53,victoriei_iulius,walking,0,synthetic_gps
2026-05-19 14:29:07,45.7583538,21.2268398,5.29,victoriei_iulius,walking,0,synthetic_gps
2026-05-19 14:29:08,45.7583967,21.2267928,3.92,victoriei_iulius,walking,0,synthetic_gps
2026-05-19 14:29:09,45.7583881,21.2268064,4.78,victoriei_iulius,walking,0,synthetic_gps
2026-05-19 14:29:10,45.7583936,21.2267554,4.03,victoriei_iulius,walking,0,synthetic_gps
2026-05-19 14:29:11,45.7583625,21.2268192,3.82,victoriei_iulius,walking,0,synthetic_gps
2026-05-19 14:29:12,45.7584152,21.226765,4.44,victoriei_iulius,walking,0,synthetic_gps
2026-05-19 14:29:13,45.7584367,21.2267593,4.85,victoriei_iulius,walking,0,synthetic_gps
2026-05-19 14:29:14,45.7584584,21.226801,4.93,victoriei_iulius,walking,0,synthetic_gps
2026-05-19 14:29:15,45.758469,21.2268439,4.47,victoriei_iulius,walking,0,synthetic_gps
2026-05-19 14:29:16,45.7584636,21.2268048,4.1,victoriei_iulius,walking,0,synthetic_gps
2026-05-19 14:29:17,45.7584785,21.2268165,4.76,victoriei_iulius,walking,0,synthetic_gps
2026-05-19 14:29:18,45.7584513,21.2268014,4.97,victoriei_iulius,walking,0,synthetic_gps
2026-05-19 14:29:19,45.7585029,21.2267992,5.02,victoriei_iulius,walking,0,synthetic_gps
2026-05-19 14:29:20,45.7584824,21.2268198,4.46,victoriei_iulius,walking,0,synthetic_gps
2026-05-19 14:29:21,45.7584762,21.2268515,4.09,victoriei_iulius,walking,0,synthetic_gps
2026-05-19 14:29:22,45.7585205,21.2268174,3.46,victoriei_iulius,walking,0,synthetic_gps
2026-05-19 14:29:23,45.7585146,21.2268681,4.69,victoriei_iulius,walking,0,synthetic_gps
2026-05-19 14:29:24,45.7585265,21.2268683,5.95,victoriei_iulius,walking,0,synthetic_gps
2026-05-19 14:29:25,45.7584879,21.2268662,5.41,victoriei_iulius,walking,0,synthetic_gps
2026-05-19 14:29:26,45.7585507,21.226813,5.46,victoriei_iulius,walking,0,synthetic_gps
2026-05-19 14:29:27,45.7585263,21.2268195,5.3,victoriei_iulius,walking,0,synthetic_gps
2026-05-19 14:29:28,45.7585531,21.2268624,3.68,victoriei_iulius,walking,0,synthetic_gps
2026-05-19 14:29:29,45.7585306,21.2268478,1.48,victoriei_iulius,walking,0,synthetic_gps
2026-05-19 14:29:30,45.7585734,21.2268422,5.02,victoriei_iulius,walking,0,synthetic_gps
2026-05-19 14:29:31,45.7585722,21.2268298,5.07,victoriei_iulius,walking,0,synthetic_gps
2026-05-19 14:29:32,45.7586302,21.2268822,5.24,victoriei_iulius,walking,0,synthetic_gps
2026-05-19 14:29:33,45.7586231,21.226845,5.49,victoriei_iulius,walking,0,synthetic_gps
2026-05-19 14:29:34,45.7585894,21.2268211,3.61,victoriei_iulius,walking,0,synthetic_gps
2026-05-19 14:29:35,45.7586179,21.2268876,5.21,victoriei_iulius,walking,0,synthetic_gps
2026-05-19 14:29:36,45.7585914,21.2268576,4.65,victoriei_iulius,walking,0,synthetic_gps
2026-05-19 14:29:37,45.7586338,21.2268561,4.49,victoriei_iulius,walking,0,synthetic_gps
2026-05-19 14:29:38,45.7586331,21.226863,4.86,victoriei_iulius,walking,0,synthetic_gps
2026-05-19 14:29:39,45.7586453,21.2267994,5.12,victoriei_iulius,walking,0,synthetic_gps
2026-05-19 14:29:40,45.7586593,21.2268658,5.65,victoriei_iulius,walking,0,synthetic_gps
2026-05-19 14:29:41,45.7586593,21.2268092,5.01,victoriei_iulius,walking,0,synthetic_gps
2026-05-19 14:29:42,45.7586396,21.2268624,4.88,victoriei_iulius,walking,0,synthetic_gps
2026-05-19 14:29:43,45.7586621,21.2268893,6.33,victoriei_iulius,walking,0,synthetic_gps
2026-05-19 14:29:44,45.7586542,21.2268652,4.74,victoriei_iulius,walking,0,synthetic_gps
2026-05-19 14:29:45,45.7586962,21.226854,4.84,victoriei_iulius,walking,0,synthetic_gps
2026-05-19 14:29:46,45.7586796,21.2268824,6.68,victoriei_iulius,walking,0,synthetic_gps
2026-05-19 14:29:47,45.7586843,21.2268556,4.89,victoriei_iulius,walking,0,synthetic_gps
2026-05-19 14:29:48,45.7587328,21.2268803,4.05,victoriei_iulius,walking,0,synthetic_gps
2026-05-19 14:29:49,45.7587355,21.2269265,5.86,victoriei_iulius,walking,0,synthetic_gps
2026-05-19 14:29:50,45.7587416,21.22687,3.79,victoriei_iulius,walking,0,synthetic_gps
2026-05-19 14:29:51,45.758729,21.2268538,5.59,victoriei_iulius,walking,0,synthetic_gps
2026-05-19 14:29:52,45.7587271,21.2268524,4.46,victoriei_iulius,walking,0,synthetic_gps
2026-05-19 14:29:53,45.7587338,21.2268941,4.7,victoriei_iulius,walking,0,synthetic_gps
2026-05-19 14:29:54,45.7587102,21.2268277,3.65,victoriei_iulius,walking,0,synthetic_gps
2026-05-19 14:29:55,45.7587491,21.2269467,6.6,victoriei_iulius,walking,0,synthetic_gps
2026-05-19 14:29:56,45.7588029,21.2268701,5.2,victoriei_iulius,walking,0,synthetic_gps
2026-05-19 14:29:57,45.7587788,21.2269292,5.8,victoriei_iulius,walking,0,synthetic_gps
2026-05-19 14:29:58,45.7587372,21.2269137,6.36,victoriei_iulius,walking,0,synthetic_gps
2026-05-19 14:29:59,45.7587611,21.2269053,4.78,victoriei_iulius,walking,0,synthetic_gps
2026-05-19 14:30:00,45.7587902,21.2268893,4.73,victoriei_iulius,walking,0,synthetic_gps
2026-05-19 14:30:01,45.7588099,21.2268971,3.89,victoriei_iulius,walking,0,synthetic_gps
2026-05-19 14:30:02,45.7587868,21.2269012,4.23,victoriei_iulius,walking,0,synthetic_gps
2026-05-19 14:30:03,45.7587932,21.2269523,5.92,victoriei_iulius,walking,0,synthetic_gps
2026-05-19 14:30:04,45.7587972,21.2268665,5.34,victoriei_iulius,walking,0,synthetic_gps
2026-05-19 14:30:05,45.7587962,21.2269459,4.5,victoriei_iulius,walking,0,synthetic_gps
2026-05-19 14:30:06,45.7588561,21.2269748,5.67,victoriei_iulius,walking,0,synthetic_gps
2026-05-19 14:30:07,45.7588389,21.2269691,4.58,victoriei_iulius,walking,0,synthetic_gps
2026-05-19 14:30:08,45.758873,21.2269268,3.61,victoriei_iulius,walking,0,synthetic_gps
2026-05-19 14:30:09,45.7588839,21.2269639,4.97,victoriei_iulius,walking,0,synthetic_gps
2026-05-19 14:30:10,45.7588858,21.2269768,3.41,victoriei_iulius,walking,0,synthetic_gps
2026-05-19 14:30:11,45.7588847,21.22696,3.73,victoriei_iulius,walking,0,synthetic_gps
2026-05-19 14:30:12,45.7589133,21.226913,3.02,victoriei_iulius,walking,0,synthetic_gps
2026-05-19 14:30:13,45.7589525,21.2269663,4.47,victoriei_iulius,walking,0,synthetic_gps
2026-05-19 14:30:14,45.7589164,21.2269387,3.88,victoriei_iulius,walking,0,synthetic_gps
2026-05-19 14:30:15,45.7589523,21.2269524,4.27,victoriei_iulius,walking,0,synthetic_gps
2026-05-19 14:30:16,45.7589819,21.2269664,4.54,victoriei_iulius,walking,0,synthetic_gps
2026-05-19 14:30:17,45.7589126,21.2269725,5.25,victoriei_iulius,walking,0,synthetic_gps
2026-05-19 14:30:18,45.7589517,21.2269825,4.39,victoriei_iulius,walking,0,synthetic_gps
2026-05-19 14:30:19,45.7590184,21.2269609,4.01,victoriei_iulius,walking,0,synthetic_gps
2026-05-19 14:30:20,45.7589662,21.2269601,4.02,victoriei_iulius,walking,0,synthetic_gps
2026-05-19 14:30:21,45.7590078,21.2269827,4.9,victoriei_iulius,walking,0,synthetic_gps
2026-05-19 14:30:22,45.7589838,21.2269685,4.5,victoriei_iulius,walking,0,synthetic_gps
2026-05-19 14:30:23,45.7590073,21.2269866,5.02,victoriei_iulius,walking,0,synthetic_gps
2026-05-19 14:30:24,45.7590177,21.2269687,0.95,victoriei_iulius,walking,0,synthetic_gps
2026-05-19 14:30:25,45.7589963,21.2269813,4.71,victoriei_iulius,walking,0,synthetic_gps
2026-05-19 14:30:26,45.7590597,21.2269846,5.37,victoriei_iulius,walking,0,synthetic_gps
2026-05-19 14:30:27,45.759065,21.2269989,0.62,victoriei_iulius,walking,0,synthetic_gps
2026-05-19 14:30:28,45.7590443,21.2269427,5.37,victoriei_iulius,walking,0,synthetic_gps
2026-05-19 14:30:29,45.7590437,21.2269709,5.08,victoriei_iulius,walking,0,synthetic_gps
2026-05-19 14:30:30,45.7590467,21.2270007,4.92,victoriei_iulius,walking,0,synthetic_gps
2026-05-19 14:30:31,45.7591101,21.2269791,3.37,victoriei_iulius,walking,0,synthetic_gps
2026-05-19 14:30:32,45.759106,21.2269973,3.66,victoriei_iulius,walking,0,synthetic_gps
2026-05-19 14:30:33,45.759108,21.2269927,5.33,victoriei_iulius,walking,0,synthetic_gps
2026-05-19 14:30:34,45.7590779,21.2270383,4.89,victoriei_iulius,walking,0,synthetic_gps
2026-05-19 14:30:35,45.7590805,21.2269856,4.07,victoriei_iulius,walking,0,synthetic_gps
2026-05-19 14:30:36,45.7591171,21.2269766,5.2,victoriei_iulius,walking,0,synthetic_gps
2026-05-19 14:30:37,45.7591158,21.2270162,4.29,victoriei_iulius,walking,0,synthetic_gps
2026-05-19 14:30:38,45.7591298,21.2269666,4.43,victoriei_iulius,walking,0,synthetic_gps
2026-05-19 14:30:39,45.759148,21.2270275,5.58,victoriei_iulius,walking,0,synthetic_gps
2026-05-19 14:30:40,45.7591654,21.2269477,6.03,victoriei_iulius,walking,0,synthetic_gps
2026-05-19 14:30:41,45.7591429,21.2270082,4.27,victoriei_iulius,walking,0,synthetic_gps
2026-05-19 14:30:42,45.759196,21.2269972,4.54,victoriei_iulius,walking,0,synthetic_gps
2026-05-19 14:30:43,45.7591909,21.2270499,4.44,victoriei_iulius,walking,0,synthetic_gps
2026-05-19 14:30:44,45.759128,21.2270132,4.71,victoriei_iulius,walking,0,synthetic_gps
2026-05-19 14:30:45,45.7592042,21.2270363,4.51,victoriei_iulius,walking,0,synthetic_gps
2026-05-19 14:30:46,45.7592205,21.2270061,5.26,victoriei_iulius,walking,0,synthetic_gps
2026-05-19 14:30:47,45.759201,21.2270196,5.03,victoriei_iulius,walking,0,synthetic_gps
2026-05-19 14:30:48,45.7592341,21.2270147,5.48,victoriei_iulius,walking,0,synthetic_gps
2026-05-19 14:30:49,45.7592454,21.2270311,5.03,victoriei_iulius,walking,0,synthetic_gps
2026-05-19 14:30:50,45.7592801,21.2269937,3.96,victoriei_iulius,walking,0,synthetic_gps
2026-05-19 14:30:51,45.7592338,21.2270253,3.6,victoriei_iulius,walking,0,synthetic_gps
2026-05-19 14:30:52,45.7592489,21.2270582,4.91,victoriei_iulius,walking,0,synthetic_gps
2026-05-19 14:30:53,45.7592797,21.2270314,5.22,victoriei_iulius,walking,0,synthetic_gps
2026-05-19 14:30:54,45.7593315,21.2270238,6.4,victoriei_iulius,walking,0,synthetic_gps
2026-05-19 14:30:55,45.7592645,21.2270211,5.83,victoriei_iulius,walking,0,synthetic_gps
2026-05-19 14:30:56,45.759305,21.2270237,5.55,victoriei_iulius,walking,0,synthetic_gps
2026-05-19 14:30:57,45.7592903,21.2270551,0.33,victoriei_iulius,walking,0,synthetic_gps
2026-05-19 14:30:58,45.7593393,21.2270302,4.79,victoriei_iulius,walking,0,synthetic_gps
2026-05-19 14:30:59,45.7593544,21.2270407,6.85,victoriei_iulius,walking,0,synthetic_gps
2026-05-19 14:31:00,45.7593183,21.2270778,3.95,victoriei_iulius,walking,0,synthetic_gps
2026-05-19 14:31:01,45.7593282,21.2270235,4.26,victoriei_iulius,walking,0,synthetic_gps
2026-05-19 14:31:02,45.7593132,21.2270754,4.99,victoriei_iulius,walking,0,synthetic_gps
2026-05-19 14:31:03,45.7593601,21.2270427,4.68,victoriei_iulius,walking,0,synthetic_gps
2026-05-19 14:31:04,45.7593537,21.22708,3.99,victoriei_iulius,walking,0,synthetic_gps
2026-05-19 14:31:05,45.7593796,21.2270479,4.55,victoriei_iulius,walking,0,synthetic_gps
2026-05-19 14:31:06,45.7594159,21.2270682,4.94,victoriei_iulius,walking,0,synthetic_gps
2026-05-19 14:31:07,45.7593959,21.2271111,4.77,victoriei_iulius,walking,0,synthetic_gps
2026-05-19 14:31:08,45.7594465,21.2270622,7.0,victoriei_iulius,walking,0,synthetic_gps
2026-05-19 14:31:09,45.7593639,21.2270206,6.99,victoriei_iulius,walking,0,synthetic_gps
2026-05-19 14:31:10,45.7594753,21.2270422,5.5,victoriei_iulius,walking,0,synthetic_gps
2026-05-19 14:31:11,45.7594676,21.2271107,3.82,victoriei_iulius,walking,0,synthetic_gps
2026-05-19 14:31:12,45.7594481,21.2270592,3.31,victoriei_iulius,walking,0,synthetic_gps
2026-05-19 14:31:13,45.7594357,21.2271091,4.78,victoriei_iulius,walking,0,synthetic_gps
2026-05-19 14:31:14,45.7594405,21.2271032,4.68,victoriei_iulius,walking,0,synthetic_gps
2026-05-19 14:31:15,45.7594598,21.2270732,3.71,victoriei_iulius,walking,0,synthetic_gps
2026-05-19 14:31:16,45.7594753,21.2271065,3.55,victoriei_iulius,walking,0,synthetic_gps
2026-05-19 14:31:17,45.7594966,21.2271117,5.0,victoriei_iulius,walking,0,synthetic_gps
2026-05-19 14:31:18,45.7594732,21.2270767,4.35,victoriei_iulius,walking,0,synthetic_gps
2026-05-19 14:31:19,45.7595298,21.227148,4.1,victoriei_iulius,walking,0,synthetic_gps
2026-05-19 14:31:20,45.7595069,21.2271082,4.85,victoriei_iulius,walking,0,synthetic_gps
2026-05-19 14:31:21,45.759518,21.2271182,4.8,victoriei_iulius,walking,0,synthetic_gps
2026-05-19 14:31:22,45.7594572,21.2271288,4.52,victoriei_iulius,walking,0,synthetic_gps
2026-05-19 14:31:23,45.7595508,21.2270362,3.59,victoriei_iulius,walking,0,synthetic_gps
2026-05-19 14:31:24,45.7595647,21.2271593,4.67,victoriei_iulius,walking,0,synthetic_gps
2026-05-19 14:31:25,45.7595348,21.2271436,4.17,victoriei_iulius,walking,0,synthetic_gps
2026-05-19 14:31:26,45.7595489,21.2271441,4.67,victoriei_iulius,walking,0,synthetic_gps
2026-05-19 14:31:27,45.7595619,21.2271352,3.53,victoriei_iulius,walking,0,synthetic_gps
2026-05-19 14:31:28,45.7595994,21.2270992,5.14,victoriei_iulius,walking,0,synthetic_gps
2026-05-19 14:31:29,45.7596187,21.2271357,5.09,victoriei_iulius,walking,0,synthetic_gps
2026-05-19 14:31:30,45.7595884,21.2271361,5.3,victoriei_iulius,walking,0,synthetic_gps
2026-05-19 14:31:31,45.7596491,21.2271139,5.45,victoriei_iulius,walking,0,synthetic_gps
2026-05-19 14:31:32,45.7596527,21.2271043,4.69,victoriei_iulius,walking,0,synthetic_gps
2026-05-19 14:31:33,45.7596089,21.2270964,4.77,victoriei_iulius,walking,0,synthetic_gps
2026-05-19 14:31:34,45.7596316,21.2271287,4.82,victoriei_iulius,walking,0,synthetic_gps
2026-05-19 14:31:35,45.7596395,21.2270912,5.35,victoriei_iulius,walking,0,synthetic_gps
2026-05-19 14:31:36,45.7596496,21.2271614,5.16,victoriei_iulius,walking,0,synthetic_gps
2026-05-19 14:31:37,45.7596654,21.2271097,4.8,victoriei_iulius,walking,0,synthetic_gps
2026-05-19 14:31:38,45.759656,21.2272183,6.28,victoriei_iulius,walking,0,synthetic_gps
2026-05-19 14:31:39,45.7596476,21.2271712,4.39,victoriei_iulius,walking,0,synthetic_gps
2026-05-19 14:31:40,45.7596799,21.2271726,6.06,victoriei_iulius,walking,0,synthetic_gps
2026-05-19 14:31:41,45.7597148,21.2271841,4.87,victoriei_iulius,walking,0,synthetic_gps
2026-05-19 14:31:42,45.7597185,21.2271264,4.47,victoriei_iulius,walking,0,synthetic_gps
2026-05-19 14:31:43,45.7596924,21.2271735,4.68,victoriei_iulius,walking,0,synthetic_gps
2026-05-19 14:31:44,45.7597301,21.2271441,3.51,victoriei_iulius,walking,0,synthetic_gps
2026-05-19 14:31:45,45.7597283,21.2271684,3.94,victoriei_iulius,walking,0,synthetic_gps
2026-05-19 14:31:46,45.759776,21.2271351,4.84,victoriei_iulius,walking,0,synthetic_gps
2026-05-19 14:31:47,45.7597778,21.2271903,6.37,victoriei_iulius,walking,0,synthetic_gps
2026-05-19 14:31:48,45.7597491,21.2272017,6.16,victoriei_iulius,walking,0,synthetic_gps
2026-05-19 14:31:49,45.7597528,21.2271517,3.36,victoriei_iulius,walking,0,synthetic_gps
2026-05-19 14:31:50,45.7597275,21.2271486,4.47,victoriei_iulius,walking,0,synthetic_gps
2026-05-19 14:31:51,45.7598042,21.227156,6.27,victoriei_iulius,walking,0,synthetic_gps
2026-05-19 14:31:52,45.759789,21.2272012,5.12,victoriei_iulius,walking,0,synthetic_gps
2026-05-19 14:31:53,45.7598102,21.2272198,4.17,victoriei_iulius,walking,0,synthetic_gps
2026-05-19 14:31:54,45.7597809,21.2271882,4.31,victoriei_iulius,walking,0,synthetic_gps
2026-05-19 14:31:55,45.7598448,21.2271809,5.04,victoriei_iulius,walking,0,synthetic_gps
2026-05-19 14:31:56,45.7598578,21.2271277,4.27,victoriei_iulius,walking,0,synthetic_gps
2026-05-19 14:31:57,45.7598426,21.227169,5.63,victoriei_iulius,walking,0,synthetic_gps
2026-05-19 14:31:58,45.759817,21.2271795,4.72,victoriei_iulius,walking,0,synthetic_gps
2026-05-19 14:31:59,45.7598466,21.2271977,5.66,victoriei_iulius,walking,0,synthetic_gps
2026-05-19 14:32:00,45.7598697,21.2271809,5.14,victoriei_iulius,walking,0,synthetic_gps
2026-05-19 14:32:01,45.7598857,21.2272397,4.55,victoriei_iulius,walking,0,synthetic_gps
2026-05-19 14:32:02,45.7598983,21.227213,1.13,victoriei_iulius,walking,0,synthetic_gps
2026-05-19 14:32:03,45.7598837,21.2272188,4.61,victoriei_iulius,walking,0,synthetic_gps
2026-05-19 14:32:04,45.7599719,21.2272345,3.86,victoriei_iulius,walking,0,synthetic_gps
2026-05-19 14:32:05,45.7598919,21.2272117,4.02,victoriei_iulius,walking,0,synthetic_gps
2026-05-19 14:32:06,45.7599212,21.227191,6.05,victoriei_iulius,walking,0,synthetic_gps
2026-05-19 14:32:07,45.7599414,21.227232,3.42,victoriei_iulius,walking,0,synthetic_gps
2026-05-19 14:32:08,45.7599586,21.2272337,4.59,victoriei_iulius,walking,0,synthetic_gps
2026-05-19 14:32:09,45.7599331,21.2272255,4.77,victoriei_iulius,walking,0,synthetic_gps
2026-05-19 14:32:10,45.7599523,21.2272254,4.08,victoriei_iulius,walking,0,synthetic_gps
2026-05-19 14:32:11,45.7599802,21.2272565,4.24,victoriei_iulius,walking,0,synthetic_gps
2026-05-19 14:32:12,45.7599754,21.2272406,5.52,victoriei_iulius,walking,0,synthetic_gps
2026-05-19 14:32:13,45.7600148,21.2272072,5.01,victoriei_iulius,walking,0,synthetic_gps
2026-05-19 14:32:14,45.7600335,21.2272847,5.32,victoriei_iulius,walking,0,synthetic_gps
2026-05-19 14:32:15,45.7600215,21.2272354,3.46,victoriei_iulius,walking,0,synthetic_gps
2026-05-19 14:32:16,45.7599869,21.227247,4.75,victoriei_iulius,walking,0,synthetic_gps
2026-05-19 14:32:17,45.7600664,21.2272513,5.24,victoriei_iulius,walking,0,synthetic_gps
2026-05-19 14:32:18,45.7600259,21.2272533,4.83,victoriei_iulius,walking,0,synthetic_gps
2026-05-19 14:32:19,45.7600255,21.2273205,4.94,victoriei_iulius,walking,0,synthetic_gps
2026-05-19 14:32:20,45.7600836,21.2272587,4.22,victoriei_iulius,walking,0,synthetic_gps
2026-05-19 14:32:21,45.7600173,21.2272667,5.45,victoriei_iulius,walking,0,synthetic_gps
2026-05-19 14:32:22,45.7600742,21.2272558,5.11,victoriei_iulius,walking,0,synthetic_gps
2026-05-19 14:32:23,45.7600681,21.2272553,3.26,victoriei_iulius,walking,0,synthetic_gps
2026-05-19 14:32:24,45.760118,21.2272783,4.98,victoriei_iulius,walking,0,synthetic_gps
2026-05-19 14:32:25,45.7600705,21.227256,5.52,victoriei_iulius,walking,0,synthetic_gps
2026-05-19 14:32:26,45.760079,21.2272438,3.61,victoriei_iulius,walking,0,synthetic_gps
2026-05-19 14:32:27,45.7600832,21.2272703,7.0,victoriei_iulius,walking,0,synthetic_gps
2026-05-19 14:32:28,45.7600735,21.2272847,4.82,victoriei_iulius,walking,0,synthetic_gps
2026-05-19 14:32:29,45.7601774,21.2272862,5.43,victoriei_iulius,walking,0,synthetic_gps
2026-05-19 14:32:30,45.7600964,21.2272798,4.7,victoriei_iulius,walking,0,synthetic_gps
2026-05-19 14:32:31,45.7601336,21.2272828,5.32,victoriei_iulius,walking,0,synthetic_gps
2026-05-19 14:32:32,45.7601616,21.2272823,4.27,victoriei_iulius,walking,0,synthetic_gps
2026-05-19 14:32:33,45.7601601,21.2272635,3.84,victoriei_iulius,walking,0,synthetic_gps
2026-05-19 14:32:34,45.7601698,21.2273079,4.4,victoriei_iulius,walking,0,synthetic_gps
2026-05-19 14:32:35,45.7601827,21.227311,4.97,victoriei_iulius,walking,0,synthetic_gps
2026-05-19 14:32:36,45.7601913,21.2272957,4.24,victoriei_iulius,walking,0,synthetic_gps
2026-05-19 14:32:37,45.7602448,21.2272569,3.11,victoriei_iulius,walking,0,synthetic_gps
2026-05-19 14:32:38,45.7601969,21.2272814,6.3,victoriei_iulius,walking,0,synthetic_gps
2026-05-19 14:32:39,45.7602222,21.2272614,5.03,victoriei_iulius,walking,0,synthetic_gps
2026-05-19 14:32:40,45.7602439,21.2273124,4.89,victoriei_iulius,walking,0,synthetic_gps
2026-05-19 14:32:41,45.7602429,21.2272606,3.98,victoriei_iulius,walking,0,synthetic_gps
2026-05-19 14:32:42,45.760299,21.2273269,3.38,victoriei_iulius,walking,0,synthetic_gps
2026-05-19 14:32:43,45.7602433,21.2273108,3.23,victoriei_iulius,walking,0,synthetic_gps
2026-05-19 14:32:44,45.7602547,21.2272916,4.1,victoriei_iulius,walking,0,synthetic_gps
2026-05-19 14:32:45,45.7602896,21.2272937,3.6,victoriei_iulius,walking,0,synthetic_gps
2026-05-19 14:32:46,45.7602769,21.2273441,4.24,victoriei_iulius,walking,0,synthetic_gps
2026-05-19 14:32:47,45.7602694,21.2273317,4.36,victoriei_iulius,walking,0,synthetic_gps
2026-05-19 14:32:48,45.7603256,21.2272851,5.6,victoriei_iulius,walking,0,synthetic_gps
2026-05-19 14:32:49,45.7603227,21.2273369,5.13,victoriei_iulius,walking,0,synthetic_gps
2026-05-19 14:32:50,45.7603286,21.2273811,5.57,victoriei_iulius,walking,0,synthetic_gps
2026-05-19 14:32:51,45.7603238,21.2273221,3.65,victoriei_iulius,walking,0,synthetic_gps
2026-05-19 14:32:52,45.760352,21.2273299,5.62,victoriei_iulius,walking,0,synthetic_gps
2026-05-19 14:32:53,45.7603462,21.2273379,5.48,victoriei_iulius,walking,0,synthetic_gps
2026-05-19 14:32:54,45.7603585,21.2273385,4.92,victoriei_iulius,walking,0,synthetic_gps
2026-05-19 14:32:55,45.7603363,21.2272841,4.52,victoriei_iulius,walking,0,synthetic_gps
2026-05-19 14:32:56,45.7603053,21.2273419,5.51,victoriei_iulius,walking,0,synthetic_gps
2026-05-19 14:32:57,45.7603603,21.2273441,5.66,victoriei_iulius,walking,0,synthetic_gps
2026-05-19 14:32:58,45.7603781,21.2273639,4.37,victoriei_iulius,walking,0,synthetic_gps
2026-05-19 14:32:59,45.7603839,21.2273497,5.31,victoriei_iulius,walking,0,synthetic_gps
2026-05-19 14:33:00,45.7604157,21.2273488,5.5,victoriei_iulius,walking,0,synthetic_gps
2026-05-19 14:33:01,45.7604008,21.2273878,6.12,victoriei_iulius,walking,0,synthetic_gps
2026-05-19 14:33:02,45.7604673,21.2274148,5.41,victoriei_iulius,walking,0,synthetic_gps
2026-05-19 14:33:03,45.7604284,21.2273641,4.68,victoriei_iulius,walking,0,synthetic_gps
2026-05-19 14:33:04,45.7604788,21.2273394,4.06,victoriei_iulius,walking,0,synthetic_gps
2026-05-19 14:33:05,45.7604385,21.2273764,5.43,victoriei_iulius,walking,0,synthetic_gps
2026-05-19 14:33:06,45.7604233,21.2273441,4.71,victoriei_iulius,walking,0,synthetic_gps
2026-05-19 14:33:07,45.7604484,21.227364,5.9,victoriei_iulius,walking,0,synthetic_gps
2026-05-19 14:33:08,45.7604681,21.2274003,4.73,victoriei_iulius,walking,0,synthetic_gps
2026-05-19 14:33:09,45.7605174,21.2274228,5.04,victoriei_iulius,walking,0,synthetic_gps
2026-05-19 14:33:10,45.7605127,21.2273272,4.27,victoriei_iulius,walking,0,synthetic_gps
2026-05-19 14:33:11,45.7604831,21.2273684,4.75,victoriei_iulius,walking,0,synthetic_gps
2026-05-19 14:33:12,45.7605205,21.2273942,2.13,victoriei_iulius,walking,0,synthetic_gps
2026-05-19 14:33:13,45.7604994,21.227386,0.07,victoriei_iulius,walking,0,synthetic_gps
2026-05-19 14:33:14,45.7605167,21.2274129,5.93,victoriei_iulius,walking,0,synthetic_gps
2026-05-19 14:33:15,45.7605175,21.2273924,5.04,victoriei_iulius,walking,0,synthetic_gps
2026-05-19 14:33:16,45.7605225,21.2273871,3.18,victoriei_iulius,walking,0,synthetic_gps
2026-05-19 14:33:17,45.7605477,21.2274004,5.11,victoriei_iulius,walking,0,synthetic_gps
2026-05-19 14:33:18,45.7605915,21.2274335,4.7,victoriei_iulius,walking,0,synthetic_gps
2026-05-19 14:33:19,45.7606051,21.2273972,4.35,victoriei_iulius,walking,0,synthetic_gps
2026-05-19 14:33:20,45.7605688,21.2274,5.35,victoriei_iulius,walking,0,synthetic_gps
2026-05-19 14:33:21,45.7605628,21.2274106,6.03,victoriei_iulius,walking,0,synthetic_gps
2026-05-19 14:33:22,45.7605752,21.227397,3.85,victoriei_iulius,walking,0,synthetic_gps
2026-05-19 14:33:23,45.7605883,21.2273737,3.57,victoriei_iulius,walking,0,synthetic_gps
2026-05-19 14:33:24,45.7606191,21.2274397,3.91,victoriei_iulius,walking,0,synthetic_gps
2026-05-19 14:33:25,45.7606275,21.2274256,5.34,victoriei_iulius,walking,0,synthetic_gps
2026-05-19 14:33:26,45.7606918,21.2274283,3.54,victoriei_iulius,walking,0,synthetic_gps
2026-05-19 14:33:27,45.7606417,21.2274055,4.61,victoriei_iulius,walking,0,synthetic_gps
2026-05-19 14:33:28,45.7606436,21.2274056,3.33,victoriei_iulius,walking,0,synthetic_gps
2026-05-19 14:33:29,45.760647,21.2274761,4.72,victoriei_iulius,walking,0,synthetic_gps
2026-05-19 14:33:30,45.7606746,21.2274265,3.44,victoriei_iulius,walking,0,synthetic_gps
2026-05-19 14:33:31,45.7606672,21.2273767,5.35,victoriei_iulius,walking,0,synthetic_gps
2026-05-19 14:33:32,45.7606598,21.2274134,3.53,victoriei_iulius,walking,0,synthetic_gps
2026-05-19 14:33:33,45.7607121,21.2274148,3.77,victoriei_iulius,walking,0,synthetic_gps
2026-05-19 14:33:34,45.7607138,21.2274219,5.26,victoriei_iulius,walking,0,synthetic_gps
2026-05-19 14:33:35,45.7607289,21.2274855,5.55,victoriei_iulius,walking,0,synthetic_gps
2026-05-19 14:33:36,45.7607177,21.2274227,5.19,victoriei_iulius,walking,0,synthetic_gps
2026-05-19 14:33:37,45.7607258,21.2274694,5.45,victoriei_iulius,walking,0,synthetic_gps
2026-05-19 14:33:38,45.760752,21.2274566,4.98,victoriei_iulius,walking,0,synthetic_gps
2026-05-19 14:33:39,45.7607406,21.2274424,4.42,victoriei_iulius,walking,0,synthetic_gps
2026-05-19 14:33:40,45.7607484,21.2274216,2.71,victoriei_iulius,walking,0,synthetic_gps
2026-05-19 14:33:41,45.7607611,21.227454,4.37,victoriei_iulius,walking,0,synthetic_gps
2026-05-19 14:33:42,45.7607711,21.2273831,4.22,victoriei_iulius,walking,0,synthetic_gps
2026-05-19 14:33:43,45.7608016,21.2274959,4.7,victoriei_iulius,walking,0,synthetic_gps
2026-05-19 14:33:44,45.7608084,21.2274871,4.49,victoriei_iulius,walking,0,synthetic_gps
2026-05-19 14:33:45,45.7608249,21.227433,4.27,victoriei_iulius,walking,0,synthetic_gps
2026-05-19 14:33:46,45.7607912,21.2274828,5.06,victoriei_iulius,walking,0,synthetic_gps
2026-05-19 14:33:47,45.760822,21.2274994,3.26,victoriei_iulius,walking,0,synthetic_gps
2026-05-19 14:33:48,45.7608419,21.2275209,4.47,victoriei_iulius,walking,0,synthetic_gps
2026-05-19 14:33:49,45.7608514,21.2274925,5.57,victoriei_iulius,walking,0,synthetic_gps
2026-05-19 14:33:50,45.7608105,21.2275094,5.1,victoriei_iulius,walking,0,synthetic_gps
2026-05-19 14:33:51,45.760838,21.2274806,5.12,victoriei_iulius,walking,0,synthetic_gps
2026-05-19 14:33:52,45.7608811,21.2274427,4.28,victoriei_iulius,walking,0,synthetic_gps
2026-05-19 14:33:53,45.760917,21.2274586,6.34,victoriei_iulius,walking,0,synthetic_gps
2026-05-19 14:33:54,45.7608761,21.2274703,3.96,victoriei_iulius,walking,0,synthetic_gps
2026-05-19 14:33:55,45.7608862,21.2274969,6.03,victoriei_iulius,walking,0,synthetic_gps
2026-05-19 14:33:56,45.760868,21.2275453,4.96,victoriei_iulius,walking,0,synthetic_gps
2026-05-19 14:33:57,45.7609339,21.2275182,3.82,victoriei_iulius,walking,0,synthetic_gps
2026-05-19 14:33:58,45.7609002,21.2275418,4.09,victoriei_iulius,walking,0,synthetic_gps
2026-05-19 14:33:59,45.7609557,21.227489,5.98,victoriei_iulius,walking,0,synthetic_gps
2026-05-19 14:34:00,45.7608932,21.2275182,4.69,victoriei_iulius,walking,0,synthetic_gps
2026-05-19 14:34:01,45.7609382,21.2274906,3.71,victoriei_iulius,walking,0,synthetic_gps
2026-05-19 14:34:02,45.7609931,21.2274382,3.93,victoriei_iulius,walking,0,synthetic_gps
2026-05-19 14:34:03,45.7609372,21.2274897,4.11,victoriei_iulius,walking,0,synthetic_gps
2026-05-19 14:34:04,45.7609422,21.2274582,4.51,victoriei_iulius,walking,0,synthetic_gps
2026-05-19 14:34:05,45.7609847,21.2275106,5.33,victoriei_iulius,walking,0,synthetic_gps
2026-05-19 14:34:06,45.7609728,21.2275347,5.69,victoriei_iulius,walking,0,synthetic_gps
2026-05-19 14:34:07,45.7609553,21.2275265,5.35,victoriei_iulius,walking,0,synthetic_gps
2026-05-19 14:34:08,45.761025,21.2274767,3.4,victoriei_iulius,walking,0,synthetic_gps
2026-05-19 14:34:09,45.7610516,21.2275317,4.41,victoriei_iulius,walking,0,synthetic_gps
2026-05-19 14:34:10,45.7610321,21.2275144,5.47,victoriei_iulius,walking,0,synthetic_gps
2026-05-19 14:34:11,45.7610205,21.2275477,3.99,victoriei_iulius,walking,0,synthetic_gps
2026-05-19 14:34:12,45.761057,21.2274576,5.75,victoriei_iulius,walking,0,synthetic_gps
2026-05-19 14:34:13,45.7610373,21.2275792,4.2,victoriei_iulius,walking,0,synthetic_gps
2026-05-19 14:34:14,45.7610546,21.227502,5.49,victoriei_iulius,walking,0,synthetic_gps
2026-05-19 14:34:15,45.7610961,21.2275708,5.2,victoriei_iulius,walking,0,synthetic_gps
2026-05-19 14:34:16,45.7610734,21.2274964,5.37,victoriei_iulius,walking,0,synthetic_gps
2026-05-19 14:34:17,45.7610775,21.2275754,5.68,victoriei_iulius,walking,0,synthetic_gps
2026-05-19 14:34:18,45.7610528,21.2275313,4.38,victoriei_iulius,walking,0,synthetic_gps
2026-05-19 14:34:19,45.7610587,21.227583,4.89,victoriei_iulius,walking,0,synthetic_gps
2026-05-19 14:34:20,45.7611464,21.2275386,3.76,victoriei_iulius,walking,0,synthetic_gps
2026-05-19 14:34:21,45.761089,21.2275665,3.53,victoriei_iulius,walking,0,synthetic_gps
2026-05-19 14:34:22,45.7611649,21.2275985,5.43,victoriei_iulius,walking,0,synthetic_gps
2026-05-19 14:34:23,45.7611379,21.2276144,6.6,victoriei_iulius,walking,0,synthetic_gps
2026-05-19 14:34:24,45.7611548,21.2275849,6.22,victoriei_iulius,walking,0,synthetic_gps
2026-05-19 14:34:25,45.7611385,21.2275419,4.9,victoriei_iulius,walking,0,synthetic_gps
2026-05-19 14:34:26,45.7611694,21.227553,4.56,victoriei_iulius,walking,0,synthetic_gps
2026-05-19 14:34:27,45.7611671,21.2276024,5.73,victoriei_iulius,walking,0,synthetic_gps
2026-05-19 14:34:28,45.7611608,21.2275411,3.87,victoriei_iulius,walking,0,synthetic_gps
2026-05-19 14:34:29,45.7611454,21.227573,3.15,victoriei_iulius,walking,0,synthetic_gps
2026-05-19 14:34:30,45.7611783,21.2276163,5.69,victoriei_iulius,walking,0,synthetic_gps
2026-05-19 14:34:31,45.7612011,21.2275646,4.92,victoriei_iulius,walking,0,synthetic_gps
2026-05-19 14:34:32,45.7612014,21.2275887,4.18,victoriei_iulius,walking,0,synthetic_gps
2026-05-19 14:34:33,45.7612117,21.2275758,5.44,victoriei_iulius,walking,0,synthetic_gps
2026-05-19 14:34:34,45.761231,21.2275915,6.21,victoriei_iulius,walking,0,synthetic_gps
2026-05-19 14:34:35,45.7612154,21.2275833,4.39,victoriei_iulius,walking,0,synthetic_gps
2026-05-19 14:34:36,45.7612728,21.227597,4.03,victoriei_iulius,walking,0,synthetic_gps
2026-05-19 14:34:37,45.7612844,21.2275691,5.92,victoriei_iulius,walking,0,synthetic_gps
2026-05-19 14:34:38,45.7612818,21.2275735,3.92,victoriei_iulius,walking,0,synthetic_gps
2026-05-19 14:34:39,45.7612555,21.2275959,4.72,victoriei_iulius,walking,0,synthetic_gps
2026-05-19 14:34:40,45.7612623,21.2276043,5.8,victoriei_iulius,walking,0,synthetic_gps
2026-05-19 14:34:41,45.7612674,21.2275911,5.1,victoriei_iulius,walking,0,synthetic_gps
2026-05-19 14:34:42,45.7612953,21.2276218,5.57,victoriei_iulius,walking,0,synthetic_gps
2026-05-19 14:34:43,45.7612431,21.2276208,5.83,victoriei_iulius,walking,0,synthetic_gps
2026-05-19 14:34:44,45.7612668,21.2276047,4.51,victoriei_iulius,walking,0,synthetic_gps
2026-05-19 14:34:45,45.7613337,21.2276686,4.98,victoriei_iulius,walking,0,synthetic_gps
2026-05-19 14:34:46,45.7613368,21.2276516,4.61,victoriei_iulius,walking,0,synthetic_gps
2026-05-19 14:34:47,45.7613597,21.2276367,4.08,victoriei_iulius,walking,0,synthetic_gps
2026-05-19 14:34:48,45.761361,21.2276028,4.56,victoriei_iulius,walking,0,synthetic_gps
2026-05-19 14:34:49,45.7613471,21.227636,2.75,victoriei_iulius,walking,0,synthetic_gps
2026-05-19 14:34:50,45.7613314,21.2276126,4.83,victoriei_iulius,walking,0,synthetic_gps
2026-05-19 14:34:51,45.7614234,21.2276259,4.35,victoriei_iulius,walking,0,synthetic_gps
2026-05-19 14:34:52,45.761412,21.2275889,4.51,victoriei_iulius,walking,0,synthetic_gps
2026-05-19 14:34:53,45.76138,21.2276023,6.28,victoriei_iulius,walking,0,synthetic_gps
2026-05-19 14:34:54,45.7613907,21.2276314,4.39,victoriei_iulius,walking,0,synthetic_gps
2026-05-19 14:34:55,45.7614357,21.2276375,3.37,victoriei_iulius,walking,0,synthetic_gps
2026-05-19 14:34:56,45.7614318,21.2276488,6.31,victoriei_iulius,walking,0,synthetic_gps
2026-05-19 14:34:57,45.7614605,21.2276657,2.93,victoriei_iulius,walking,0,synthetic_gps
2026-05-19 14:34:58,45.7614665,21.2276187,5.07,victoriei_iulius,walking,0,synthetic_gps
2026-05-19 14:34:59,45.7614275,21.2276142,4.48,victoriei_iulius,walking,0,synthetic_gps
2026-05-19 14:35:00,45.76144,21.2276404,3.72,victoriei_iulius,walking,0,synthetic_gps
2026-05-19 14:35:01,45.7614611,21.2276373,4.81,victoriei_iulius,walking,0,synthetic_gps
2026-05-19 14:35:02,45.7614876,21.2276358,4.38,victoriei_iulius,walking,0,synthetic_gps
2026-05-19 14:35:03,45.7614928,21.2276936,3.64,victoriei_iulius,walking,0,synthetic_gps
2026-05-19 14:35:04,45.7615305,21.2276385,3.93,victoriei_iulius,walking,0,synthetic_gps
2026-05-19 14:35:05,45.7615199,21.2276363,5.74,victoriei_iulius,walking,0,synthetic_gps
2026-05-19 14:35:06,45.76148,21.2276684,5.55,victoriei_iulius,walking,0,synthetic_gps
2026-05-19 14:35:07,45.7615413,21.2276538,3.93,victoriei_iulius,walking,0,synthetic_gps
2026-05-19 14:35:08,45.7615744,21.2276799,5.77,victoriei_iulius,walking,0,synthetic_gps
2026-05-19 14:35:09,45.7615783,21.2276671,4.27,victoriei_iulius,walking,0,synthetic_gps
2026-05-19 14:35:10,45.7615491,21.2276354,3.86,victoriei_iulius,walking,0,synthetic_gps
2026-05-19 14:35:11,45.7615599,21.227684,5.49,victoriei_iulius,walking,0,synthetic_gps
2026-05-19 14:35:12,45.7615811,21.2276719,5.76,victoriei_iulius,walking,0,synthetic_gps
2026-05-19 14:35:13,45.7616188,21.2276587,4.48,victoriei_iulius,walking,0,synthetic_gps
2026-05-19 14:35:14,45.7616008,21.2276726,5.24,victoriei_iulius,walking,0,synthetic_gps
2026-05-19 14:35:15,45.7615426,21.2276865,3.81,victoriei_iulius,walking,0,synthetic_gps
2026-05-19 14:35:16,45.7616407,21.2276675,5.68,victoriei_iulius,walking,0,synthetic_gps
2026-05-19 14:35:17,45.7616311,21.2277059,7.0,victoriei_iulius,walking,0,synthetic_gps
2026-05-19 14:35:18,45.7616189,21.2276285,5.04,victoriei_iulius,walking,0,synthetic_gps
2026-05-19 14:35:19,45.7616427,21.2276703,5.07,victoriei_iulius,walking,0,synthetic_gps
2026-05-19 14:35:20,45.7616621,21.2276691,4.09,victoriei_iulius,walking,0,synthetic_gps
2026-05-19 14:35:21,45.7616921,21.2276829,5.15,victoriei_iulius,walking,0,synthetic_gps
2026-05-19 14:35:22,45.7616472,21.227704,3.4,victoriei_iulius,walking,0,synthetic_gps
2026-05-19 14:35:23,45.7616338,21.2277131,4.15,victoriei_iulius,walking,0,synthetic_gps
2026-05-19 14:35:24,45.7617063,21.2277601,4.54,victoriei_iulius,walking,0,synthetic_gps
2026-05-19 14:35:25,45.7616814,21.2276865,6.23,victoriei_iulius,walking,0,synthetic_gps
2026-05-19 14:35:26,45.7616865,21.2277181,5.77,victoriei_iulius,walking,0,synthetic_gps
2026-05-19 14:35:27,45.7617074,21.2276968,1.29,victoriei_iulius,walking,0,synthetic_gps
2026-05-19 14:35:28,45.7617132,21.2276786,6.04,victoriei_iulius,walking,0,synthetic_gps
2026-05-19 14:35:29,45.7617306,21.2277578,2.86,victoriei_iulius,walking,0,synthetic_gps
2026-05-19 14:35:30,45.7617179,21.2277136,5.19,victoriei_iulius,walking,0,synthetic_gps
2026-05-19 14:35:31,45.7617293,21.2277382,4.79,victoriei_iulius,walking,0,synthetic_gps
2026-05-19 14:35:32,45.7617306,21.2277451,4.25,victoriei_iulius,walking,0,synthetic_gps
2026-05-19 14:35:33,45.7617901,21.2277708,6.02,victoriei_iulius,walking,0,synthetic_gps
2026-05-19 14:35:34,45.7617555,21.22774,6.41,victoriei_iulius,walking,0,synthetic_gps
2026-05-19 14:35:35,45.7617647,21.2277187,4.5,victoriei_iulius,walking,0,synthetic_gps
2026-05-19 14:35:36,45.7618285,21.2277454,5.58,victoriei_iulius,walking,0,synthetic_gps
2026-05-19 14:35:37,45.7617881,21.2277317,4.11,victoriei_iulius,walking,0,synthetic_gps
2026-05-19 14:35:38,45.7617817,21.2277537,5.22,victoriei_iulius,walking,0,synthetic_gps
2026-05-19 14:35:39,45.7618284,21.2277618,3.82,victoriei_iulius,walking,0,synthetic_gps
2026-05-19 14:35:40,45.7618342,21.2277207,5.57,victoriei_iulius,walking,0,synthetic_gps
2026-05-19 14:35:41,45.7618896,21.2276967,5.86,victoriei_iulius,walking,0,synthetic_gps
2026-05-19 14:35:42,45.7618321,21.2277498,4.19,victoriei_iulius,walking,0,synthetic_gps
2026-05-19 14:35:43,45.7618552,21.2277921,3.02,victoriei_iulius,walking,0,synthetic_gps
2026-05-19 14:35:44,45.7618435,21.2277279,5.03,victoriei_iulius,walking,0,synthetic_gps
2026-05-19 14:35:45,45.7618419,21.2277215,4.71,victoriei_iulius,walking,0,synthetic_gps
2026-05-19 14:35:46,45.7618437,21.2277688,3.7,victoriei_iulius,walking,0,synthetic_gps
2026-05-19 14:35:47,45.7618344,21.2277791,5.35,victoriei_iulius,walking,0,synthetic_gps
2026-05-19 14:35:48,45.7619046,21.2277766,4.75,victoriei_iulius,walking,0,synthetic_gps
2026-05-19 14:35:49,45.7618857,21.2277419,5.05,victoriei_iulius,walking,0,synthetic_gps
2026-05-19 14:35:50,45.7618827,21.2277533,4.96,victoriei_iulius,walking,0,synthetic_gps
2026-05-19 14:35:51,45.7618665,21.2277952,5.21,victoriei_iulius,walking,0,synthetic_gps
2026-05-19 14:35:52,45.7618839,21.2277555,4.86,victoriei_iulius,walking,0,synthetic_gps
2026-05-19 14:35:53,45.7619342,21.2277798,5.28,victoriei_iulius,walking,0,synthetic_gps
2026-05-19 14:35:54,45.7619221,21.2277584,5.39,victoriei_iulius,walking,0,synthetic_gps
2026-05-19 14:35:55,45.7619563,21.22778,5.91,victoriei_iulius,walking,0,synthetic_gps
2026-05-19 14:35:56,45.7619389,21.2277696,4.46,victoriei_iulius,walking,0,synthetic_gps
2026-05-19 14:35:57,45.7619983,21.2278033,4.69,victoriei_iulius,walking,0,synthetic_gps
2026-05-19 14:35:58,45.7620024,21.227815,2.96,victoriei_iulius,walking,0,synthetic_gps
2026-05-19 14:35:59,45.7619873,21.227794,4.27,victoriei_iulius,walking,0,synthetic_gps
2026-05-19 14:36:00,45.7620044,21.2277716,3.92,victoriei_iulius,walking,0,synthetic_gps
2026-05-19 14:36:01,45.7620292,21.2278034,5.51,victoriei_iulius,walking,0,synthetic_gps
2026-05-19 14:36:02,45.7620537,21.2278491,4.55,victoriei_iulius,walking,0,synthetic_gps
2026-05-19 14:36:03,45.7619918,21.2278146,5.5,victoriei_iulius,walking,0,synthetic_gps
2026-05-19 14:36:04,45.7620224,21.2278126,5.85,victoriei_iulius,walking,0,synthetic_gps
2026-05-19 14:36:05,45.7620518,21.2278072,4.29,victoriei_iulius,walking,0,synthetic_gps
2026-05-19 14:36:06,45.7620474,21.2278064,5.46,victoriei_iulius,walking,0,synthetic_gps
2026-05-19 14:36:07,45.7620498,21.2278345,6.55,victoriei_iulius,walking,0,synthetic_gps
2026-05-19 14:36:08,45.7620924,21.227781,4.76,victoriei_iulius,walking,0,synthetic_gps
2026-05-19 14:36:09,45.7620903,21.2278107,4.2,victoriei_iulius,walking,0,synthetic_gps
2026-05-19 14:36:10,45.762106,21.2278134,6.46,victoriei_iulius,walking,0,synthetic_gps
2026-05-19 14:36:11,45.7621088,21.2278451,3.73,victoriei_iulius,walking,0,synthetic_gps
2026-05-19 14:36:12,45.762139,21.2278348,4.69,victoriei_iulius,walking,0,synthetic_gps
2026-05-19 14:36:13,45.7621216,21.2278714,4.23,victoriei_iulius,walking,0,synthetic_gps
2026-05-19 14:36:14,45.7621656,21.2278434,4.61,victoriei_iulius,walking,0,synthetic_gps
2026-05-19 14:36:15,45.7621652,21.2278496,5.25,victoriei_iulius,walking,0,synthetic_gps
2026-05-19 14:36:16,45.7621722,21.227849,5.6,victoriei_iulius,walking,0,synthetic_gps
2026-05-19 14:36:17,45.7621712,21.2278466,5.28,victoriei_iulius,walking,0,synthetic_gps
2026-05-19 14:36:18,45.7622174,21.2278504,3.69,victoriei_iulius,walking,0,synthetic_gps
2026-05-19 14:36:19,45.7621981,21.2278526,5.74,victoriei_iulius,walking,0,synthetic_gps
2026-05-19 14:36:20,45.7621949,21.2278589,6.04,victoriei_iulius,walking,0,synthetic_gps
2026-05-19 14:36:21,45.7622526,21.2278546,5.38,victoriei_iulius,walking,0,synthetic_gps
2026-05-19 14:36:22,45.7622409,21.227835,4.25,victoriei_iulius,walking,0,synthetic_gps
2026-05-19 14:36:23,45.7622324,21.2278844,3.19,victoriei_iulius,walking,0,synthetic_gps
2026-05-19 14:36:24,45.7622978,21.2278792,3.91,victoriei_iulius,walking,0,synthetic_gps
2026-05-19 14:36:25,45.7622382,21.2278596,4.57,victoriei_iulius,walking,0,synthetic_gps
2026-05-19 14:36:26,45.7623176,21.2279143,4.62,victoriei_iulius,walking,0,synthetic_gps
2026-05-19 14:36:27,45.7623027,21.2278945,4.17,victoriei_iulius,walking,0,synthetic_gps
2026-05-19 14:36:28,45.7622984,21.2278709,4.44,victoriei_iulius,walking,0,synthetic_gps
2026-05-19 14:36:29,45.7623153,21.2278918,4.83,victoriei_iulius,walking,0,synthetic_gps
2026-05-19 14:36:30,45.7623191,21.2278714,4.44,victoriei_iulius,walking,0,synthetic_gps
2026-05-19 14:36:31,45.7623325,21.2279537,5.91,victoriei_iulius,walking,0,synthetic_gps
2026-05-19 14:36:32,45.7623483,21.2279372,3.85,victoriei_iulius,walking,0,synthetic_gps
2026-05-19 14:36:33,45.762345,21.2278784,3.41,victoriei_iulius,walking,0,synthetic_gps
2026-05-19 14:36:34,45.7623926,21.2278707,5.9,victoriei_iulius,walking,0,synthetic_gps
2026-05-19 14:36:35,45.7623775,21.227904,3.73,victoriei_iulius,walking,0,synthetic_gps
2026-05-19 14:36:36,45.7624315,21.2279419,4.06,victoriei_iulius,walking,0,synthetic_gps
2026-05-19 14:36:37,45.7624346,21.2279187,4.41,victoriei_iulius,walking,0,synthetic_gps
2026-05-19 14:36:38,45.7624515,21.2279198,5.04,victoriei_iulius,walking,0,synthetic_gps
2026-05-19 14:36:39,45.762446,21.2279169,5.62,victoriei_iulius,walking,0,synthetic_gps
2026-05-19 14:36:40,45.7624409,21.2279171,4.87,victoriei_iulius,walking,0,synthetic_gps
2026-05-19 14:36:41,45.7624153,21.2279658,4.15,victoriei_iulius,walking,0,synthetic_gps
2026-05-19 14:36:42,45.762496,21.2279267,5.25,victoriei_iulius,walking,0,synthetic_gps
2026-05-19 14:36:43,45.7624548,21.2278716,0.58,victoriei_iulius,walking,0,synthetic_gps
2026-05-19 14:36:44,45.7625154,21.2278878,3.84,victoriei_iulius,walking,0,synthetic_gps
2026-05-19 14:36:45,45.762525,21.2279436,6.1,victoriei_iulius,walking,0,synthetic_gps
2026-05-19 14:36:46,45.7624844,21.2279135,4.57,victoriei_iulius,walking,0,synthetic_gps
2026-05-19 14:36:47,45.7625504,21.2279643,5.72,victoriei_iulius,walking,0,synthetic_gps
2026-05-19 14:36:48,45.7625388,21.2279522,3.59,victoriei_iulius,walking,0,synthetic_gps
2026-05-19 14:36:49,45.7625349,21.2279428,5.79,victoriei_iulius,walking,0,synthetic_gps
2026-05-19 14:36:50,45.7625468,21.2279414,4.59,victoriei_iulius,walking,0,synthetic_gps
2026-05-19 14:36:51,45.7625372,21.2279583,4.89,victoriei_iulius,walking,0,synthetic_gps
2026-05-19 14:36:52,45.7625769,21.2278932,5.81,victoriei_iulius,walking,0,synthetic_gps
2026-05-19 14:36:53,45.7625795,21.2279688,5.29,victoriei_iulius,walking,0,synthetic_gps
2026-05-19 14:36:54,45.76265,21.2279573,3.41,victoriei_iulius,walking,0,synthetic_gps
2026-05-19 14:36:55,45.7626043,21.2279354,4.75,victoriei_iulius,walking,0,synthetic_gps
2026-05-19 14:36:56,45.7625964,21.2279379,5.25,victoriei_iulius,walking,0,synthetic_gps
2026-05-19 14:36:57,45.7626191,21.2278987,3.48,victoriei_iulius,walking,0,synthetic_gps
2026-05-19 14:36:58,45.7626297,21.2279822,3.36,victoriei_iulius,walking,0,synthetic_gps
2026-05-19 14:36:59,45.7626712,21.2279808,5.63,victoriei_iulius,walking,0,synthetic_gps
2026-05-19 14:37:00,45.7626376,21.2280176,5.81,victoriei_iulius,walking,0,synthetic_gps
2026-05-19 14:37:01,45.7626838,21.2279546,2.78,victoriei_iulius,walking,0,synthetic_gps
2026-05-19 14:37:02,45.7626578,21.2279942,3.81,victoriei_iulius,walking,0,synthetic_gps
2026-05-19 14:37:03,45.7627049,21.227976,5.43,victoriei_iulius,walking,0,synthetic_gps
2026-05-19 14:37:04,45.7626994,21.2279356,5.43,victoriei_iulius,walking,0,synthetic_gps
2026-05-19 14:37:05,45.7627146,21.2279885,3.27,victoriei_iulius,walking,0,synthetic_gps
2026-05-19 14:37:06,45.7627207,21.2279775,5.66,victoriei_iulius,walking,0,synthetic_gps
2026-05-19 14:37:07,45.7627108,21.2279985,4.89,victoriei_iulius,walking,0,synthetic_gps
2026-05-19 14:37:08,45.7627165,21.2279827,4.71,victoriei_iulius,walking,0,synthetic_gps
2026-05-19 14:37:09,45.7627754,21.2279996,5.23,victoriei_iulius,walking,0,synthetic_gps
2026-05-19 14:37:10,45.7627424,21.2280117,4.68,victoriei_iulius,walking,0,synthetic_gps
2026-05-19 14:37:11,45.7627721,21.2279769,4.41,victoriei_iulius,walking,0,synthetic_gps
2026-05-19 14:37:12,45.7627872,21.2280344,6.41,victoriei_iulius,walking,0,synthetic_gps
2026-05-19 14:37:13,45.7628238,21.2280065,4.72,victoriei_iulius,walking,0,synthetic_gps
2026-05-19 14:37:14,45.7628142,21.2280089,2.55,victoriei_iulius,walking,0,synthetic_gps
2026-05-19 14:37:15,45.7627931,21.2279827,5.04,victoriei_iulius,walking,0,synthetic_gps
2026-05-19 14:37:16,45.7628516,21.2280345,4.37,victoriei_iulius,walking,0,synthetic_gps
2026-05-19 14:37:17,45.7628413,21.2279657,4.42,victoriei_iulius,walking,0,synthetic_gps
2026-05-19 14:37:18,45.762855,21.2280328,5.19,victoriei_iulius,walking,0,synthetic_gps
2026-05-19 14:37:19,45.7628841,21.2280594,3.95,victoriei_iulius,walking,0,synthetic_gps
2026-05-19 14:37:20,45.7628733,21.2279908,4.58,victoriei_iulius,walking,0,synthetic_gps
2026-05-19 14:37:21,45.7628935,21.2280541,5.48,victoriei_iulius,walking,0,synthetic_gps
2026-05-19 14:37:22,45.7629407,21.2280321,3.1,victoriei_iulius,walking,0,synthetic_gps
2026-05-19 14:37:23,45.7628819,21.2280946,4.73,victoriei_iulius,walking,0,synthetic_gps
2026-05-19 14:37:24,45.7628596,21.2280581,4.88,victoriei_iulius,walking,0,synthetic_gps
2026-05-19 14:37:25,45.7629615,21.228075,5.61,victoriei_iulius,walking,0,synthetic_gps
2026-05-19 14:37:26,45.763002,21.2280172,4.62,victoriei_iulius,walking,0,synthetic_gps
2026-05-19 14:37:27,45.762958,21.228076,4.29,victoriei_iulius,walking,0,synthetic_gps
2026-05-19 14:37:28,45.762999,21.2280608,3.68,victoriei_iulius,walking,0,synthetic_gps
2026-05-19 14:37:29,45.7629349,21.2280259,2.74,victoriei_iulius,walking,0,synthetic_gps
2026-05-19 14:37:30,45.7629906,21.2280568,5.56,victoriei_iulius,walking,0,synthetic_gps
2026-05-19 14:37:31,45.7630728,21.2280661,5.24,victoriei_iulius,walking,0,synthetic_gps
2026-05-19 14:37:32,45.763029,21.2280862,4.01,victoriei_iulius,walking,0,synthetic_gps
2026-05-19 14:37:33,45.7630275,21.2280536,4.72,victoriei_iulius,walking,0,synthetic_gps
2026-05-19 14:37:34,45.7630603,21.2280804,5.93,victoriei_iulius,walking,0,synthetic_gps
2026-05-19 14:37:35,45.7630324,21.2280532,1.65,victoriei_iulius,walking,0,synthetic_gps
2026-05-19 14:37:36,45.763066,21.2280689,4.13,victoriei_iulius,walking,0,synthetic_gps
2026-05-19 14:37:37,45.7630596,21.2280944,4.6,victoriei_iulius,walking,0,synthetic_gps
2026-05-19 14:37:38,45.7631088,21.2280657,4.15,victoriei_iulius,walking,0,synthetic_gps
2026-05-19 14:37:39,45.7631186,21.2280748,5.46,victoriei_iulius,walking,0,synthetic_gps
2026-05-19 14:37:40,45.7631047,21.2280678,3.55,victoriei_iulius,walking,0,synthetic_gps
2026-05-19 14:37:41,45.7631388,21.2280547,2.97,victoriei_iulius,walking,0,synthetic_gps
2026-05-19 14:37:42,45.7630749,21.2280954,4.93,victoriei_iulius,walking,0,synthetic_gps
2026-05-19 14:37:43,45.7631261,21.2280618,6.02,victoriei_iulius,walking,0,synthetic_gps
2026-05-19 14:37:44,45.7631925,21.2280708,4.85,victoriei_iulius,walking,0,synthetic_gps
2026-05-19 14:37:45,45.7631011,21.2280932,4.12,victoriei_iulius,walking,0,synthetic_gps
2026-05-19 14:37:46,45.7632085,21.2280604,4.86,victoriei_iulius,walking,0,synthetic_gps
2026-05-19 14:37:47,45.7631795,21.2280755,5.13,victoriei_iulius,walking,0,synthetic_gps
2026-05-19 14:37:48,45.7632056,21.2281017,4.6,victoriei_iulius,walking,0,synthetic_gps
2026-05-19 14:37:49,45.7632231,21.2281302,6.13,victoriei_iulius,walking,0,synthetic_gps
2026-05-19 14:37:50,45.7632278,21.2280808,4.52,victoriei_iulius,walking,0,synthetic_gps
2026-05-19 14:37:51,45.763207,21.2281491,4.64,victoriei_iulius,walking,0,synthetic_gps
2026-05-19 14:37:52,45.7632214,21.2281111,5.31,victoriei_iulius,walking,0,synthetic_gps
2026-05-19 14:37:53,45.7632512,21.2281422,4.14,victoriei_iulius,walking,0,synthetic_gps
2026-05-19 14:37:54,45.7632615,21.2281358,2.43,victoriei_iulius,walking,0,synthetic_gps
2026-05-19 14:37:55,45.763311,21.2281349,5.2,victoriei_iulius,walking,0,synthetic_gps
2026-05-19 14:37:56,45.7632809,21.2281571,3.95,victoriei_iulius,walking,0,synthetic_gps
2026-05-19 14:37:57,45.7633369,21.2281005,5.28,victoriei_iulius,walking,0,synthetic_gps
2026-05-19 14:37:58,45.7633344,21.2281356,5.89,victoriei_iulius,walking,0,synthetic_gps
2026-05-19 14:37:59,45.7633174,21.2281313,2.67,victoriei_iulius,walking,0,synthetic_gps
2026-05-19 14:38:00,45.7633145,21.2281536,4.6,victoriei_iulius,walking,0,synthetic_gps
2026-05-19 14:38:01,45.7633594,21.2281782,4.55,victoriei_iulius,walking,0,synthetic_gps
2026-05-19 14:38:02,45.7633433,21.2281319,4.47,victoriei_iulius,walking,0,synthetic_gps
2026-05-19 14:38:03,45.7633851,21.2281575,4.15,victoriei_iulius,walking,0,synthetic_gps
2026-05-19 14:38:04,45.7633105,21.2281376,4.62,victoriei_iulius,walking,0,synthetic_gps
2026-05-19 14:38:05,45.7634056,21.2281604,4.76,victoriei_iulius,walking,0,synthetic_gps
2026-05-19 14:38:06,45.763373,21.2281565,5.52,victoriei_iulius,walking,0,synthetic_gps
2026-05-19 14:38:07,45.7633743,21.2281537,4.35,victoriei_iulius,walking,0,synthetic_gps
2026-05-19 14:38:08,45.7634223,21.2281348,4.66,victoriei_iulius,walking,0,synthetic_gps
2026-05-19 14:38:09,45.7634354,21.2281884,5.02,victoriei_iulius,walking,0,synthetic_gps
2026-05-19 14:38:10,45.7634121,21.2281508,5.1,victoriei_iulius,walking,0,synthetic_gps
2026-05-19 14:38:11,45.7634728,21.2281729,4.01,victoriei_iulius,walking,0,synthetic_gps
2026-05-19 14:38:12,45.7634719,21.2281108,6.81,victoriei_iulius,walking,0,synthetic_gps
2026-05-19 14:38:13,45.7634773,21.228188,4.38,victoriei_iulius,walking,0,synthetic_gps
2026-05-19 14:38:14,45.7635127,21.2281491,4.55,victoriei_iulius,walking,0,synthetic_gps
2026-05-19 14:38:15,45.7635508,21.2281832,5.38,victoriei_iulius,walking,0,synthetic_gps
2026-05-19 14:38:16,45.7635369,21.2281996,4.59,victoriei_iulius,walking,0,synthetic_gps
2026-05-19 14:38:17,45.7635313,21.2281885,3.92,victoriei_iulius,walking,0,synthetic_gps
2026-05-19 14:38:18,45.7635137,21.2281197,5.04,victoriei_iulius,walking,0,synthetic_gps
2026-05-19 14:38:19,45.7635644,21.2281872,4.71,victoriei_iulius,walking,0,synthetic_gps
2026-05-19 14:38:20,45.7635419,21.2282212,4.92,victoriei_iulius,walking,0,synthetic_gps
2026-05-19 14:38:21,45.7635447,21.2282231,5.82,victoriei_iulius,walking,0,synthetic_gps
2026-05-19 14:38:22,45.7636125,21.2281905,4.4,victoriei_iulius,walking,0,synthetic_gps
2026-05-19 14:38:23,45.763591,21.2281571,4.5,victoriei_iulius,walking,0,synthetic_gps
2026-05-19 14:38:24,45.7635707,21.2282169,4.76,victoriei_iulius,walking,0,synthetic_gps
2026-05-19 14:38:25,45.7636034,21.2281886,3.29,victoriei_iulius,walking,0,synthetic_gps
2026-05-19 14:38:26,45.7636375,21.2282096,2.58,victoriei_iulius,walking,0,synthetic_gps
2026-05-19 14:38:27,45.7636781,21.2281939,5.13,victoriei_iulius,walking,0,synthetic_gps
2026-05-19 14:38:28,45.7636901,21.2281884,4.38,victoriei_iulius,walking,0,synthetic_gps
2026-05-19 14:38:29,45.7636373,21.2281433,5.68,victoriei_iulius,walking,0,synthetic_gps
2026-05-19 14:38:30,45.7636761,21.2282187,4.01,victoriei_iulius,walking,0,synthetic_gps
2026-05-19 14:38:31,45.7637383,21.2282306,5.77,victoriei_iulius,walking,0,synthetic_gps
2026-05-19 14:38:32,45.7636909,21.2282304,6.01,victoriei_iulius,walking,0,synthetic_gps
2026-05-19 14:38:33,45.7636763,21.2282245,4.54,victoriei_iulius,walking,0,synthetic_gps
2026-05-19 14:38:34,45.7637492,21.2282276,5.07,victoriei_iulius,walking,0,synthetic_gps
2026-05-19 14:38:35,45.7637214,21.2282269,4.11,victoriei_iulius,walking,0,synthetic_gps
2026-05-19 14:38:36,45.7637024,21.2282152,3.94,victoriei_iulius,walking,0,synthetic_gps
2026-05-19 14:38:37,45.7637822,21.2282538,5.41,victoriei_iulius,walking,0,synthetic_gps
2026-05-19 14:38:38,45.7637159,21.2282924,4.25,victoriei_iulius,walking,0,synthetic_gps
2026-05-19 14:38:39,45.7637601,21.2282657,3.21,victoriei_iulius,walking,0,synthetic_gps
2026-05-19 14:38:40,45.7638082,21.2282139,4.94,victoriei_iulius,walking,0,synthetic_gps
2026-05-19 14:38:41,45.7638019,21.2282777,6.65,victoriei_iulius,walking,0,synthetic_gps
2026-05-19 14:38:42,45.7637761,21.2282036,5.29,victoriei_iulius,walking,0,synthetic_gps
2026-05-19 14:38:43,45.7638724,21.2282546,4.37,victoriei_iulius,walking,0,synthetic_gps
2026-05-19 14:38:44,45.76385,21.2282238,4.42,victoriei_iulius,walking,0,synthetic_gps
2026-05-19 14:38:45,45.7638118,21.228241,5.01,victoriei_iulius,walking,0,synthetic_gps
2026-05-19 14:38:46,45.7638334,21.2282453,4.02,victoriei_iulius,walking,0,synthetic_gps
2026-05-19 14:38:47,45.763853,21.2282757,4.35,victoriei_iulius,walking,0,synthetic_gps
2026-05-19 14:38:48,45.7638665,21.2282681,4.73,victoriei_iulius,walking,0,synthetic_gps
2026-05-19 14:38:49,45.7638453,21.2283005,6.27,victoriei_iulius,walking,0,synthetic_gps
2026-05-19 14:38:50,45.7638736,21.2282779,5.48,victoriei_iulius,walking,0,synthetic_gps
2026-05-19 14:38:51,45.7638762,21.2282965,4.82,victoriei_iulius,walking,0,synthetic_gps
2026-05-19 14:38:52,45.7639494,21.2282438,4.39,victoriei_iulius,walking,0,synthetic_gps
2026-05-19 14:38:53,45.7639557,21.2283176,4.51,victoriei_iulius,walking,0,synthetic_gps
2026-05-19 14:38:54,45.7639175,21.2282702,4.45,victoriei_iulius,walking,0,synthetic_gps
2026-05-19 14:38:55,45.7639393,21.2282688,3.45,victoriei_iulius,walking,0,synthetic_gps
2026-05-19 14:38:56,45.763941,21.2282593,5.29,victoriei_iulius,walking,0,synthetic_gps
2026-05-19 14:38:57,45.7639967,21.2283209,5.38,victoriei_iulius,walking,0,synthetic_gps
2026-05-19 14:38:58,45.7639905,21.2283064,4.42,victoriei_iulius,walking,0,synthetic_gps
2026-05-19 14:38:59,45.7639944,21.2282871,5.74,victoriei_iulius,walking,0,synthetic_gps
2026-05-19 14:39:00,45.7640302,21.2283081,4.9,victoriei_iulius,walking,0,synthetic_gps
2026-05-19 14:39:01,45.7639973,21.2283443,5.71,victoriei_iulius,walking,0,synthetic_gps
2026-05-19 14:39:02,45.7640133,21.2282931,4.67,victoriei_iulius,walking,0,synthetic_gps
2026-05-19 14:39:03,45.7640343,21.228279,5.39,victoriei_iulius,walking,0,synthetic_gps
2026-05-19 14:39:04,45.7640022,21.2283171,5.5,victoriei_iulius,walking,0,synthetic_gps
2026-05-19 14:39:05,45.7640536,21.2283048,4.88,victoriei_iulius,walking,0,synthetic_gps
2026-05-19 14:39:06,45.7640365,21.2283001,4.24,victoriei_iulius,walking,0,synthetic_gps
2026-05-19 14:39:07,45.7640909,21.228273,4.19,victoriei_iulius,walking,0,synthetic_gps
2026-05-19 14:39:08,45.7640621,21.2282817,4.97,victoriei_iulius,walking,0,synthetic_gps
2026-05-19 14:39:09,45.7641047,21.2283446,6.4,victoriei_iulius,walking,0,synthetic_gps
2026-05-19 14:39:10,45.7640867,21.228331,5.27,victoriei_iulius,walking,0,synthetic_gps
2026-05-19 14:39:11,45.7641398,21.2283154,4.14,victoriei_iulius,walking,0,synthetic_gps
2026-05-19 14:39:12,45.7641054,21.2283339,3.86,victoriei_iulius,walking,0,synthetic_gps
2026-05-19 14:39:13,45.7641338,21.2283553,0.62,victoriei_iulius,walking,0,synthetic_gps
2026-05-19 14:39:14,45.7641573,21.2283451,4.4,victoriei_iulius,walking,0,synthetic_gps
2026-05-19 14:39:15,45.7641639,21.2283755,4.65,victoriei_iulius,walking,0,synthetic_gps
2026-05-19 14:39:16,45.7641829,21.2283521,4.5,victoriei_iulius,walking,0,synthetic_gps
2026-05-19 14:39:17,45.7641983,21.2283209,5.25,victoriei_iulius,walking,0,synthetic_gps
2026-05-19 14:39:18,45.7642448,21.2283669,4.34,victoriei_iulius,walking,0,synthetic_gps
2026-05-19 14:39:19,45.7642002,21.2283988,3.95,victoriei_iulius,walking,0,synthetic_gps
2026-05-19 14:39:20,45.7642269,21.2283282,4.28,victoriei_iulius,walking,0,synthetic_gps
2026-05-19 14:39:21,45.764228,21.2283651,5.79,victoriei_iulius,walking,0,synthetic_gps
2026-05-19 14:39:22,45.764227,21.2284023,5.4,victoriei_iulius,walking,0,synthetic_gps
2026-05-19 14:39:23,45.7642815,21.2283898,4.73,victoriei_iulius,walking,0,synthetic_gps
2026-05-19 14:39:24,45.7642736,21.2283702,4.46,victoriei_iulius,walking,0,synthetic_gps
2026-05-19 14:39:25,45.7642882,21.2283941,5.11,victoriei_iulius,walking,0,synthetic_gps
2026-05-19 14:39:26,45.7643109,21.2283831,5.33,victoriei_iulius,walking,0,synthetic_gps
2026-05-19 14:39:27,45.764294,21.2283238,4.49,victoriei_iulius,walking,0,synthetic_gps
2026-05-19 14:39:28,45.7643255,21.2283712,5.25,victoriei_iulius,walking,0,synthetic_gps
2026-05-19 14:39:29,45.7643276,21.2283837,4.02,victoriei_iulius,walking,0,synthetic_gps
2026-05-19 14:39:30,45.7643474,21.2284448,4.56,victoriei_iulius,walking,0,synthetic_gps
2026-05-19 14:39:31,45.7643823,21.2283645,4.61,victoriei_iulius,walking,0,synthetic_gps
2026-05-19 14:39:32,45.7643822,21.2283639,3.81,victoriei_iulius,walking,0,synthetic_gps
2026-05-19 14:39:33,45.7643931,21.2283995,4.67,victoriei_iulius,walking,0,synthetic_gps
2026-05-19 14:39:34,45.7643616,21.2283938,4.02,victoriei_iulius,walking,0,synthetic_gps
2026-05-19 14:39:35,45.7643715,21.2283725,4.95,victoriei_iulius,walking,0,synthetic_gps
2026-05-19 14:39:36,45.7643633,21.2284233,5.46,victoriei_iulius,walking,0,synthetic_gps
2026-05-19 14:39:37,45.7644451,21.2283896,4.97,victoriei_iulius,walking,0,synthetic_gps
2026-05-19 14:39:38,45.7644428,21.2283879,4.66,victoriei_iulius,walking,0,synthetic_gps
2026-05-19 14:39:39,45.7644066,21.2283488,4.06,victoriei_iulius,walking,0,synthetic_gps
2026-05-19 14:39:40,45.7643855,21.2284305,3.1,victoriei_iulius,walking,0,synthetic_gps
2026-05-19 14:39:41,45.7644861,21.2283746,6.24,victoriei_iulius,walking,0,synthetic_gps
2026-05-19 14:39:42,45.7644648,21.2284103,5.89,victoriei_iulius,walking,0,synthetic_gps
2026-05-19 14:39:43,45.7644499,21.2284364,6.03,victoriei_iulius,walking,0,synthetic_gps
2026-05-19 14:39:44,45.7644538,21.228473,3.76,victoriei_iulius,walking,0,synthetic_gps
2026-05-19 14:39:45,45.7644907,21.228441,4.25,victoriei_iulius,walking,0,synthetic_gps
2026-05-19 14:39:46,45.7645114,21.2284171,5.05,victoriei_iulius,walking,0,synthetic_gps
2026-05-19 14:39:47,45.7645335,21.2284393,4.39,victoriei_iulius,walking,0,synthetic_gps
2026-05-19 14:39:48,45.7645419,21.228387,4.36,victoriei_iulius,walking,0,synthetic_gps
2026-05-19 14:39:49,45.7645268,21.2284347,4.07,victoriei_iulius,walking,0,synthetic_gps
2026-05-19 14:39:50,45.7645367,21.2284592,6.38,victoriei_iulius,walking,0,synthetic_gps
2026-05-19 14:39:51,45.7645979,21.2284601,5.36,victoriei_iulius,walking,0,synthetic_gps
2026-05-19 14:39:52,45.7645799,21.2284407,5.34,victoriei_iulius,walking,0,synthetic_gps
2026-05-19 14:39:53,45.7645806,21.2284767,4.43,victoriei_iulius,walking,0,synthetic_gps
2026-05-19 14:39:54,45.7645764,21.2284468,3.54,victoriei_iulius,walking,0,synthetic_gps
2026-05-19 14:39:55,45.7646272,21.2284566,5.7,victoriei_iulius,walking,0,synthetic_gps
2026-05-19 14:39:56,45.7646381,21.2284426,5.39,victoriei_iulius,walking,0,synthetic_gps
2026-05-19 14:39:57,45.7646386,21.22847,4.49,victoriei_iulius,walking,0,synthetic_gps
2026-05-19 14:39:58,45.7646948,21.2284356,4.92,victoriei_iulius,walking,0,synthetic_gps
2026-05-19 14:39:59,45.7647032,21.2284084,5.13,victoriei_iulius,walking,0,synthetic_gps
2026-05-19 14:40:00,45.7646697,21.2284703,5.6,victoriei_iulius,walking,0,synthetic_gps
2026-05-19 14:40:01,45.7646318,21.2285045,4.96,victoriei_iulius,walking,0,synthetic_gps
2026-05-19 14:40:02,45.764724,21.2285131,3.97,victoriei_iulius,walking,0,synthetic_gps
2026-05-19 14:40:03,45.7647199,21.2284602,2.66,victoriei_iulius,walking,0,synthetic_gps
2026-05-19 14:40:04,45.7647386,21.228484,2.23,victoriei_iulius,walking,0,synthetic_gps
2026-05-19 14:40:05,45.764728,21.2284897,5.06,victoriei_iulius,walking,0,synthetic_gps
2026-05-19 14:40:06,45.7647366,21.2284852,4.17,victoriei_iulius,walking,0,synthetic_gps
2026-05-19 14:40:07,45.764742,21.2285071,4.56,victoriei_iulius,walking,0,synthetic_gps
2026-05-19 14:40:08,45.7647706,21.2284423,5.85,victoriei_iulius,walking,0,synthetic_gps
2026-05-19 14:40:09,45.7647622,21.2284653,4.19,victoriei_iulius,walking,0,synthetic_gps
2026-05-19 14:40:10,45.7648189,21.2284952,1.05,victoriei_iulius,walking,0,synthetic_gps
2026-05-19 14:40:11,45.7647937,21.2285026,4.06,victoriei_iulius,walking,0,synthetic_gps
2026-05-19 14:40:12,45.7648362,21.2284955,5.04,victoriei_iulius,walking,0,synthetic_gps
2026-05-19 14:40:13,45.7648036,21.2285077,3.14,victoriei_iulius,walking,0,synthetic_gps
2026-05-19 14:40:14,45.7648222,21.2284679,4.02,victoriei_iulius,walking,0,synthetic_gps
2026-05-19 14:40:15,45.7648417,21.2284981,4.75,victoriei_iulius,walking,0,synthetic_gps
2026-05-19 14:40:16,45.7648202,21.2284708,4.68,victoriei_iulius,walking,0,synthetic_gps
2026-05-19 14:40:17,45.764871,21.2285082,3.94,victoriei_iulius,walking,0,synthetic_gps
2026-05-19 14:40:18,45.7648641,21.2285126,3.38,victoriei_iulius,walking,0,synthetic_gps
2026-05-19 14:40:19,45.764903,21.2285279,4.39,victoriei_iulius,walking,0,synthetic_gps
2026-05-19 14:40:20,45.7648619,21.2285111,5.91,victoriei_iulius,walking,0,synthetic_gps
2026-05-19 14:40:21,45.7649116,21.2285206,4.47,victoriei_iulius,walking,0,synthetic_gps
2026-05-19 14:40:22,45.7648983,21.2285616,4.85,victoriei_iulius,walking,0,synthetic_gps
2026-05-19 14:40:23,45.7649566,21.2285547,5.0,victoriei_iulius,walking,0,synthetic_gps
2026-05-19 14:40:24,45.7649653,21.2285386,5.57,victoriei_iulius,walking,0,synthetic_gps
2026-05-19 14:40:25,45.7649177,21.2285559,5.16,victoriei_iulius,walking,0,synthetic_gps
2026-05-19 14:40:26,45.7649628,21.2285187,4.76,victoriei_iulius,walking,0,synthetic_gps
2026-05-19 14:40:27,45.7649819,21.2285556,0.88,victoriei_iulius,walking,0,synthetic_gps
2026-05-19 14:40:28,45.7649928,21.2285698,4.28,victoriei_iulius,walking,0,synthetic_gps
2026-05-19 14:40:29,45.7650207,21.2285215,4.8,victoriei_iulius,walking,0,synthetic_gps
2026-05-19 14:40:30,45.7649534,21.2285515,4.19,victoriei_iulius,walking,0,synthetic_gps
2026-05-19 14:40:31,45.7650222,21.2285352,4.78,victoriei_iulius,walking,0,synthetic_gps
2026-05-19 14:40:32,45.7650075,21.2285225,5.0,victoriei_iulius,walking,0,synthetic_gps
2026-05-19 14:40:33,45.7650382,21.228576,4.07,victoriei_iulius,walking,0,synthetic_gps
2026-05-19 14:40:34,45.7650755,21.2285668,3.47,victoriei_iulius,walking,0,synthetic_gps
2026-05-19 14:40:35,45.765101,21.2285731,4.21,victoriei_iulius,walking,0,synthetic_gps
2026-05-19 14:40:36,45.7650795,21.2285709,4.39,victoriei_iulius,walking,0,synthetic_gps
2026-05-19 14:40:37,45.7650831,21.2286133,4.92,victoriei_iulius,walking,0,synthetic_gps
2026-05-19 14:40:38,45.7651033,21.2285887,3.51,victoriei_iulius,walking,0,synthetic_gps
2026-05-19 14:40:39,45.7650892,21.2285728,5.67,victoriei_iulius,walking,0,synthetic_gps
2026-05-19 14:40:40,45.7651022,21.2285897,5.61,victoriei_iulius,walking,0,synthetic_gps
2026-05-19 14:40:41,45.7651253,21.2285787,4.91,victoriei_iulius,walking,0,synthetic_gps
2026-05-19 14:40:42,45.7651251,21.2285446,4.52,victoriei_iulius,walking,0,synthetic_gps
2026-05-19 14:40:43,45.7651406,21.228595,4.63,victoriei_iulius,walking,0,synthetic_gps
2026-05-19 14:40:44,45.7651543,21.2285652,3.45,victoriei_iulius,walking,0,synthetic_gps
2026-05-19 14:40:45,45.7652314,21.2286177,4.8,victoriei_iulius,walking,0,synthetic_gps
2026-05-19 14:40:46,45.7651448,21.2285542,5.11,victoriei_iulius,walking,0,synthetic_gps
2026-05-19 14:40:47,45.7652094,21.2285509,4.89,victoriei_iulius,walking,0,synthetic_gps
2026-05-19 14:40:48,45.765188,21.2286028,6.01,victoriei_iulius,walking,0,synthetic_gps
2026-05-19 14:40:49,45.7651624,21.228614,6.87,victoriei_iulius,walking,0,synthetic_gps
2026-05-19 14:40:50,45.7652562,21.2286354,5.94,victoriei_iulius,walking,0,synthetic_gps
2026-05-19 14:40:51,45.7652267,21.2285949,4.07,victoriei_iulius,walking,0,synthetic_gps
2026-05-19 14:40:52,45.7652538,21.2286068,4.43,victoriei_iulius,walking,0,synthetic_gps
2026-05-19 14:40:53,45.7652717,21.2286444,5.12,victoriei_iulius,walking,0,synthetic_gps
2026-05-19 14:40:54,45.7652842,21.2285786,6.16,victoriei_iulius,walking,0,synthetic_gps
2026-05-19 14:40:55,45.7652736,21.2286162,5.56,victoriei_iulius,walking,0,synthetic_gps
2026-05-19 14:40:56,45.7652757,21.228634,4.37,victoriei_iulius,walking,0,synthetic_gps
2026-05-19 14:40:57,45.7652436,21.2286302,4.48,victoriei_iulius,walking,0,synthetic_gps
2026-05-19 14:40:58,45.7653314,21.2286548,4.01,victoriei_iulius,walking,0,synthetic_gps
2026-05-19 14:40:59,45.7653198,21.2286286,5.82,victoriei_iulius,walking,0,synthetic_gps
2026-05-19 14:41:00,45.7653623,21.2286423,0.57,victoriei_iulius,walking,0,synthetic_gps
2026-05-19 14:41:01,45.7653854,21.2286514,4.21,victoriei_iulius,walking,0,synthetic_gps
2026-05-19 14:41:02,45.7653838,21.2286016,4.98,victoriei_iulius,walking,0,synthetic_gps
2026-05-19 14:41:03,45.7654023,21.2286451,5.93,victoriei_iulius,walking,0,synthetic_gps
2026-05-19 14:41:04,45.7654038,21.2286456,4.18,victoriei_iulius,walking,0,synthetic_gps
2026-05-19 14:41:05,45.765367,21.2286387,5.79,victoriei_iulius,walking,0,synthetic_gps
2026-05-19 14:41:06,45.765392,21.2286682,4.79,victoriei_iulius,walking,0,synthetic_gps
2026-05-19 14:41:07,45.7654093,21.2286551,4.02,victoriei_iulius,walking,0,synthetic_gps
2026-05-19 14:41:08,45.7653845,21.2286243,5.27,victoriei_iulius,walking,0,synthetic_gps
2026-05-19 14:41:09,45.7654277,21.2286168,4.49,victoriei_iulius,walking,0,synthetic_gps
2026-05-19 14:41:10,45.7654398,21.2286398,5.54,victoriei_iulius,walking,0,synthetic_gps
2026-05-19 14:41:11,45.76545,21.2286411,5.09,victoriei_iulius,walking,0,synthetic_gps
2026-05-19 14:41:12,45.76551,21.2286986,3.27,victoriei_iulius,walking,0,synthetic_gps
2026-05-19 14:41:13,45.7654577,21.2286823,4.89,victoriei_iulius,walking,0,synthetic_gps
2026-05-19 14:41:14,45.7654843,21.2286857,4.25,victoriei_iulius,walking,0,synthetic_gps
2026-05-19 14:41:15,45.7654439,21.2286708,6.24,victoriei_iulius,walking,0,synthetic_gps
2026-05-19 14:41:16,45.7655299,21.2286286,6.21,victoriei_iulius,walking,0,synthetic_gps
2026-05-19 14:41:17,45.7655344,21.2286994,0.61,victoriei_iulius,walking,0,synthetic_gps
2026-05-19 14:41:18,45.7655408,21.2286885,6.2,victoriei_iulius,walking,0,synthetic_gps
2026-05-19 14:41:19,45.7655583,21.2286532,4.51,victoriei_iulius,walking,0,synthetic_gps
2026-05-19 14:41:20,45.7655819,21.2287473,5.09,victoriei_iulius,walking,0,synthetic_gps
2026-05-19 14:41:21,45.7655683,21.2287181,6.27,victoriei_iulius,walking,0,synthetic_gps
2026-05-19 14:41:22,45.7655663,21.2286849,4.82,victoriei_iulius,walking,0,synthetic_gps
2026-05-19 14:41:23,45.7655737,21.2287116,4.65,victoriei_iulius,walking,0,synthetic_gps
2026-05-19 14:41:24,45.7656113,21.2287143,5.4,victoriei_iulius,walking,0,synthetic_gps
2026-05-19 14:41:25,45.7655969,21.2286797,5.88,victoriei_iulius,walking,0,synthetic_gps
2026-05-19 14:41:26,45.765642,21.2287031,5.19,victoriei_iulius,walking,0,synthetic_gps
2026-05-19 14:41:27,45.7656467,21.2287148,4.89,victoriei_iulius,walking,0,synthetic_gps
2026-05-19 14:41:28,45.7656224,21.2287241,3.47,victoriei_iulius,walking,0,synthetic_gps
2026-05-19 14:41:29,45.7656512,21.2287445,4.13,victoriei_iulius,walking,0,synthetic_gps
2026-05-19 14:41:30,45.765693,21.228704,3.9,victoriei_iulius,walking,0,synthetic_gps
2026-05-19 14:41:31,45.7657007,21.2286868,4.32,victoriei_iulius,walking,0,synthetic_gps
2026-05-19 14:41:32,45.7656941,21.2286768,5.36,victoriei_iulius,walking,0,synthetic_gps
2026-05-19 14:41:33,45.7656825,21.2287141,5.2,victoriei_iulius,walking,0,synthetic_gps
2026-05-19 14:41:34,45.7656538,21.2287327,4.94,victoriei_iulius,walking,0,synthetic_gps
2026-05-19 14:41:35,45.7657558,21.2287142,4.27,victoriei_iulius,walking,0,synthetic_gps
2026-05-19 14:41:36,45.7657245,21.2287197,4.69,victoriei_iulius,walking,0,synthetic_gps
2026-05-19 14:41:37,45.7657469,21.2287788,4.72,victoriei_iulius,walking,0,synthetic_gps
2026-05-19 14:41:38,45.7657367,21.2287094,4.4,victoriei_iulius,walking,0,synthetic_gps
2026-05-19 14:41:39,45.7657252,21.2287575,4.09,victoriei_iulius,walking,0,synthetic_gps
2026-05-19 14:41:40,45.7658143,21.2287616,3.79,victoriei_iulius,walking,0,synthetic_gps
2026-05-19 14:41:41,45.7657672,21.2287303,5.3,victoriei_iulius,walking,0,synthetic_gps
2026-05-19 14:41:42,45.7657746,21.2287726,5.87,victoriei_iulius,walking,0,synthetic_gps
2026-05-19 14:41:43,45.765766,21.2287225,3.72,victoriei_iulius,walking,0,synthetic_gps
2026-05-19 14:41:44,45.7658128,21.2287752,4.81,victoriei_iulius,walking,0,synthetic_gps
2026-05-19 14:41:45,45.7658084,21.2287379,5.74,victoriei_iulius,walking,0,synthetic_gps
2026-05-19 14:41:46,45.7658213,21.228718,5.48,victoriei_iulius,walking,0,synthetic_gps
2026-05-19 14:41:47,45.7658498,21.2287656,4.29,victoriei_iulius,walking,0,synthetic_gps
2026-05-19 14:41:48,45.7659159,21.2287561,5.13,victoriei_iulius,walking,0,synthetic_gps
2026-05-19 14:41:49,45.7658436,21.2287679,5.15,victoriei_iulius,walking,0,synthetic_gps
2026-05-19 14:41:50,45.7659349,21.2288047,5.93,victoriei_iulius,walking,0,synthetic_gps
2026-05-19 14:41:51,45.7659254,21.2287303,4.86,victoriei_iulius,walking,0,synthetic_gps
2026-05-19 14:41:52,45.7658856,21.2287379,4.22,victoriei_iulius,walking,0,synthetic_gps
2026-05-19 14:41:53,45.7659182,21.2287726,3.9,victoriei_iulius,walking,0,synthetic_gps
2026-05-19 14:41:54,45.7659198,21.2287736,5.1,victoriei_iulius,walking,0,synthetic_gps
2026-05-19 14:41:55,45.7659148,21.228816,3.1,victoriei_iulius,walking,0,synthetic_gps
2026-05-19 14:41:56,45.7660002,21.2287926,5.49,victoriei_iulius,walking,0,synthetic_gps
2026-05-19 14:41:57,45.7659555,21.2287825,4.96,victoriei_iulius,walking,0,synthetic_gps
2026-05-19 14:41:58,45.7659824,21.2287923,4.78,victoriei_iulius,walking,0,synthetic_gps
2026-05-19 14:41:59,45.7660449,21.2287939,3.39,victoriei_iulius,walking,0,synthetic_gps
2026-05-19 14:42:00,45.7659747,21.2288186,5.62,victoriei_iulius,walking,0,synthetic_gps
2026-05-19 14:42:01,45.7660184,21.2287869,2.58,victoriei_iulius,walking,0,synthetic_gps
2026-05-19 14:42:02,45.7660438,21.2287434,4.87,victoriei_iulius,walking,0,synthetic_gps
2026-05-19 14:42:03,45.76605,21.2288372,5.01,victoriei_iulius,walking,0,synthetic_gps
2026-05-19 14:42:04,45.766039,21.2288457,5.33,victoriei_iulius,walking,0,synthetic_gps
2026-05-19 14:42:05,45.7661099,21.2288189,6.87,victoriei_iulius,walking,0,synthetic_gps
2026-05-19 14:42:06,45.7660828,21.2288348,5.24,victoriei_iulius,walking,0,synthetic_gps
2026-05-19 14:42:07,45.7661253,21.2288247,4.38,victoriei_iulius,walking,0,synthetic_gps
2026-05-19 14:42:08,45.7661197,21.2288019,4.27,victoriei_iulius,walking,0,synthetic_gps
2026-05-19 14:42:09,45.7660992,21.2287881,0.5,victoriei_iulius,walking,0,synthetic_gps
2026-05-19 14:42:10,45.7661807,21.2288155,4.99,victoriei_iulius,walking,0,synthetic_gps
2026-05-19 14:42:11,45.7661627,21.2287982,5.61,victoriei_iulius,walking,0,synthetic_gps
2026-05-19 14:42:12,45.7661984,21.2288569,5.18,victoriei_iulius,walking,0,synthetic_gps
2026-05-19 14:42:13,45.766215,21.2288344,5.61,victoriei_iulius,walking,0,synthetic_gps
2026-05-19 14:42:14,45.7661799,21.2288522,4.63,victoriei_iulius,walking,0,synthetic_gps
2026-05-19 14:42:15,45.7662042,21.2288613,3.9,victoriei_iulius,walking,0,synthetic_gps
2026-05-19 14:42:16,45.7662604,21.2288072,0.51,victoriei_iulius,walking,0,synthetic_gps
2026-05-19 14:42:17,45.7662525,21.2288137,5.53,victoriei_iulius,walking,0,synthetic_gps
2026-05-19 14:42:18,45.7662892,21.2288627,5.37,victoriei_iulius,walking,0,synthetic_gps
2026-05-19 14:42:19,45.7662739,21.2288432,5.33,victoriei_iulius,walking,0,synthetic_gps
2026-05-19 14:42:20,45.766327,21.2288485,4.48,victoriei_iulius,walking,0,synthetic_gps
2026-05-19 14:42:21,45.7662701,21.228892,4.42,victoriei_iulius,walking,0,synthetic_gps
2026-05-19 14:42:22,45.7662452,21.228844,4.01,victoriei_iulius,walking,0,synthetic_gps
2026-05-19 14:42:23,45.766294,21.2288461,3.6,victoriei_iulius,walking,0,synthetic_gps
2026-05-19 14:42:24,45.7663476,21.2288232,3.96,victoriei_iulius,walking,0,synthetic_gps
2026-05-19 14:42:25,45.7663414,21.2288419,6.3,victoriei_iulius,walking,0,synthetic_gps
2026-05-19 14:42:26,45.7663682,21.2288462,4.42,victoriei_iulius,walking,0,synthetic_gps
2026-05-19 14:42:27,45.7663756,21.2288326,5.56,victoriei_iulius,walking,0,synthetic_gps
2026-05-19 14:42:28,45.7663612,21.2288953,4.56,victoriei_iulius,walking,0,synthetic_gps
2026-05-19 14:42:29,45.7664098,21.2288556,5.21,victoriei_iulius,walking,0,synthetic_gps
2026-05-19 14:42:30,45.7663785,21.2288456,5.8,victoriei_iulius,walking,0,synthetic_gps
2026-05-19 14:42:31,45.7664676,21.2288711,5.18,victoriei_iulius,walking,0,synthetic_gps
2026-05-19 14:42:32,45.7664937,21.2288476,5.11,victoriei_iulius,walking,0,synthetic_gps
2026-05-19 14:42:33,45.7664885,21.2288755,5.04,victoriei_iulius,walking,0,synthetic_gps
2026-05-19 14:42:34,45.7664802,21.2288205,3.8,victoriei_iulius,walking,0,synthetic_gps
2026-05-19 14:42:35,45.7664897,21.2288227,4.87,victoriei_iulius,walking,0,synthetic_gps
2026-05-19 14:42:36,45.7664759,21.2288935,4.33,victoriei_iulius,walking,0,synthetic_gps
2026-05-19 14:42:37,45.7665257,21.2288693,4.22,victoriei_iulius,walking,0,synthetic_gps
2026-05-19 14:42:38,45.7665246,21.2288539,6.05,victoriei_iulius,walking,0,synthetic_gps
2026-05-19 14:42:39,45.7665587,21.2288868,4.78,victoriei_iulius,walking,0,synthetic_gps
2026-05-19 14:42:40,45.7665224,21.2288851,3.12,victoriei_iulius,walking,0,synthetic_gps
2026-05-19 14:42:41,45.7665969,21.2288628,5.34,victoriei_iulius,walking,0,synthetic_gps
2026-05-19 14:42:42,45.7665525,21.2288473,4.52,victoriei_iulius,walking,0,synthetic_gps
2026-05-19 14:42:43,45.766602,21.2288825,4.78,victoriei_iulius,walking,0,synthetic_gps
2026-05-19 14:42:44,45.7666115,21.2288424,6.08,victoriei_iulius,walking,0,synthetic_gps
2026-05-19 14:42:45,45.7666385,21.2289031,5.35,victoriei_iulius,walking,0,synthetic_gps
2026-05-19 14:42:46,45.7666711,21.2289035,4.41,victoriei_iulius,walking,0,synthetic_gps
2026-05-19 14:42:47,45.766626,21.2288685,4.91,victoriei_iulius,walking,0,synthetic_gps
2026-05-19 14:42:48,45.766692,21.2288768,5.59,victoriei_iulius,walking,0,synthetic_gps
2026-05-19 14:42:49,45.7667507,21.2289328,4.66,victoriei_iulius,walking,0,synthetic_gps
2026-05-19 14:42:50,45.7667405,21.2289148,3.39,victoriei_iulius,walking,0,synthetic_gps
2026-05-19 14:42:51,45.766748,21.228891,5.29,victoriei_iulius,walking,0,synthetic_gps
2026-05-19 14:42:52,45.7667226,21.2288797,5.51,victoriei_iulius,walking,0,synthetic_gps
2026-05-19 14:42:53,45.7667255,21.2289357,2.83,victoriei_iulius,walking,0,synthetic_gps
2026-05-19 14:42:54,45.766749,21.2288805,4.35,victoriei_iulius,walking,0,synthetic_gps
2026-05-19 14:42:55,45.7668098,21.2289333,4.5,victoriei_iulius,walking,0,synthetic_gps
2026-05-19 14:42:56,45.7667486,21.2289028,5.3,victoriei_iulius,walking,0,synthetic_gps
2026-05-19 14:42:57,45.7668007,21.22893,5.53,victoriei_iulius,walking,0,synthetic_gps
2026-05-19 14:42:58,45.7668206,21.2288933,3.89,victoriei_iulius,walking,0,synthetic_gps
2026-05-19 14:42:59,45.7668336,21.2289534,6.07,victoriei_iulius,walking,0,synthetic_gps
2026-05-19 14:43:00,45.7668171,21.2289338,0.56,victoriei_iulius,walking,0,synthetic_gps
2026-05-19 14:43:01,45.7669047,21.228943,0.5,victoriei_iulius,walking,0,synthetic_gps
2026-05-19 14:43:02,45.7668633,21.2289336,4.19,victoriei_iulius,walking,0,synthetic_gps
2026-05-19 14:43:03,45.7668516,21.2289184,6.11,victoriei_iulius,walking,0,synthetic_gps
2026-05-19 14:43:04,45.7669215,21.228954,5.1,victoriei_iulius,walking,0,synthetic_gps
2026-05-19 14:43:05,45.766896,21.228956,4.9,victoriei_iulius,walking,0,synthetic_gps
2026-05-19 14:43:06,45.766909,21.2289296,4.05,victoriei_iulius,walking,0,synthetic_gps
2026-05-19 14:43:07,45.7669261,21.2289523,6.09,victoriei_iulius,walking,0,synthetic_gps
2026-05-19 14:43:08,45.7669632,21.2289271,4.4,victoriei_iulius,walking,0,synthetic_gps
2026-05-19 14:43:09,45.7669428,21.228956,3.88,victoriei_iulius,walking,0,synthetic_gps
2026-05-19 14:43:10,45.7670069,21.228948,5.53,victoriei_iulius,walking,0,synthetic_gps
2026-05-19 14:43:11,45.7670166,21.2289293,3.42,victoriei_iulius,walking,0,synthetic_gps
2026-05-19 14:43:12,45.7670284,21.2288926,5.7,victoriei_iulius,walking,0,synthetic_gps
2026-05-19 14:43:13,45.7669768,21.2289596,4.41,victoriei_iulius,walking,0,synthetic_gps
2026-05-19 14:43:14,45.7670555,21.2288934,3.71,victoriei_iulius,walking,0,synthetic_gps
2026-05-19 14:43:15,45.7670925,21.2289171,4.87,victoriei_iulius,walking,0,synthetic_gps
2026-05-19 14:43:16,45.7670923,21.2289534,4.7,victoriei_iulius,walking,0,synthetic_gps
2026-05-19 14:43:17,45.7670703,21.2289957,5.18,victoriei_iulius,walking,0,synthetic_gps
2026-05-19 14:43:18,45.7671244,21.2289175,0.71,victoriei_iulius,walking,0,synthetic_gps
2026-05-19 14:43:19,45.7671244,21.2289009,4.9,victoriei_iulius,walking,0,synthetic_gps
2026-05-19 14:43:20,45.7671368,21.2289554,3.81,victoriei_iulius,walking,0,synthetic_gps
2026-05-19 14:43:21,45.7671386,21.228948,4.6,victoriei_iulius,walking,0,synthetic_gps
2026-05-19 14:43:22,45.7671603,21.22895,3.77,victoriei_iulius,walking,0,synthetic_gps
2026-05-19 14:43:23,45.7671683,21.2289516,4.86,victoriei_iulius,walking,0,synthetic_gps
2026-05-19 14:43:24,45.7671779,21.2289168,5.59,victoriei_iulius,walking,0,synthetic_gps
2026-05-19 14:43:25,45.7671808,21.2289423,5.43,victoriei_iulius,walking,0,synthetic_gps
2026-05-19 14:43:26,45.7672537,21.2289672,4.03,victoriei_iulius,walking,0,synthetic_gps
2026-05-19 14:43:27,45.7672086,21.2289778,3.97,victoriei_iulius,walking,0,synthetic_gps
2026-05-19 14:43:28,45.7672256,21.2289605,5.39,victoriei_iulius,walking,0,synthetic_gps
2026-05-19 14:43:29,45.7672322,21.2289562,1.11,victoriei_iulius,walking,0,synthetic_gps
2026-05-19 14:43:30,45.7672702,21.2289647,3.74,victoriei_iulius,walking,0,synthetic_gps
2026-05-19 14:43:31,45.7672967,21.2290375,4.12,victoriei_iulius,walking,0,synthetic_gps
2026-05-19 14:43:32,45.7673082,21.2289319,4.94,victoriei_iulius,walking,0,synthetic_gps
2026-05-19 14:43:33,45.7673624,21.2290237,4.54,victoriei_iulius,walking,0,synthetic_gps
2026-05-19 14:43:34,45.767358,21.2290018,4.34,victoriei_iulius,walking,0,synthetic_gps
2026-05-19 14:43:35,45.7673448,21.2289843,3.61,victoriei_iulius,walking,0,synthetic_gps
2026-05-19 14:43:36,45.7673615,21.2289813,3.92,victoriei_iulius,walking,0,synthetic_gps
2026-05-19 14:43:37,45.7673705,21.2289727,3.97,victoriei_iulius,walking,0,synthetic_gps
2026-05-19 14:43:38,45.7673686,21.229035,5.76,victoriei_iulius,walking,0,synthetic_gps
2026-05-19 14:43:39,45.7673795,21.2289755,3.16,victoriei_iulius,walking,0,synthetic_gps
2026-05-19 14:43:40,45.76747,21.2289911,4.88,victoriei_iulius,walking,0,synthetic_gps
2026-05-19 14:43:41,45.767438,21.2289864,5.56,victoriei_iulius,walking,0,synthetic_gps
2026-05-19 14:43:42,45.7674365,21.228961,3.89,victoriei_iulius,walking,0,synthetic_gps
2026-05-19 14:43:43,45.7674743,21.2290555,4.57,victoriei_iulius,walking,0,synthetic_gps
2026-05-19 14:43:44,45.7674659,21.2289759,4.69,victoriei_iulius,walking,0,synthetic_gps
2026-05-19 14:43:45,45.7674896,21.2289604,4.36,victoriei_iulius,walking,0,synthetic_gps
2026-05-19 14:43:46,45.7674516,21.2289933,4.63,victoriei_iulius,walking,0,synthetic_gps
2026-05-19 14:43:47,45.7675315,21.2289897,4.51,victoriei_iulius,walking,0,synthetic_gps
2026-05-19 14:43:48,45.7674763,21.2290309,5.18,victoriei_iulius,walking,0,synthetic_gps
2026-05-19 14:43:49,45.7675637,21.2289842,5.22,victoriei_iulius,walking,0,synthetic_gps
2026-05-19 14:43:50,45.7675296,21.2290205,6.69,victoriei_iulius,walking,0,synthetic_gps
2026-05-19 14:43:51,45.7675544,21.2290663,4.31,victoriei_iulius,walking,0,synthetic_gps
2026-05-19 14:43:52,45.7675569,21.2289999,5.04,victoriei_iulius,walking,0,synthetic_gps
2026-05-19 14:43:53,45.7676236,21.2289779,5.57,victoriei_iulius,walking,0,synthetic_gps
2026-05-19 14:43:54,45.7675922,21.2289825,5.05,victoriei_iulius,walking,0,synthetic_gps
2026-05-19 14:43:55,45.7676036,21.2290152,5.81,victoriei_iulius,walking,0,synthetic_gps
2026-05-19 14:43:56,45.7676155,21.2289967,4.22,victoriei_iulius,walking,0,synthetic_gps
2026-05-19 14:43:57,45.7676522,21.2290504,6.07,victoriei_iulius,walking,0,synthetic_gps
2026-05-19 14:43:58,45.7677142,21.2290183,6.04,victoriei_iulius,walking,0,synthetic_gps
2026-05-19 14:43:59,45.7676446,21.2290342,5.98,victoriei_iulius,walking,0,synthetic_gps
2026-05-19 14:44:00,45.7677166,21.229018,4.66,victoriei_iulius,walking,0,synthetic_gps
2026-05-19 14:44:01,45.7677275,21.229039,4.56,victoriei_iulius,walking,0,synthetic_gps
2026-05-19 14:44:02,45.7677098,21.229003,4.8,victoriei_iulius,walking,0,synthetic_gps
2026-05-19 14:44:03,45.7677472,21.2291048,3.93,victoriei_iulius,walking,0,synthetic_gps
2026-05-19 14:44:04,45.767784,21.2290426,4.59,victoriei_iulius,walking,0,synthetic_gps
2026-05-19 14:44:05,45.7677764,21.2290595,3.6,victoriei_iulius,walking,0,synthetic_gps
2026-05-19 14:44:06,45.7677689,21.2290491,5.18,victoriei_iulius,walking,0,synthetic_gps
2026-05-19 14:44:07,45.7678118,21.2290357,4.28,victoriei_iulius,walking,0,synthetic_gps
2026-05-19 14:44:08,45.7677942,21.2290905,5.78,victoriei_iulius,walking,0,synthetic_gps
2026-05-19 14:44:09,45.7678325,21.2291142,4.22,victoriei_iulius,walking,0,synthetic_gps
2026-05-19 14:44:10,45.7678407,21.2290276,4.04,victoriei_iulius,walking,0,synthetic_gps
2026-05-19 14:44:11,45.7678262,21.2290209,4.9,victoriei_iulius,walking,0,synthetic_gps
2026-05-19 14:44:12,45.7678878,21.2290706,4.75,victoriei_iulius,walking,0,synthetic_gps
2026-05-19 14:44:13,45.767901,21.2290331,4.32,victoriei_iulius,walking,0,synthetic_gps
2026-05-19 14:44:14,45.7678706,21.2290515,5.34,victoriei_iulius,walking,0,synthetic_gps
2026-05-19 14:44:15,45.7679154,21.2290414,4.69,victoriei_iulius,walking,0,synthetic_gps
2026-05-19 14:44:16,45.767904,21.2290385,3.94,victoriei_iulius,walking,0,synthetic_gps
2026-05-19 14:44:17,45.7679548,21.2290601,5.16,victoriei_iulius,walking,0,synthetic_gps
2026-05-19 14:44:18,45.7679655,21.22906,3.42,victoriei_iulius,walking,0,synthetic_gps
2026-05-19 14:44:19,45.7679576,21.2290509,5.78,victoriei_iulius,walking,0,synthetic_gps
2026-05-19 14:44:20,45.7679909,21.2290611,3.11,victoriei_iulius,walking,0,synthetic_gps
2026-05-19 14:44:21,45.7679776,21.2291031,3.38,victoriei_iulius,walking,0,synthetic_gps
2026-05-19 14:44:22,45.7680463,21.2290634,4.24,victoriei_iulius,walking,0,synthetic_gps
2026-05-19 14:44:23,45.7680303,21.2291018,2.92,victoriei_iulius,walking,0,synthetic_gps
2026-05-19 14:44:24,45.7680111,21.2290903,5.1,victoriei_iulius,walking,0,synthetic_gps
2026-05-19 14:44:25,45.7680659,21.2290856,5.69,victoriei_iulius,walking,0,synthetic_gps
2026-05-19 14:44:26,45.7680586,21.229128,4.75,victoriei_iulius,walking,0,synthetic_gps
2026-05-19 14:44:27,45.7680898,21.2290571,4.65,victoriei_iulius,walking,0,synthetic_gps
2026-05-19 14:44:28,45.768062,21.2290473,5.62,victoriei_iulius,walking,0,synthetic_gps
2026-05-19 14:44:29,45.768091,21.2290852,4.5,victoriei_iulius,walking,0,synthetic_gps
2026-05-19 14:44:30,45.7680895,21.2291357,4.85,victoriei_iulius,walking,0,synthetic_gps
2026-05-19 14:44:31,45.7681327,21.229133,4.69,victoriei_iulius,walking,0,synthetic_gps
2026-05-19 14:44:32,45.7681208,21.2290787,4.94,victoriei_iulius,walking,0,synthetic_gps
2026-05-19 14:44:33,45.7681924,21.2290784,3.81,victoriei_iulius,walking,0,synthetic_gps
2026-05-19 14:44:34,45.7681729,21.2290617,6.57,victoriei_iulius,walking,0,synthetic_gps
2026-05-19 14:44:35,45.7682194,21.2290699,4.6,victoriei_iulius,walking,0,synthetic_gps
2026-05-19 14:44:36,45.7681875,21.2291148,3.68,victoriei_iulius,walking,0,synthetic_gps
2026-05-19 14:44:37,45.7682256,21.2290814,4.21,victoriei_iulius,walking,0,synthetic_gps
2026-05-19 14:44:38,45.7682467,21.2290969,4.56,victoriei_iulius,walking,0,synthetic_gps
2026-05-19 14:44:39,45.768252,21.2291451,5.22,victoriei_iulius,walking,0,synthetic_gps
2026-05-19 14:44:40,45.7682634,21.229098,4.18,victoriei_iulius,walking,0,synthetic_gps
2026-05-19 14:44:41,45.7682341,21.2291128,6.45,victoriei_iulius,walking,0,synthetic_gps
2026-05-19 14:44:42,45.7682999,21.2290918,5.33,victoriei_iulius,walking,0,synthetic_gps
2026-05-19 14:44:43,45.7682742,21.2291219,4.84,victoriei_iulius,walking,0,synthetic_gps
2026-05-19 14:44:44,45.7683019,21.229099,5.68,victoriei_iulius,walking,0,synthetic_gps
2026-05-19 14:44:45,45.7684087,21.2291309,4.78,victoriei_iulius,walking,0,synthetic_gps
2026-05-19 14:44:46,45.7684001,21.2290882,4.16,victoriei_iulius,walking,0,synthetic_gps
2026-05-19 14:44:47,45.768355,21.2291202,4.98,victoriei_iulius,walking,0,synthetic_gps
2026-05-19 14:44:48,45.7683747,21.2291426,5.26,victoriei_iulius,walking,0,synthetic_gps
2026-05-19 14:44:49,45.768362,21.2291337,4.99,victoriei_iulius,walking,0,synthetic_gps
2026-05-19 14:44:50,45.7683802,21.2291286,7.0,victoriei_iulius,walking,0,synthetic_gps
2026-05-19 14:44:51,45.7684011,21.2291479,5.3,victoriei_iulius,walking,0,synthetic_gps
2026-05-19 14:44:52,45.7684878,21.2291269,5.74,victoriei_iulius,walking,0,synthetic_gps
2026-05-19 14:44:53,45.7684441,21.2291136,5.39,victoriei_iulius,walking,0,synthetic_gps
2026-05-19 14:44:54,45.7685004,21.2291502,4.4,victoriei_iulius,walking,0,synthetic_gps
2026-05-19 14:44:55,45.7684894,21.2291697,4.46,victoriei_iulius,walking,0,synthetic_gps
2026-05-19 14:44:56,45.7684904,21.2291146,6.76,victoriei_iulius,walking,0,synthetic_gps
2026-05-19 14:44:57,45.7685612,21.2291316,5.5,victoriei_iulius,walking,0,synthetic_gps
2026-05-19 14:44:58,45.7685093,21.2291703,4.4,victoriei_iulius,walking,0,synthetic_gps
2026-05-19 14:44:59,45.7685546,21.2291583,5.24,victoriei_iulius,walking,0,synthetic_gps
2026-05-19 14:45:00,45.7685772,21.2291433,4.24,victoriei_iulius,walking,0,synthetic_gps
2026-05-19 14:45:01,45.7685747,21.2291895,4.84,victoriei_iulius,walking,0,synthetic_gps
2026-05-19 14:45:02,45.768566,21.2291671,4.56,victoriei_iulius,walking,0,synthetic_gps
2026-05-19 14:45:03,45.7685853,21.2291852,4.92,victoriei_iulius,walking,0,synthetic_gps
2026-05-19 14:45:04,45.7686424,21.2291496,5.85,victoriei_iulius,walking,0,synthetic_gps
2026-05-19 14:45:05,45.7686275,21.2291402,5.27,victoriei_iulius,walking,0,synthetic_gps
2026-05-19 14:45:06,45.7686425,21.2291298,6.39,victoriei_iulius,walking,0,synthetic_gps
2026-05-19 14:45:07,45.7686616,21.2291804,5.7,victoriei_iulius,walking,0,synthetic_gps
2026-05-19 14:45:08,45.7686532,21.2291893,5.06,victoriei_iulius,walking,0,synthetic_gps
2026-05-19 14:45:09,45.7687117,21.2291498,5.74,victoriei_iulius,walking,0,synthetic_gps
2026-05-19 14:45:10,45.7686854,21.2291666,4.86,victoriei_iulius,walking,0,synthetic_gps
2026-05-19 14:45:11,45.76876,21.2291962,5.21,victoriei_iulius,walking,0,synthetic_gps
2026-05-19 14:45:12,45.768726,21.2291881,4.39,victoriei_iulius,walking,0,synthetic_gps
2026-05-19 14:45:13,45.7687564,21.2291824,4.81,victoriei_iulius,walking,0,synthetic_gps
2026-05-19 14:45:14,45.7687842,21.2291876,4.73,victoriei_iulius,walking,0,synthetic_gps
2026-05-19 14:45:15,45.7687426,21.229183,5.36,victoriei_iulius,walking,0,synthetic_gps
2026-05-19 14:45:16,45.7687581,21.2291811,5.07,victoriei_iulius,walking,0,synthetic_gps
2026-05-19 14:45:17,45.7687946,21.2291508,3.65,victoriei_iulius,walking,0,synthetic_gps
2026-05-19 14:45:18,45.7687604,21.2291615,5.15,victoriei_iulius,walking,0,synthetic_gps
2026-05-19 14:45:19,45.7688122,21.2292225,4.4,victoriei_iulius,walking,0,synthetic_gps
2026-05-19 14:45:20,45.7688108,21.2291813,4.06,victoriei_iulius,walking,0,synthetic_gps
2026-05-19 14:45:21,45.7688517,21.2291734,1.06,victoriei_iulius,walking,0,synthetic_gps
2026-05-19 14:45:22,45.768867,21.2291572,5.12,victoriei_iulius,walking,0,synthetic_gps
2026-05-19 14:45:23,45.7688663,21.2292124,5.26,victoriei_iulius,walking,0,synthetic_gps
2026-05-19 14:45:24,45.7688691,21.2292298,4.16,victoriei_iulius,walking,0,synthetic_gps
2026-05-19 14:45:25,45.768913,21.2291557,4.34,victoriei_iulius,walking,0,synthetic_gps
2026-05-19 14:45:26,45.7688758,21.2291285,4.1,victoriei_iulius,walking,0,synthetic_gps
2026-05-19 14:45:27,45.7689669,21.2292218,0.67,victoriei_iulius,walking,0,synthetic_gps
2026-05-19 14:45:28,45.768935,21.2291711,4.04,victoriei_iulius,walking,0,synthetic_gps
2026-05-19 14:45:29,45.7689497,21.2292182,3.2,victoriei_iulius,walking,0,synthetic_gps
2026-05-19 14:45:30,45.7689988,21.2292294,5.01,victoriei_iulius,walking,0,synthetic_gps
2026-05-19 14:45:31,45.7689948,21.229192,3.9,victoriei_iulius,walking,0,synthetic_gps
2026-05-19 14:45:32,45.7689945,21.2291673,5.22,victoriei_iulius,walking,0,synthetic_gps
2026-05-19 14:45:33,45.7689838,21.2292032,3.73,victoriei_iulius,walking,0,synthetic_gps
2026-05-19 14:45:34,45.7690485,21.229145,3.95,victoriei_iulius,walking,0,synthetic_gps
2026-05-19 14:45:35,45.7690504,21.2292148,4.3,victoriei_iulius,walking,0,synthetic_gps
2026-05-19 14:45:36,45.7690874,21.2291968,3.82,victoriei_iulius,walking,0,synthetic_gps
2026-05-19 14:45:37,45.769067,21.229209,4.56,victoriei_iulius,walking,0,synthetic_gps
2026-05-19 14:45:38,45.7690761,21.2291905,5.25,victoriei_iulius,walking,0,synthetic_gps
2026-05-19 14:45:39,45.7691183,21.2292445,5.09,victoriei_iulius,walking,0,synthetic_gps
2026-05-19 14:45:40,45.7691429,21.2291957,4.33,victoriei_iulius,walking,0,synthetic_gps
2026-05-19 14:45:41,45.7691364,21.2292526,4.62,victoriei_iulius,walking,0,synthetic_gps
2026-05-19 14:45:42,45.7691614,21.2292652,5.74,victoriei_iulius,walking,0,synthetic_gps
2026-05-19 14:45:43,45.7691467,21.2292239,2.82,victoriei_iulius,walking,0,synthetic_gps
2026-05-19 14:45:44,45.7691467,21.2292533,5.45,victoriei_iulius,walking,0,synthetic_gps
2026-05-19 14:45:45,45.7692185,21.229187,5.08,victoriei_iulius,walking,0,synthetic_gps
2026-05-19 14:45:46,45.7692101,21.2292611,3.71,victoriei_iulius,walking,0,synthetic_gps
2026-05-19 14:45:47,45.7691619,21.2292188,4.69,victoriei_iulius,walking,0,synthetic_gps
2026-05-19 14:45:48,45.7692354,21.2292784,3.84,victoriei_iulius,walking,0,synthetic_gps
2026-05-19 14:45:49,45.7692617,21.2292269,3.94,victoriei_iulius,walking,0,synthetic_gps
2026-05-19 14:45:50,45.7692478,21.2292376,4.9,victoriei_iulius,walking,0,synthetic_gps
2026-05-19 14:45:51,45.7692748,21.2292837,3.87,victoriei_iulius,walking,0,synthetic_gps
2026-05-19 14:45:52,45.7693001,21.229243,6.4,victoriei_iulius,walking,0,synthetic_gps
2026-05-19 14:45:53,45.7692663,21.2292389,5.47,victoriei_iulius,walking,0,synthetic_gps
2026-05-19 14:45:54,45.7693614,21.2292279,3.47,victoriei_iulius,walking,0,synthetic_gps
2026-05-19 14:45:55,45.7693529,21.2292898,3.14,victoriei_iulius,walking,0,synthetic_gps
2026-05-19 14:45:56,45.7693132,21.2292474,4.61,victoriei_iulius,walking,0,synthetic_gps
2026-05-19 14:45:57,45.7693703,21.2292127,4.38,victoriei_iulius,walking,0,synthetic_gps
2026-05-19 14:45:58,45.7694058,21.22927,5.55,victoriei_iulius,walking,0,synthetic_gps
2026-05-19 14:45:59,45.7693957,21.2292483,4.94,victoriei_iulius,walking,0,synthetic_gps
2026-05-19 14:46:00,45.7694632,21.2292951,2.66,victoriei_iulius,walking,0,synthetic_gps
2026-05-19 14:46:01,45.7694303,21.229278,0.98,victoriei_iulius,walking,0,synthetic_gps
2026-05-19 14:46:02,45.7694223,21.2292816,4.68,victoriei_iulius,walking,0,synthetic_gps
2026-05-19 14:46:03,45.7694474,21.2292908,5.84,victoriei_iulius,walking,0,synthetic_gps
2026-05-19 14:46:04,45.7694698,21.2293225,5.49,victoriei_iulius,walking,0,synthetic_gps
2026-05-19 14:46:05,45.7694377,21.2292213,5.67,victoriei_iulius,walking,0,synthetic_gps
2026-05-19 14:46:06,45.7695401,21.2292843,4.66,victoriei_iulius,walking,0,synthetic_gps
2026-05-19 14:46:07,45.7695445,21.2292781,4.56,victoriei_iulius,walking,0,synthetic_gps
2026-05-19 14:46:08,45.7694947,21.2292259,4.05,victoriei_iulius,walking,0,synthetic_gps
2026-05-19 14:46:09,45.7695038,21.2292597,6.51,victoriei_iulius,walking,0,synthetic_gps
2026-05-19 14:46:10,45.7695767,21.2292916,5.45,victoriei_iulius,walking,0,synthetic_gps
2026-05-19 14:46:11,45.7695745,21.2293022,4.65,victoriei_iulius,walking,0,synthetic_gps
2026-05-19 14:46:12,45.7695634,21.2292617,5.17,victoriei_iulius,walking,0,synthetic_gps
2026-05-19 14:46:13,45.7696271,21.2293087,2.69,victoriei_iulius,walking,0,synthetic_gps
2026-05-19 14:46:14,45.7695902,21.2292787,5.35,victoriei_iulius,walking,0,synthetic_gps
2026-05-19 14:46:15,45.7696534,21.2293372,6.4,victoriei_iulius,walking,0,synthetic_gps
2026-05-19 14:46:16,45.7696669,21.2293181,6.09,victoriei_iulius,walking,0,synthetic_gps
2026-05-19 14:46:17,45.7696352,21.2292802,4.46,victoriei_iulius,walking,0,synthetic_gps
2026-05-19 14:46:18,45.7696792,21.2293279,5.21,victoriei_iulius,walking,0,synthetic_gps
2026-05-19 14:46:19,45.7696753,21.2293547,5.64,victoriei_iulius,walking,0,synthetic_gps
2026-05-19 14:46:20,45.7696887,21.2293034,5.15,victoriei_iulius,walking,0,synthetic_gps
2026-05-19 14:46:21,45.7696831,21.2293495,6.01,victoriei_iulius,walking,0,synthetic_gps
2026-05-19 14:46:22,45.7696928,21.229308,5.3,victoriei_iulius,walking,0,synthetic_gps
2026-05-19 14:46:23,45.7697396,21.2293039,4.76,victoriei_iulius,walking,0,synthetic_gps
2026-05-19 14:46:24,45.7697522,21.2293156,5.62,victoriei_iulius,walking,0,synthetic_gps
2026-05-19 14:46:25,45.7697851,21.2293088,4.98,victoriei_iulius,walking,0,synthetic_gps
2026-05-19 14:46:26,45.7697419,21.2293036,6.36,victoriei_iulius,walking,0,synthetic_gps
2026-05-19 14:46:27,45.7697895,21.2292892,5.94,victoriei_iulius,walking,0,synthetic_gps
2026-05-19 14:46:28,45.7697944,21.2293018,3.88,victoriei_iulius,walking,0,synthetic_gps
2026-05-19 14:46:29,45.7698234,21.2292868,4.93,victoriei_iulius,walking,0,synthetic_gps
2026-05-19 14:46:30,45.7698057,21.2293531,5.45,victoriei_iulius,walking,0,synthetic_gps
2026-05-19 14:46:31,45.7698172,21.229343,4.49,victoriei_iulius,walking,0,synthetic_gps
2026-05-19 14:46:32,45.7698313,21.2292819,4.1,victoriei_iulius,walking,0,synthetic_gps
2026-05-19 14:46:33,45.7698847,21.2293442,6.46,victoriei_iulius,walking,0,synthetic_gps
2026-05-19 14:46:34,45.7698468,21.2293381,5.49,victoriei_iulius,walking,0,synthetic_gps
2026-05-19 14:46:35,45.7698352,21.2293124,6.3,victoriei_iulius,walking,0,synthetic_gps
2026-05-19 14:46:36,45.7699057,21.2293309,3.86,victoriei_iulius,walking,0,synthetic_gps
2026-05-19 14:46:37,45.769907,21.2293642,3.88,victoriei_iulius,walking,0,synthetic_gps
2026-05-19 14:46:38,45.7699249,21.2293532,4.44,victoriei_iulius,walking,0,synthetic_gps
2026-05-19 14:46:39,45.7699541,21.2293376,5.9,victoriei_iulius,walking,0,synthetic_gps
2026-05-19 14:46:40,45.7699326,21.2293375,4.58,victoriei_iulius,walking,0,synthetic_gps
2026-05-19 14:46:41,45.7699192,21.2293489,5.36,victoriei_iulius,walking,0,synthetic_gps
2026-05-19 14:46:42,45.7700134,21.2293781,4.69,victoriei_iulius,walking,0,synthetic_gps
2026-05-19 14:46:43,45.7700091,21.2293292,4.55,victoriei_iulius,walking,0,synthetic_gps
2026-05-19 14:46:44,45.7700418,21.2292977,4.46,victoriei_iulius,walking,0,synthetic_gps
2026-05-19 14:46:45,45.7700602,21.2293677,4.56,victoriei_iulius,walking,0,synthetic_gps
2026-05-19 14:46:46,45.7700413,21.2293059,5.37,victoriei_iulius,walking,0,synthetic_gps
2026-05-19 14:46:47,45.7700628,21.229324,4.83,victoriei_iulius,walking,0,synthetic_gps
2026-05-19 14:46:48,45.7700944,21.2293725,4.96,victoriei_iulius,walking,0,synthetic_gps
2026-05-19 14:46:49,45.770121,21.2294237,1.74,victoriei_iulius,walking,0,synthetic_gps
2026-05-19 14:46:50,45.7700896,21.2293606,2.03,victoriei_iulius,walking,0,synthetic_gps
2026-05-19 14:46:51,45.7700851,21.2293544,1.46,victoriei_iulius,walking,0,synthetic_gps
2026-05-19 14:46:52,45.770115,21.2293896,1.79,victoriei_iulius,walking,0,synthetic_gps
2026-05-19 14:46:53,45.7701331,21.2293661,1.84,victoriei_iulius,walking,0,synthetic_gps
2026-05-19 14:46:54,45.7701427,21.2293538,1.8,victoriei_iulius,walking,0,synthetic_gps
2026-05-19 14:46:55,45.7702026,21.2293613,1.32,victoriei_iulius,walking,0,synthetic_gps
2026-05-19 14:46:56,45.7702022,21.2293963,1.65,victoriei_iulius,walking,0,synthetic_gps
2026-05-19 14:46:57,45.7702385,21.2293785,1.9,victoriei_iulius,walking,0,synthetic_gps
2026-05-19 14:46:58,45.7702158,21.2294039,0.0,victoriei_iulius,walking,0,synthetic_gps
2026-05-19 14:46:59,45.7701891,21.2293806,1.86,victoriei_iulius,walking,0,synthetic_gps
2026-05-19 14:47:00,45.7702485,21.2294017,2.14,victoriei_iulius,walking,0,synthetic_gps
2026-05-19 14:47:01,45.7702458,21.2293793,1.49,victoriei_iulius,walking,0,synthetic_gps
2026-05-19 14:47:02,45.7703052,21.2293738,1.08,victoriei_iulius,walking,0,synthetic_gps
2026-05-19 14:47:03,45.7702778,21.2294045,1.4,victoriei_iulius,walking,0,synthetic_gps
2026-05-19 14:47:04,45.7702999,21.2293603,1.8,victoriei_iulius,walking,0,synthetic_gps
2026-05-19 14:47:05,45.7703229,21.2294168,1.66,victoriei_iulius,walking,0,synthetic_gps
2026-05-19 14:47:06,45.770309,21.229371,1.79,victoriei_iulius,walking,0,synthetic_gps
2026-05-19 14:47:07,45.7703272,21.2293377,1.51,victoriei_iulius,walking,0,synthetic_gps
2026-05-19 14:47:08,45.77039,21.2293915,1.79,victoriei_iulius,walking,0,synthetic_gps
2026-05-19 14:47:09,45.7704031,21.2294296,1.53,victoriei_iulius,walking,0,synthetic_gps
2026-05-19 14:47:10,45.7704044,21.2294057,1.38,victoriei_iulius,walking,0,synthetic_gps
2026-05-19 14:47:11,45.7704033,21.2293879,1.65,victoriei_iulius,walking,0,synthetic_gps
2026-05-19 14:47:12,45.7704146,21.2293964,1.47,victoriei_iulius,walking,0,synthetic_gps
2026-05-19 14:47:13,45.7703977,21.2294055,1.63,victoriei_iulius,walking,0,synthetic_gps
2026-05-19 14:47:14,45.7704277,21.2294515,1.75,victoriei_iulius,walking,0,synthetic_gps
2026-05-19 14:47:15,45.770515,21.2293784,1.7,victoriei_iulius,walking,0,synthetic_gps
2026-05-19 14:47:16,45.7704904,21.229353,1.8,victoriei_iulius,walking,0,synthetic_gps
2026-05-19 14:47:17,45.7704909,21.229381,1.81,victoriei_iulius,walking,0,synthetic_gps
2026-05-19 14:47:18,45.7704887,21.2293798,1.95,victoriei_iulius,walking,0,synthetic_gps
2026-05-19 14:47:19,45.7704845,21.2294565,1.42,victoriei_iulius,walking,0,synthetic_gps
2026-05-19 14:47:20,45.7705515,21.2294064,1.94,victoriei_iulius,walking,0,synthetic_gps
2026-05-19 14:47:21,45.7705468,21.2294613,1.62,victoriei_iulius,walking,0,synthetic_gps
2026-05-19 14:47:22,45.7705608,21.2294345,1.55,victoriei_iulius,walking,0,synthetic_gps
2026-05-19 14:47:23,45.7706044,21.229462,1.28,victoriei_iulius,walking,0,synthetic_gps
2026-05-19 14:47:24,45.7706081,21.2294403,1.35,victoriei_iulius,walking,0,synthetic_gps
2026-05-19 14:47:25,45.7706385,21.2294003,1.48,victoriei_iulius,walking,0,synthetic_gps
2026-05-19 14:47:26,45.7706207,21.2294352,1.64,victoriei_iulius,walking,0,synthetic_gps
2026-05-19 14:47:27,45.7706251,21.2294129,1.46,victoriei_iulius,walking,0,synthetic_gps
2026-05-19 14:47:28,45.7706134,21.229457,1.11,victoriei_iulius,walking,0,synthetic_gps
2026-05-19 14:47:29,45.7706854,21.2294491,1.69,victoriei_iulius,walking,0,synthetic_gps
2026-05-19 14:47:30,45.7706365,21.2293921,1.95,victoriei_iulius,walking,0,synthetic_gps
2026-05-19 14:47:31,45.7706872,21.2294365,1.57,victoriei_iulius,walking,0,synthetic_gps
2026-05-19 14:47:32,45.770704,21.2294761,1.88,victoriei_iulius,walking,0,synthetic_gps
2026-05-19 14:47:33,45.7706847,21.2294296,1.96,victoriei_iulius,walking,0,synthetic_gps
2026-05-19 14:47:34,45.7707364,21.2294191,2.07,victoriei_iulius,walking,0,synthetic_gps
2026-05-19 14:47:35,45.7707709,21.2294254,1.36,victoriei_iulius,walking,0,synthetic_gps
2026-05-19 14:47:36,45.7707471,21.2294645,1.87,victoriei_iulius,walking,0,synthetic_gps
2026-05-19 14:47:37,45.7708002,21.229497,2.06,victoriei_iulius,walking,0,synthetic_gps
2026-05-19 14:47:38,45.7708148,21.2294702,1.33,victoriei_iulius,walking,0,synthetic_gps
2026-05-19 14:47:39,45.7708068,21.2294469,1.43,victoriei_iulius,walking,0,synthetic_gps
2026-05-19 14:47:40,45.7708412,21.2294589,1.52,victoriei_iulius,walking,0,synthetic_gps
2026-05-19 14:47:41,45.7708418,21.2294698,1.89,victoriei_iulius,walking,0,synthetic_gps
2026-05-19 14:47:42,45.7708106,21.229427,1.45,victoriei_iulius,walking,0,synthetic_gps
2026-05-19 14:47:43,45.7708368,21.2294757,1.79,victoriei_iulius,walking,0,synthetic_gps
2026-05-19 14:47:44,45.7708952,21.2294622,2.45,victoriei_iulius,walking,0,synthetic_gps
2026-05-19 14:47:45,45.7708954,21.2295156,1.37,victoriei_iulius,walking,0,synthetic_gps
2026-05-19 14:47:46,45.770873,21.2294702,1.42,victoriei_iulius,walking,0,synthetic_gps
2026-05-19 14:47:47,45.7709121,21.2294566,1.47,victoriei_iulius,walking,0,synthetic_gps
2026-05-19 14:47:48,45.7709306,21.2295117,2.45,victoriei_iulius,walking,0,synthetic_gps
2026-05-19 14:47:49,45.7709423,21.2294784,1.52,victoriei_iulius,walking,0,synthetic_gps
2026-05-19 14:47:50,45.7709532,21.2295298,2.15,victoriei_iulius,walking,0,synthetic_gps
2026-05-19 14:47:51,45.7710029,21.2294507,1.63,victoriei_iulius,walking,0,synthetic_gps
2026-05-19 14:47:52,45.7709936,21.229511,1.71,victoriei_iulius,walking,0,synthetic_gps
2026-05-19 14:47:53,45.7709691,21.2294788,1.74,victoriei_iulius,walking,0,synthetic_gps
2026-05-19 14:47:54,45.7710289,21.2294446,1.9,victoriei_iulius,walking,0,synthetic_gps
2026-05-19 14:47:55,45.7709787,21.2294512,2.01,victoriei_iulius,walking,0,synthetic_gps
2026-05-19 14:47:56,45.7710611,21.2295386,1.25,victoriei_iulius,walking,0,synthetic_gps
2026-05-19 14:47:57,45.7710788,21.2294654,1.36,victoriei_iulius,walking,0,synthetic_gps
2026-05-19 14:47:58,45.7710805,21.2294691,2.08,victoriei_iulius,walking,0,synthetic_gps
2026-05-19 14:47:59,45.7710838,21.229473,1.42,victoriei_iulius,walking,0,synthetic_gps
