timestamp,latitude,longitude,speed_kmh,route_id,transport_mode,is_peak_hour,source
2026-05-13 18:16:00,45.7575214,21.2076371,0.79,gara_traian,tram,1,synthetic_gps
2026-05-13 18:16:01,45.757467,21.2075784,0.5,gara_traian,tram,1,synthetic_gps
2026-05-13 18:16:02,45.7574815,21.2076051,0.6,gara_traian,tram,1,synthetic_gps
2026-05-13 18:16:03,45.7574814,21.2076309,0.48,gara_traian,tram,1,synthetic_gps
2026-05-13 18:16:04,45.7574312,21.2076613,0.21,gara_traian,tram,1,synthetic_gps
2026-05-13 18:16:05,45.757501,21.2076715,0.52,gara_traian,tram,1,synthetic_gps
2026-05-13 18:16:06,45.7574826,21.2076375,0.18,gara_traian,tram,1,synthetic_gps
2026-05-13 18:16:07,45.7574963,21.2077345,0.4,gara_traian,tram,1,synthetic_gps
2026-05-13 18:16:08,45.7574482,21.207776,0.44,gara_traian,tram,1,synthetic_gps
2026-05-13 18:16:09,45.7573735,21.2077479,0.5,gara_traian,tram,1,synthetic_gps
2026-05-13 18:16:10,45.7574891,21.2078547,0.43,gara_traian,tram,1,synthetic_gps
2026-05-13 18:16:11,45.7574133,21.2077888,0.62,gara_traian,tram,1,synthetic_gps
2026-05-13 18:16:12,45.7573138,21.2077991,0.22,gara_traian,tram,1,synthetic_gps
2026-05-13 18:16:13,45.7573505,21.2077936,0.61,gara_traian,tram,1,synthetic_gps
2026-05-13 18:16:14,45.7573681,21.2077995,0.86,gara_traian,tram,1,synthetic_gps
2026-05-13 18:16:15,45.7573583,21.2077869,0.59,gara_traian,tram,1,synthetic_gps
2026-05-13 18:16:16,45.7574533,21.2078883,0.33,gara_traian,tram,1,synthetic_gps
2026-05-13 18:16:17,45.7574518,21.2079568,0.26,gara_traian,tram,1,synthetic_gps
2026-05-13 18:16:18,45.7574333,21.2079827,7.69,gara_traian,tram,1,synthetic_gps
2026-05-13 18:16:19,45.7574067,21.2078852,5.32,gara_traian,tram,1,synthetic_gps
2026-05-13 18:16:20,45.7573641,21.2079334,4.5,gara_traian,tram,1,synthetic_gps
2026-05-13 18:16:21,45.7573531,21.2079232,4.83,gara_traian,tram,1,synthetic_gps
2026-05-13 18:16:22,45.7574052,21.207961,6.78,gara_traian,tram,1,synthetic_gps
2026-05-13 18:16:23,45.7574083,21.2079783,7.37,gara_traian,tram,1,synthetic_gps
2026-05-13 18:16:24,45.7573626,21.2079829,5.08,gara_traian,tram,1,synthetic_gps
2026-05-13 18:16:25,45.7573005,21.2079795,7.25,gara_traian,tram,1,synthetic_gps
2026-05-13 18:16:26,45.757218,21.2080178,2.45,gara_traian,tram,1,synthetic_gps
2026-05-13 18:16:27,45.7573456,21.2080126,6.67,gara_traian,tram,1,synthetic_gps
2026-05-13 18:16:28,45.7573054,21.2080002,5.09,gara_traian,tram,1,synthetic_gps
2026-05-13 18:16:29,45.7573171,21.2080921,2.32,gara_traian,tram,1,synthetic_gps
2026-05-13 18:16:30,45.7573211,21.2080045,3.44,gara_traian,tram,1,synthetic_gps
2026-05-13 18:16:31,45.7572392,21.2080437,5.64,gara_traian,tram,1,synthetic_gps
2026-05-13 18:16:32,45.7572659,21.2080277,6.76,gara_traian,tram,1,synthetic_gps
2026-05-13 18:16:33,45.7573253,21.208185,7.1,gara_traian,tram,1,synthetic_gps
2026-05-13 18:16:34,45.7573256,21.2081966,9.61,gara_traian,tram,1,synthetic_gps
2026-05-13 18:16:35,45.7571946,21.208172,11.29,gara_traian,tram,1,synthetic_gps
2026-05-13 18:16:36,45.7572874,21.2081803,6.74,gara_traian,tram,1,synthetic_gps
2026-05-13 18:16:37,45.7573429,21.2082148,3.9,gara_traian,tram,1,synthetic_gps
2026-05-13 18:16:38,45.7572537,21.2081113,7.87,gara_traian,tram,1,synthetic_gps
2026-05-13 18:16:39,45.757206,21.2083077,6.33,gara_traian,tram,1,synthetic_gps
2026-05-13 18:16:40,45.7572414,21.208356,2.96,gara_traian,tram,1,synthetic_gps
2026-05-13 18:16:41,45.7572495,21.2082314,5.39,gara_traian,tram,1,synthetic_gps
2026-05-13 18:16:42,45.7572652,21.2082523,5.09,gara_traian,tram,1,synthetic_gps
2026-05-13 18:16:43,45.7572909,21.2083112,9.32,gara_traian,tram,1,synthetic_gps
2026-05-13 18:16:44,45.7572395,21.2083285,6.02,gara_traian,tram,1,synthetic_gps
2026-05-13 18:16:45,45.7572574,21.2083265,7.81,gara_traian,tram,1,synthetic_gps
2026-05-13 18:16:46,45.7571756,21.2084472,7.68,gara_traian,tram,1,synthetic_gps
2026-05-13 18:16:47,45.7571421,21.2083877,4.77,gara_traian,tram,1,synthetic_gps
2026-05-13 18:16:48,45.7571736,21.2083426,5.09,gara_traian,tram,1,synthetic_gps
2026-05-13 18:16:49,45.7571859,21.2084217,7.16,gara_traian,tram,1,synthetic_gps
2026-05-13 18:16:50,45.7572074,21.2084046,10.22,gara_traian,tram,1,synthetic_gps
2026-05-13 18:16:51,45.7571961,21.2083362,2.22,gara_traian,tram,1,synthetic_gps
2026-05-13 18:16:52,45.7571868,21.2084629,6.81,gara_traian,tram,1,synthetic_gps
2026-05-13 18:16:53,45.7571107,21.2084329,5.59,gara_traian,tram,1,synthetic_gps
2026-05-13 18:16:54,45.7572259,21.2084766,6.9,gara_traian,tram,1,synthetic_gps
2026-05-13 18:16:55,45.7571485,21.2084609,3.5,gara_traian,tram,1,synthetic_gps
2026-05-13 18:16:56,45.7571981,21.2084916,7.76,gara_traian,tram,1,synthetic_gps
2026-05-13 18:16:57,45.7571388,21.2085677,8.78,gara_traian,tram,1,synthetic_gps
2026-05-13 18:16:58,45.7571849,21.208625,6.45,gara_traian,tram,1,synthetic_gps
2026-05-13 18:16:59,45.7570368,21.2085542,6.1,gara_traian,tram,1,synthetic_gps
2026-05-13 18:17:00,45.7571827,21.2086572,5.45,gara_traian,tram,1,synthetic_gps
2026-05-13 18:17:01,45.7571211,21.2085847,2.09,gara_traian,tram,1,synthetic_gps
2026-05-13 18:17:02,45.7571185,21.208579,4.28,gara_traian,tram,1,synthetic_gps
2026-05-13 18:17:03,45.7570904,21.2086396,5.3,gara_traian,tram,1,synthetic_gps
2026-05-13 18:17:04,45.7570428,21.2085765,3.87,gara_traian,tram,1,synthetic_gps
2026-05-13 18:17:05,45.7571197,21.2086188,4.64,gara_traian,tram,1,synthetic_gps
2026-05-13 18:17:06,45.7570384,21.2086982,5.92,gara_traian,tram,1,synthetic_gps
2026-05-13 18:17:07,45.7570476,21.2086117,4.58,gara_traian,tram,1,synthetic_gps
2026-05-13 18:17:08,45.7570554,21.2086543,4.66,gara_traian,tram,1,synthetic_gps
2026-05-13 18:17:09,45.7571245,21.2086885,4.67,gara_traian,tram,1,synthetic_gps
2026-05-13 18:17:10,45.7570406,21.2086483,6.45,gara_traian,tram,1,synthetic_gps
2026-05-13 18:17:11,45.7570836,21.2087938,1.88,gara_traian,tram,1,synthetic_gps
2026-05-13 18:17:12,45.7569941,21.2087847,9.83,gara_traian,tram,1,synthetic_gps
2026-05-13 18:17:13,45.7570254,21.208763,8.43,gara_traian,tram,1,synthetic_gps
2026-05-13 18:17:14,45.7570506,21.2088734,9.38,gara_traian,tram,1,synthetic_gps
2026-05-13 18:17:15,45.7569841,21.2087331,9.75,gara_traian,tram,1,synthetic_gps
2026-05-13 18:17:16,45.7570345,21.2087963,6.55,gara_traian,tram,1,synthetic_gps
2026-05-13 18:17:17,45.7570976,21.2087822,6.41,gara_traian,tram,1,synthetic_gps
2026-05-13 18:17:18,45.757093,21.2088092,5.44,gara_traian,tram,1,synthetic_gps
2026-05-13 18:17:19,45.7569895,21.208836,2.39,gara_traian,tram,1,synthetic_gps
2026-05-13 18:17:20,45.7570256,21.2088883,6.75,gara_traian,tram,1,synthetic_gps
2026-05-13 18:17:21,45.7569972,21.208966,3.36,gara_traian,tram,1,synthetic_gps
2026-05-13 18:17:22,45.7568631,21.2089297,9.25,gara_traian,tram,1,synthetic_gps
2026-05-13 18:17:23,45.7569896,21.2089278,7.13,gara_traian,tram,1,synthetic_gps
2026-05-13 18:17:24,45.7569271,21.2088839,4.25,gara_traian,tram,1,synthetic_gps
2026-05-13 18:17:25,45.7568964,21.2090025,10.41,gara_traian,tram,1,synthetic_gps
2026-05-13 18:17:26,45.7569386,21.2089759,9.56,gara_traian,tram,1,synthetic_gps
2026-05-13 18:17:27,45.7569867,21.2090435,17.56,gara_traian,tram,1,synthetic_gps
2026-05-13 18:17:28,45.7569948,21.2090436,13.37,gara_traian,tram,1,synthetic_gps
2026-05-13 18:17:29,45.7570708,21.208955,5.37,gara_traian,tram,1,synthetic_gps
2026-05-13 18:17:30,45.7569682,21.2090506,13.37,gara_traian,tram,1,synthetic_gps
2026-05-13 18:17:31,45.7569635,21.209069,21.17,gara_traian,tram,1,synthetic_gps
2026-05-13 18:17:32,45.7569192,21.2091325,16.17,gara_traian,tram,1,synthetic_gps
2026-05-13 18:17:33,45.7569398,21.2091627,21.03,gara_traian,tram,1,synthetic_gps
2026-05-13 18:17:34,45.7568271,21.2091153,20.3,gara_traian,tram,1,synthetic_gps
2026-05-13 18:17:35,45.7569906,21.2090587,19.28,gara_traian,tram,1,synthetic_gps
2026-05-13 18:17:36,45.7569433,21.2091599,20.59,gara_traian,tram,1,synthetic_gps
2026-05-13 18:17:37,45.7568651,21.2091108,20.59,gara_traian,tram,1,synthetic_gps
2026-05-13 18:17:38,45.7568793,21.2092225,20.83,gara_traian,tram,1,synthetic_gps
2026-05-13 18:17:39,45.7568398,21.2091964,12.83,gara_traian,tram,1,synthetic_gps
2026-05-13 18:17:40,45.7569733,21.209172,20.83,gara_traian,tram,1,synthetic_gps
2026-05-13 18:17:41,45.7568686,21.2092208,24.29,gara_traian,tram,1,synthetic_gps
2026-05-13 18:17:42,45.7567531,21.2092386,16.29,gara_traian,tram,1,synthetic_gps
2026-05-13 18:17:43,45.7567872,21.2092985,20.34,gara_traian,tram,1,synthetic_gps
2026-05-13 18:17:44,45.7568431,21.2092547,14.47,gara_traian,tram,1,synthetic_gps
2026-05-13 18:17:45,45.7568472,21.2092702,14.28,gara_traian,tram,1,synthetic_gps
2026-05-13 18:17:46,45.7568352,21.2093223,22.28,gara_traian,tram,1,synthetic_gps
2026-05-13 18:17:47,45.7568226,21.2093615,14.28,gara_traian,tram,1,synthetic_gps
2026-05-13 18:17:48,45.7567824,21.209323,18.12,gara_traian,tram,1,synthetic_gps
2026-05-13 18:17:49,45.7567842,21.2093746,19.79,gara_traian,tram,1,synthetic_gps
2026-05-13 18:17:50,45.756828,21.209338,23.74,gara_traian,tram,1,synthetic_gps
2026-05-13 18:17:51,45.7568294,21.209316,15.74,gara_traian,tram,1,synthetic_gps
2026-05-13 18:17:52,45.7567553,21.2093291,23.74,gara_traian,tram,1,synthetic_gps
2026-05-13 18:17:53,45.7567622,21.2094087,19.81,gara_traian,tram,1,synthetic_gps
2026-05-13 18:17:54,45.7568232,21.209402,13.54,gara_traian,tram,1,synthetic_gps
2026-05-13 18:17:55,45.7567675,21.2094881,12.21,gara_traian,tram,1,synthetic_gps
2026-05-13 18:17:56,45.7567516,21.2094426,20.21,gara_traian,tram,1,synthetic_gps
2026-05-13 18:17:57,45.7568015,21.2094142,16.48,gara_traian,tram,1,synthetic_gps
2026-05-13 18:17:58,45.756801,21.2094638,24.48,gara_traian,tram,1,synthetic_gps
2026-05-13 18:17:59,45.7567343,21.2095439,21.31,gara_traian,tram,1,synthetic_gps
2026-05-13 18:18:00,45.7567899,21.2095106,25.62,gara_traian,tram,1,synthetic_gps
2026-05-13 18:18:01,45.7567572,21.2095629,17.62,gara_traian,tram,1,synthetic_gps
2026-05-13 18:18:02,45.756687,21.2095824,9.62,gara_traian,tram,1,synthetic_gps
2026-05-13 18:18:03,45.7567035,21.2095375,15.18,gara_traian,tram,1,synthetic_gps
2026-05-13 18:18:04,45.756791,21.2096079,10.91,gara_traian,tram,1,synthetic_gps
2026-05-13 18:18:05,45.7567482,21.2095717,13.66,gara_traian,tram,1,synthetic_gps
2026-05-13 18:18:06,45.756752,21.2096444,17.48,gara_traian,tram,1,synthetic_gps
2026-05-13 18:18:07,45.7566908,21.2096353,17.08,gara_traian,tram,1,synthetic_gps
2026-05-13 18:18:08,45.7567362,21.2097374,15.26,gara_traian,tram,1,synthetic_gps
2026-05-13 18:18:09,45.7567318,21.2096411,21.21,gara_traian,tram,1,synthetic_gps
2026-05-13 18:18:10,45.7566991,21.2096669,20.66,gara_traian,tram,1,synthetic_gps
2026-05-13 18:18:11,45.7567048,21.209666,17.67,gara_traian,tram,1,synthetic_gps
2026-05-13 18:18:12,45.7566584,21.2096823,11.24,gara_traian,tram,1,synthetic_gps
2026-05-13 18:18:13,45.7566326,21.2097372,13.81,gara_traian,tram,1,synthetic_gps
2026-05-13 18:18:14,45.7566901,21.2097364,10.69,gara_traian,tram,1,synthetic_gps
2026-05-13 18:18:15,45.7566467,21.2098341,12.5,gara_traian,tram,1,synthetic_gps
2026-05-13 18:18:16,45.7566354,21.2098121,17.92,gara_traian,tram,1,synthetic_gps
2026-05-13 18:18:17,45.7566776,21.2097927,25.13,gara_traian,tram,1,synthetic_gps
2026-05-13 18:18:18,45.7565702,21.2097441,17.13,gara_traian,tram,1,synthetic_gps
2026-05-13 18:18:19,45.7566646,21.2098296,14.07,gara_traian,tram,1,synthetic_gps
2026-05-13 18:18:20,45.7565219,21.2097827,22.07,gara_traian,tram,1,synthetic_gps
2026-05-13 18:18:21,45.7566334,21.2098521,17.81,gara_traian,tram,1,synthetic_gps
2026-05-13 18:18:22,45.7566936,21.2098804,18.27,gara_traian,tram,1,synthetic_gps
2026-05-13 18:18:23,45.756524,21.2097913,14.77,gara_traian,tram,1,synthetic_gps
2026-05-13 18:18:24,45.7566783,21.2099328,22.77,gara_traian,tram,1,synthetic_gps
2026-05-13 18:18:25,45.7565342,21.2099977,22.36,gara_traian,tram,1,synthetic_gps
2026-05-13 18:18:26,45.7565955,21.2099448,14.36,gara_traian,tram,1,synthetic_gps
2026-05-13 18:18:27,45.756587,21.2099004,22.36,gara_traian,tram,1,synthetic_gps
2026-05-13 18:18:28,45.756478,21.2100543,19.23,gara_traian,tram,1,synthetic_gps
2026-05-13 18:18:29,45.7565526,21.2100077,20.42,gara_traian,tram,1,synthetic_gps
2026-05-13 18:18:30,45.7565129,21.2099737,12.42,gara_traian,tram,1,synthetic_gps
2026-05-13 18:18:31,45.7565938,21.2099199,20.42,gara_traian,tram,1,synthetic_gps
2026-05-13 18:18:32,45.7565685,21.2100467,22.4,gara_traian,tram,1,synthetic_gps
2026-05-13 18:18:33,45.7566097,21.2101273,14.4,gara_traian,tram,1,synthetic_gps
2026-05-13 18:18:34,45.7565561,21.2100341,16.37,gara_traian,tram,1,synthetic_gps
2026-05-13 18:18:35,45.7564937,21.2101649,10.28,gara_traian,tram,1,synthetic_gps
2026-05-13 18:18:36,45.7565576,21.2100931,18.28,gara_traian,tram,1,synthetic_gps
2026-05-13 18:18:37,45.7565232,21.2100735,12.76,gara_traian,tram,1,synthetic_gps
2026-05-13 18:18:38,45.7565242,21.2100655,15.58,gara_traian,tram,1,synthetic_gps
2026-05-13 18:18:39,45.7565139,21.2101174,12.99,gara_traian,tram,1,synthetic_gps
2026-05-13 18:18:40,45.7565053,21.2100995,11.0,gara_traian,tram,1,synthetic_gps
2026-05-13 18:18:41,45.7565077,21.210134,19.0,gara_traian,tram,1,synthetic_gps
2026-05-13 18:18:42,45.7564968,21.2101635,16.29,gara_traian,tram,1,synthetic_gps
2026-05-13 18:18:43,45.7565496,21.2102555,24.29,gara_traian,tram,1,synthetic_gps
2026-05-13 18:18:44,45.7564555,21.2102385,24.82,gara_traian,tram,1,synthetic_gps
2026-05-13 18:18:45,45.7565071,21.210236,22.09,gara_traian,tram,1,synthetic_gps
2026-05-13 18:18:46,45.7565412,21.2102527,14.09,gara_traian,tram,1,synthetic_gps
2026-05-13 18:18:47,45.7564103,21.2102622,6.09,gara_traian,tram,1,synthetic_gps
2026-05-13 18:18:48,45.7564753,21.2102138,7.89,gara_traian,tram,1,synthetic_gps
2026-05-13 18:18:49,45.7564214,21.2102913,15.89,gara_traian,tram,1,synthetic_gps
2026-05-13 18:18:50,45.7563768,21.2102482,9.15,gara_traian,tram,1,synthetic_gps
2026-05-13 18:18:51,45.7563942,21.2103561,17.15,gara_traian,tram,1,synthetic_gps
2026-05-13 18:18:52,45.7564129,21.2103867,12.67,gara_traian,tram,1,synthetic_gps
2026-05-13 18:18:53,45.7564887,21.210358,13.06,gara_traian,tram,1,synthetic_gps
2026-05-13 18:18:54,45.7564051,21.2104136,19.42,gara_traian,tram,1,synthetic_gps
2026-05-13 18:18:55,45.7562624,21.2103789,13.24,gara_traian,tram,1,synthetic_gps
2026-05-13 18:18:56,45.7563825,21.2104829,21.24,gara_traian,tram,1,synthetic_gps
2026-05-13 18:18:57,45.7564086,21.2104569,13.24,gara_traian,tram,1,synthetic_gps
2026-05-13 18:18:58,45.7564258,21.2104728,9.48,gara_traian,tram,1,synthetic_gps
2026-05-13 18:18:59,45.7564442,21.2104576,11.47,gara_traian,tram,1,synthetic_gps
2026-05-13 18:19:00,45.7563825,21.2104499,3.47,gara_traian,tram,1,synthetic_gps
2026-05-13 18:19:01,45.7563351,21.2104427,1.32,gara_traian,tram,1,synthetic_gps
2026-05-13 18:19:02,45.7563518,21.210467,0.0,gara_traian,tram,1,synthetic_gps
2026-05-13 18:19:03,45.7563471,21.2105065,1.3,gara_traian,tram,1,synthetic_gps
2026-05-13 18:19:04,45.7563662,21.2105505,1.13,gara_traian,tram,1,synthetic_gps
2026-05-13 18:19:05,45.756327,21.2105524,2.02,gara_traian,tram,1,synthetic_gps
2026-05-13 18:19:06,45.756322,21.2105767,1.46,gara_traian,tram,1,synthetic_gps
2026-05-13 18:19:07,45.7563628,21.210628,1.59,gara_traian,tram,1,synthetic_gps
2026-05-13 18:19:08,45.7562199,21.2106776,1.82,gara_traian,tram,1,synthetic_gps
2026-05-13 18:19:09,45.7562437,21.2105879,1.68,gara_traian,tram,1,synthetic_gps
2026-05-13 18:19:10,45.7562905,21.2106029,0.7,gara_traian,tram,1,synthetic_gps
2026-05-13 18:19:11,45.7562921,21.2106521,1.14,gara_traian,tram,1,synthetic_gps
2026-05-13 18:19:12,45.756389,21.2106842,1.48,gara_traian,tram,1,synthetic_gps
2026-05-13 18:19:13,45.7562938,21.2106553,1.37,gara_traian,tram,1,synthetic_gps
2026-05-13 18:19:14,45.7563033,21.2106546,0.99,gara_traian,tram,1,synthetic_gps
2026-05-13 18:19:15,45.7563164,21.2106954,1.27,gara_traian,tram,1,synthetic_gps
2026-05-13 18:19:16,45.7562552,21.210757,1.13,gara_traian,tram,1,synthetic_gps
2026-05-13 18:19:17,45.7562481,21.2108214,1.47,gara_traian,tram,1,synthetic_gps
2026-05-13 18:19:18,45.7561889,21.2107405,9.47,gara_traian,tram,1,synthetic_gps
2026-05-13 18:19:19,45.7562951,21.2108255,10.6,gara_traian,tram,1,synthetic_gps
2026-05-13 18:19:20,45.7562084,21.2107849,10.44,gara_traian,tram,1,synthetic_gps
2026-05-13 18:19:21,45.7562965,21.2108657,18.44,gara_traian,tram,1,synthetic_gps
2026-05-13 18:19:22,45.7562497,21.2107792,18.4,gara_traian,tram,1,synthetic_gps
2026-05-13 18:19:23,45.756257,21.2108011,19.05,gara_traian,tram,1,synthetic_gps
2026-05-13 18:19:24,45.7562363,21.2108025,11.61,gara_traian,tram,1,synthetic_gps
2026-05-13 18:19:25,45.7562753,21.2109077,19.61,gara_traian,tram,1,synthetic_gps
2026-05-13 18:19:26,45.7562297,21.2108945,16.21,gara_traian,tram,1,synthetic_gps
2026-05-13 18:19:27,45.7561392,21.2108706,18.62,gara_traian,tram,1,synthetic_gps
2026-05-13 18:19:28,45.7561806,21.2109446,24.91,gara_traian,tram,1,synthetic_gps
2026-05-13 18:19:29,45.7562177,21.2109609,17.53,gara_traian,tram,1,synthetic_gps
2026-05-13 18:19:30,45.756225,21.2109461,14.82,gara_traian,tram,1,synthetic_gps
2026-05-13 18:19:31,45.7561611,21.2110467,20.91,gara_traian,tram,1,synthetic_gps
2026-05-13 18:19:32,45.756187,21.2109338,12.91,gara_traian,tram,1,synthetic_gps
2026-05-13 18:19:33,45.7562697,21.211133,20.91,gara_traian,tram,1,synthetic_gps
2026-05-13 18:19:34,45.7561729,21.2110667,25.16,gara_traian,tram,1,synthetic_gps
2026-05-13 18:19:35,45.7561777,21.2110479,21.81,gara_traian,tram,1,synthetic_gps
2026-05-13 18:19:36,45.7561648,21.2110228,20.98,gara_traian,tram,1,synthetic_gps
2026-05-13 18:19:37,45.7561101,21.2110856,15.41,gara_traian,tram,1,synthetic_gps
2026-05-13 18:19:38,45.7561078,21.2109862,23.41,gara_traian,tram,1,synthetic_gps
2026-05-13 18:19:39,45.7561334,21.2110018,27.43,gara_traian,tram,1,synthetic_gps
2026-05-13 18:19:40,45.7561507,21.2111048,19.43,gara_traian,tram,1,synthetic_gps
2026-05-13 18:19:41,45.7560423,21.2111369,27.43,gara_traian,tram,1,synthetic_gps
2026-05-13 18:19:42,45.7561823,21.2111135,19.43,gara_traian,tram,1,synthetic_gps
2026-05-13 18:19:43,45.7560979,21.2111902,25.87,gara_traian,tram,1,synthetic_gps
2026-05-13 18:19:44,45.7561176,21.2111638,17.87,gara_traian,tram,1,synthetic_gps
2026-05-13 18:19:45,45.7560575,21.2111345,25.87,gara_traian,tram,1,synthetic_gps
2026-05-13 18:19:46,45.7560851,21.2111809,23.81,gara_traian,tram,1,synthetic_gps
2026-05-13 18:19:47,45.7560257,21.2111256,17.91,gara_traian,tram,1,synthetic_gps
2026-05-13 18:19:48,45.756052,21.2111834,11.22,gara_traian,tram,1,synthetic_gps
2026-05-13 18:19:49,45.7561255,21.211265,17.85,gara_traian,tram,1,synthetic_gps
2026-05-13 18:19:50,45.7560156,21.2112273,17.58,gara_traian,tram,1,synthetic_gps
2026-05-13 18:19:51,45.7560724,21.211344,9.61,gara_traian,tram,1,synthetic_gps
2026-05-13 18:19:52,45.7560761,21.2113239,16.1,gara_traian,tram,1,synthetic_gps
2026-05-13 18:19:53,45.7561076,21.2113022,19.14,gara_traian,tram,1,synthetic_gps
2026-05-13 18:19:54,45.7560313,21.2113922,16.94,gara_traian,tram,1,synthetic_gps
2026-05-13 18:19:55,45.7559955,21.2114102,23.54,gara_traian,tram,1,synthetic_gps
2026-05-13 18:19:56,45.7560683,21.2113446,25.31,gara_traian,tram,1,synthetic_gps
2026-05-13 18:19:57,45.7559633,21.2114437,17.31,gara_traian,tram,1,synthetic_gps
2026-05-13 18:19:58,45.7559686,21.2114397,17.91,gara_traian,tram,1,synthetic_gps
2026-05-13 18:19:59,45.7559563,21.2114455,10.4,gara_traian,tram,1,synthetic_gps
2026-05-13 18:20:00,45.7560093,21.2114456,18.4,gara_traian,tram,1,synthetic_gps
2026-05-13 18:20:01,45.7559693,21.2114239,21.11,gara_traian,tram,1,synthetic_gps
2026-05-13 18:20:02,45.7559827,21.2114574,20.15,gara_traian,tram,1,synthetic_gps
2026-05-13 18:20:03,45.7559622,21.2115546,18.62,gara_traian,tram,1,synthetic_gps
2026-05-13 18:20:04,45.755985,21.2115309,12.98,gara_traian,tram,1,synthetic_gps
2026-05-13 18:20:05,45.756037,21.2114765,18.35,gara_traian,tram,1,synthetic_gps
2026-05-13 18:20:06,45.7560172,21.2115615,26.35,gara_traian,tram,1,synthetic_gps
2026-05-13 18:20:07,45.7560311,21.2115148,22.19,gara_traian,tram,1,synthetic_gps
2026-05-13 18:20:08,45.7559375,21.2116954,14.19,gara_traian,tram,1,synthetic_gps
2026-05-13 18:20:09,45.7559577,21.2115878,18.89,gara_traian,tram,1,synthetic_gps
2026-05-13 18:20:10,45.7559464,21.2116477,18.09,gara_traian,tram,1,synthetic_gps
2026-05-13 18:20:11,45.7559661,21.2116214,20.04,gara_traian,tram,1,synthetic_gps
2026-05-13 18:20:12,45.7559531,21.2116698,25.53,gara_traian,tram,1,synthetic_gps
2026-05-13 18:20:13,45.7558954,21.2116482,17.53,gara_traian,tram,1,synthetic_gps
2026-05-13 18:20:14,45.7559207,21.2116095,22.94,gara_traian,tram,1,synthetic_gps
2026-05-13 18:20:15,45.7559448,21.2116716,22.24,gara_traian,tram,1,synthetic_gps
2026-05-13 18:20:16,45.7559639,21.2117211,14.24,gara_traian,tram,1,synthetic_gps
2026-05-13 18:20:17,45.7558877,21.2116592,22.24,gara_traian,tram,1,synthetic_gps
2026-05-13 18:20:18,45.7559237,21.2117519,14.24,gara_traian,tram,1,synthetic_gps
2026-05-13 18:20:19,45.7558859,21.211767,17.22,gara_traian,tram,1,synthetic_gps
2026-05-13 18:20:20,45.7558373,21.2117887,9.22,gara_traian,tram,1,synthetic_gps
2026-05-13 18:20:21,45.7558511,21.2117478,17.22,gara_traian,tram,1,synthetic_gps
2026-05-13 18:20:22,45.7559225,21.2119019,23.58,gara_traian,tram,1,synthetic_gps
2026-05-13 18:20:23,45.7558838,21.2117144,15.58,gara_traian,tram,1,synthetic_gps
2026-05-13 18:20:24,45.7559175,21.2118216,22.06,gara_traian,tram,1,synthetic_gps
2026-05-13 18:20:25,45.7558253,21.2118208,17.12,gara_traian,tram,1,synthetic_gps
2026-05-13 18:20:26,45.7558203,21.2118717,16.21,gara_traian,tram,1,synthetic_gps
2026-05-13 18:20:27,45.7557956,21.2118071,11.56,gara_traian,tram,1,synthetic_gps
2026-05-13 18:20:28,45.7558247,21.2118619,19.23,gara_traian,tram,1,synthetic_gps
2026-05-13 18:20:29,45.7557932,21.2119287,14.06,gara_traian,tram,1,synthetic_gps
2026-05-13 18:20:30,45.7557949,21.2119136,16.48,gara_traian,tram,1,synthetic_gps
2026-05-13 18:20:31,45.7558445,21.211914,24.48,gara_traian,tram,1,synthetic_gps
2026-05-13 18:20:32,45.7557912,21.2120072,25.05,gara_traian,tram,1,synthetic_gps
2026-05-13 18:20:33,45.7558114,21.2119601,17.05,gara_traian,tram,1,synthetic_gps
2026-05-13 18:20:34,45.7557933,21.2119848,12.9,gara_traian,tram,1,synthetic_gps
2026-05-13 18:20:35,45.7557448,21.2120069,13.56,gara_traian,tram,1,synthetic_gps
2026-05-13 18:20:36,45.7557978,21.2121056,21.56,gara_traian,tram,1,synthetic_gps
2026-05-13 18:20:37,45.755773,21.2120536,23.82,gara_traian,tram,1,synthetic_gps
2026-05-13 18:20:38,45.7557387,21.2121294,27.19,gara_traian,tram,1,synthetic_gps
2026-05-13 18:20:39,45.7557997,21.2120953,19.41,gara_traian,tram,1,synthetic_gps
2026-05-13 18:20:40,45.7557511,21.2120662,27.41,gara_traian,tram,1,synthetic_gps
2026-05-13 18:20:41,45.7557532,21.2120977,19.41,gara_traian,tram,1,synthetic_gps
2026-05-13 18:20:42,45.7556888,21.2121522,18.83,gara_traian,tram,1,synthetic_gps
2026-05-13 18:20:43,45.7557222,21.2121793,10.83,gara_traian,tram,1,synthetic_gps
2026-05-13 18:20:44,45.7558122,21.2121305,18.83,gara_traian,tram,1,synthetic_gps
2026-05-13 18:20:45,45.7557579,21.2121576,23.7,gara_traian,tram,1,synthetic_gps
2026-05-13 18:20:46,45.7556856,21.2122882,15.7,gara_traian,tram,1,synthetic_gps
2026-05-13 18:20:47,45.7557743,21.212148,23.6,gara_traian,tram,1,synthetic_gps
2026-05-13 18:20:48,45.7556883,21.2122124,17.49,gara_traian,tram,1,synthetic_gps
2026-05-13 18:20:49,45.7556754,21.2121895,14.99,gara_traian,tram,1,synthetic_gps
2026-05-13 18:20:50,45.755638,21.2122383,6.99,gara_traian,tram,1,synthetic_gps
2026-05-13 18:20:51,45.755681,21.2121887,14.99,gara_traian,tram,1,synthetic_gps
2026-05-13 18:20:52,45.7556666,21.2122933,20.51,gara_traian,tram,1,synthetic_gps
2026-05-13 18:20:53,45.7556336,21.2122312,12.51,gara_traian,tram,1,synthetic_gps
2026-05-13 18:20:54,45.7556186,21.2122076,20.51,gara_traian,tram,1,synthetic_gps
2026-05-13 18:20:55,45.7556704,21.2122172,27.58,gara_traian,tram,1,synthetic_gps
2026-05-13 18:20:56,45.7557244,21.2123649,22.44,gara_traian,tram,1,synthetic_gps
2026-05-13 18:20:57,45.7556621,21.2123748,21.27,gara_traian,tram,1,synthetic_gps
2026-05-13 18:20:58,45.7556132,21.2123725,18.91,gara_traian,tram,1,synthetic_gps
2026-05-13 18:20:59,45.7557299,21.2122766,10.91,gara_traian,tram,1,synthetic_gps
2026-05-13 18:21:00,45.755569,21.2123893,18.91,gara_traian,tram,1,synthetic_gps
2026-05-13 18:21:01,45.7555636,21.2124414,19.58,gara_traian,tram,1,synthetic_gps
2026-05-13 18:21:02,45.7556188,21.2124493,26.96,gara_traian,tram,1,synthetic_gps
2026-05-13 18:21:03,45.7555363,21.2123841,18.96,gara_traian,tram,1,synthetic_gps
2026-05-13 18:21:04,45.7556703,21.2123398,21.75,gara_traian,tram,1,synthetic_gps
2026-05-13 18:21:05,45.7556036,21.2124456,13.75,gara_traian,tram,1,synthetic_gps
2026-05-13 18:21:06,45.7556769,21.2125245,21.75,gara_traian,tram,1,synthetic_gps
2026-05-13 18:21:07,45.7555668,21.2124829,20.14,gara_traian,tram,1,synthetic_gps
2026-05-13 18:21:08,45.7555625,21.2124946,20.93,gara_traian,tram,1,synthetic_gps
2026-05-13 18:21:09,45.7555369,21.2124728,12.93,gara_traian,tram,1,synthetic_gps
2026-05-13 18:21:10,45.7555244,21.2125198,20.93,gara_traian,tram,1,synthetic_gps
2026-05-13 18:21:11,45.755575,21.2125431,12.93,gara_traian,tram,1,synthetic_gps
2026-05-13 18:21:12,45.7555555,21.2125438,20.93,gara_traian,tram,1,synthetic_gps
2026-05-13 18:21:13,45.7555718,21.2125493,12.93,gara_traian,tram,1,synthetic_gps
2026-05-13 18:21:14,45.755597,21.2126889,4.93,gara_traian,tram,1,synthetic_gps
2026-05-13 18:21:15,45.7555524,21.2126529,12.93,gara_traian,tram,1,synthetic_gps
2026-05-13 18:21:16,45.7555453,21.2126362,18.55,gara_traian,tram,1,synthetic_gps
2026-05-13 18:21:17,45.7554986,21.2126453,22.84,gara_traian,tram,1,synthetic_gps
2026-05-13 18:21:18,45.7555037,21.2126334,14.84,gara_traian,tram,1,synthetic_gps
2026-05-13 18:21:19,45.7554752,21.2127463,22.84,gara_traian,tram,1,synthetic_gps
2026-05-13 18:21:20,45.7554655,21.2126604,14.84,gara_traian,tram,1,synthetic_gps
2026-05-13 18:21:21,45.7554879,21.2127696,20.17,gara_traian,tram,1,synthetic_gps
2026-05-13 18:21:22,45.755482,21.2126756,19.78,gara_traian,tram,1,synthetic_gps
2026-05-13 18:21:23,45.7554659,21.2127584,11.78,gara_traian,tram,1,synthetic_gps
2026-05-13 18:21:24,45.7555136,21.2127347,16.11,gara_traian,tram,1,synthetic_gps
2026-05-13 18:21:25,45.7554021,21.2127333,24.11,gara_traian,tram,1,synthetic_gps
2026-05-13 18:21:26,45.7554261,21.2127748,22.16,gara_traian,tram,1,synthetic_gps
2026-05-13 18:21:27,45.7554336,21.2127791,24.59,gara_traian,tram,1,synthetic_gps
2026-05-13 18:21:28,45.7554988,21.2129233,16.59,gara_traian,tram,1,synthetic_gps
2026-05-13 18:21:29,45.7554396,21.2128139,17.23,gara_traian,tram,1,synthetic_gps
2026-05-13 18:21:30,45.7554558,21.2129213,9.23,gara_traian,tram,1,synthetic_gps
2026-05-13 18:21:31,45.755339,21.2128617,17.23,gara_traian,tram,1,synthetic_gps
2026-05-13 18:21:32,45.755427,21.2129644,20.98,gara_traian,tram,1,synthetic_gps
2026-05-13 18:21:33,45.7554274,21.2129631,12.98,gara_traian,tram,1,synthetic_gps
2026-05-13 18:21:34,45.7554129,21.2129074,20.98,gara_traian,tram,1,synthetic_gps
2026-05-13 18:21:35,45.7553681,21.2129637,20.23,gara_traian,tram,1,synthetic_gps
2026-05-13 18:21:36,45.7554069,21.2129476,14.57,gara_traian,tram,1,synthetic_gps
2026-05-13 18:21:37,45.755411,21.212866,6.57,gara_traian,tram,1,synthetic_gps
2026-05-13 18:21:38,45.7553998,21.2130055,14.57,gara_traian,tram,1,synthetic_gps
2026-05-13 18:21:39,45.7554367,21.212957,14.07,gara_traian,tram,1,synthetic_gps
2026-05-13 18:21:40,45.755405,21.2130638,13.99,gara_traian,tram,1,synthetic_gps
2026-05-13 18:21:41,45.7553506,21.2130049,21.99,gara_traian,tram,1,synthetic_gps
2026-05-13 18:21:42,45.7554104,21.2130433,28.89,gara_traian,tram,1,synthetic_gps
2026-05-13 18:21:43,45.7553747,21.2130643,20.89,gara_traian,tram,1,synthetic_gps
2026-05-13 18:21:44,45.7552807,21.2130856,24.98,gara_traian,tram,1,synthetic_gps
2026-05-13 18:21:45,45.7553409,21.2131163,16.98,gara_traian,tram,1,synthetic_gps
2026-05-13 18:21:46,45.7552659,21.2131019,15.6,gara_traian,tram,1,synthetic_gps
2026-05-13 18:21:47,45.7552988,21.2132364,22.81,gara_traian,tram,1,synthetic_gps
2026-05-13 18:21:48,45.7552557,21.2130615,25.46,gara_traian,tram,1,synthetic_gps
2026-05-13 18:21:49,45.7553564,21.213177,17.46,gara_traian,tram,1,synthetic_gps
2026-05-13 18:21:50,45.7553212,21.2133076,25.46,gara_traian,tram,1,synthetic_gps
2026-05-13 18:21:51,45.755327,21.2131781,17.46,gara_traian,tram,1,synthetic_gps
2026-05-13 18:21:52,45.7554177,21.2131871,9.46,gara_traian,tram,1,synthetic_gps
2026-05-13 18:21:53,45.7552901,21.2131625,17.46,gara_traian,tram,1,synthetic_gps
2026-05-13 18:21:54,45.7552711,21.2132847,14.06,gara_traian,tram,1,synthetic_gps
2026-05-13 18:21:55,45.7551968,21.2132858,22.06,gara_traian,tram,1,synthetic_gps
2026-05-13 18:21:56,45.7552752,21.213331,14.06,gara_traian,tram,1,synthetic_gps
2026-05-13 18:21:57,45.7553705,21.2133071,9.99,gara_traian,tram,1,synthetic_gps
2026-05-13 18:21:58,45.7552633,21.2133255,17.99,gara_traian,tram,1,synthetic_gps
2026-05-13 18:21:59,45.755315,21.213225,25.99,gara_traian,tram,1,synthetic_gps
2026-05-13 18:22:00,45.7552557,21.2133647,17.99,gara_traian,tram,1,synthetic_gps
2026-05-13 18:22:01,45.7552752,21.213402,9.99,gara_traian,tram,1,synthetic_gps
2026-05-13 18:22:02,45.7552013,21.2134235,1.99,gara_traian,tram,1,synthetic_gps
2026-05-13 18:22:03,45.7553129,21.2134348,0.53,gara_traian,tram,1,synthetic_gps
2026-05-13 18:22:04,45.7552091,21.2134939,1.84,gara_traian,tram,1,synthetic_gps
2026-05-13 18:22:05,45.7552424,21.2134573,0.0,gara_traian,tram,1,synthetic_gps
2026-05-13 18:22:06,45.7552447,21.2134696,1.49,gara_traian,tram,1,synthetic_gps
2026-05-13 18:22:07,45.7552517,21.2135598,0.13,gara_traian,tram,1,synthetic_gps
2026-05-13 18:22:08,45.7551851,21.2135817,0.47,gara_traian,tram,1,synthetic_gps
2026-05-13 18:22:09,45.7551229,21.2134824,0.59,gara_traian,tram,1,synthetic_gps
2026-05-13 18:22:10,45.7552075,21.2135227,1.93,gara_traian,tram,1,synthetic_gps
2026-05-13 18:22:11,45.7552052,21.2134898,1.04,gara_traian,tram,1,synthetic_gps
2026-05-13 18:22:12,45.7551671,21.2136282,1.27,gara_traian,tram,1,synthetic_gps
2026-05-13 18:22:13,45.7551598,21.2135621,2.24,gara_traian,tram,1,synthetic_gps
2026-05-13 18:22:14,45.755181,21.2135982,0.71,gara_traian,tram,1,synthetic_gps
2026-05-13 18:22:15,45.7551802,21.21359,2.06,gara_traian,tram,1,synthetic_gps
2026-05-13 18:22:16,45.7552196,21.2136738,0.28,gara_traian,tram,1,synthetic_gps
2026-05-13 18:22:17,45.7551797,21.2136337,1.1,gara_traian,tram,1,synthetic_gps
2026-05-13 18:22:18,45.7550741,21.2135915,9.1,gara_traian,tram,1,synthetic_gps
2026-05-13 18:22:19,45.7551997,21.2136799,10.66,gara_traian,tram,1,synthetic_gps
2026-05-13 18:22:20,45.7551523,21.2136278,18.66,gara_traian,tram,1,synthetic_gps
2026-05-13 18:22:21,45.7551098,21.2137267,12.84,gara_traian,tram,1,synthetic_gps
2026-05-13 18:22:22,45.7550812,21.2137187,5.34,gara_traian,tram,1,synthetic_gps
2026-05-13 18:22:23,45.7551484,21.2137936,13.34,gara_traian,tram,1,synthetic_gps
2026-05-13 18:22:24,45.7551176,21.2137618,19.99,gara_traian,tram,1,synthetic_gps
2026-05-13 18:22:25,45.7551799,21.2138411,18.9,gara_traian,tram,1,synthetic_gps
2026-05-13 18:22:26,45.7551276,21.2137741,20.69,gara_traian,tram,1,synthetic_gps
2026-05-13 18:22:27,45.7550969,21.2137466,18.2,gara_traian,tram,1,synthetic_gps
2026-05-13 18:22:28,45.7551773,21.2138119,25.56,gara_traian,tram,1,synthetic_gps
2026-05-13 18:22:29,45.7551228,21.2138397,22.04,gara_traian,tram,1,synthetic_gps
2026-05-13 18:22:30,45.7550302,21.2138262,14.04,gara_traian,tram,1,synthetic_gps
2026-05-13 18:22:31,45.7550822,21.2138871,22.04,gara_traian,tram,1,synthetic_gps
2026-05-13 18:22:32,45.7550712,21.2139616,22.84,gara_traian,tram,1,synthetic_gps
2026-05-13 18:22:33,45.7550169,21.2138502,14.84,gara_traian,tram,1,synthetic_gps
2026-05-13 18:22:34,45.754994,21.2138669,22.84,gara_traian,tram,1,synthetic_gps
2026-05-13 18:22:35,45.7549877,21.2138787,14.84,gara_traian,tram,1,synthetic_gps
2026-05-13 18:22:36,45.7550059,21.2138606,7.76,gara_traian,tram,1,synthetic_gps
2026-05-13 18:22:37,45.7550062,21.2138502,15.76,gara_traian,tram,1,synthetic_gps
2026-05-13 18:22:38,45.755019,21.213999,9.43,gara_traian,tram,1,synthetic_gps
2026-05-13 18:22:39,45.7549771,21.2139167,14.84,gara_traian,tram,1,synthetic_gps
2026-05-13 18:22:40,45.7549801,21.2139539,19.84,gara_traian,tram,1,synthetic_gps
2026-05-13 18:22:41,45.7549316,21.2140483,13.4,gara_traian,tram,1,synthetic_gps
2026-05-13 18:22:42,45.7549661,21.2140582,21.4,gara_traian,tram,1,synthetic_gps
2026-05-13 18:22:43,45.7549829,21.2140605,13.4,gara_traian,tram,1,synthetic_gps
2026-05-13 18:22:44,45.7550036,21.2141368,13.77,gara_traian,tram,1,synthetic_gps
2026-05-13 18:22:45,45.7549579,21.2140409,19.67,gara_traian,tram,1,synthetic_gps
2026-05-13 18:22:46,45.7549695,21.2140564,26.18,gara_traian,tram,1,synthetic_gps
2026-05-13 18:22:47,45.7549029,21.2139891,18.18,gara_traian,tram,1,synthetic_gps
2026-05-13 18:22:48,45.7549426,21.2141384,18.11,gara_traian,tram,1,synthetic_gps
2026-05-13 18:22:49,45.7549543,21.2141029,16.56,gara_traian,tram,1,synthetic_gps
2026-05-13 18:22:50,45.7549703,21.2141543,19.23,gara_traian,tram,1,synthetic_gps
2026-05-13 18:22:51,45.7549103,21.2141121,21.75,gara_traian,tram,1,synthetic_gps
2026-05-13 18:22:52,45.7549204,21.2141728,15.66,gara_traian,tram,1,synthetic_gps
2026-05-13 18:22:53,45.7549053,21.2142254,18.29,gara_traian,tram,1,synthetic_gps
2026-05-13 18:22:54,45.7549013,21.2142066,17.95,gara_traian,tram,1,synthetic_gps
2026-05-13 18:22:55,45.7549141,21.2142735,18.59,gara_traian,tram,1,synthetic_gps
2026-05-13 18:22:56,45.7549296,21.2143455,22.21,gara_traian,tram,1,synthetic_gps
2026-05-13 18:22:57,45.7548602,21.2143014,15.97,gara_traian,tram,1,synthetic_gps
2026-05-13 18:22:58,45.7548729,21.2142508,21.1,gara_traian,tram,1,synthetic_gps
2026-05-13 18:22:59,45.7548446,21.214285,13.1,gara_traian,tram,1,synthetic_gps
2026-05-13 18:23:00,45.7549135,21.2142258,7.43,gara_traian,tram,1,synthetic_gps
2026-05-13 18:23:01,45.7548042,21.2142919,15.43,gara_traian,tram,1,synthetic_gps
2026-05-13 18:23:02,45.7548044,21.2144393,21.93,gara_traian,tram,1,synthetic_gps
2026-05-13 18:23:03,45.7548505,21.2143266,21.11,gara_traian,tram,1,synthetic_gps
2026-05-13 18:23:04,45.7548234,21.2143265,24.67,gara_traian,tram,1,synthetic_gps
2026-05-13 18:23:05,45.7548204,21.2144098,19.62,gara_traian,tram,1,synthetic_gps
2026-05-13 18:23:06,45.7548105,21.2143838,12.61,gara_traian,tram,1,synthetic_gps
2026-05-13 18:23:07,45.7548049,21.2143721,20.59,gara_traian,tram,1,synthetic_gps
2026-05-13 18:23:08,45.754798,21.2144101,28.2,gara_traian,tram,1,synthetic_gps
2026-05-13 18:23:09,45.7548631,21.2144801,20.92,gara_traian,tram,1,synthetic_gps
2026-05-13 18:23:10,45.7547552,21.2144939,15.24,gara_traian,tram,1,synthetic_gps
2026-05-13 18:23:11,45.7548194,21.2144755,15.37,gara_traian,tram,1,synthetic_gps
2026-05-13 18:23:12,45.7548049,21.2145305,23.37,gara_traian,tram,1,synthetic_gps
2026-05-13 18:23:13,45.7548031,21.2145243,30.33,gara_traian,tram,1,synthetic_gps
2026-05-13 18:23:14,45.7548863,21.2145665,22.33,gara_traian,tram,1,synthetic_gps
2026-05-13 18:23:15,45.7547923,21.2145023,16.22,gara_traian,tram,1,synthetic_gps
2026-05-13 18:23:16,45.7547955,21.2145008,23.3,gara_traian,tram,1,synthetic_gps
2026-05-13 18:23:17,45.7548444,21.2145571,15.9,gara_traian,tram,1,synthetic_gps
2026-05-13 18:23:18,45.754791,21.2145088,22.26,gara_traian,tram,1,synthetic_gps
2026-05-13 18:23:19,45.754855,21.2145518,14.26,gara_traian,tram,1,synthetic_gps
2026-05-13 18:23:20,45.7548045,21.2146923,18.85,gara_traian,tram,1,synthetic_gps
2026-05-13 18:23:21,45.7547906,21.2146298,14.88,gara_traian,tram,1,synthetic_gps
2026-05-13 18:23:22,45.7547473,21.2147023,20.9,gara_traian,tram,1,synthetic_gps
2026-05-13 18:23:23,45.7547453,21.2145843,20.54,gara_traian,tram,1,synthetic_gps
2026-05-13 18:23:24,45.7547822,21.214707,12.54,gara_traian,tram,1,synthetic_gps
2026-05-13 18:23:25,45.7548145,21.2147386,18.97,gara_traian,tram,1,synthetic_gps
2026-05-13 18:23:26,45.7547818,21.2147191,20.95,gara_traian,tram,1,synthetic_gps
2026-05-13 18:23:27,45.7547487,21.2147861,16.36,gara_traian,tram,1,synthetic_gps
2026-05-13 18:23:28,45.7547051,21.2147885,9.22,gara_traian,tram,1,synthetic_gps
2026-05-13 18:23:29,45.7547701,21.2147646,17.22,gara_traian,tram,1,synthetic_gps
2026-05-13 18:23:30,45.7547979,21.2147607,18.51,gara_traian,tram,1,synthetic_gps
2026-05-13 18:23:31,45.7547062,21.2147403,18.36,gara_traian,tram,1,synthetic_gps
2026-05-13 18:23:32,45.7547359,21.2147651,10.36,gara_traian,tram,1,synthetic_gps
2026-05-13 18:23:33,45.7547074,21.2147645,14.69,gara_traian,tram,1,synthetic_gps
2026-05-13 18:23:34,45.7546802,21.2148824,16.66,gara_traian,tram,1,synthetic_gps
2026-05-13 18:23:35,45.754743,21.2148392,22.1,gara_traian,tram,1,synthetic_gps
2026-05-13 18:23:36,45.7546872,21.2149342,14.1,gara_traian,tram,1,synthetic_gps
2026-05-13 18:23:37,45.7546966,21.2148558,6.1,gara_traian,tram,1,synthetic_gps
2026-05-13 18:23:38,45.7547223,21.2148631,14.1,gara_traian,tram,1,synthetic_gps
2026-05-13 18:23:39,45.7546814,21.2149868,16.94,gara_traian,tram,1,synthetic_gps
2026-05-13 18:23:40,45.7546733,21.214852,17.46,gara_traian,tram,1,synthetic_gps
2026-05-13 18:23:41,45.7546524,21.2149041,15.98,gara_traian,tram,1,synthetic_gps
2026-05-13 18:23:42,45.7547661,21.214882,22.06,gara_traian,tram,1,synthetic_gps
2026-05-13 18:23:43,45.7547195,21.215005,16.37,gara_traian,tram,1,synthetic_gps
2026-05-13 18:23:44,45.7547214,21.2149694,11.13,gara_traian,tram,1,synthetic_gps
2026-05-13 18:23:45,45.7547402,21.2150796,17.87,gara_traian,tram,1,synthetic_gps
2026-05-13 18:23:46,45.75476,21.2150375,21.85,gara_traian,tram,1,synthetic_gps
2026-05-13 18:23:47,45.7547474,21.2149131,13.85,gara_traian,tram,1,synthetic_gps
2026-05-13 18:23:48,45.7546569,21.2150445,21.85,gara_traian,tram,1,synthetic_gps
2026-05-13 18:23:49,45.7546779,21.2151121,18.18,gara_traian,tram,1,synthetic_gps
2026-05-13 18:23:50,45.7546912,21.2150238,10.8,gara_traian,tram,1,synthetic_gps
2026-05-13 18:23:51,45.7546577,21.2151479,14.54,gara_traian,tram,1,synthetic_gps
2026-05-13 18:23:52,45.7546666,21.2150674,13.78,gara_traian,tram,1,synthetic_gps
2026-05-13 18:23:53,45.7546558,21.2151813,8.79,gara_traian,tram,1,synthetic_gps
2026-05-13 18:23:54,45.7545989,21.2151452,16.14,gara_traian,tram,1,synthetic_gps
2026-05-13 18:23:55,45.7547339,21.2151459,23.6,gara_traian,tram,1,synthetic_gps
2026-05-13 18:23:56,45.7546382,21.2151803,15.6,gara_traian,tram,1,synthetic_gps
2026-05-13 18:23:57,45.7546764,21.2151,14.09,gara_traian,tram,1,synthetic_gps
2026-05-13 18:23:58,45.7546791,21.2151177,14.15,gara_traian,tram,1,synthetic_gps
2026-05-13 18:23:59,45.7546309,21.2152,21.57,gara_traian,tram,1,synthetic_gps
2026-05-13 18:24:00,45.754612,21.2151737,14.68,gara_traian,tram,1,synthetic_gps
2026-05-13 18:24:01,45.7545784,21.2152009,22.68,gara_traian,tram,1,synthetic_gps
2026-05-13 18:24:02,45.7545952,21.215269,14.68,gara_traian,tram,1,synthetic_gps
2026-05-13 18:24:03,45.7546385,21.2152968,22.68,gara_traian,tram,1,synthetic_gps
2026-05-13 18:24:04,45.7545926,21.2152699,18.69,gara_traian,tram,1,synthetic_gps
2026-05-13 18:24:05,45.7546133,21.2152845,16.69,gara_traian,tram,1,synthetic_gps
2026-05-13 18:24:06,45.754658,21.215301,14.37,gara_traian,tram,1,synthetic_gps
2026-05-13 18:24:07,45.7546018,21.2152853,19.04,gara_traian,tram,1,synthetic_gps
2026-05-13 18:24:08,45.7546807,21.2153028,27.04,gara_traian,tram,1,synthetic_gps
2026-05-13 18:24:09,45.7546212,21.215362,19.04,gara_traian,tram,1,synthetic_gps
2026-05-13 18:24:10,45.7546296,21.2153106,17.58,gara_traian,tram,1,synthetic_gps
2026-05-13 18:24:11,45.754645,21.215323,18.88,gara_traian,tram,1,synthetic_gps
2026-05-13 18:24:12,45.7546289,21.2153806,20.16,gara_traian,tram,1,synthetic_gps
2026-05-13 18:24:13,45.7546326,21.2154272,12.16,gara_traian,tram,1,synthetic_gps
2026-05-13 18:24:14,45.7545221,21.2154137,10.32,gara_traian,tram,1,synthetic_gps
2026-05-13 18:24:15,45.7545973,21.2154423,18.32,gara_traian,tram,1,synthetic_gps
2026-05-13 18:24:16,45.7545962,21.21548,10.68,gara_traian,tram,1,synthetic_gps
2026-05-13 18:24:17,45.7545554,21.2154254,18.68,gara_traian,tram,1,synthetic_gps
2026-05-13 18:24:18,45.7546622,21.21549,23.5,gara_traian,tram,1,synthetic_gps
2026-05-13 18:24:19,45.7545889,21.2155201,15.5,gara_traian,tram,1,synthetic_gps
2026-05-13 18:24:20,45.7546792,21.2155042,23.5,gara_traian,tram,1,synthetic_gps
2026-05-13 18:24:21,45.7545858,21.2154758,20.05,gara_traian,tram,1,synthetic_gps
2026-05-13 18:24:22,45.754518,21.215548,15.3,gara_traian,tram,1,synthetic_gps
2026-05-13 18:24:23,45.7545408,21.2155917,13.5,gara_traian,tram,1,synthetic_gps
2026-05-13 18:24:24,45.7546064,21.2154989,20.04,gara_traian,tram,1,synthetic_gps
2026-05-13 18:24:25,45.7545952,21.2156432,12.04,gara_traian,tram,1,synthetic_gps
2026-05-13 18:24:26,45.7546355,21.2156071,20.04,gara_traian,tram,1,synthetic_gps
2026-05-13 18:24:27,45.754643,21.2156709,26.94,gara_traian,tram,1,synthetic_gps
2026-05-13 18:24:28,45.7545125,21.2155852,18.94,gara_traian,tram,1,synthetic_gps
2026-05-13 18:24:29,45.7545914,21.2156605,16.62,gara_traian,tram,1,synthetic_gps
2026-05-13 18:24:30,45.7545364,21.2156292,19.83,gara_traian,tram,1,synthetic_gps
2026-05-13 18:24:31,45.7545186,21.2157531,19.58,gara_traian,tram,1,synthetic_gps
2026-05-13 18:24:32,45.7545531,21.2157455,11.58,gara_traian,tram,1,synthetic_gps
2026-05-13 18:24:33,45.7545534,21.2157059,19.58,gara_traian,tram,1,synthetic_gps
2026-05-13 18:24:34,45.7545775,21.2157163,19.68,gara_traian,tram,1,synthetic_gps
2026-05-13 18:24:35,45.7545816,21.215774,11.68,gara_traian,tram,1,synthetic_gps
2026-05-13 18:24:36,45.7546,21.215776,19.68,gara_traian,tram,1,synthetic_gps
2026-05-13 18:24:37,45.7545756,21.2158502,20.99,gara_traian,tram,1,synthetic_gps
2026-05-13 18:24:38,45.7545835,21.2158331,25.11,gara_traian,tram,1,synthetic_gps
2026-05-13 18:24:39,45.7545243,21.2157919,19.84,gara_traian,tram,1,synthetic_gps
2026-05-13 18:24:40,45.7546391,21.2157902,11.84,gara_traian,tram,1,synthetic_gps
2026-05-13 18:24:41,45.7544954,21.2158416,10.33,gara_traian,tram,1,synthetic_gps
2026-05-13 18:24:42,45.7545069,21.2158759,18.33,gara_traian,tram,1,synthetic_gps
2026-05-13 18:24:43,45.7545355,21.2159078,15.91,gara_traian,tram,1,synthetic_gps
2026-05-13 18:24:44,45.7545925,21.2158792,21.88,gara_traian,tram,1,synthetic_gps
2026-05-13 18:24:45,45.7545682,21.2159246,13.88,gara_traian,tram,1,synthetic_gps
2026-05-13 18:24:46,45.7545406,21.215887,7.81,gara_traian,tram,1,synthetic_gps
2026-05-13 18:24:47,45.7545102,21.2159716,15.81,gara_traian,tram,1,synthetic_gps
2026-05-13 18:24:48,45.7544926,21.2159176,12.99,gara_traian,tram,1,synthetic_gps
2026-05-13 18:24:49,45.7544514,21.215969,20.99,gara_traian,tram,1,synthetic_gps
2026-05-13 18:24:50,45.754516,21.2158854,28.99,gara_traian,tram,1,synthetic_gps
2026-05-13 18:24:51,45.7545038,21.2159365,20.99,gara_traian,tram,1,synthetic_gps
2026-05-13 18:24:52,45.7545111,21.2159782,24.16,gara_traian,tram,1,synthetic_gps
2026-05-13 18:24:53,45.7544909,21.2160516,21.45,gara_traian,tram,1,synthetic_gps
2026-05-13 18:24:54,45.7544994,21.2161019,23.06,gara_traian,tram,1,synthetic_gps
2026-05-13 18:24:55,45.754459,21.2160193,15.06,gara_traian,tram,1,synthetic_gps
2026-05-13 18:24:56,45.7544577,21.2160044,23.06,gara_traian,tram,1,synthetic_gps
2026-05-13 18:24:57,45.7545139,21.2160781,19.41,gara_traian,tram,1,synthetic_gps
2026-05-13 18:24:58,45.7544204,21.2160338,24.82,gara_traian,tram,1,synthetic_gps
2026-05-13 18:24:59,45.7544669,21.216131,23.32,gara_traian,tram,1,synthetic_gps
2026-05-13 18:25:00,45.7544096,21.2161364,15.32,gara_traian,tram,1,synthetic_gps
2026-05-13 18:25:01,45.7544751,21.2161002,7.32,gara_traian,tram,1,synthetic_gps
2026-05-13 18:25:02,45.7544547,21.2161109,1.91,gara_traian,tram,1,synthetic_gps
2026-05-13 18:25:03,45.754474,21.2161508,1.29,gara_traian,tram,1,synthetic_gps
2026-05-13 18:25:04,45.7544336,21.2161215,0.96,gara_traian,tram,1,synthetic_gps
2026-05-13 18:25:05,45.7544288,21.216159,2.31,gara_traian,tram,1,synthetic_gps
2026-05-13 18:25:06,45.7544648,21.2162456,0.05,gara_traian,tram,1,synthetic_gps
2026-05-13 18:25:07,45.7544376,21.2163847,1.91,gara_traian,tram,1,synthetic_gps
2026-05-13 18:25:08,45.7545004,21.2162732,1.16,gara_traian,tram,1,synthetic_gps
2026-05-13 18:25:09,45.7544303,21.2162739,1.79,gara_traian,tram,1,synthetic_gps
2026-05-13 18:25:10,45.7544025,21.216209,0.99,gara_traian,tram,1,synthetic_gps
2026-05-13 18:25:11,45.7544415,21.2163091,0.89,gara_traian,tram,1,synthetic_gps
2026-05-13 18:25:12,45.7544397,21.2162376,1.5,gara_traian,tram,1,synthetic_gps
2026-05-13 18:25:13,45.7543797,21.2162727,0.24,gara_traian,tram,1,synthetic_gps
2026-05-13 18:25:14,45.754453,21.2162924,0.62,gara_traian,tram,1,synthetic_gps
2026-05-13 18:25:15,45.7545088,21.2163775,1.41,gara_traian,tram,1,synthetic_gps
2026-05-13 18:25:16,45.7544841,21.2163916,2.37,gara_traian,tram,1,synthetic_gps
2026-05-13 18:25:17,45.7544605,21.2163402,0.67,gara_traian,tram,1,synthetic_gps
2026-05-13 18:25:18,45.7543959,21.2164208,8.67,gara_traian,tram,1,synthetic_gps
2026-05-13 18:25:19,45.7543888,21.2163825,14.5,gara_traian,tram,1,synthetic_gps
2026-05-13 18:25:20,45.7543244,21.2164807,22.5,gara_traian,tram,1,synthetic_gps
2026-05-13 18:25:21,45.7543847,21.2165035,14.5,gara_traian,tram,1,synthetic_gps
2026-05-13 18:25:22,45.7544368,21.2164099,22.5,gara_traian,tram,1,synthetic_gps
2026-05-13 18:25:23,45.7543744,21.2164408,17.8,gara_traian,tram,1,synthetic_gps
2026-05-13 18:25:24,45.754362,21.2164828,10.65,gara_traian,tram,1,synthetic_gps
2026-05-13 18:25:25,45.7543553,21.2165833,8.45,gara_traian,tram,1,synthetic_gps
2026-05-13 18:25:26,45.7544397,21.2165604,11.44,gara_traian,tram,1,synthetic_gps
2026-05-13 18:25:27,45.7543868,21.2165285,7.62,gara_traian,tram,1,synthetic_gps
2026-05-13 18:25:28,45.7544279,21.2165345,15.62,gara_traian,tram,1,synthetic_gps
2026-05-13 18:25:29,45.7543218,21.21663,23.62,gara_traian,tram,1,synthetic_gps
2026-05-13 18:25:30,45.754376,21.2166602,18.43,gara_traian,tram,1,synthetic_gps
2026-05-13 18:25:31,45.7544412,21.2165625,18.95,gara_traian,tram,1,synthetic_gps
2026-05-13 18:25:32,45.7543671,21.2166166,21.29,gara_traian,tram,1,synthetic_gps
2026-05-13 18:25:33,45.7543862,21.2165496,21.62,gara_traian,tram,1,synthetic_gps
2026-05-13 18:25:34,45.7542986,21.2167197,26.46,gara_traian,tram,1,synthetic_gps
2026-05-13 18:25:35,45.7543692,21.2166415,19.38,gara_traian,tram,1,synthetic_gps
2026-05-13 18:25:36,45.7543379,21.216655,13.72,gara_traian,tram,1,synthetic_gps
2026-05-13 18:25:37,45.7542355,21.2166215,16.07,gara_traian,tram,1,synthetic_gps
2026-05-13 18:25:38,45.7543892,21.2166973,10.4,gara_traian,tram,1,synthetic_gps
2026-05-13 18:25:39,45.7543007,21.2167506,13.78,gara_traian,tram,1,synthetic_gps
2026-05-13 18:25:40,45.754363,21.2166431,12.75,gara_traian,tram,1,synthetic_gps
2026-05-13 18:25:41,45.75435,21.2167344,12.17,gara_traian,tram,1,synthetic_gps
2026-05-13 18:25:42,45.754323,21.216762,20.17,gara_traian,tram,1,synthetic_gps
2026-05-13 18:25:43,45.7543858,21.21674,12.17,gara_traian,tram,1,synthetic_gps
2026-05-13 18:25:44,45.7543957,21.2167562,12.8,gara_traian,tram,1,synthetic_gps
2026-05-13 18:25:45,45.7543549,21.2167479,19.62,gara_traian,tram,1,synthetic_gps
2026-05-13 18:25:46,45.7543137,21.2168453,11.62,gara_traian,tram,1,synthetic_gps
2026-05-13 18:25:47,45.7544008,21.2168432,19.62,gara_traian,tram,1,synthetic_gps
2026-05-13 18:25:48,45.7543845,21.2169847,16.17,gara_traian,tram,1,synthetic_gps
2026-05-13 18:25:49,45.754315,21.2168804,21.95,gara_traian,tram,1,synthetic_gps
2026-05-13 18:25:50,45.7542955,21.2169319,24.05,gara_traian,tram,1,synthetic_gps
2026-05-13 18:25:51,45.75431,21.2169038,16.3,gara_traian,tram,1,synthetic_gps
2026-05-13 18:25:52,45.7543272,21.2169444,9.42,gara_traian,tram,1,synthetic_gps
2026-05-13 18:25:53,45.7543289,21.2169552,17.42,gara_traian,tram,1,synthetic_gps
2026-05-13 18:25:54,45.7543382,21.2169155,17.59,gara_traian,tram,1,synthetic_gps
2026-05-13 18:25:55,45.7542345,21.2169242,22.84,gara_traian,tram,1,synthetic_gps
2026-05-13 18:25:56,45.7543579,21.2169559,22.59,gara_traian,tram,1,synthetic_gps
2026-05-13 18:25:57,45.7543208,21.2169427,22.02,gara_traian,tram,1,synthetic_gps
2026-05-13 18:25:58,45.7543075,21.2170475,25.9,gara_traian,tram,1,synthetic_gps
2026-05-13 18:25:59,45.7542778,21.2170315,19.47,gara_traian,tram,1,synthetic_gps
2026-05-13 18:26:00,45.7543293,21.2171105,27.47,gara_traian,tram,1,synthetic_gps
2026-05-13 18:26:01,45.754284,21.2170529,19.47,gara_traian,tram,1,synthetic_gps
2026-05-13 18:26:02,45.7542779,21.2170559,11.47,gara_traian,tram,1,synthetic_gps
2026-05-13 18:26:03,45.754289,21.2171054,19.47,gara_traian,tram,1,synthetic_gps
2026-05-13 18:26:04,45.7543784,21.2171104,27.47,gara_traian,tram,1,synthetic_gps
2026-05-13 18:26:05,45.7542951,21.2170586,19.47,gara_traian,tram,1,synthetic_gps
2026-05-13 18:26:06,45.7542732,21.2170119,16.45,gara_traian,tram,1,synthetic_gps
2026-05-13 18:26:07,45.7542056,21.2171692,12.66,gara_traian,tram,1,synthetic_gps
2026-05-13 18:26:08,45.7542461,21.2171008,10.81,gara_traian,tram,1,synthetic_gps
2026-05-13 18:26:09,45.7542382,21.2171035,18.81,gara_traian,tram,1,synthetic_gps
2026-05-13 18:26:10,45.7543393,21.2172123,13.35,gara_traian,tram,1,synthetic_gps
2026-05-13 18:26:11,45.7542049,21.2171838,13.42,gara_traian,tram,1,synthetic_gps
2026-05-13 18:26:12,45.7542149,21.2172893,18.1,gara_traian,tram,1,synthetic_gps
2026-05-13 18:26:13,45.7542581,21.2172013,10.1,gara_traian,tram,1,synthetic_gps
2026-05-13 18:26:14,45.7541711,21.2172193,5.51,gara_traian,tram,1,synthetic_gps
2026-05-13 18:26:15,45.7542484,21.2171721,13.51,gara_traian,tram,1,synthetic_gps
2026-05-13 18:26:16,45.7542918,21.2172996,21.51,gara_traian,tram,1,synthetic_gps
2026-05-13 18:26:17,45.7541755,21.2173371,13.51,gara_traian,tram,1,synthetic_gps
2026-05-13 18:26:18,45.7542295,21.2172937,21.51,gara_traian,tram,1,synthetic_gps
2026-05-13 18:26:19,45.7541765,21.2172385,18.31,gara_traian,tram,1,synthetic_gps
2026-05-13 18:26:20,45.7542528,21.2172882,17.36,gara_traian,tram,1,synthetic_gps
2026-05-13 18:26:21,45.7542802,21.2173201,23.53,gara_traian,tram,1,synthetic_gps
2026-05-13 18:26:22,45.7542371,21.2173415,15.53,gara_traian,tram,1,synthetic_gps
2026-05-13 18:26:23,45.7541707,21.2173573,17.96,gara_traian,tram,1,synthetic_gps
2026-05-13 18:26:24,45.7542232,21.2173756,22.86,gara_traian,tram,1,synthetic_gps
2026-05-13 18:26:25,45.7542316,21.2174299,21.99,gara_traian,tram,1,synthetic_gps
2026-05-13 18:26:26,45.7542594,21.217482,14.84,gara_traian,tram,1,synthetic_gps
2026-05-13 18:26:27,45.7541969,21.2174032,21.08,gara_traian,tram,1,synthetic_gps
2026-05-13 18:26:28,45.7541907,21.2174526,13.08,gara_traian,tram,1,synthetic_gps
2026-05-13 18:26:29,45.7542261,21.217433,16.1,gara_traian,tram,1,synthetic_gps
2026-05-13 18:26:30,45.7541853,21.2174734,24.1,gara_traian,tram,1,synthetic_gps
2026-05-13 18:26:31,45.7541424,21.2174183,22.34,gara_traian,tram,1,synthetic_gps
2026-05-13 18:26:32,45.7541911,21.2175738,25.05,gara_traian,tram,1,synthetic_gps
2026-05-13 18:26:33,45.7541745,21.2175104,17.23,gara_traian,tram,1,synthetic_gps
2026-05-13 18:26:34,45.7542219,21.2176123,24.35,gara_traian,tram,1,synthetic_gps
2026-05-13 18:26:35,45.7542502,21.2174658,16.35,gara_traian,tram,1,synthetic_gps
2026-05-13 18:26:36,45.754177,21.2175923,23.06,gara_traian,tram,1,synthetic_gps
2026-05-13 18:26:37,45.754194,21.217599,20.76,gara_traian,tram,1,synthetic_gps
2026-05-13 18:26:38,45.7541262,21.2175499,21.68,gara_traian,tram,1,synthetic_gps
2026-05-13 18:26:39,45.7541216,21.2175923,14.3,gara_traian,tram,1,synthetic_gps
2026-05-13 18:26:40,45.7541817,21.2176561,21.68,gara_traian,tram,1,synthetic_gps
2026-05-13 18:26:41,45.754145,21.2175913,15.9,gara_traian,tram,1,synthetic_gps
2026-05-13 18:26:42,45.7541392,21.2176324,18.18,gara_traian,tram,1,synthetic_gps
2026-05-13 18:26:43,45.7541638,21.2176642,17.75,gara_traian,tram,1,synthetic_gps
2026-05-13 18:26:44,45.7541201,21.217719,20.06,gara_traian,tram,1,synthetic_gps
2026-05-13 18:26:45,45.7541395,21.2175748,12.06,gara_traian,tram,1,synthetic_gps
2026-05-13 18:26:46,45.7542248,21.2177681,14.16,gara_traian,tram,1,synthetic_gps
2026-05-13 18:26:47,45.7542012,21.2176445,12.73,gara_traian,tram,1,synthetic_gps
2026-05-13 18:26:48,45.7541271,21.2177328,20.73,gara_traian,tram,1,synthetic_gps
2026-05-13 18:26:49,45.7541042,21.2177581,12.73,gara_traian,tram,1,synthetic_gps
2026-05-13 18:26:50,45.754114,21.2178082,20.73,gara_traian,tram,1,synthetic_gps
2026-05-13 18:26:51,45.7540679,21.217788,12.73,gara_traian,tram,1,synthetic_gps
2026-05-13 18:26:52,45.7541951,21.2178382,20.73,gara_traian,tram,1,synthetic_gps
2026-05-13 18:26:53,45.7541686,21.2178028,23.94,gara_traian,tram,1,synthetic_gps
2026-05-13 18:26:54,45.7541247,21.2177658,15.94,gara_traian,tram,1,synthetic_gps
2026-05-13 18:26:55,45.7541325,21.2177928,18.31,gara_traian,tram,1,synthetic_gps
2026-05-13 18:26:56,45.7541016,21.2178812,26.31,gara_traian,tram,1,synthetic_gps
2026-05-13 18:26:57,45.7540189,21.2178842,18.31,gara_traian,tram,1,synthetic_gps
2026-05-13 18:26:58,45.754104,21.2178807,11.38,gara_traian,tram,1,synthetic_gps
2026-05-13 18:26:59,45.754113,21.217884,19.38,gara_traian,tram,1,synthetic_gps
2026-05-13 18:27:00,45.7541049,21.2179765,20.46,gara_traian,tram,1,synthetic_gps
2026-05-13 18:27:01,45.7541385,21.2179533,26.06,gara_traian,tram,1,synthetic_gps
2026-05-13 18:27:02,45.7540608,21.2179353,18.06,gara_traian,tram,1,synthetic_gps
2026-05-13 18:27:03,45.7540988,21.2179897,15.3,gara_traian,tram,1,synthetic_gps
2026-05-13 18:27:04,45.7540833,21.2179483,23.3,gara_traian,tram,1,synthetic_gps
2026-05-13 18:27:05,45.7541436,21.2179769,18.59,gara_traian,tram,1,synthetic_gps
2026-05-13 18:27:06,45.7541537,21.217967,21.95,gara_traian,tram,1,synthetic_gps
2026-05-13 18:27:07,45.7541215,21.2180411,21.6,gara_traian,tram,1,synthetic_gps
2026-05-13 18:27:08,45.754075,21.2181586,13.6,gara_traian,tram,1,synthetic_gps
2026-05-13 18:27:09,45.7541191,21.2180118,18.54,gara_traian,tram,1,synthetic_gps
2026-05-13 18:27:10,45.7540234,21.2180235,15.32,gara_traian,tram,1,synthetic_gps
2026-05-13 18:27:11,45.754092,21.2180477,23.27,gara_traian,tram,1,synthetic_gps
2026-05-13 18:27:12,45.7541191,21.2180419,20.88,gara_traian,tram,1,synthetic_gps
2026-05-13 18:27:13,45.754041,21.2181184,21.52,gara_traian,tram,1,synthetic_gps
2026-05-13 18:27:14,45.7539925,21.2181394,13.52,gara_traian,tram,1,synthetic_gps
2026-05-13 18:27:15,45.7541052,21.2181092,21.52,gara_traian,tram,1,synthetic_gps
2026-05-13 18:27:16,45.7540394,21.2182327,17.14,gara_traian,tram,1,synthetic_gps
2026-05-13 18:27:17,45.7541053,21.21824,9.14,gara_traian,tram,1,synthetic_gps
2026-05-13 18:27:18,45.7540172,21.218231,16.27,gara_traian,tram,1,synthetic_gps
2026-05-13 18:27:19,45.7540967,21.2182618,23.78,gara_traian,tram,1,synthetic_gps
2026-05-13 18:27:20,45.7541002,21.2181598,15.78,gara_traian,tram,1,synthetic_gps
2026-05-13 18:27:21,45.7540305,21.2182938,23.78,gara_traian,tram,1,synthetic_gps
2026-05-13 18:27:22,45.7539989,21.2182771,15.78,gara_traian,tram,1,synthetic_gps
2026-05-13 18:27:23,45.7540608,21.2183395,17.36,gara_traian,tram,1,synthetic_gps
2026-05-13 18:27:24,45.7540041,21.2183281,9.36,gara_traian,tram,1,synthetic_gps
2026-05-13 18:27:25,45.7539779,21.2182875,17.36,gara_traian,tram,1,synthetic_gps
2026-05-13 18:27:26,45.7539762,21.2183825,9.36,gara_traian,tram,1,synthetic_gps
2026-05-13 18:27:27,45.7540083,21.2183241,17.36,gara_traian,tram,1,synthetic_gps
2026-05-13 18:27:28,45.7539618,21.218389,19.18,gara_traian,tram,1,synthetic_gps
2026-05-13 18:27:29,45.7539705,21.2183902,20.45,gara_traian,tram,1,synthetic_gps
2026-05-13 18:27:30,45.754052,21.2183841,20.71,gara_traian,tram,1,synthetic_gps
2026-05-13 18:27:31,45.7539809,21.2183939,17.16,gara_traian,tram,1,synthetic_gps
2026-05-13 18:27:32,45.7541117,21.2184379,22.36,gara_traian,tram,1,synthetic_gps
2026-05-13 18:27:33,45.7540257,21.2184265,22.58,gara_traian,tram,1,synthetic_gps
2026-05-13 18:27:34,45.754049,21.218536,21.92,gara_traian,tram,1,synthetic_gps
2026-05-13 18:27:35,45.7539958,21.2184795,13.92,gara_traian,tram,1,synthetic_gps
2026-05-13 18:27:36,45.7540327,21.2184548,5.92,gara_traian,tram,1,synthetic_gps
2026-05-13 18:27:37,45.7539958,21.2184796,13.92,gara_traian,tram,1,synthetic_gps
2026-05-13 18:27:38,45.753977,21.2186273,21.92,gara_traian,tram,1,synthetic_gps
2026-05-13 18:27:39,45.7539482,21.2184554,13.92,gara_traian,tram,1,synthetic_gps
2026-05-13 18:27:40,45.754066,21.2185432,16.52,gara_traian,tram,1,synthetic_gps
2026-05-13 18:27:41,45.753939,21.2185239,24.52,gara_traian,tram,1,synthetic_gps
2026-05-13 18:27:42,45.7540175,21.2186292,21.57,gara_traian,tram,1,synthetic_gps
2026-05-13 18:27:43,45.753937,21.2186013,27.73,gara_traian,tram,1,synthetic_gps
2026-05-13 18:27:44,45.754031,21.2186203,19.73,gara_traian,tram,1,synthetic_gps
2026-05-13 18:27:45,45.7540158,21.2186192,21.48,gara_traian,tram,1,synthetic_gps
2026-05-13 18:27:46,45.7539107,21.2185717,22.35,gara_traian,tram,1,synthetic_gps
2026-05-13 18:27:47,45.7540405,21.2185861,14.35,gara_traian,tram,1,synthetic_gps
2026-05-13 18:27:48,45.7540139,21.2186311,22.2,gara_traian,tram,1,synthetic_gps
2026-05-13 18:27:49,45.7539069,21.2187672,24.76,gara_traian,tram,1,synthetic_gps
2026-05-13 18:27:50,45.753968,21.2186532,16.76,gara_traian,tram,1,synthetic_gps
2026-05-13 18:27:51,45.7539408,21.2186573,23.92,gara_traian,tram,1,synthetic_gps
2026-05-13 18:27:52,45.7539637,21.2187282,20.09,gara_traian,tram,1,synthetic_gps
2026-05-13 18:27:53,45.7539557,21.2186871,12.09,gara_traian,tram,1,synthetic_gps
2026-05-13 18:27:54,45.7539189,21.2187297,4.09,gara_traian,tram,1,synthetic_gps
2026-05-13 18:27:55,45.7539769,21.2187818,12.09,gara_traian,tram,1,synthetic_gps
2026-05-13 18:27:56,45.7538883,21.2188219,9.93,gara_traian,tram,1,synthetic_gps
2026-05-13 18:27:57,45.7539298,21.2187603,17.93,gara_traian,tram,1,synthetic_gps
2026-05-13 18:27:58,45.7540032,21.2188114,16.98,gara_traian,tram,1,synthetic_gps
2026-05-13 18:27:59,45.7538545,21.2187457,22.26,gara_traian,tram,1,synthetic_gps
2026-05-13 18:28:00,45.7539385,21.2187955,14.26,gara_traian,tram,1,synthetic_gps
2026-05-13 18:28:01,45.7538333,21.2188383,6.26,gara_traian,tram,1,synthetic_gps
2026-05-13 18:28:02,45.7538477,21.2188721,0.63,gara_traian,tram,1,synthetic_gps
2026-05-13 18:28:03,45.7538296,21.2188829,1.35,gara_traian,tram,1,synthetic_gps
2026-05-13 18:28:04,45.7539889,21.2189055,0.98,gara_traian,tram,1,synthetic_gps
2026-05-13 18:28:05,45.7538989,21.2189522,1.41,gara_traian,tram,1,synthetic_gps
2026-05-13 18:28:06,45.7538732,21.2189471,1.62,gara_traian,tram,1,synthetic_gps
2026-05-13 18:28:07,45.7539424,21.2189555,0.95,gara_traian,tram,1,synthetic_gps
2026-05-13 18:28:08,45.7539287,21.219007,1.4,gara_traian,tram,1,synthetic_gps
2026-05-13 18:28:09,45.7539439,21.2190062,0.43,gara_traian,tram,1,synthetic_gps
2026-05-13 18:28:10,45.7539075,21.2190002,2.52,gara_traian,tram,1,synthetic_gps
2026-05-13 18:28:11,45.7538878,21.2189657,1.23,gara_traian,tram,1,synthetic_gps
2026-05-13 18:28:12,45.7539296,21.2189377,0.49,gara_traian,tram,1,synthetic_gps
2026-05-13 18:28:13,45.7539389,21.2190466,1.29,gara_traian,tram,1,synthetic_gps
2026-05-13 18:28:14,45.753917,21.218989,1.53,gara_traian,tram,1,synthetic_gps
2026-05-13 18:28:15,45.7539034,21.2189543,1.31,gara_traian,tram,1,synthetic_gps
2026-05-13 18:28:16,45.7538675,21.2191197,1.93,gara_traian,tram,1,synthetic_gps
2026-05-13 18:28:17,45.7538942,21.2191513,1.71,gara_traian,tram,1,synthetic_gps
2026-05-13 18:28:18,45.7539113,21.2191251,9.71,gara_traian,tram,1,synthetic_gps
2026-05-13 18:28:19,45.7538463,21.2191321,8.6,gara_traian,tram,1,synthetic_gps
2026-05-13 18:28:20,45.7538926,21.2191617,16.6,gara_traian,tram,1,synthetic_gps
2026-05-13 18:28:21,45.7538485,21.2191451,24.31,gara_traian,tram,1,synthetic_gps
2026-05-13 18:28:22,45.7538382,21.2191607,16.31,gara_traian,tram,1,synthetic_gps
2026-05-13 18:28:23,45.7539547,21.2191766,21.84,gara_traian,tram,1,synthetic_gps
2026-05-13 18:28:24,45.7538596,21.2191628,13.84,gara_traian,tram,1,synthetic_gps
2026-05-13 18:28:25,45.7538676,21.219175,21.49,gara_traian,tram,1,synthetic_gps
2026-05-13 18:28:26,45.7538898,21.2192051,22.52,gara_traian,tram,1,synthetic_gps
2026-05-13 18:28:27,45.7538843,21.2193146,22.26,gara_traian,tram,1,synthetic_gps
2026-05-13 18:28:28,45.7537689,21.2192651,26.19,gara_traian,tram,1,synthetic_gps
2026-05-13 18:28:29,45.7538098,21.2192897,18.19,gara_traian,tram,1,synthetic_gps
2026-05-13 18:28:30,45.7537061,21.2192825,10.19,gara_traian,tram,1,synthetic_gps
2026-05-13 18:28:31,45.7538834,21.2193225,12.31,gara_traian,tram,1,synthetic_gps
2026-05-13 18:28:32,45.7537941,21.219335,12.74,gara_traian,tram,1,synthetic_gps
2026-05-13 18:28:33,45.7538233,21.2192972,6.01,gara_traian,tram,1,synthetic_gps
2026-05-13 18:28:34,45.7539055,21.2194091,13.5,gara_traian,tram,1,synthetic_gps
2026-05-13 18:28:35,45.7538299,21.2194219,12.31,gara_traian,tram,1,synthetic_gps
2026-05-13 18:28:36,45.7537491,21.2194009,20.31,gara_traian,tram,1,synthetic_gps
2026-05-13 18:28:37,45.7537885,21.2193591,23.19,gara_traian,tram,1,synthetic_gps
2026-05-13 18:28:38,45.7538173,21.2193983,16.53,gara_traian,tram,1,synthetic_gps
2026-05-13 18:28:39,45.753778,21.2193958,19.08,gara_traian,tram,1,synthetic_gps
2026-05-13 18:28:40,45.7537834,21.2194107,25.61,gara_traian,tram,1,synthetic_gps
2026-05-13 18:28:41,45.753748,21.2194753,19.44,gara_traian,tram,1,synthetic_gps
2026-05-13 18:28:42,45.7537366,21.2194393,11.44,gara_traian,tram,1,synthetic_gps
2026-05-13 18:28:43,45.753833,21.2194895,19.44,gara_traian,tram,1,synthetic_gps
2026-05-13 18:28:44,45.7538446,21.2195085,18.08,gara_traian,tram,1,synthetic_gps
2026-05-13 18:28:45,45.7538327,21.2195938,16.31,gara_traian,tram,1,synthetic_gps
2026-05-13 18:28:46,45.7537807,21.219551,13.76,gara_traian,tram,1,synthetic_gps
2026-05-13 18:28:47,45.7537211,21.219521,21.76,gara_traian,tram,1,synthetic_gps
2026-05-13 18:28:48,45.7538856,21.2195396,17.53,gara_traian,tram,1,synthetic_gps
2026-05-13 18:28:49,45.7537719,21.2196205,22.94,gara_traian,tram,1,synthetic_gps
2026-05-13 18:28:50,45.7537451,21.2194707,14.94,gara_traian,tram,1,synthetic_gps
2026-05-13 18:28:51,45.753758,21.219597,16.89,gara_traian,tram,1,synthetic_gps
2026-05-13 18:28:52,45.7537367,21.2195959,24.89,gara_traian,tram,1,synthetic_gps
2026-05-13 18:28:53,45.7538963,21.2196416,17.42,gara_traian,tram,1,synthetic_gps
2026-05-13 18:28:54,45.7537112,21.2197068,9.42,gara_traian,tram,1,synthetic_gps
2026-05-13 18:28:55,45.7537087,21.2196449,17.11,gara_traian,tram,1,synthetic_gps
2026-05-13 18:28:56,45.7537488,21.2196676,16.66,gara_traian,tram,1,synthetic_gps
2026-05-13 18:28:57,45.7537685,21.219694,24.66,gara_traian,tram,1,synthetic_gps
2026-05-13 18:28:58,45.7538155,21.2196906,16.66,gara_traian,tram,1,synthetic_gps
2026-05-13 18:28:59,45.7537594,21.2198169,24.1,gara_traian,tram,1,synthetic_gps
2026-05-13 18:29:00,45.753771,21.2196819,20.74,gara_traian,tram,1,synthetic_gps
2026-05-13 18:29:01,45.7537631,21.2197776,14.82,gara_traian,tram,1,synthetic_gps
2026-05-13 18:29:02,45.7537358,21.2197503,17.73,gara_traian,tram,1,synthetic_gps
2026-05-13 18:29:03,45.7537927,21.2197541,25.73,gara_traian,tram,1,synthetic_gps
2026-05-13 18:29:04,45.753713,21.2197405,22.84,gara_traian,tram,1,synthetic_gps
2026-05-13 18:29:05,45.7537121,21.2198227,29.45,gara_traian,tram,1,synthetic_gps
2026-05-13 18:29:06,45.7537591,21.2198847,21.45,gara_traian,tram,1,synthetic_gps
2026-05-13 18:29:07,45.7537069,21.2198324,19.2,gara_traian,tram,1,synthetic_gps
2026-05-13 18:29:08,45.753667,21.21986,11.2,gara_traian,tram,1,synthetic_gps
2026-05-13 18:29:09,45.7537174,21.2199243,19.2,gara_traian,tram,1,synthetic_gps
2026-05-13 18:29:10,45.753702,21.2199631,13.66,gara_traian,tram,1,synthetic_gps
2026-05-13 18:29:11,45.7536833,21.2199425,13.97,gara_traian,tram,1,synthetic_gps
2026-05-13 18:29:12,45.7537174,21.2199307,9.71,gara_traian,tram,1,synthetic_gps
2026-05-13 18:29:13,45.753718,21.2198739,17.71,gara_traian,tram,1,synthetic_gps
2026-05-13 18:29:14,45.7536614,21.219927,25.71,gara_traian,tram,1,synthetic_gps
2026-05-13 18:29:15,45.7537265,21.2200355,23.78,gara_traian,tram,1,synthetic_gps
2026-05-13 18:29:16,45.7537131,21.2200552,29.77,gara_traian,tram,1,synthetic_gps
2026-05-13 18:29:17,45.7536642,21.2199726,21.77,gara_traian,tram,1,synthetic_gps
2026-05-13 18:29:18,45.7537271,21.2198876,24.05,gara_traian,tram,1,synthetic_gps
2026-05-13 18:29:19,45.7535987,21.220092,16.05,gara_traian,tram,1,synthetic_gps
2026-05-13 18:29:20,45.753719,21.2200931,11.98,gara_traian,tram,1,synthetic_gps
2026-05-13 18:29:21,45.7536804,21.2200289,8.19,gara_traian,tram,1,synthetic_gps
2026-05-13 18:29:22,45.7536496,21.2201659,16.19,gara_traian,tram,1,synthetic_gps
2026-05-13 18:29:23,45.7536807,21.2200117,22.85,gara_traian,tram,1,synthetic_gps
2026-05-13 18:29:24,45.7537275,21.2201274,14.85,gara_traian,tram,1,synthetic_gps
2026-05-13 18:29:25,45.7536715,21.2201559,18.48,gara_traian,tram,1,synthetic_gps
2026-05-13 18:29:26,45.7536332,21.2201566,18.09,gara_traian,tram,1,synthetic_gps
2026-05-13 18:29:27,45.753753,21.2201459,10.09,gara_traian,tram,1,synthetic_gps
2026-05-13 18:29:28,45.7537052,21.2201338,18.09,gara_traian,tram,1,synthetic_gps
2026-05-13 18:29:29,45.7537069,21.2201695,26.09,gara_traian,tram,1,synthetic_gps
2026-05-13 18:29:30,45.753712,21.2201752,20.71,gara_traian,tram,1,synthetic_gps
2026-05-13 18:29:31,45.7536386,21.2201802,12.71,gara_traian,tram,1,synthetic_gps
2026-05-13 18:29:32,45.7536729,21.2201871,20.71,gara_traian,tram,1,synthetic_gps
2026-05-13 18:29:33,45.7537422,21.2202836,20.74,gara_traian,tram,1,synthetic_gps
2026-05-13 18:29:34,45.7536723,21.2202815,25.89,gara_traian,tram,1,synthetic_gps
2026-05-13 18:29:35,45.7536067,21.2202736,17.89,gara_traian,tram,1,synthetic_gps
2026-05-13 18:29:36,45.7536638,21.2203295,17.09,gara_traian,tram,1,synthetic_gps
2026-05-13 18:29:37,45.7536101,21.2202603,21.51,gara_traian,tram,1,synthetic_gps
2026-05-13 18:29:38,45.7537007,21.2202309,13.51,gara_traian,tram,1,synthetic_gps
2026-05-13 18:29:39,45.7536212,21.2203265,12.18,gara_traian,tram,1,synthetic_gps
2026-05-13 18:29:40,45.7536899,21.2202938,15.73,gara_traian,tram,1,synthetic_gps
2026-05-13 18:29:41,45.7535933,21.2203109,23.73,gara_traian,tram,1,synthetic_gps
2026-05-13 18:29:42,45.7536416,21.2203748,15.73,gara_traian,tram,1,synthetic_gps
2026-05-13 18:29:43,45.7536535,21.2203852,23.73,gara_traian,tram,1,synthetic_gps
2026-05-13 18:29:44,45.7536088,21.2203482,27.75,gara_traian,tram,1,synthetic_gps
2026-05-13 18:29:45,45.75369,21.220415,25.9,gara_traian,tram,1,synthetic_gps
2026-05-13 18:29:46,45.7535729,21.2204031,23.4,gara_traian,tram,1,synthetic_gps
2026-05-13 18:29:47,45.7537028,21.2204105,22.46,gara_traian,tram,1,synthetic_gps
2026-05-13 18:29:48,45.7535353,21.2205069,19.94,gara_traian,tram,1,synthetic_gps
2026-05-13 18:29:49,45.7535401,21.2205554,16.17,gara_traian,tram,1,synthetic_gps
2026-05-13 18:29:50,45.753586,21.2204503,18.7,gara_traian,tram,1,synthetic_gps
2026-05-13 18:29:51,45.7536354,21.2205243,12.9,gara_traian,tram,1,synthetic_gps
2026-05-13 18:29:52,45.7535979,21.2204686,8.58,gara_traian,tram,1,synthetic_gps
2026-05-13 18:29:53,45.753597,21.2205252,16.58,gara_traian,tram,1,synthetic_gps
2026-05-13 18:29:54,45.7535326,21.2205767,24.58,gara_traian,tram,1,synthetic_gps
2026-05-13 18:29:55,45.7536045,21.2205965,22.23,gara_traian,tram,1,synthetic_gps
2026-05-13 18:29:56,45.7535684,21.2206329,19.02,gara_traian,tram,1,synthetic_gps
2026-05-13 18:29:57,45.7536361,21.2206153,27.02,gara_traian,tram,1,synthetic_gps
2026-05-13 18:29:58,45.7536037,21.220563,22.79,gara_traian,tram,1,synthetic_gps
2026-05-13 18:29:59,45.7536378,21.2207028,15.01,gara_traian,tram,1,synthetic_gps
2026-05-13 18:30:00,45.7535392,21.2206737,19.99,gara_traian,tram,1,synthetic_gps
2026-05-13 18:30:01,45.7535643,21.2206729,24.75,gara_traian,tram,1,synthetic_gps
2026-05-13 18:30:02,45.7535783,21.2205544,16.75,gara_traian,tram,1,synthetic_gps
2026-05-13 18:30:03,45.7535329,21.2207611,22.66,gara_traian,tram,1,synthetic_gps
2026-05-13 18:30:04,45.7535632,21.2207049,14.66,gara_traian,tram,1,synthetic_gps
2026-05-13 18:30:05,45.7536014,21.2207696,20.14,gara_traian,tram,1,synthetic_gps
2026-05-13 18:30:06,45.7535723,21.2207318,25.07,gara_traian,tram,1,synthetic_gps
2026-05-13 18:30:07,45.7535277,21.2206921,17.29,gara_traian,tram,1,synthetic_gps
2026-05-13 18:30:08,45.753536,21.2208159,20.72,gara_traian,tram,1,synthetic_gps
2026-05-13 18:30:09,45.7536115,21.2207842,20.84,gara_traian,tram,1,synthetic_gps
2026-05-13 18:30:10,45.7535619,21.220779,14.57,gara_traian,tram,1,synthetic_gps
2026-05-13 18:30:11,45.7535151,21.2207987,22.57,gara_traian,tram,1,synthetic_gps
2026-05-13 18:30:12,45.7534645,21.220797,14.57,gara_traian,tram,1,synthetic_gps
2026-05-13 18:30:13,45.7535398,21.2208952,18.35,gara_traian,tram,1,synthetic_gps
2026-05-13 18:30:14,45.7535469,21.2208783,10.35,gara_traian,tram,1,synthetic_gps
2026-05-13 18:30:15,45.753512,21.2207784,18.35,gara_traian,tram,1,synthetic_gps
2026-05-13 18:30:16,45.7535841,21.2209391,14.19,gara_traian,tram,1,synthetic_gps
2026-05-13 18:30:17,45.7535712,21.2209142,16.05,gara_traian,tram,1,synthetic_gps
2026-05-13 18:30:18,45.7535231,21.220892,20.37,gara_traian,tram,1,synthetic_gps
2026-05-13 18:30:19,45.7534436,21.2209285,17.5,gara_traian,tram,1,synthetic_gps
2026-05-13 18:30:20,45.7534941,21.2209453,17.28,gara_traian,tram,1,synthetic_gps
2026-05-13 18:30:21,45.7534403,21.2209502,24.66,gara_traian,tram,1,synthetic_gps
2026-05-13 18:30:22,45.7534856,21.2210253,32.66,gara_traian,tram,1,synthetic_gps
2026-05-13 18:30:23,45.7534211,21.2210452,24.66,gara_traian,tram,1,synthetic_gps
2026-05-13 18:30:24,45.753521,21.2209898,16.66,gara_traian,tram,1,synthetic_gps
2026-05-13 18:30:25,45.7535076,21.2209975,18.01,gara_traian,tram,1,synthetic_gps
2026-05-13 18:30:26,45.7534635,21.2209925,14.94,gara_traian,tram,1,synthetic_gps
2026-05-13 18:30:27,45.7536286,21.221087,6.94,gara_traian,tram,1,synthetic_gps
2026-05-13 18:30:28,45.7535165,21.2210333,14.94,gara_traian,tram,1,synthetic_gps
2026-05-13 18:30:29,45.753479,21.221109,9.41,gara_traian,tram,1,synthetic_gps
2026-05-13 18:30:30,45.7535052,21.2211676,16.08,gara_traian,tram,1,synthetic_gps
2026-05-13 18:30:31,45.7535335,21.2210618,13.27,gara_traian,tram,1,synthetic_gps
2026-05-13 18:30:32,45.7535375,21.2210975,21.27,gara_traian,tram,1,synthetic_gps
2026-05-13 18:30:33,45.7536152,21.2211108,13.27,gara_traian,tram,1,synthetic_gps
2026-05-13 18:30:34,45.7535612,21.2211683,19.0,gara_traian,tram,1,synthetic_gps
2026-05-13 18:30:35,45.7535825,21.2211786,19.46,gara_traian,tram,1,synthetic_gps
2026-05-13 18:30:36,45.7535076,21.2211945,11.95,gara_traian,tram,1,synthetic_gps
2026-05-13 18:30:37,45.7535745,21.2211929,16.03,gara_traian,tram,1,synthetic_gps
2026-05-13 18:30:38,45.7536025,21.2212262,13.51,gara_traian,tram,1,synthetic_gps
2026-05-13 18:30:39,45.7535966,21.2213083,21.51,gara_traian,tram,1,synthetic_gps
2026-05-13 18:30:40,45.7535919,21.2212562,20.28,gara_traian,tram,1,synthetic_gps
2026-05-13 18:30:41,45.7535375,21.2212898,26.46,gara_traian,tram,1,synthetic_gps
2026-05-13 18:30:42,45.7535882,21.2212463,20.54,gara_traian,tram,1,synthetic_gps
2026-05-13 18:30:43,45.7535812,21.2212614,21.58,gara_traian,tram,1,synthetic_gps
2026-05-13 18:30:44,45.7535944,21.2212998,14.88,gara_traian,tram,1,synthetic_gps
2026-05-13 18:30:45,45.7535245,21.2213772,22.88,gara_traian,tram,1,synthetic_gps
2026-05-13 18:30:46,45.7535919,21.2214356,18.79,gara_traian,tram,1,synthetic_gps
2026-05-13 18:30:47,45.7535362,21.2213583,13.24,gara_traian,tram,1,synthetic_gps
2026-05-13 18:30:48,45.7536108,21.221452,13.16,gara_traian,tram,1,synthetic_gps
2026-05-13 18:30:49,45.7535258,21.2214377,21.16,gara_traian,tram,1,synthetic_gps
2026-05-13 18:30:50,45.7535864,21.2214421,13.16,gara_traian,tram,1,synthetic_gps
2026-05-13 18:30:51,45.7535849,21.2214707,16.33,gara_traian,tram,1,synthetic_gps
2026-05-13 18:30:52,45.7535804,21.2214267,12.05,gara_traian,tram,1,synthetic_gps
2026-05-13 18:30:53,45.7536265,21.2214206,19.3,gara_traian,tram,1,synthetic_gps
2026-05-13 18:30:54,45.7535846,21.2214547,14.23,gara_traian,tram,1,synthetic_gps
2026-05-13 18:30:55,45.7536146,21.2215666,19.71,gara_traian,tram,1,synthetic_gps
2026-05-13 18:30:56,45.7537313,21.2214902,25.26,gara_traian,tram,1,synthetic_gps
2026-05-13 18:30:57,45.7536538,21.2215754,19.66,gara_traian,tram,1,synthetic_gps
2026-05-13 18:30:58,45.753606,21.2215572,21.82,gara_traian,tram,1,synthetic_gps
2026-05-13 18:30:59,45.7536243,21.2216108,13.82,gara_traian,tram,1,synthetic_gps
2026-05-13 18:31:00,45.753652,21.2215413,5.82,gara_traian,tram,1,synthetic_gps
2026-05-13 18:31:01,45.7534947,21.2215729,0.75,gara_traian,tram,1,synthetic_gps
2026-05-13 18:31:02,45.7536081,21.2215846,1.01,gara_traian,tram,1,synthetic_gps
2026-05-13 18:31:03,45.7536153,21.2215896,2.24,gara_traian,tram,1,synthetic_gps
2026-05-13 18:31:04,45.7536595,21.221641,1.04,gara_traian,tram,1,synthetic_gps
2026-05-13 18:31:05,45.7536824,21.2217206,1.96,gara_traian,tram,1,synthetic_gps
2026-05-13 18:31:06,45.7536203,21.2217047,0.9,gara_traian,tram,1,synthetic_gps
2026-05-13 18:31:07,45.7536418,21.2216737,0.68,gara_traian,tram,1,synthetic_gps
2026-05-13 18:31:08,45.7535739,21.2217441,1.71,gara_traian,tram,1,synthetic_gps
2026-05-13 18:31:09,45.75365,21.2217439,0.77,gara_traian,tram,1,synthetic_gps
2026-05-13 18:31:10,45.7535271,21.2216931,1.86,gara_traian,tram,1,synthetic_gps
2026-05-13 18:31:11,45.7536522,21.2217656,2.4,gara_traian,tram,1,synthetic_gps
2026-05-13 18:31:12,45.7537069,21.2218482,1.35,gara_traian,tram,1,synthetic_gps
2026-05-13 18:31:13,45.7536166,21.2218408,0.8,gara_traian,tram,1,synthetic_gps
2026-05-13 18:31:14,45.7536043,21.2218682,1.16,gara_traian,tram,1,synthetic_gps
2026-05-13 18:31:15,45.7536372,21.2218122,0.35,gara_traian,tram,1,synthetic_gps
2026-05-13 18:31:16,45.7537199,21.2218379,0.16,gara_traian,tram,1,synthetic_gps
2026-05-13 18:31:17,45.7535669,21.2218442,1.17,gara_traian,tram,1,synthetic_gps
2026-05-13 18:31:18,45.7536541,21.2219727,9.17,gara_traian,tram,1,synthetic_gps
2026-05-13 18:31:19,45.7537434,21.2219081,17.17,gara_traian,tram,1,synthetic_gps
2026-05-13 18:31:20,45.7535895,21.2218587,16.28,gara_traian,tram,1,synthetic_gps
2026-05-13 18:31:21,45.7537437,21.2219739,14.84,gara_traian,tram,1,synthetic_gps
2026-05-13 18:31:22,45.75364,21.2219088,22.84,gara_traian,tram,1,synthetic_gps
2026-05-13 18:31:23,45.7537337,21.2219487,29.69,gara_traian,tram,1,synthetic_gps
2026-05-13 18:31:24,45.7536328,21.2220161,21.69,gara_traian,tram,1,synthetic_gps
2026-05-13 18:31:25,45.7536065,21.2219038,29.69,gara_traian,tram,1,synthetic_gps
2026-05-13 18:31:26,45.7536616,21.2220492,21.69,gara_traian,tram,1,synthetic_gps
2026-05-13 18:31:27,45.7537407,21.2220257,13.69,gara_traian,tram,1,synthetic_gps
2026-05-13 18:31:28,45.7537312,21.2221036,18.31,gara_traian,tram,1,synthetic_gps
2026-05-13 18:31:29,45.753663,21.2220884,14.2,gara_traian,tram,1,synthetic_gps
2026-05-13 18:31:30,45.7536588,21.2220842,6.32,gara_traian,tram,1,synthetic_gps
2026-05-13 18:31:31,45.7537358,21.2220255,14.32,gara_traian,tram,1,synthetic_gps
2026-05-13 18:31:32,45.7536426,21.2221246,19.26,gara_traian,tram,1,synthetic_gps
2026-05-13 18:31:33,45.7536417,21.2221083,12.49,gara_traian,tram,1,synthetic_gps
2026-05-13 18:31:34,45.7537058,21.2221745,17.97,gara_traian,tram,1,synthetic_gps
2026-05-13 18:31:35,45.7537404,21.2221154,9.97,gara_traian,tram,1,synthetic_gps
2026-05-13 18:31:36,45.7537192,21.2222417,4.56,gara_traian,tram,1,synthetic_gps
2026-05-13 18:31:37,45.7537579,21.2221835,12.56,gara_traian,tram,1,synthetic_gps
2026-05-13 18:31:38,45.7537158,21.2221575,12.93,gara_traian,tram,1,synthetic_gps
2026-05-13 18:31:39,45.7537976,21.2222008,6.05,gara_traian,tram,1,synthetic_gps
2026-05-13 18:31:40,45.7537592,21.222204,14.05,gara_traian,tram,1,synthetic_gps
2026-05-13 18:31:41,45.7537371,21.2222329,22.05,gara_traian,tram,1,synthetic_gps
2026-05-13 18:31:42,45.7537872,21.2222625,15.48,gara_traian,tram,1,synthetic_gps
2026-05-13 18:31:43,45.7536714,21.2223025,23.48,gara_traian,tram,1,synthetic_gps
2026-05-13 18:31:44,45.7537765,21.222371,18.73,gara_traian,tram,1,synthetic_gps
2026-05-13 18:31:45,45.7537377,21.2223572,22.3,gara_traian,tram,1,synthetic_gps
2026-05-13 18:31:46,45.7538149,21.2222252,14.3,gara_traian,tram,1,synthetic_gps
2026-05-13 18:31:47,45.7537133,21.2223752,21.09,gara_traian,tram,1,synthetic_gps
2026-05-13 18:31:48,45.7537029,21.2223068,25.52,gara_traian,tram,1,synthetic_gps
2026-05-13 18:31:49,45.7537605,21.222343,24.26,gara_traian,tram,1,synthetic_gps
2026-05-13 18:31:50,45.7537948,21.2224445,21.25,gara_traian,tram,1,synthetic_gps
2026-05-13 18:31:51,45.7537401,21.2224033,26.57,gara_traian,tram,1,synthetic_gps
2026-05-13 18:31:52,45.7537774,21.2224758,18.57,gara_traian,tram,1,synthetic_gps
2026-05-13 18:31:53,45.7537745,21.222377,10.57,gara_traian,tram,1,synthetic_gps
2026-05-13 18:31:54,45.7536704,21.2224384,18.57,gara_traian,tram,1,synthetic_gps
2026-05-13 18:31:55,45.7537382,21.2224739,10.57,gara_traian,tram,1,synthetic_gps
2026-05-13 18:31:56,45.7538092,21.2224823,18.57,gara_traian,tram,1,synthetic_gps
2026-05-13 18:31:57,45.7537786,21.2225128,13.53,gara_traian,tram,1,synthetic_gps
2026-05-13 18:31:58,45.753729,21.2225041,12.65,gara_traian,tram,1,synthetic_gps
2026-05-13 18:31:59,45.7538276,21.2225572,8.13,gara_traian,tram,1,synthetic_gps
2026-05-13 18:32:00,45.7538134,21.222533,16.13,gara_traian,tram,1,synthetic_gps
2026-05-13 18:32:01,45.7537361,21.2225866,13.35,gara_traian,tram,1,synthetic_gps
2026-05-13 18:32:02,45.7537744,21.2225836,10.91,gara_traian,tram,1,synthetic_gps
2026-05-13 18:32:03,45.7537942,21.2226335,18.77,gara_traian,tram,1,synthetic_gps
2026-05-13 18:32:04,45.7538035,21.2226118,23.26,gara_traian,tram,1,synthetic_gps
2026-05-13 18:32:05,45.7537675,21.2227029,15.67,gara_traian,tram,1,synthetic_gps
2026-05-13 18:32:06,45.7537811,21.2226126,17.72,gara_traian,tram,1,synthetic_gps
2026-05-13 18:32:07,45.7538143,21.2225832,9.72,gara_traian,tram,1,synthetic_gps
2026-05-13 18:32:08,45.7537587,21.2226814,17.72,gara_traian,tram,1,synthetic_gps
2026-05-13 18:32:09,45.7538084,21.2227229,25.03,gara_traian,tram,1,synthetic_gps
2026-05-13 18:32:10,45.7537714,21.2226575,17.03,gara_traian,tram,1,synthetic_gps
2026-05-13 18:32:11,45.7538731,21.222782,20.12,gara_traian,tram,1,synthetic_gps
2026-05-13 18:32:12,45.7538931,21.2227085,28.12,gara_traian,tram,1,synthetic_gps
2026-05-13 18:32:13,45.7538995,21.2227388,20.12,gara_traian,tram,1,synthetic_gps
2026-05-13 18:32:14,45.7539578,21.2228291,14.42,gara_traian,tram,1,synthetic_gps
2026-05-13 18:32:15,45.7538376,21.2228087,10.09,gara_traian,tram,1,synthetic_gps
2026-05-13 18:32:16,45.7538497,21.2227984,12.43,gara_traian,tram,1,synthetic_gps
2026-05-13 18:32:17,45.7537962,21.2228661,7.66,gara_traian,tram,1,synthetic_gps
2026-05-13 18:32:18,45.7538118,21.2228086,15.66,gara_traian,tram,1,synthetic_gps
2026-05-13 18:32:19,45.7537394,21.2228751,23.66,gara_traian,tram,1,synthetic_gps
2026-05-13 18:32:20,45.7538555,21.2229672,19.08,gara_traian,tram,1,synthetic_gps
2026-05-13 18:32:21,45.7538598,21.2228891,13.92,gara_traian,tram,1,synthetic_gps
2026-05-13 18:32:22,45.7538585,21.2229099,17.13,gara_traian,tram,1,synthetic_gps
2026-05-13 18:32:23,45.7538206,21.2229804,24.18,gara_traian,tram,1,synthetic_gps
2026-05-13 18:32:24,45.7539242,21.2229236,26.02,gara_traian,tram,1,synthetic_gps
2026-05-13 18:32:25,45.7538737,21.2229075,18.02,gara_traian,tram,1,synthetic_gps
2026-05-13 18:32:26,45.7538659,21.2230118,17.82,gara_traian,tram,1,synthetic_gps
2026-05-13 18:32:27,45.7538844,21.222954,23.8,gara_traian,tram,1,synthetic_gps
2026-05-13 18:32:28,45.7538795,21.2231047,15.8,gara_traian,tram,1,synthetic_gps
2026-05-13 18:32:29,45.7538847,21.2229896,23.26,gara_traian,tram,1,synthetic_gps
2026-05-13 18:32:30,45.7539472,21.2230204,15.26,gara_traian,tram,1,synthetic_gps
2026-05-13 18:32:31,45.7538935,21.2230649,22.93,gara_traian,tram,1,synthetic_gps
2026-05-13 18:32:32,45.7538688,21.2230852,14.93,gara_traian,tram,1,synthetic_gps
2026-05-13 18:32:33,45.7538671,21.2231795,20.31,gara_traian,tram,1,synthetic_gps
2026-05-13 18:32:34,45.7538735,21.2231053,13.37,gara_traian,tram,1,synthetic_gps
2026-05-13 18:32:35,45.7538687,21.2231523,14.44,gara_traian,tram,1,synthetic_gps
2026-05-13 18:32:36,45.7538788,21.2231478,22.44,gara_traian,tram,1,synthetic_gps
2026-05-13 18:32:37,45.7539345,21.2231281,14.44,gara_traian,tram,1,synthetic_gps
2026-05-13 18:32:38,45.7538538,21.2231737,22.44,gara_traian,tram,1,synthetic_gps
2026-05-13 18:32:39,45.7538885,21.2232149,14.5,gara_traian,tram,1,synthetic_gps
2026-05-13 18:32:40,45.7538244,21.2231591,22.5,gara_traian,tram,1,synthetic_gps
2026-05-13 18:32:41,45.7538416,21.2232151,27.4,gara_traian,tram,1,synthetic_gps
2026-05-13 18:32:42,45.7539081,21.2232631,19.4,gara_traian,tram,1,synthetic_gps
2026-05-13 18:32:43,45.7538627,21.2231659,11.4,gara_traian,tram,1,synthetic_gps
2026-05-13 18:32:44,45.7540265,21.2232673,19.4,gara_traian,tram,1,synthetic_gps
2026-05-13 18:32:45,45.7538867,21.2232817,13.15,gara_traian,tram,1,synthetic_gps
2026-05-13 18:32:46,45.753973,21.2232736,20.24,gara_traian,tram,1,synthetic_gps
2026-05-13 18:32:47,45.7539325,21.2232642,16.26,gara_traian,tram,1,synthetic_gps
2026-05-13 18:32:48,45.7539212,21.2233806,24.26,gara_traian,tram,1,synthetic_gps
2026-05-13 18:32:49,45.7539659,21.2233807,19.02,gara_traian,tram,1,synthetic_gps
2026-05-13 18:32:50,45.7539414,21.2233435,19.57,gara_traian,tram,1,synthetic_gps
2026-05-13 18:32:51,45.7539317,21.2233862,27.38,gara_traian,tram,1,synthetic_gps
2026-05-13 18:32:52,45.7538944,21.2234545,19.38,gara_traian,tram,1,synthetic_gps
2026-05-13 18:32:53,45.7539738,21.2234557,26.39,gara_traian,tram,1,synthetic_gps
2026-05-13 18:32:54,45.7539305,21.2234645,18.39,gara_traian,tram,1,synthetic_gps
2026-05-13 18:32:55,45.7538543,21.2234974,10.39,gara_traian,tram,1,synthetic_gps
2026-05-13 18:32:56,45.7539187,21.2234685,18.39,gara_traian,tram,1,synthetic_gps
2026-05-13 18:32:57,45.7540128,21.2234719,13.24,gara_traian,tram,1,synthetic_gps
2026-05-13 18:32:58,45.7539124,21.2235242,12.56,gara_traian,tram,1,synthetic_gps
2026-05-13 18:32:59,45.7540364,21.2234886,20.56,gara_traian,tram,1,synthetic_gps
2026-05-13 18:33:00,45.7539897,21.2235661,17.77,gara_traian,tram,1,synthetic_gps
2026-05-13 18:33:01,45.7538569,21.223494,18.95,gara_traian,tram,1,synthetic_gps
2026-05-13 18:33:02,45.7538801,21.2236051,10.95,gara_traian,tram,1,synthetic_gps
2026-05-13 18:33:03,45.7539897,21.2235422,18.51,gara_traian,tram,1,synthetic_gps
2026-05-13 18:33:04,45.7539836,21.2235752,14.99,gara_traian,tram,1,synthetic_gps
2026-05-13 18:33:05,45.7539548,21.223576,14.62,gara_traian,tram,1,synthetic_gps
2026-05-13 18:33:06,45.7539691,21.2236012,15.64,gara_traian,tram,1,synthetic_gps
2026-05-13 18:33:07,45.7540226,21.2236637,13.43,gara_traian,tram,1,synthetic_gps
2026-05-13 18:33:08,45.7540225,21.2236774,13.88,gara_traian,tram,1,synthetic_gps
2026-05-13 18:33:09,45.75404,21.223636,21.88,gara_traian,tram,1,synthetic_gps
2026-05-13 18:33:10,45.7539512,21.2236276,17.49,gara_traian,tram,1,synthetic_gps
2026-05-13 18:33:11,45.7540032,21.2237122,15.01,gara_traian,tram,1,synthetic_gps
2026-05-13 18:33:12,45.7539558,21.2237352,18.31,gara_traian,tram,1,synthetic_gps
2026-05-13 18:33:13,45.7540389,21.2238042,26.31,gara_traian,tram,1,synthetic_gps
2026-05-13 18:33:14,45.7539953,21.2238665,18.31,gara_traian,tram,1,synthetic_gps
2026-05-13 18:33:15,45.7540516,21.223757,17.77,gara_traian,tram,1,synthetic_gps
2026-05-13 18:33:16,45.7540948,21.2237086,9.77,gara_traian,tram,1,synthetic_gps
2026-05-13 18:33:17,45.7540521,21.2237736,3.68,gara_traian,tram,1,synthetic_gps
2026-05-13 18:33:18,45.7540233,21.2238465,11.68,gara_traian,tram,1,synthetic_gps
2026-05-13 18:33:19,45.7540672,21.2238097,19.68,gara_traian,tram,1,synthetic_gps
2026-05-13 18:33:20,45.754061,21.2238706,20.53,gara_traian,tram,1,synthetic_gps
2026-05-13 18:33:21,45.7539731,21.2238709,18.65,gara_traian,tram,1,synthetic_gps
2026-05-13 18:33:22,45.7541176,21.2239367,18.9,gara_traian,tram,1,synthetic_gps
2026-05-13 18:33:23,45.7540341,21.2239442,16.74,gara_traian,tram,1,synthetic_gps
2026-05-13 18:33:24,45.7539937,21.2238326,23.4,gara_traian,tram,1,synthetic_gps
2026-05-13 18:33:25,45.7540486,21.2239228,19.79,gara_traian,tram,1,synthetic_gps
2026-05-13 18:33:26,45.7540001,21.2239657,16.06,gara_traian,tram,1,synthetic_gps
2026-05-13 18:33:27,45.7540299,21.2239697,24.06,gara_traian,tram,1,synthetic_gps
2026-05-13 18:33:28,45.7541017,21.2239254,16.06,gara_traian,tram,1,synthetic_gps
2026-05-13 18:33:29,45.7541017,21.223897,8.06,gara_traian,tram,1,synthetic_gps
2026-05-13 18:33:30,45.7540765,21.2240117,16.06,gara_traian,tram,1,synthetic_gps
2026-05-13 18:33:31,45.7540133,21.2239662,24.06,gara_traian,tram,1,synthetic_gps
2026-05-13 18:33:32,45.7541397,21.2240949,16.06,gara_traian,tram,1,synthetic_gps
2026-05-13 18:33:33,45.7540141,21.2240402,20.92,gara_traian,tram,1,synthetic_gps
2026-05-13 18:33:34,45.7540691,21.2241837,21.88,gara_traian,tram,1,synthetic_gps
2026-05-13 18:33:35,45.7540369,21.2240965,13.88,gara_traian,tram,1,synthetic_gps
2026-05-13 18:33:36,45.7540473,21.2241517,21.88,gara_traian,tram,1,synthetic_gps
2026-05-13 18:33:37,45.7540905,21.2241369,13.88,gara_traian,tram,1,synthetic_gps
2026-05-13 18:33:38,45.7541177,21.2240546,21.88,gara_traian,tram,1,synthetic_gps
2026-05-13 18:33:39,45.75407,21.2242297,13.88,gara_traian,tram,1,synthetic_gps
2026-05-13 18:33:40,45.754128,21.2242342,12.86,gara_traian,tram,1,synthetic_gps
2026-05-13 18:33:41,45.7541738,21.2241077,15.95,gara_traian,tram,1,synthetic_gps
2026-05-13 18:33:42,45.7540622,21.2241681,23.43,gara_traian,tram,1,synthetic_gps
2026-05-13 18:33:43,45.7542159,21.2242026,20.69,gara_traian,tram,1,synthetic_gps
2026-05-13 18:33:44,45.7540182,21.2241991,12.69,gara_traian,tram,1,synthetic_gps
2026-05-13 18:33:45,45.7541415,21.2243133,20.69,gara_traian,tram,1,synthetic_gps
2026-05-13 18:33:46,45.7540987,21.224262,22.1,gara_traian,tram,1,synthetic_gps
2026-05-13 18:33:47,45.7541156,21.2242258,23.5,gara_traian,tram,1,synthetic_gps
2026-05-13 18:33:48,45.7540418,21.2243698,29.24,gara_traian,tram,1,synthetic_gps
2026-05-13 18:33:49,45.7541353,21.2242667,21.24,gara_traian,tram,1,synthetic_gps
2026-05-13 18:33:50,45.7541451,21.2242423,23.23,gara_traian,tram,1,synthetic_gps
2026-05-13 18:33:51,45.7541041,21.2243451,15.23,gara_traian,tram,1,synthetic_gps
2026-05-13 18:33:52,45.7541347,21.2243662,23.23,gara_traian,tram,1,synthetic_gps
2026-05-13 18:33:53,45.7541316,21.2244484,21.52,gara_traian,tram,1,synthetic_gps
2026-05-13 18:33:54,45.7541757,21.2244178,15.73,gara_traian,tram,1,synthetic_gps
2026-05-13 18:33:55,45.7540928,21.2244332,8.91,gara_traian,tram,1,synthetic_gps
2026-05-13 18:33:56,45.7541937,21.2244899,16.91,gara_traian,tram,1,synthetic_gps
2026-05-13 18:33:57,45.7541458,21.2244496,24.91,gara_traian,tram,1,synthetic_gps
2026-05-13 18:33:58,45.7541226,21.2244556,16.91,gara_traian,tram,1,synthetic_gps
2026-05-13 18:33:59,45.7541834,21.22449,15.52,gara_traian,tram,1,synthetic_gps
2026-05-13 18:34:00,45.7541039,21.2245531,7.52,gara_traian,tram,1,synthetic_gps
2026-05-13 18:34:01,45.75411,21.2244602,1.1,gara_traian,tram,1,synthetic_gps
2026-05-13 18:34:02,45.7541562,21.224476,2.01,gara_traian,tram,1,synthetic_gps
2026-05-13 18:34:03,45.7541209,21.2245436,1.13,gara_traian,tram,1,synthetic_gps
2026-05-13 18:34:04,45.7541136,21.2245974,0.08,gara_traian,tram,1,synthetic_gps
2026-05-13 18:34:05,45.7540628,21.2245894,1.08,gara_traian,tram,1,synthetic_gps
2026-05-13 18:34:06,45.7542174,21.2246783,0.64,gara_traian,tram,1,synthetic_gps
2026-05-13 18:34:07,45.7541787,21.2245886,1.43,gara_traian,tram,1,synthetic_gps
2026-05-13 18:34:08,45.7541784,21.2246513,1.06,gara_traian,tram,1,synthetic_gps
2026-05-13 18:34:09,45.7542416,21.2246175,1.79,gara_traian,tram,1,synthetic_gps
2026-05-13 18:34:10,45.754181,21.2247309,0.44,gara_traian,tram,1,synthetic_gps
2026-05-13 18:34:11,45.7540891,21.2246676,0.2,gara_traian,tram,1,synthetic_gps
2026-05-13 18:34:12,45.7541189,21.2247604,0.54,gara_traian,tram,1,synthetic_gps
2026-05-13 18:34:13,45.7541847,21.2246538,1.76,gara_traian,tram,1,synthetic_gps
2026-05-13 18:34:14,45.7542614,21.224758,1.45,gara_traian,tram,1,synthetic_gps
2026-05-13 18:34:15,45.7541614,21.2247065,1.15,gara_traian,tram,1,synthetic_gps
2026-05-13 18:34:16,45.7541579,21.2246571,1.42,gara_traian,tram,1,synthetic_gps
2026-05-13 18:34:17,45.7543048,21.2248106,0.0,gara_traian,tram,1,synthetic_gps
2026-05-13 18:34:18,45.7541884,21.2248121,8.0,gara_traian,tram,1,synthetic_gps
2026-05-13 18:34:19,45.7541768,21.2247607,16.0,gara_traian,tram,1,synthetic_gps
2026-05-13 18:34:20,45.7541439,21.2248715,20.53,gara_traian,tram,1,synthetic_gps
2026-05-13 18:34:21,45.7541998,21.2248599,19.25,gara_traian,tram,1,synthetic_gps
2026-05-13 18:34:22,45.754178,21.2247693,21.59,gara_traian,tram,1,synthetic_gps
2026-05-13 18:34:23,45.7541981,21.224841,14.43,gara_traian,tram,1,synthetic_gps
2026-05-13 18:34:24,45.7542866,21.2249268,17.42,gara_traian,tram,1,synthetic_gps
2026-05-13 18:34:25,45.7542197,21.2248794,18.51,gara_traian,tram,1,synthetic_gps
2026-05-13 18:34:26,45.754174,21.2249174,10.81,gara_traian,tram,1,synthetic_gps
2026-05-13 18:34:27,45.7542466,21.2249803,18.81,gara_traian,tram,1,synthetic_gps
2026-05-13 18:34:28,45.7543068,21.224957,26.81,gara_traian,tram,1,synthetic_gps
2026-05-13 18:34:29,45.7543019,21.225033,18.81,gara_traian,tram,1,synthetic_gps
2026-05-13 18:34:30,45.7542686,21.2249998,25.85,gara_traian,tram,1,synthetic_gps
2026-05-13 18:34:31,45.7542501,21.2250119,17.85,gara_traian,tram,1,synthetic_gps
2026-05-13 18:34:32,45.7542166,21.225028,9.85,gara_traian,tram,1,synthetic_gps
2026-05-13 18:34:33,45.7542766,21.2251008,17.27,gara_traian,tram,1,synthetic_gps
2026-05-13 18:34:34,45.7542045,21.225046,25.27,gara_traian,tram,1,synthetic_gps
2026-05-13 18:34:35,45.7543659,21.2250528,17.27,gara_traian,tram,1,synthetic_gps
2026-05-13 18:34:36,45.7542391,21.225041,9.83,gara_traian,tram,1,synthetic_gps
2026-05-13 18:34:37,45.7542787,21.2250852,17.83,gara_traian,tram,1,synthetic_gps
2026-05-13 18:34:38,45.7542225,21.2251167,11.82,gara_traian,tram,1,synthetic_gps
2026-05-13 18:34:39,45.7543179,21.2251488,7.43,gara_traian,tram,1,synthetic_gps
2026-05-13 18:34:40,45.7542166,21.2251084,15.43,gara_traian,tram,1,synthetic_gps
2026-05-13 18:34:41,45.7542661,21.2252128,21.93,gara_traian,tram,1,synthetic_gps
2026-05-13 18:34:42,45.7542859,21.2251789,14.35,gara_traian,tram,1,synthetic_gps
2026-05-13 18:34:43,45.7542321,21.225239,10.52,gara_traian,tram,1,synthetic_gps
2026-05-13 18:34:44,45.7543243,21.2251961,18.52,gara_traian,tram,1,synthetic_gps
2026-05-13 18:34:45,45.754312,21.2252672,16.29,gara_traian,tram,1,synthetic_gps
2026-05-13 18:34:46,45.7542303,21.2252217,23.12,gara_traian,tram,1,synthetic_gps
2026-05-13 18:34:47,45.7543621,21.2252682,19.4,gara_traian,tram,1,synthetic_gps
2026-05-13 18:34:48,45.7543195,21.2252399,22.69,gara_traian,tram,1,synthetic_gps
2026-05-13 18:34:49,45.7542659,21.2252724,14.69,gara_traian,tram,1,synthetic_gps
2026-05-13 18:34:50,45.7542375,21.2252787,14.8,gara_traian,tram,1,synthetic_gps
2026-05-13 18:34:51,45.7542427,21.2253177,15.57,gara_traian,tram,1,synthetic_gps
2026-05-13 18:34:52,45.7542893,21.2253723,23.57,gara_traian,tram,1,synthetic_gps
2026-05-13 18:34:53,45.7542836,21.2253521,24.98,gara_traian,tram,1,synthetic_gps
2026-05-13 18:34:54,45.7542672,21.2253822,16.98,gara_traian,tram,1,synthetic_gps
2026-05-13 18:34:55,45.7542836,21.2253919,12.62,gara_traian,tram,1,synthetic_gps
2026-05-13 18:34:56,45.7542899,21.2253908,8.46,gara_traian,tram,1,synthetic_gps
2026-05-13 18:34:57,45.7543518,21.2254819,16.46,gara_traian,tram,1,synthetic_gps
2026-05-13 18:34:58,45.7543308,21.2253492,14.58,gara_traian,tram,1,synthetic_gps
2026-05-13 18:34:59,45.7543333,21.2254112,19.59,gara_traian,tram,1,synthetic_gps
2026-05-13 18:35:00,45.7543701,21.2254557,11.59,gara_traian,tram,1,synthetic_gps
2026-05-13 18:35:01,45.7543159,21.2255165,16.84,gara_traian,tram,1,synthetic_gps
2026-05-13 18:35:02,45.754331,21.2255084,18.07,gara_traian,tram,1,synthetic_gps
2026-05-13 18:35:03,45.7543209,21.2254845,17.52,gara_traian,tram,1,synthetic_gps
2026-05-13 18:35:04,45.7542939,21.225553,11.98,gara_traian,tram,1,synthetic_gps
2026-05-13 18:35:05,45.7543528,21.2254649,7.39,gara_traian,tram,1,synthetic_gps
2026-05-13 18:35:06,45.754411,21.2254327,15.39,gara_traian,tram,1,synthetic_gps
2026-05-13 18:35:07,45.7542571,21.2255782,19.73,gara_traian,tram,1,synthetic_gps
2026-05-13 18:35:08,45.7544069,21.2256008,11.73,gara_traian,tram,1,synthetic_gps
2026-05-13 18:35:09,45.7543693,21.225595,11.4,gara_traian,tram,1,synthetic_gps
2026-05-13 18:35:10,45.7543546,21.2256599,18.34,gara_traian,tram,1,synthetic_gps
2026-05-13 18:35:11,45.7543716,21.2255951,15.47,gara_traian,tram,1,synthetic_gps
2026-05-13 18:35:12,45.7543732,21.2256688,19.77,gara_traian,tram,1,synthetic_gps
2026-05-13 18:35:13,45.754351,21.2257163,13.49,gara_traian,tram,1,synthetic_gps
2026-05-13 18:35:14,45.7543639,21.2257046,14.36,gara_traian,tram,1,synthetic_gps
2026-05-13 18:35:15,45.7544111,21.225722,12.05,gara_traian,tram,1,synthetic_gps
2026-05-13 18:35:16,45.7543922,21.2257192,6.88,gara_traian,tram,1,synthetic_gps
2026-05-13 18:35:17,45.7543514,21.2256839,14.88,gara_traian,tram,1,synthetic_gps
2026-05-13 18:35:18,45.7544066,21.225698,6.88,gara_traian,tram,1,synthetic_gps
2026-05-13 18:35:19,45.754419,21.2258012,14.88,gara_traian,tram,1,synthetic_gps
2026-05-13 18:35:20,45.7544518,21.2258606,14.11,gara_traian,tram,1,synthetic_gps
2026-05-13 18:35:21,45.7543748,21.2257228,19.23,gara_traian,tram,1,synthetic_gps
2026-05-13 18:35:22,45.7544359,21.2257987,21.95,gara_traian,tram,1,synthetic_gps
2026-05-13 18:35:23,45.7543734,21.2258601,27.37,gara_traian,tram,1,synthetic_gps
2026-05-13 18:35:24,45.7543482,21.2258816,19.37,gara_traian,tram,1,synthetic_gps
2026-05-13 18:35:25,45.7543445,21.2258769,25.13,gara_traian,tram,1,synthetic_gps
2026-05-13 18:35:26,45.7544092,21.2258977,17.13,gara_traian,tram,1,synthetic_gps
2026-05-13 18:35:27,45.7544277,21.2258611,25.13,gara_traian,tram,1,synthetic_gps
2026-05-13 18:35:28,45.7544206,21.2258702,17.13,gara_traian,tram,1,synthetic_gps
2026-05-13 18:35:29,45.7545123,21.2258625,17.61,gara_traian,tram,1,synthetic_gps
2026-05-13 18:35:30,45.7545019,21.2259951,25.61,gara_traian,tram,1,synthetic_gps
2026-05-13 18:35:31,45.7544415,21.2259613,17.61,gara_traian,tram,1,synthetic_gps
2026-05-13 18:35:32,45.7544515,21.2260184,15.35,gara_traian,tram,1,synthetic_gps
2026-05-13 18:35:33,45.754511,21.2260543,15.12,gara_traian,tram,1,synthetic_gps
2026-05-13 18:35:34,45.754451,21.2260354,7.12,gara_traian,tram,1,synthetic_gps
2026-05-13 18:35:35,45.7544773,21.2260442,14.45,gara_traian,tram,1,synthetic_gps
2026-05-13 18:35:36,45.7543488,21.2261193,22.45,gara_traian,tram,1,synthetic_gps
2026-05-13 18:35:37,45.7544785,21.2260191,14.45,gara_traian,tram,1,synthetic_gps
2026-05-13 18:35:38,45.7544988,21.2261171,6.45,gara_traian,tram,1,synthetic_gps
2026-05-13 18:35:39,45.7544573,21.2260427,14.45,gara_traian,tram,1,synthetic_gps
2026-05-13 18:35:40,45.7544413,21.2261447,16.48,gara_traian,tram,1,synthetic_gps
2026-05-13 18:35:41,45.7545069,21.2261174,16.63,gara_traian,tram,1,synthetic_gps
2026-05-13 18:35:42,45.7544767,21.2261496,24.63,gara_traian,tram,1,synthetic_gps
2026-05-13 18:35:43,45.7544862,21.2261626,18.43,gara_traian,tram,1,synthetic_gps
2026-05-13 18:35:44,45.7544602,21.2262412,16.29,gara_traian,tram,1,synthetic_gps
2026-05-13 18:35:45,45.7544009,21.2262355,24.29,gara_traian,tram,1,synthetic_gps
2026-05-13 18:35:46,45.7544568,21.2262293,20.34,gara_traian,tram,1,synthetic_gps
2026-05-13 18:35:47,45.7544915,21.2262643,17.09,gara_traian,tram,1,synthetic_gps
2026-05-13 18:35:48,45.7544965,21.2262995,14.19,gara_traian,tram,1,synthetic_gps
2026-05-13 18:35:49,45.7544593,21.226248,14.34,gara_traian,tram,1,synthetic_gps
2026-05-13 18:35:50,45.7545195,21.2262492,22.34,gara_traian,tram,1,synthetic_gps
2026-05-13 18:35:51,45.7545479,21.2262417,21.09,gara_traian,tram,1,synthetic_gps
2026-05-13 18:35:52,45.7545255,21.2263897,13.96,gara_traian,tram,1,synthetic_gps
2026-05-13 18:35:53,45.754416,21.2263197,21.96,gara_traian,tram,1,synthetic_gps
2026-05-13 18:35:54,45.7544381,21.2263689,13.96,gara_traian,tram,1,synthetic_gps
2026-05-13 18:35:55,45.7544428,21.2263663,21.73,gara_traian,tram,1,synthetic_gps
2026-05-13 18:35:56,45.7544175,21.2264736,15.75,gara_traian,tram,1,synthetic_gps
2026-05-13 18:35:57,45.7544069,21.2264038,9.57,gara_traian,tram,1,synthetic_gps
2026-05-13 18:35:58,45.7545089,21.2263432,17.57,gara_traian,tram,1,synthetic_gps
2026-05-13 18:35:59,45.7545331,21.2264454,14.15,gara_traian,tram,1,synthetic_gps
2026-05-13 18:36:00,45.7545067,21.2264322,6.15,gara_traian,tram,1,synthetic_gps
2026-05-13 18:36:01,45.7544362,21.2264826,14.15,gara_traian,tram,1,synthetic_gps
2026-05-13 18:36:02,45.7545653,21.2264162,22.15,gara_traian,tram,1,synthetic_gps
2026-05-13 18:36:03,45.7545652,21.2264828,14.15,gara_traian,tram,1,synthetic_gps
2026-05-13 18:36:04,45.7545474,21.2265121,22.15,gara_traian,tram,1,synthetic_gps
2026-05-13 18:36:05,45.7544596,21.2265635,17.55,gara_traian,tram,1,synthetic_gps
2026-05-13 18:36:06,45.7545982,21.2265536,18.05,gara_traian,tram,1,synthetic_gps
2026-05-13 18:36:07,45.7545262,21.2265886,16.26,gara_traian,tram,1,synthetic_gps
2026-05-13 18:36:08,45.7545614,21.2265353,10.49,gara_traian,tram,1,synthetic_gps
2026-05-13 18:36:09,45.7546088,21.2266549,16.26,gara_traian,tram,1,synthetic_gps
2026-05-13 18:36:10,45.75462,21.2266355,18.82,gara_traian,tram,1,synthetic_gps
2026-05-13 18:36:11,45.7545504,21.2265779,10.82,gara_traian,tram,1,synthetic_gps
2026-05-13 18:36:12,45.7545553,21.2266023,18.82,gara_traian,tram,1,synthetic_gps
2026-05-13 18:36:13,45.7545374,21.226624,17.98,gara_traian,tram,1,synthetic_gps
2026-05-13 18:36:14,45.7545377,21.2266724,22.79,gara_traian,tram,1,synthetic_gps
2026-05-13 18:36:15,45.7545566,21.2267029,20.38,gara_traian,tram,1,synthetic_gps
2026-05-13 18:36:16,45.7545864,21.2266195,21.33,gara_traian,tram,1,synthetic_gps
2026-05-13 18:36:17,45.7545103,21.2267387,15.26,gara_traian,tram,1,synthetic_gps
2026-05-13 18:36:18,45.7545216,21.2266862,17.98,gara_traian,tram,1,synthetic_gps
2026-05-13 18:36:19,45.7545407,21.2267643,10.94,gara_traian,tram,1,synthetic_gps
2026-05-13 18:36:20,45.7546156,21.2268092,12.61,gara_traian,tram,1,synthetic_gps
2026-05-13 18:36:21,45.7545928,21.2267561,20.61,gara_traian,tram,1,synthetic_gps
2026-05-13 18:36:22,45.7545297,21.2267349,19.22,gara_traian,tram,1,synthetic_gps
2026-05-13 18:36:23,45.7545934,21.2267716,14.23,gara_traian,tram,1,synthetic_gps
2026-05-13 18:36:24,45.7545028,21.2267973,17.16,gara_traian,tram,1,synthetic_gps
2026-05-13 18:36:25,45.7546312,21.2269004,9.16,gara_traian,tram,1,synthetic_gps
2026-05-13 18:36:26,45.7545216,21.2268461,14.55,gara_traian,tram,1,synthetic_gps
2026-05-13 18:36:27,45.7545856,21.2268339,20.11,gara_traian,tram,1,synthetic_gps
2026-05-13 18:36:28,45.7546613,21.2268961,20.86,gara_traian,tram,1,synthetic_gps
2026-05-13 18:36:29,45.7545931,21.2269102,22.89,gara_traian,tram,1,synthetic_gps
2026-05-13 18:36:30,45.7546059,21.2269423,19.83,gara_traian,tram,1,synthetic_gps
2026-05-13 18:36:31,45.7545556,21.2269862,15.04,gara_traian,tram,1,synthetic_gps
2026-05-13 18:36:32,45.7545334,21.2269722,12.81,gara_traian,tram,1,synthetic_gps
2026-05-13 18:36:33,45.7546891,21.2269802,18.16,gara_traian,tram,1,synthetic_gps
2026-05-13 18:36:34,45.754616,21.2269149,26.16,gara_traian,tram,1,synthetic_gps
2026-05-13 18:36:35,45.754653,21.2269826,18.16,gara_traian,tram,1,synthetic_gps
2026-05-13 18:36:36,45.754614,21.2270548,20.82,gara_traian,tram,1,synthetic_gps
2026-05-13 18:36:37,45.7546647,21.2270655,14.33,gara_traian,tram,1,synthetic_gps
2026-05-13 18:36:38,45.7547031,21.2270738,15.98,gara_traian,tram,1,synthetic_gps
2026-05-13 18:36:39,45.7546204,21.2270287,12.84,gara_traian,tram,1,synthetic_gps
2026-05-13 18:36:40,45.7546037,21.2270609,17.77,gara_traian,tram,1,synthetic_gps
2026-05-13 18:36:41,45.75454,21.2271274,11.09,gara_traian,tram,1,synthetic_gps
2026-05-13 18:36:42,45.7546574,21.2271831,19.09,gara_traian,tram,1,synthetic_gps
2026-05-13 18:36:43,45.7546567,21.2270982,20.19,gara_traian,tram,1,synthetic_gps
2026-05-13 18:36:44,45.7547309,21.2271518,13.23,gara_traian,tram,1,synthetic_gps
2026-05-13 18:36:45,45.7545944,21.2271785,9.14,gara_traian,tram,1,synthetic_gps
2026-05-13 18:36:46,45.7546415,21.2272243,14.68,gara_traian,tram,1,synthetic_gps
2026-05-13 18:36:47,45.7546304,21.2272489,12.95,gara_traian,tram,1,synthetic_gps
2026-05-13 18:36:48,45.7547024,21.2272878,20.95,gara_traian,tram,1,synthetic_gps
2026-05-13 18:36:49,45.754657,21.227222,12.95,gara_traian,tram,1,synthetic_gps
2026-05-13 18:36:50,45.7546261,21.2273106,9.73,gara_traian,tram,1,synthetic_gps
2026-05-13 18:36:51,45.7547064,21.2272965,15.11,gara_traian,tram,1,synthetic_gps
2026-05-13 18:36:52,45.7546466,21.2272212,21.0,gara_traian,tram,1,synthetic_gps
2026-05-13 18:36:53,45.7547105,21.2272966,20.51,gara_traian,tram,1,synthetic_gps
2026-05-13 18:36:54,45.7546939,21.2272839,12.51,gara_traian,tram,1,synthetic_gps
2026-05-13 18:36:55,45.7546115,21.227318,20.51,gara_traian,tram,1,synthetic_gps
2026-05-13 18:36:56,45.7547324,21.227402,25.25,gara_traian,tram,1,synthetic_gps
2026-05-13 18:36:57,45.754688,21.2273471,22.21,gara_traian,tram,1,synthetic_gps
2026-05-13 18:36:58,45.7546958,21.227373,22.3,gara_traian,tram,1,synthetic_gps
2026-05-13 18:36:59,45.7546726,21.2273572,16.0,gara_traian,tram,1,synthetic_gps
2026-05-13 18:37:00,45.7546574,21.2274493,8.0,gara_traian,tram,1,synthetic_gps
2026-05-13 18:37:01,45.7547237,21.2274125,1.21,gara_traian,tram,1,synthetic_gps
2026-05-13 18:37:02,45.7547852,21.2274509,1.27,gara_traian,tram,1,synthetic_gps
2026-05-13 18:37:03,45.754674,21.2274913,0.69,gara_traian,tram,1,synthetic_gps
2026-05-13 18:37:04,45.7547357,21.2274049,1.27,gara_traian,tram,1,synthetic_gps
2026-05-13 18:37:05,45.7547003,21.227482,0.66,gara_traian,tram,1,synthetic_gps
2026-05-13 18:37:06,45.7546892,21.2275326,1.04,gara_traian,tram,1,synthetic_gps
2026-05-13 18:37:07,45.7547047,21.2275713,1.11,gara_traian,tram,1,synthetic_gps
2026-05-13 18:37:08,45.7548282,21.227457,0.64,gara_traian,tram,1,synthetic_gps
2026-05-13 18:37:09,45.7547301,21.2274587,0.0,gara_traian,tram,1,synthetic_gps
2026-05-13 18:37:10,45.7547334,21.2276195,1.1,gara_traian,tram,1,synthetic_gps
2026-05-13 18:37:11,45.7547586,21.2275924,1.02,gara_traian,tram,1,synthetic_gps
2026-05-13 18:37:12,45.7547761,21.2276081,1.63,gara_traian,tram,1,synthetic_gps
2026-05-13 18:37:13,45.7547447,21.2275758,0.25,gara_traian,tram,1,synthetic_gps
2026-05-13 18:37:14,45.7548027,21.2277295,0.89,gara_traian,tram,1,synthetic_gps
2026-05-13 18:37:15,45.7546564,21.227658,2.62,gara_traian,tram,1,synthetic_gps
2026-05-13 18:37:16,45.7546785,21.22776,1.39,gara_traian,tram,1,synthetic_gps
2026-05-13 18:37:17,45.7548022,21.2276408,1.59,gara_traian,tram,1,synthetic_gps
2026-05-13 18:37:18,45.7547435,21.2277415,9.59,gara_traian,tram,1,synthetic_gps
2026-05-13 18:37:19,45.7546553,21.2277514,17.59,gara_traian,tram,1,synthetic_gps
2026-05-13 18:37:20,45.7547744,21.2276848,9.59,gara_traian,tram,1,synthetic_gps
2026-05-13 18:37:21,45.7547567,21.2277854,17.59,gara_traian,tram,1,synthetic_gps
2026-05-13 18:37:22,45.7547685,21.2278177,23.42,gara_traian,tram,1,synthetic_gps
2026-05-13 18:37:23,45.7548211,21.2277748,15.42,gara_traian,tram,1,synthetic_gps
2026-05-13 18:37:24,45.7547764,21.2277431,14.87,gara_traian,tram,1,synthetic_gps
2026-05-13 18:37:25,45.7547452,21.2278177,18.87,gara_traian,tram,1,synthetic_gps
2026-05-13 18:37:26,45.7547627,21.2278829,23.28,gara_traian,tram,1,synthetic_gps
2026-05-13 18:37:27,45.7547853,21.2278498,26.64,gara_traian,tram,1,synthetic_gps
2026-05-13 18:37:28,45.7547421,21.2278795,18.64,gara_traian,tram,1,synthetic_gps
2026-05-13 18:37:29,45.7547624,21.2278706,19.69,gara_traian,tram,1,synthetic_gps
2026-05-13 18:37:30,45.7547624,21.2278534,24.07,gara_traian,tram,1,synthetic_gps
2026-05-13 18:37:31,45.7548466,21.2279703,24.84,gara_traian,tram,1,synthetic_gps
2026-05-13 18:37:32,45.7547529,21.2279291,16.84,gara_traian,tram,1,synthetic_gps
2026-05-13 18:37:33,45.7547286,21.2278987,20.45,gara_traian,tram,1,synthetic_gps
2026-05-13 18:37:34,45.7548096,21.227999,12.45,gara_traian,tram,1,synthetic_gps
2026-05-13 18:37:35,45.7547826,21.2279877,4.97,gara_traian,tram,1,synthetic_gps
2026-05-13 18:37:36,45.7548182,21.2279337,12.97,gara_traian,tram,1,synthetic_gps
2026-05-13 18:37:37,45.7547923,21.2279911,16.93,gara_traian,tram,1,synthetic_gps
2026-05-13 18:37:38,45.7548626,21.2280609,17.39,gara_traian,tram,1,synthetic_gps
2026-05-13 18:37:39,45.75484,21.2281117,24.99,gara_traian,tram,1,synthetic_gps
2026-05-13 18:37:40,45.7547818,21.2280946,25.12,gara_traian,tram,1,synthetic_gps
2026-05-13 18:37:41,45.754819,21.2280759,23.54,gara_traian,tram,1,synthetic_gps
2026-05-13 18:37:42,45.7547807,21.2281372,15.54,gara_traian,tram,1,synthetic_gps
2026-05-13 18:37:43,45.7548343,21.2280402,19.2,gara_traian,tram,1,synthetic_gps
2026-05-13 18:37:44,45.7548456,21.2281203,11.2,gara_traian,tram,1,synthetic_gps
2026-05-13 18:37:45,45.7548165,21.2281984,12.4,gara_traian,tram,1,synthetic_gps
2026-05-13 18:37:46,45.7547953,21.2281869,20.4,gara_traian,tram,1,synthetic_gps
2026-05-13 18:37:47,45.7548559,21.228176,17.41,gara_traian,tram,1,synthetic_gps
2026-05-13 18:37:48,45.7548056,21.2281506,21.02,gara_traian,tram,1,synthetic_gps
2026-05-13 18:37:49,45.7548793,21.2282195,17.61,gara_traian,tram,1,synthetic_gps
2026-05-13 18:37:50,45.7547893,21.2282709,23.49,gara_traian,tram,1,synthetic_gps
2026-05-13 18:37:51,45.7548883,21.2281611,24.56,gara_traian,tram,1,synthetic_gps
2026-05-13 18:37:52,45.7548981,21.228135,16.56,gara_traian,tram,1,synthetic_gps
2026-05-13 18:37:53,45.7549102,21.228292,17.1,gara_traian,tram,1,synthetic_gps
2026-05-13 18:37:54,45.7547808,21.2283044,15.23,gara_traian,tram,1,synthetic_gps
2026-05-13 18:37:55,45.7548646,21.2283326,17.21,gara_traian,tram,1,synthetic_gps
2026-05-13 18:37:56,45.7549715,21.2282825,18.84,gara_traian,tram,1,synthetic_gps
2026-05-13 18:37:57,45.754852,21.2283545,13.9,gara_traian,tram,1,synthetic_gps
2026-05-13 18:37:58,45.7549668,21.2283492,8.75,gara_traian,tram,1,synthetic_gps
2026-05-13 18:37:59,45.7548774,21.2283619,16.75,gara_traian,tram,1,synthetic_gps
2026-05-13 18:38:00,45.7549667,21.228415,10.97,gara_traian,tram,1,synthetic_gps
2026-05-13 18:38:01,45.7548687,21.2283639,10.06,gara_traian,tram,1,synthetic_gps
2026-05-13 18:38:02,45.7548852,21.2284798,18.06,gara_traian,tram,1,synthetic_gps
2026-05-13 18:38:03,45.7549287,21.2283875,26.06,gara_traian,tram,1,synthetic_gps
2026-05-13 18:38:04,45.7548951,21.2284708,33.0,gara_traian,tram,1,synthetic_gps
2026-05-13 18:38:05,45.7548887,21.2284317,25.0,gara_traian,tram,1,synthetic_gps
2026-05-13 18:38:06,45.7548913,21.2284289,20.02,gara_traian,tram,1,synthetic_gps
2026-05-13 18:38:07,45.7550095,21.2285386,21.59,gara_traian,tram,1,synthetic_gps
2026-05-13 18:38:08,45.7549113,21.2284897,18.98,gara_traian,tram,1,synthetic_gps
2026-05-13 18:38:09,45.7549874,21.2284742,13.62,gara_traian,tram,1,synthetic_gps
2026-05-13 18:38:10,45.7549258,21.2286007,15.99,gara_traian,tram,1,synthetic_gps
2026-05-13 18:38:11,45.7550004,21.2286086,19.05,gara_traian,tram,1,synthetic_gps
2026-05-13 18:38:12,45.7549746,21.2286318,20.12,gara_traian,tram,1,synthetic_gps
2026-05-13 18:38:13,45.7549957,21.2285947,23.21,gara_traian,tram,1,synthetic_gps
2026-05-13 18:38:14,45.7549112,21.2286306,23.92,gara_traian,tram,1,synthetic_gps
2026-05-13 18:38:15,45.7549789,21.2286354,21.9,gara_traian,tram,1,synthetic_gps
2026-05-13 18:38:16,45.7549511,21.2285954,13.9,gara_traian,tram,1,synthetic_gps
2026-05-13 18:38:17,45.7548935,21.2286818,20.76,gara_traian,tram,1,synthetic_gps
2026-05-13 18:38:18,45.75491,21.2286436,15.18,gara_traian,tram,1,synthetic_gps
2026-05-13 18:38:19,45.7550272,21.2286484,15.35,gara_traian,tram,1,synthetic_gps
2026-05-13 18:38:20,45.7549916,21.2287757,18.5,gara_traian,tram,1,synthetic_gps
2026-05-13 18:38:21,45.7548976,21.2288279,20.41,gara_traian,tram,1,synthetic_gps
2026-05-13 18:38:22,45.7549969,21.2286627,12.41,gara_traian,tram,1,synthetic_gps
2026-05-13 18:38:23,45.7550252,21.2287523,20.41,gara_traian,tram,1,synthetic_gps
2026-05-13 18:38:24,45.7550221,21.2288675,16.32,gara_traian,tram,1,synthetic_gps
2026-05-13 18:38:25,45.7549957,21.2287826,14.74,gara_traian,tram,1,synthetic_gps
2026-05-13 18:38:26,45.7550362,21.2288639,22.74,gara_traian,tram,1,synthetic_gps
2026-05-13 18:38:27,45.7549542,21.2288387,14.74,gara_traian,tram,1,synthetic_gps
2026-05-13 18:38:28,45.7550893,21.2288937,6.74,gara_traian,tram,1,synthetic_gps
2026-05-13 18:38:29,45.7550264,21.2288366,14.74,gara_traian,tram,1,synthetic_gps
2026-05-13 18:38:30,45.7549079,21.228889,21.76,gara_traian,tram,1,synthetic_gps
2026-05-13 18:38:31,45.7549914,21.2289037,29.76,gara_traian,tram,1,synthetic_gps
2026-05-13 18:38:32,45.7549897,21.2289511,21.76,gara_traian,tram,1,synthetic_gps
2026-05-13 18:38:33,45.7550854,21.2289385,19.33,gara_traian,tram,1,synthetic_gps
2026-05-13 18:38:34,45.7549957,21.2289463,11.33,gara_traian,tram,1,synthetic_gps
2026-05-13 18:38:35,45.7550298,21.2288322,19.33,gara_traian,tram,1,synthetic_gps
2026-05-13 18:38:36,45.7551015,21.2290436,12.99,gara_traian,tram,1,synthetic_gps
2026-05-13 18:38:37,45.7550092,21.2289405,17.15,gara_traian,tram,1,synthetic_gps
2026-05-13 18:38:38,45.7551367,21.2290203,16.75,gara_traian,tram,1,synthetic_gps
2026-05-13 18:38:39,45.7550774,21.2290182,14.38,gara_traian,tram,1,synthetic_gps
2026-05-13 18:38:40,45.755059,21.2290344,6.38,gara_traian,tram,1,synthetic_gps
2026-05-13 18:38:41,45.7551027,21.2290244,14.38,gara_traian,tram,1,synthetic_gps
2026-05-13 18:38:42,45.7550606,21.2291017,9.26,gara_traian,tram,1,synthetic_gps
2026-05-13 18:38:43,45.7550516,21.229154,16.51,gara_traian,tram,1,synthetic_gps
2026-05-13 18:38:44,45.7550786,21.2291169,17.63,gara_traian,tram,1,synthetic_gps
2026-05-13 18:38:45,45.7550615,21.2290473,16.18,gara_traian,tram,1,synthetic_gps
2026-05-13 18:38:46,45.7550833,21.22908,18.57,gara_traian,tram,1,synthetic_gps
2026-05-13 18:38:47,45.7550938,21.2291455,18.46,gara_traian,tram,1,synthetic_gps
2026-05-13 18:38:48,45.7551156,21.2291622,13.49,gara_traian,tram,1,synthetic_gps
2026-05-13 18:38:49,45.7550942,21.2291393,10.42,gara_traian,tram,1,synthetic_gps
2026-05-13 18:38:50,45.7551809,21.2291772,18.42,gara_traian,tram,1,synthetic_gps
2026-05-13 18:38:51,45.7551424,21.2291982,23.0,gara_traian,tram,1,synthetic_gps
2026-05-13 18:38:52,45.7550466,21.2292156,15.96,gara_traian,tram,1,synthetic_gps
2026-05-13 18:38:53,45.7550619,21.2292233,22.14,gara_traian,tram,1,synthetic_gps
2026-05-13 18:38:54,45.7551101,21.2292596,14.4,gara_traian,tram,1,synthetic_gps
2026-05-13 18:38:55,45.755128,21.2293393,20.4,gara_traian,tram,1,synthetic_gps
2026-05-13 18:38:56,45.7551899,21.2293021,12.4,gara_traian,tram,1,synthetic_gps
2026-05-13 18:38:57,45.7550994,21.2293183,5.08,gara_traian,tram,1,synthetic_gps
2026-05-13 18:38:58,45.7551242,21.2294148,10.19,gara_traian,tram,1,synthetic_gps
2026-05-13 18:38:59,45.7551572,21.229302,18.19,gara_traian,tram,1,synthetic_gps
2026-05-13 18:39:00,45.7551371,21.2293265,20.51,gara_traian,tram,1,synthetic_gps
2026-05-13 18:39:01,45.7550729,21.2293779,15.01,gara_traian,tram,1,synthetic_gps
2026-05-13 18:39:02,45.7551982,21.2293361,8.28,gara_traian,tram,1,synthetic_gps
2026-05-13 18:39:03,45.7551547,21.2293176,4.01,gara_traian,tram,1,synthetic_gps
2026-05-13 18:39:04,45.7552129,21.2294341,12.01,gara_traian,tram,1,synthetic_gps
2026-05-13 18:39:05,45.7551971,21.2293999,14.63,gara_traian,tram,1,synthetic_gps
2026-05-13 18:39:06,45.7552423,21.2294377,8.19,gara_traian,tram,1,synthetic_gps
2026-05-13 18:39:07,45.7551231,21.229477,16.19,gara_traian,tram,1,synthetic_gps
2026-05-13 18:39:08,45.7552351,21.2295019,24.19,gara_traian,tram,1,synthetic_gps
2026-05-13 18:39:09,45.755214,21.2295712,16.19,gara_traian,tram,1,synthetic_gps
2026-05-13 18:39:10,45.7551673,21.2296485,20.62,gara_traian,tram,1,synthetic_gps
2026-05-13 18:39:11,45.7552001,21.2294872,20.78,gara_traian,tram,1,synthetic_gps
2026-05-13 18:39:12,45.7552265,21.2295459,13.85,gara_traian,tram,1,synthetic_gps
2026-05-13 18:39:13,45.7552186,21.2295249,13.42,gara_traian,tram,1,synthetic_gps
2026-05-13 18:39:14,45.7550847,21.2296285,19.49,gara_traian,tram,1,synthetic_gps
2026-05-13 18:39:15,45.7551686,21.2296333,11.49,gara_traian,tram,1,synthetic_gps
2026-05-13 18:39:16,45.7552092,21.2296206,12.07,gara_traian,tram,1,synthetic_gps
2026-05-13 18:39:17,45.7552111,21.2295484,20.07,gara_traian,tram,1,synthetic_gps
2026-05-13 18:39:18,45.7552889,21.2296614,19.52,gara_traian,tram,1,synthetic_gps
2026-05-13 18:39:19,45.7552488,21.2296666,27.52,gara_traian,tram,1,synthetic_gps
2026-05-13 18:39:20,45.7552211,21.2296879,26.99,gara_traian,tram,1,synthetic_gps
2026-05-13 18:39:21,45.7552563,21.2297319,18.99,gara_traian,tram,1,synthetic_gps
2026-05-13 18:39:22,45.7552062,21.2296574,23.35,gara_traian,tram,1,synthetic_gps
2026-05-13 18:39:23,45.7551905,21.2298238,15.9,gara_traian,tram,1,synthetic_gps
2026-05-13 18:39:24,45.7551892,21.2297718,13.23,gara_traian,tram,1,synthetic_gps
2026-05-13 18:39:25,45.7552512,21.2297466,17.02,gara_traian,tram,1,synthetic_gps
2026-05-13 18:39:26,45.7552419,21.2297818,20.35,gara_traian,tram,1,synthetic_gps
2026-05-13 18:39:27,45.7552316,21.2298091,16.48,gara_traian,tram,1,synthetic_gps
2026-05-13 18:39:28,45.7552883,21.2298469,19.51,gara_traian,tram,1,synthetic_gps
2026-05-13 18:39:29,45.7552304,21.2298541,27.51,gara_traian,tram,1,synthetic_gps
2026-05-13 18:39:30,45.7553018,21.2298683,19.51,gara_traian,tram,1,synthetic_gps
2026-05-13 18:39:31,45.7552952,21.2298951,14.53,gara_traian,tram,1,synthetic_gps
2026-05-13 18:39:32,45.7552479,21.2298175,21.82,gara_traian,tram,1,synthetic_gps
2026-05-13 18:39:33,45.7553174,21.2298919,13.82,gara_traian,tram,1,synthetic_gps
2026-05-13 18:39:34,45.7552567,21.2299266,21.82,gara_traian,tram,1,synthetic_gps
2026-05-13 18:39:35,45.7552557,21.2299414,22.34,gara_traian,tram,1,synthetic_gps
2026-05-13 18:39:36,45.7552154,21.229933,16.95,gara_traian,tram,1,synthetic_gps
2026-05-13 18:39:37,45.7552489,21.2299629,22.43,gara_traian,tram,1,synthetic_gps
2026-05-13 18:39:38,45.7552891,21.2299961,21.1,gara_traian,tram,1,synthetic_gps
2026-05-13 18:39:39,45.7553121,21.2300196,28.99,gara_traian,tram,1,synthetic_gps
2026-05-13 18:39:40,45.7552503,21.2299843,23.89,gara_traian,tram,1,synthetic_gps
2026-05-13 18:39:41,45.7552081,21.230059,20.16,gara_traian,tram,1,synthetic_gps
2026-05-13 18:39:42,45.7553475,21.2300517,22.64,gara_traian,tram,1,synthetic_gps
2026-05-13 18:39:43,45.7552557,21.2300649,26.2,gara_traian,tram,1,synthetic_gps
2026-05-13 18:39:44,45.7553175,21.2300325,18.2,gara_traian,tram,1,synthetic_gps
2026-05-13 18:39:45,45.7553352,21.2301246,24.22,gara_traian,tram,1,synthetic_gps
2026-05-13 18:39:46,45.7553323,21.2301023,21.34,gara_traian,tram,1,synthetic_gps
2026-05-13 18:39:47,45.7552904,21.2300929,20.99,gara_traian,tram,1,synthetic_gps
2026-05-13 18:39:48,45.7553232,21.2301679,27.92,gara_traian,tram,1,synthetic_gps
2026-05-13 18:39:49,45.7553208,21.2302848,19.92,gara_traian,tram,1,synthetic_gps
2026-05-13 18:39:50,45.755328,21.2302391,21.28,gara_traian,tram,1,synthetic_gps
2026-05-13 18:39:51,45.7553125,21.2301677,16.91,gara_traian,tram,1,synthetic_gps
2026-05-13 18:39:52,45.7553151,21.2302205,8.91,gara_traian,tram,1,synthetic_gps
2026-05-13 18:39:53,45.755333,21.2301891,16.91,gara_traian,tram,1,synthetic_gps
2026-05-13 18:39:54,45.7552212,21.2302001,11.62,gara_traian,tram,1,synthetic_gps
2026-05-13 18:39:55,45.7553819,21.2303102,19.62,gara_traian,tram,1,synthetic_gps
2026-05-13 18:39:56,45.7553394,21.2302834,12.33,gara_traian,tram,1,synthetic_gps
2026-05-13 18:39:57,45.7552441,21.2303236,18.26,gara_traian,tram,1,synthetic_gps
2026-05-13 18:39:58,45.7552713,21.2303102,22.96,gara_traian,tram,1,synthetic_gps
2026-05-13 18:39:59,45.7552692,21.2303567,18.81,gara_traian,tram,1,synthetic_gps
2026-05-13 18:40:00,45.7553215,21.2303747,10.81,gara_traian,tram,1,synthetic_gps
2026-05-13 18:40:01,45.755375,21.2303518,2.81,gara_traian,tram,1,synthetic_gps
2026-05-13 18:40:02,45.7553717,21.230322,1.17,gara_traian,tram,1,synthetic_gps
2026-05-13 18:40:03,45.7553099,21.2303679,2.12,gara_traian,tram,1,synthetic_gps
2026-05-13 18:40:04,45.7554233,21.2303527,0.64,gara_traian,tram,1,synthetic_gps
2026-05-13 18:40:05,45.7554078,21.2304583,1.09,gara_traian,tram,1,synthetic_gps
2026-05-13 18:40:06,45.7553372,21.2304229,1.6,gara_traian,tram,1,synthetic_gps
2026-05-13 18:40:07,45.7553985,21.2305266,2.07,gara_traian,tram,1,synthetic_gps
2026-05-13 18:40:08,45.7554045,21.2305055,2.25,gara_traian,tram,1,synthetic_gps
2026-05-13 18:40:09,45.7554165,21.2304916,0.15,gara_traian,tram,1,synthetic_gps
2026-05-13 18:40:10,45.7553728,21.2304424,1.67,gara_traian,tram,1,synthetic_gps
2026-05-13 18:40:11,45.755373,21.230464,1.56,gara_traian,tram,1,synthetic_gps
2026-05-13 18:40:12,45.7553697,21.2305316,0.8,gara_traian,tram,1,synthetic_gps
2026-05-13 18:40:13,45.7554493,21.2305338,1.7,gara_traian,tram,1,synthetic_gps
2026-05-13 18:40:14,45.7554137,21.2305852,1.46,gara_traian,tram,1,synthetic_gps
2026-05-13 18:40:15,45.7554063,21.2306288,1.12,gara_traian,tram,1,synthetic_gps
2026-05-13 18:40:16,45.7554588,21.2304956,1.36,gara_traian,tram,1,synthetic_gps
2026-05-13 18:40:17,45.7554838,21.2306192,0.13,gara_traian,tram,1,synthetic_gps
2026-05-13 18:40:18,45.7554415,21.230652,8.13,gara_traian,tram,1,synthetic_gps
2026-05-13 18:40:19,45.7554789,21.2305965,16.13,gara_traian,tram,1,synthetic_gps
2026-05-13 18:40:20,45.7553773,21.2306233,8.13,gara_traian,tram,1,synthetic_gps
2026-05-13 18:40:21,45.7555827,21.230638,13.69,gara_traian,tram,1,synthetic_gps
2026-05-13 18:40:22,45.755488,21.2306417,13.12,gara_traian,tram,1,synthetic_gps
2026-05-13 18:40:23,45.7553869,21.2306995,15.61,gara_traian,tram,1,synthetic_gps
2026-05-13 18:40:24,45.7554788,21.2307167,23.61,gara_traian,tram,1,synthetic_gps
2026-05-13 18:40:25,45.7554665,21.2307453,18.84,gara_traian,tram,1,synthetic_gps
2026-05-13 18:40:26,45.7554861,21.2307951,12.43,gara_traian,tram,1,synthetic_gps
2026-05-13 18:40:27,45.7554967,21.2307207,20.43,gara_traian,tram,1,synthetic_gps
2026-05-13 18:40:28,45.7554054,21.2307843,28.43,gara_traian,tram,1,synthetic_gps
2026-05-13 18:40:29,45.7555653,21.230735,20.43,gara_traian,tram,1,synthetic_gps
2026-05-13 18:40:30,45.7554666,21.2307858,17.48,gara_traian,tram,1,synthetic_gps
2026-05-13 18:40:31,45.7555505,21.2307631,9.48,gara_traian,tram,1,synthetic_gps
2026-05-13 18:40:32,45.7555057,21.230875,17.48,gara_traian,tram,1,synthetic_gps
2026-05-13 18:40:33,45.755405,21.2308932,9.48,gara_traian,tram,1,synthetic_gps
2026-05-13 18:40:34,45.755468,21.230911,16.78,gara_traian,tram,1,synthetic_gps
2026-05-13 18:40:35,45.7555339,21.2308927,24.78,gara_traian,tram,1,synthetic_gps
2026-05-13 18:40:36,45.7554541,21.230862,21.02,gara_traian,tram,1,synthetic_gps
2026-05-13 18:40:37,45.7556034,21.2308823,17.0,gara_traian,tram,1,synthetic_gps
2026-05-13 18:40:38,45.7555366,21.230947,25.0,gara_traian,tram,1,synthetic_gps
2026-05-13 18:40:39,45.7555458,21.2310073,26.21,gara_traian,tram,1,synthetic_gps
2026-05-13 18:40:40,45.755553,21.2309661,18.21,gara_traian,tram,1,synthetic_gps
2026-05-13 18:40:41,45.7555136,21.2310335,10.21,gara_traian,tram,1,synthetic_gps
2026-05-13 18:40:42,45.7555331,21.2309479,18.21,gara_traian,tram,1,synthetic_gps
2026-05-13 18:40:43,45.7555195,21.2310277,17.99,gara_traian,tram,1,synthetic_gps
2026-05-13 18:40:44,45.7556252,21.2309399,20.19,gara_traian,tram,1,synthetic_gps
2026-05-13 18:40:45,45.7555512,21.231036,20.29,gara_traian,tram,1,synthetic_gps
2026-05-13 18:40:46,45.7555944,21.231124,27.85,gara_traian,tram,1,synthetic_gps
2026-05-13 18:40:47,45.7555168,21.2310283,19.85,gara_traian,tram,1,synthetic_gps
2026-05-13 18:40:48,45.7555691,21.2311635,14.0,gara_traian,tram,1,synthetic_gps
2026-05-13 18:40:49,45.7556465,21.2310977,13.12,gara_traian,tram,1,synthetic_gps
2026-05-13 18:40:50,45.7556004,21.2311341,8.89,gara_traian,tram,1,synthetic_gps
2026-05-13 18:40:51,45.7555314,21.231143,16.89,gara_traian,tram,1,synthetic_gps
2026-05-13 18:40:52,45.7555236,21.2311391,13.5,gara_traian,tram,1,synthetic_gps
2026-05-13 18:40:53,45.7555731,21.2312088,21.5,gara_traian,tram,1,synthetic_gps
2026-05-13 18:40:54,45.7556024,21.2311694,16.81,gara_traian,tram,1,synthetic_gps
2026-05-13 18:40:55,45.7555432,21.2311767,8.81,gara_traian,tram,1,synthetic_gps
2026-05-13 18:40:56,45.7556834,21.2311692,10.38,gara_traian,tram,1,synthetic_gps
2026-05-13 18:40:57,45.7555803,21.2312741,4.99,gara_traian,tram,1,synthetic_gps
2026-05-13 18:40:58,45.7555991,21.2312777,12.99,gara_traian,tram,1,synthetic_gps
2026-05-13 18:40:59,45.7556188,21.231336,13.13,gara_traian,tram,1,synthetic_gps
2026-05-13 18:41:00,45.7556051,21.2313546,5.13,gara_traian,tram,1,synthetic_gps
2026-05-13 18:41:01,45.7555849,21.2313521,13.13,gara_traian,tram,1,synthetic_gps
2026-05-13 18:41:02,45.7556461,21.2313106,19.43,gara_traian,tram,1,synthetic_gps
2026-05-13 18:41:03,45.7556049,21.2313768,16.73,gara_traian,tram,1,synthetic_gps
2026-05-13 18:41:04,45.7556039,21.2312958,21.57,gara_traian,tram,1,synthetic_gps
2026-05-13 18:41:05,45.7556707,21.2314259,13.57,gara_traian,tram,1,synthetic_gps
2026-05-13 18:41:06,45.7556796,21.2313663,10.11,gara_traian,tram,1,synthetic_gps
2026-05-13 18:41:07,45.7556413,21.2314575,13.23,gara_traian,tram,1,synthetic_gps
2026-05-13 18:41:08,45.7557085,21.231505,20.42,gara_traian,tram,1,synthetic_gps
2026-05-13 18:41:09,45.7555956,21.2314661,22.06,gara_traian,tram,1,synthetic_gps
2026-05-13 18:41:10,45.7555754,21.2314944,22.02,gara_traian,tram,1,synthetic_gps
2026-05-13 18:41:11,45.7556579,21.2314155,20.1,gara_traian,tram,1,synthetic_gps
2026-05-13 18:41:12,45.7556439,21.2314907,13.04,gara_traian,tram,1,synthetic_gps
2026-05-13 18:41:13,45.7556544,21.2314907,21.04,gara_traian,tram,1,synthetic_gps
2026-05-13 18:41:14,45.7556586,21.231538,13.04,gara_traian,tram,1,synthetic_gps
2026-05-13 18:41:15,45.7556465,21.231553,21.04,gara_traian,tram,1,synthetic_gps
2026-05-13 18:41:16,45.755645,21.2316216,16.18,gara_traian,tram,1,synthetic_gps
2026-05-13 18:41:17,45.7556602,21.2316141,22.64,gara_traian,tram,1,synthetic_gps
2026-05-13 18:41:18,45.7557362,21.2316488,23.22,gara_traian,tram,1,synthetic_gps
2026-05-13 18:41:19,45.7556378,21.2316454,15.22,gara_traian,tram,1,synthetic_gps
2026-05-13 18:41:20,45.755712,21.2317051,20.74,gara_traian,tram,1,synthetic_gps
2026-05-13 18:41:21,45.7556997,21.2316853,14.6,gara_traian,tram,1,synthetic_gps
2026-05-13 18:41:22,45.7557304,21.2317095,18.62,gara_traian,tram,1,synthetic_gps
2026-05-13 18:41:23,45.7557022,21.2315869,14.03,gara_traian,tram,1,synthetic_gps
2026-05-13 18:41:24,45.755622,21.2316698,10.36,gara_traian,tram,1,synthetic_gps
2026-05-13 18:41:25,45.75575,21.2317185,5.84,gara_traian,tram,1,synthetic_gps
2026-05-13 18:41:26,45.7557198,21.2317821,13.84,gara_traian,tram,1,synthetic_gps
2026-05-13 18:41:27,45.7556158,21.2317253,16.24,gara_traian,tram,1,synthetic_gps
2026-05-13 18:41:28,45.7556361,21.2317868,12.94,gara_traian,tram,1,synthetic_gps
2026-05-13 18:41:29,45.7557109,21.2317692,20.94,gara_traian,tram,1,synthetic_gps
2026-05-13 18:41:30,45.7556963,21.2318662,19.28,gara_traian,tram,1,synthetic_gps
2026-05-13 18:41:31,45.7558403,21.2318049,20.64,gara_traian,tram,1,synthetic_gps
2026-05-13 18:41:32,45.755715,21.2317891,15.89,gara_traian,tram,1,synthetic_gps
2026-05-13 18:41:33,45.755711,21.2318796,16.9,gara_traian,tram,1,synthetic_gps
2026-05-13 18:41:34,45.7557811,21.2319207,12.11,gara_traian,tram,1,synthetic_gps
2026-05-13 18:41:35,45.7557975,21.2319107,20.11,gara_traian,tram,1,synthetic_gps
2026-05-13 18:41:36,45.7557681,21.231837,25.55,gara_traian,tram,1,synthetic_gps
2026-05-13 18:41:37,45.7558005,21.2319073,17.55,gara_traian,tram,1,synthetic_gps
2026-05-13 18:41:38,45.7558245,21.2319428,12.16,gara_traian,tram,1,synthetic_gps
2026-05-13 18:41:39,45.7558017,21.2319622,8.81,gara_traian,tram,1,synthetic_gps
2026-05-13 18:41:40,45.7558141,21.2320221,14.85,gara_traian,tram,1,synthetic_gps
2026-05-13 18:41:41,45.7556927,21.2320075,13.43,gara_traian,tram,1,synthetic_gps
2026-05-13 18:41:42,45.7557346,21.231961,16.96,gara_traian,tram,1,synthetic_gps
2026-05-13 18:41:43,45.7558145,21.2319789,15.84,gara_traian,tram,1,synthetic_gps
2026-05-13 18:41:44,45.7557919,21.2320104,7.84,gara_traian,tram,1,synthetic_gps
2026-05-13 18:41:45,45.7557765,21.2320015,11.41,gara_traian,tram,1,synthetic_gps
2026-05-13 18:41:46,45.7558234,21.2320369,19.41,gara_traian,tram,1,synthetic_gps
2026-05-13 18:41:47,45.7557807,21.2320471,12.38,gara_traian,tram,1,synthetic_gps
2026-05-13 18:41:48,45.7558169,21.232028,20.38,gara_traian,tram,1,synthetic_gps
2026-05-13 18:41:49,45.755864,21.2321023,21.82,gara_traian,tram,1,synthetic_gps
2026-05-13 18:41:50,45.7558084,21.2321922,13.82,gara_traian,tram,1,synthetic_gps
2026-05-13 18:41:51,45.7557387,21.2321019,11.3,gara_traian,tram,1,synthetic_gps
2026-05-13 18:41:52,45.7558483,21.2321299,19.3,gara_traian,tram,1,synthetic_gps
2026-05-13 18:41:53,45.7557858,21.2321079,16.94,gara_traian,tram,1,synthetic_gps
2026-05-13 18:41:54,45.7557646,21.2321539,8.94,gara_traian,tram,1,synthetic_gps
2026-05-13 18:41:55,45.7557959,21.2322378,16.94,gara_traian,tram,1,synthetic_gps
2026-05-13 18:41:56,45.7558225,21.2322373,22.29,gara_traian,tram,1,synthetic_gps
2026-05-13 18:41:57,45.75582,21.2322696,14.29,gara_traian,tram,1,synthetic_gps
2026-05-13 18:41:58,45.7558925,21.2322338,18.98,gara_traian,tram,1,synthetic_gps
2026-05-13 18:41:59,45.755865,21.2322702,13.85,gara_traian,tram,1,synthetic_gps
2026-05-13 18:42:00,45.7559148,21.2322823,13.49,gara_traian,tram,1,synthetic_gps
2026-05-13 18:42:01,45.7558546,21.2322744,15.75,gara_traian,tram,1,synthetic_gps
2026-05-13 18:42:02,45.7558566,21.2323297,7.75,gara_traian,tram,1,synthetic_gps
2026-05-13 18:42:03,45.7558912,21.2322971,15.75,gara_traian,tram,1,synthetic_gps
2026-05-13 18:42:04,45.7558374,21.2323655,7.75,gara_traian,tram,1,synthetic_gps
2026-05-13 18:42:05,45.75586,21.2323404,15.75,gara_traian,tram,1,synthetic_gps
2026-05-13 18:42:06,45.7558999,21.2324025,19.59,gara_traian,tram,1,synthetic_gps
2026-05-13 18:42:07,45.7558038,21.2324337,11.59,gara_traian,tram,1,synthetic_gps
2026-05-13 18:42:08,45.7558842,21.2323576,10.44,gara_traian,tram,1,synthetic_gps
2026-05-13 18:42:09,45.7558618,21.2323975,18.44,gara_traian,tram,1,synthetic_gps
2026-05-13 18:42:10,45.7558702,21.2324455,17.66,gara_traian,tram,1,synthetic_gps
2026-05-13 18:42:11,45.7559067,21.2324211,22.89,gara_traian,tram,1,synthetic_gps
2026-05-13 18:42:12,45.755894,21.2324425,20.57,gara_traian,tram,1,synthetic_gps
2026-05-13 18:42:13,45.7559065,21.2324627,20.6,gara_traian,tram,1,synthetic_gps
2026-05-13 18:42:14,45.7558295,21.232553,25.24,gara_traian,tram,1,synthetic_gps
2026-05-13 18:42:15,45.755883,21.2324849,17.24,gara_traian,tram,1,synthetic_gps
2026-05-13 18:42:16,45.7559499,21.2325352,19.3,gara_traian,tram,1,synthetic_gps
2026-05-13 18:42:17,45.7558326,21.2326221,27.3,gara_traian,tram,1,synthetic_gps
2026-05-13 18:42:18,45.7557948,21.2326395,19.3,gara_traian,tram,1,synthetic_gps
2026-05-13 18:42:19,45.7559327,21.2325569,11.41,gara_traian,tram,1,synthetic_gps
2026-05-13 18:42:20,45.7559726,21.2326468,19.41,gara_traian,tram,1,synthetic_gps
2026-05-13 18:42:21,45.7558973,21.2326972,12.44,gara_traian,tram,1,synthetic_gps
2026-05-13 18:42:22,45.755991,21.2326356,20.44,gara_traian,tram,1,synthetic_gps
2026-05-13 18:42:23,45.7559405,21.2326857,12.44,gara_traian,tram,1,synthetic_gps
2026-05-13 18:42:24,45.7559077,21.2326427,5.7,gara_traian,tram,1,synthetic_gps
2026-05-13 18:42:25,45.7559358,21.2326132,8.47,gara_traian,tram,1,synthetic_gps
2026-05-13 18:42:26,45.755974,21.232696,12.88,gara_traian,tram,1,synthetic_gps
2026-05-13 18:42:27,45.7559073,21.2327327,12.08,gara_traian,tram,1,synthetic_gps
2026-05-13 18:42:28,45.7559744,21.2326827,10.96,gara_traian,tram,1,synthetic_gps
2026-05-13 18:42:29,45.755961,21.2327878,18.96,gara_traian,tram,1,synthetic_gps
2026-05-13 18:42:30,45.7559266,21.232867,10.96,gara_traian,tram,1,synthetic_gps
2026-05-13 18:42:31,45.7559622,21.2327716,15.04,gara_traian,tram,1,synthetic_gps
2026-05-13 18:42:32,45.7558975,21.2327923,18.99,gara_traian,tram,1,synthetic_gps
2026-05-13 18:42:33,45.7560098,21.2327912,26.99,gara_traian,tram,1,synthetic_gps
2026-05-13 18:42:34,45.7559497,21.2328102,18.99,gara_traian,tram,1,synthetic_gps
2026-05-13 18:42:35,45.7559576,21.2328525,18.73,gara_traian,tram,1,synthetic_gps
2026-05-13 18:42:36,45.7560373,21.2328216,23.42,gara_traian,tram,1,synthetic_gps
2026-05-13 18:42:37,45.7559875,21.2327813,22.16,gara_traian,tram,1,synthetic_gps
2026-05-13 18:42:38,45.7559654,21.2329485,16.71,gara_traian,tram,1,synthetic_gps
2026-05-13 18:42:39,45.7559756,21.2328515,22.83,gara_traian,tram,1,synthetic_gps
2026-05-13 18:42:40,45.7560195,21.2329166,14.83,gara_traian,tram,1,synthetic_gps
2026-05-13 18:42:41,45.756047,21.2329615,17.86,gara_traian,tram,1,synthetic_gps
2026-05-13 18:42:42,45.756105,21.2329723,13.76,gara_traian,tram,1,synthetic_gps
2026-05-13 18:42:43,45.7559622,21.2329635,14.9,gara_traian,tram,1,synthetic_gps
2026-05-13 18:42:44,45.7560122,21.2330483,19.57,gara_traian,tram,1,synthetic_gps
2026-05-13 18:42:45,45.756077,21.2330819,23.6,gara_traian,tram,1,synthetic_gps
2026-05-13 18:42:46,45.7560421,21.2330198,20.82,gara_traian,tram,1,synthetic_gps
2026-05-13 18:42:47,45.7560381,21.2330307,14.65,gara_traian,tram,1,synthetic_gps
2026-05-13 18:42:48,45.7560392,21.2329703,16.55,gara_traian,tram,1,synthetic_gps
2026-05-13 18:42:49,45.7560503,21.2329968,18.05,gara_traian,tram,1,synthetic_gps
2026-05-13 18:42:50,45.756063,21.2330289,24.0,gara_traian,tram,1,synthetic_gps
2026-05-13 18:42:51,45.7560169,21.2330832,16.0,gara_traian,tram,1,synthetic_gps
2026-05-13 18:42:52,45.7560717,21.2330954,11.13,gara_traian,tram,1,synthetic_gps
2026-05-13 18:42:53,45.7559951,21.2331744,14.3,gara_traian,tram,1,synthetic_gps
2026-05-13 18:42:54,45.7560049,21.2332515,11.99,gara_traian,tram,1,synthetic_gps
2026-05-13 18:42:55,45.7560145,21.2331414,11.12,gara_traian,tram,1,synthetic_gps
2026-05-13 18:42:56,45.7560776,21.2332294,10.98,gara_traian,tram,1,synthetic_gps
2026-05-13 18:42:57,45.7560641,21.233207,18.98,gara_traian,tram,1,synthetic_gps
2026-05-13 18:42:58,45.7560637,21.2331678,12.13,gara_traian,tram,1,synthetic_gps
2026-05-13 18:42:59,45.7560816,21.2332107,20.13,gara_traian,tram,1,synthetic_gps
2026-05-13 18:43:00,45.7560324,21.2332564,12.13,gara_traian,tram,1,synthetic_gps
2026-05-13 18:43:01,45.7560824,21.2332962,4.13,gara_traian,tram,1,synthetic_gps
2026-05-13 18:43:02,45.7561057,21.233241,1.39,gara_traian,tram,1,synthetic_gps
2026-05-13 18:43:03,45.7561012,21.2332934,1.02,gara_traian,tram,1,synthetic_gps
2026-05-13 18:43:04,45.7560764,21.2333124,1.46,gara_traian,tram,1,synthetic_gps
2026-05-13 18:43:05,45.7560765,21.2333256,0.48,gara_traian,tram,1,synthetic_gps
2026-05-13 18:43:06,45.7560811,21.2333598,0.29,gara_traian,tram,1,synthetic_gps
2026-05-13 18:43:07,45.7561409,21.2333475,1.44,gara_traian,tram,1,synthetic_gps
2026-05-13 18:43:08,45.7560829,21.2334257,1.7,gara_traian,tram,1,synthetic_gps
2026-05-13 18:43:09,45.7561091,21.2334067,2.1,gara_traian,tram,1,synthetic_gps
2026-05-13 18:43:10,45.7560774,21.2334121,2.31,gara_traian,tram,1,synthetic_gps
2026-05-13 18:43:11,45.7561494,21.2334555,1.92,gara_traian,tram,1,synthetic_gps
2026-05-13 18:43:12,45.7561803,21.2335473,2.07,gara_traian,tram,1,synthetic_gps
2026-05-13 18:43:13,45.7560567,21.2333551,1.44,gara_traian,tram,1,synthetic_gps
2026-05-13 18:43:14,45.7560992,21.2334331,2.17,gara_traian,tram,1,synthetic_gps
2026-05-13 18:43:15,45.7561336,21.2334362,1.29,gara_traian,tram,1,synthetic_gps
2026-05-13 18:43:16,45.7560805,21.2334652,1.7,gara_traian,tram,1,synthetic_gps
2026-05-13 18:43:17,45.7561434,21.2334418,0.96,gara_traian,tram,1,synthetic_gps
2026-05-13 18:43:18,45.7561383,21.233558,8.96,gara_traian,tram,1,synthetic_gps
2026-05-13 18:43:19,45.7561042,21.2335941,16.96,gara_traian,tram,1,synthetic_gps
2026-05-13 18:43:20,45.7560863,21.233566,8.96,gara_traian,tram,1,synthetic_gps
2026-05-13 18:43:21,45.7561446,21.2336224,14.67,gara_traian,tram,1,synthetic_gps
2026-05-13 18:43:22,45.7561635,21.2335976,12.18,gara_traian,tram,1,synthetic_gps
2026-05-13 18:43:23,45.7561838,21.2335913,16.87,gara_traian,tram,1,synthetic_gps
2026-05-13 18:43:24,45.7561069,21.2336577,16.52,gara_traian,tram,1,synthetic_gps
2026-05-13 18:43:25,45.7561796,21.2336289,8.52,gara_traian,tram,1,synthetic_gps
2026-05-13 18:43:26,45.756137,21.2336908,16.29,gara_traian,tram,1,synthetic_gps
2026-05-13 18:43:27,45.7562201,21.2336221,18.05,gara_traian,tram,1,synthetic_gps
2026-05-13 18:43:28,45.7560795,21.2336717,20.72,gara_traian,tram,1,synthetic_gps
2026-05-13 18:43:29,45.756167,21.2336854,21.91,gara_traian,tram,1,synthetic_gps
2026-05-13 18:43:30,45.7562859,21.2337277,19.62,gara_traian,tram,1,synthetic_gps
2026-05-13 18:43:31,45.7561539,21.2337368,11.62,gara_traian,tram,1,synthetic_gps
2026-05-13 18:43:32,45.7562234,21.2337959,19.62,gara_traian,tram,1,synthetic_gps
2026-05-13 18:43:33,45.7562543,21.2336807,18.95,gara_traian,tram,1,synthetic_gps
2026-05-13 18:43:34,45.7562189,21.2338514,10.95,gara_traian,tram,1,synthetic_gps
2026-05-13 18:43:35,45.7562006,21.2338421,7.34,gara_traian,tram,1,synthetic_gps
2026-05-13 18:43:36,45.756206,21.2338685,10.31,gara_traian,tram,1,synthetic_gps
2026-05-13 18:43:37,45.7562201,21.233802,18.31,gara_traian,tram,1,synthetic_gps
2026-05-13 18:43:38,45.7562386,21.2338403,25.18,gara_traian,tram,1,synthetic_gps
2026-05-13 18:43:39,45.7562562,21.2338233,17.18,gara_traian,tram,1,synthetic_gps
2026-05-13 18:43:40,45.756286,21.233889,23.36,gara_traian,tram,1,synthetic_gps
2026-05-13 18:43:41,45.7562938,21.2339882,20.76,gara_traian,tram,1,synthetic_gps
2026-05-13 18:43:42,45.7562803,21.2338836,14.15,gara_traian,tram,1,synthetic_gps
2026-05-13 18:43:43,45.7561875,21.2340258,22.15,gara_traian,tram,1,synthetic_gps
2026-05-13 18:43:44,45.7562087,21.2339058,17.77,gara_traian,tram,1,synthetic_gps
2026-05-13 18:43:45,45.756242,21.2339369,18.36,gara_traian,tram,1,synthetic_gps
2026-05-13 18:43:46,45.7563135,21.2340138,14.95,gara_traian,tram,1,synthetic_gps
2026-05-13 18:43:47,45.7563239,21.2340225,6.95,gara_traian,tram,1,synthetic_gps
2026-05-13 18:43:48,45.7562761,21.2340687,14.95,gara_traian,tram,1,synthetic_gps
2026-05-13 18:43:49,45.7563317,21.2340116,6.95,gara_traian,tram,1,synthetic_gps
2026-05-13 18:43:50,45.7562985,21.2340948,14.95,gara_traian,tram,1,synthetic_gps
2026-05-13 18:43:51,45.7562623,21.234043,20.89,gara_traian,tram,1,synthetic_gps
2026-05-13 18:43:52,45.7563177,21.234134,20.21,gara_traian,tram,1,synthetic_gps
2026-05-13 18:43:53,45.7562487,21.2341122,12.21,gara_traian,tram,1,synthetic_gps
2026-05-13 18:43:54,45.7562582,21.2340934,20.14,gara_traian,tram,1,synthetic_gps
2026-05-13 18:43:55,45.7562203,21.2340868,16.06,gara_traian,tram,1,synthetic_gps
2026-05-13 18:43:56,45.7563835,21.2342044,17.47,gara_traian,tram,1,synthetic_gps
2026-05-13 18:43:57,45.7563179,21.2341542,20.38,gara_traian,tram,1,synthetic_gps
2026-05-13 18:43:58,45.756359,21.2341855,13.39,gara_traian,tram,1,synthetic_gps
2026-05-13 18:43:59,45.7563315,21.2341805,15.09,gara_traian,tram,1,synthetic_gps
2026-05-13 18:44:00,45.7563265,21.234193,23.09,gara_traian,tram,1,synthetic_gps
2026-05-13 18:44:01,45.7563468,21.2342688,15.09,gara_traian,tram,1,synthetic_gps
2026-05-13 18:44:02,45.7562533,21.2342604,22.14,gara_traian,tram,1,synthetic_gps
2026-05-13 18:44:03,45.7563381,21.2342277,25.92,gara_traian,tram,1,synthetic_gps
2026-05-13 18:44:04,45.7563038,21.2342734,27.4,gara_traian,tram,1,synthetic_gps
2026-05-13 18:44:05,45.7563297,21.2342514,19.4,gara_traian,tram,1,synthetic_gps
2026-05-13 18:44:06,45.7563197,21.2342818,12.04,gara_traian,tram,1,synthetic_gps
2026-05-13 18:44:07,45.756297,21.234276,16.84,gara_traian,tram,1,synthetic_gps
2026-05-13 18:44:08,45.756319,21.2343976,13.79,gara_traian,tram,1,synthetic_gps
2026-05-13 18:44:09,45.7564135,21.2343556,20.1,gara_traian,tram,1,synthetic_gps
2026-05-13 18:44:10,45.7563591,21.2344029,26.04,gara_traian,tram,1,synthetic_gps
2026-05-13 18:44:11,45.7563705,21.2343295,18.04,gara_traian,tram,1,synthetic_gps
2026-05-13 18:44:12,45.7563546,21.2344464,19.83,gara_traian,tram,1,synthetic_gps
2026-05-13 18:44:13,45.7563169,21.2343811,20.35,gara_traian,tram,1,synthetic_gps
2026-05-13 18:44:14,45.7563261,21.2345435,15.44,gara_traian,tram,1,synthetic_gps
2026-05-13 18:44:15,45.7564202,21.2344895,17.75,gara_traian,tram,1,synthetic_gps
2026-05-13 18:44:16,45.7563255,21.2344458,25.75,gara_traian,tram,1,synthetic_gps
2026-05-13 18:44:17,45.7563676,21.2345477,20.25,gara_traian,tram,1,synthetic_gps
2026-05-13 18:44:18,45.7563583,21.2344606,12.33,gara_traian,tram,1,synthetic_gps
2026-05-13 18:44:19,45.7563169,21.2346049,17.92,gara_traian,tram,1,synthetic_gps
2026-05-13 18:44:20,45.7563459,21.2344843,25.92,gara_traian,tram,1,synthetic_gps
2026-05-13 18:44:21,45.7564372,21.2345123,17.92,gara_traian,tram,1,synthetic_gps
2026-05-13 18:44:22,45.7564109,21.2345246,9.92,gara_traian,tram,1,synthetic_gps
2026-05-13 18:44:23,45.756365,21.2345148,9.12,gara_traian,tram,1,synthetic_gps
2026-05-13 18:44:24,45.7564011,21.2345816,17.12,gara_traian,tram,1,synthetic_gps
2026-05-13 18:44:25,45.7563276,21.2346476,25.12,gara_traian,tram,1,synthetic_gps
2026-05-13 18:44:26,45.7564608,21.2345937,21.82,gara_traian,tram,1,synthetic_gps
2026-05-13 18:44:27,45.7563477,21.2346888,13.82,gara_traian,tram,1,synthetic_gps
2026-05-13 18:44:28,45.7563683,21.2346886,8.05,gara_traian,tram,1,synthetic_gps
2026-05-13 18:44:29,45.7564835,21.2346876,16.05,gara_traian,tram,1,synthetic_gps
2026-05-13 18:44:30,45.756413,21.2346838,24.05,gara_traian,tram,1,synthetic_gps
2026-05-13 18:44:31,45.7564877,21.2347125,32.05,gara_traian,tram,1,synthetic_gps
2026-05-13 18:44:32,45.7564212,21.2347786,24.05,gara_traian,tram,1,synthetic_gps
2026-05-13 18:44:33,45.756466,21.2347566,16.05,gara_traian,tram,1,synthetic_gps
2026-05-13 18:44:34,45.7564587,21.2347173,22.07,gara_traian,tram,1,synthetic_gps
2026-05-13 18:44:35,45.7564004,21.2348195,20.64,gara_traian,tram,1,synthetic_gps
2026-05-13 18:44:36,45.7564505,21.2348378,16.21,gara_traian,tram,1,synthetic_gps
2026-05-13 18:44:37,45.7564888,21.234728,15.07,gara_traian,tram,1,synthetic_gps
2026-05-13 18:44:38,45.7564767,21.2349203,21.71,gara_traian,tram,1,synthetic_gps
2026-05-13 18:44:39,45.7565743,21.2348551,17.4,gara_traian,tram,1,synthetic_gps
2026-05-13 18:44:40,45.7564905,21.2348467,10.59,gara_traian,tram,1,synthetic_gps
2026-05-13 18:44:41,45.7565701,21.2349415,18.59,gara_traian,tram,1,synthetic_gps
2026-05-13 18:44:42,45.7564446,21.2349075,15.78,gara_traian,tram,1,synthetic_gps
2026-05-13 18:44:43,45.7564328,21.2349227,7.78,gara_traian,tram,1,synthetic_gps
2026-05-13 18:44:44,45.7565169,21.2349872,15.78,gara_traian,tram,1,synthetic_gps
2026-05-13 18:44:45,45.7565229,21.234918,16.15,gara_traian,tram,1,synthetic_gps
2026-05-13 18:44:46,45.7565202,21.2350312,14.37,gara_traian,tram,1,synthetic_gps
2026-05-13 18:44:47,45.7565103,21.234932,22.37,gara_traian,tram,1,synthetic_gps
2026-05-13 18:44:48,45.7565575,21.2349791,14.37,gara_traian,tram,1,synthetic_gps
2026-05-13 18:44:49,45.7565178,21.235007,19.9,gara_traian,tram,1,synthetic_gps
2026-05-13 18:44:50,45.756422,21.2350979,21.08,gara_traian,tram,1,synthetic_gps
2026-05-13 18:44:51,45.7564621,21.235099,14.52,gara_traian,tram,1,synthetic_gps
2026-05-13 18:44:52,45.756544,21.2350705,20.27,gara_traian,tram,1,synthetic_gps
2026-05-13 18:44:53,45.756484,21.2350796,12.27,gara_traian,tram,1,synthetic_gps
2026-05-13 18:44:54,45.7565084,21.2350945,8.29,gara_traian,tram,1,synthetic_gps
2026-05-13 18:44:55,45.756564,21.2350868,16.29,gara_traian,tram,1,synthetic_gps
2026-05-13 18:44:56,45.7564956,21.2351162,24.29,gara_traian,tram,1,synthetic_gps
2026-05-13 18:44:57,45.7565093,21.2351353,18.53,gara_traian,tram,1,synthetic_gps
2026-05-13 18:44:58,45.7564666,21.2351527,16.41,gara_traian,tram,1,synthetic_gps
2026-05-13 18:44:59,45.756542,21.2351776,19.38,gara_traian,tram,1,synthetic_gps
2026-05-13 18:45:00,45.7565089,21.2351479,27.38,gara_traian,tram,1,synthetic_gps
2026-05-13 18:45:01,45.7564635,21.2352128,19.38,gara_traian,tram,1,synthetic_gps
2026-05-13 18:45:02,45.7564882,21.2351373,12.75,gara_traian,tram,1,synthetic_gps
2026-05-13 18:45:03,45.7565589,21.2351716,8.33,gara_traian,tram,1,synthetic_gps
2026-05-13 18:45:04,45.7565523,21.2352082,16.33,gara_traian,tram,1,synthetic_gps
2026-05-13 18:45:05,45.7565464,21.2352755,23.43,gara_traian,tram,1,synthetic_gps
2026-05-13 18:45:06,45.7564647,21.2352135,17.55,gara_traian,tram,1,synthetic_gps
2026-05-13 18:45:07,45.7565793,21.2352182,13.8,gara_traian,tram,1,synthetic_gps
2026-05-13 18:45:08,45.7565305,21.2353742,20.24,gara_traian,tram,1,synthetic_gps
2026-05-13 18:45:09,45.7565987,21.2353755,22.53,gara_traian,tram,1,synthetic_gps
2026-05-13 18:45:10,45.7565327,21.2353344,24.94,gara_traian,tram,1,synthetic_gps
2026-05-13 18:45:11,45.7564811,21.2353829,16.94,gara_traian,tram,1,synthetic_gps
2026-05-13 18:45:12,45.7565881,21.2354009,8.94,gara_traian,tram,1,synthetic_gps
2026-05-13 18:45:13,45.756549,21.2354332,16.94,gara_traian,tram,1,synthetic_gps
2026-05-13 18:45:14,45.7565375,21.2354248,22.49,gara_traian,tram,1,synthetic_gps
2026-05-13 18:45:15,45.75661,21.2353736,24.03,gara_traian,tram,1,synthetic_gps
2026-05-13 18:45:16,45.7566987,21.2355677,26.57,gara_traian,tram,1,synthetic_gps
2026-05-13 18:45:17,45.7566059,21.2354788,18.57,gara_traian,tram,1,synthetic_gps
2026-05-13 18:45:18,45.7565749,21.2354713,10.57,gara_traian,tram,1,synthetic_gps
2026-05-13 18:45:19,45.756603,21.2355818,18.57,gara_traian,tram,1,synthetic_gps
2026-05-13 18:45:20,45.756563,21.2354561,13.59,gara_traian,tram,1,synthetic_gps
2026-05-13 18:45:21,45.7565911,21.2354845,11.37,gara_traian,tram,1,synthetic_gps
2026-05-13 18:45:22,45.7567276,21.2355666,6.34,gara_traian,tram,1,synthetic_gps
2026-05-13 18:45:23,45.756554,21.2355393,14.34,gara_traian,tram,1,synthetic_gps
2026-05-13 18:45:24,45.7566862,21.235577,19.29,gara_traian,tram,1,synthetic_gps
2026-05-13 18:45:25,45.7566784,21.2356013,22.61,gara_traian,tram,1,synthetic_gps
2026-05-13 18:45:26,45.7566147,21.2356503,28.02,gara_traian,tram,1,synthetic_gps
2026-05-13 18:45:27,45.7565946,21.2355544,20.02,gara_traian,tram,1,synthetic_gps
2026-05-13 18:45:28,45.756621,21.2355459,24.34,gara_traian,tram,1,synthetic_gps
2026-05-13 18:45:29,45.7565969,21.2355845,16.34,gara_traian,tram,1,synthetic_gps
2026-05-13 18:45:30,45.7566947,21.2356911,18.0,gara_traian,tram,1,synthetic_gps
2026-05-13 18:45:31,45.7566335,21.2357139,13.15,gara_traian,tram,1,synthetic_gps
2026-05-13 18:45:32,45.7566778,21.2356865,21.15,gara_traian,tram,1,synthetic_gps
2026-05-13 18:45:33,45.7566427,21.2356742,24.57,gara_traian,tram,1,synthetic_gps
2026-05-13 18:45:34,45.7565756,21.2357456,16.57,gara_traian,tram,1,synthetic_gps
2026-05-13 18:45:35,45.7566356,21.2357514,18.17,gara_traian,tram,1,synthetic_gps
2026-05-13 18:45:36,45.7566003,21.2357679,14.27,gara_traian,tram,1,synthetic_gps
2026-05-13 18:45:37,45.7566221,21.2357692,15.81,gara_traian,tram,1,synthetic_gps
2026-05-13 18:45:38,45.7566747,21.2357889,21.11,gara_traian,tram,1,synthetic_gps
2026-05-13 18:45:39,45.7567543,21.2358245,28.94,gara_traian,tram,1,synthetic_gps
2026-05-13 18:45:40,45.7566879,21.2358877,20.94,gara_traian,tram,1,synthetic_gps
2026-05-13 18:45:41,45.7566947,21.2358169,20.52,gara_traian,tram,1,synthetic_gps
2026-05-13 18:45:42,45.7566667,21.2358352,16.36,gara_traian,tram,1,synthetic_gps
2026-05-13 18:45:43,45.7567274,21.2359003,8.36,gara_traian,tram,1,synthetic_gps
2026-05-13 18:45:44,45.7567312,21.2359126,16.36,gara_traian,tram,1,synthetic_gps
2026-05-13 18:45:45,45.7566884,21.2359289,24.36,gara_traian,tram,1,synthetic_gps
2026-05-13 18:45:46,45.7567093,21.2359558,20.98,gara_traian,tram,1,synthetic_gps
2026-05-13 18:45:47,45.7567374,21.2359441,17.21,gara_traian,tram,1,synthetic_gps
2026-05-13 18:45:48,45.756709,21.2359882,13.23,gara_traian,tram,1,synthetic_gps
2026-05-13 18:45:49,45.7567655,21.2359548,15.13,gara_traian,tram,1,synthetic_gps
2026-05-13 18:45:50,45.7567156,21.2360375,18.21,gara_traian,tram,1,synthetic_gps
2026-05-13 18:45:51,45.756661,21.2359931,15.91,gara_traian,tram,1,synthetic_gps
2026-05-13 18:45:52,45.7566926,21.2359838,23.91,gara_traian,tram,1,synthetic_gps
2026-05-13 18:45:53,45.7567196,21.2360271,15.91,gara_traian,tram,1,synthetic_gps
2026-05-13 18:45:54,45.756632,21.2360021,16.29,gara_traian,tram,1,synthetic_gps
2026-05-13 18:45:55,45.7567715,21.2361678,10.72,gara_traian,tram,1,synthetic_gps
2026-05-13 18:45:56,45.7568051,21.2361108,18.72,gara_traian,tram,1,synthetic_gps
2026-05-13 18:45:57,45.7567256,21.2360999,21.6,gara_traian,tram,1,synthetic_gps
2026-05-13 18:45:58,45.7567148,21.2361804,25.23,gara_traian,tram,1,synthetic_gps
2026-05-13 18:45:59,45.7567075,21.2361516,21.95,gara_traian,tram,1,synthetic_gps
2026-05-13 18:46:00,45.7567751,21.2360457,13.95,gara_traian,tram,1,synthetic_gps
2026-05-13 18:46:01,45.7567225,21.2361258,5.95,gara_traian,tram,1,synthetic_gps
2026-05-13 18:46:02,45.7567925,21.2361827,0.04,gara_traian,tram,1,synthetic_gps
2026-05-13 18:46:03,45.756737,21.236178,1.27,gara_traian,tram,1,synthetic_gps
2026-05-13 18:46:04,45.7567467,21.2362193,1.34,gara_traian,tram,1,synthetic_gps
2026-05-13 18:46:05,45.7567439,21.2362051,1.02,gara_traian,tram,1,synthetic_gps
2026-05-13 18:46:06,45.7568125,21.2361652,1.2,gara_traian,tram,1,synthetic_gps
2026-05-13 18:46:07,45.7568174,21.2361637,1.21,gara_traian,tram,1,synthetic_gps
2026-05-13 18:46:08,45.7567815,21.2362979,2.17,gara_traian,tram,1,synthetic_gps
2026-05-13 18:46:09,45.7567991,21.2362474,1.57,gara_traian,tram,1,synthetic_gps
2026-05-13 18:46:10,45.7568307,21.236302,1.74,gara_traian,tram,1,synthetic_gps
2026-05-13 18:46:11,45.7567729,21.2363277,1.65,gara_traian,tram,1,synthetic_gps
2026-05-13 18:46:12,45.7567926,21.2363558,0.45,gara_traian,tram,1,synthetic_gps
2026-05-13 18:46:13,45.75677,21.2363222,2.22,gara_traian,tram,1,synthetic_gps
2026-05-13 18:46:14,45.7567232,21.2363578,1.2,gara_traian,tram,1,synthetic_gps
2026-05-13 18:46:15,45.7567738,21.236338,0.99,gara_traian,tram,1,synthetic_gps
2026-05-13 18:46:16,45.7568687,21.2364268,0.1,gara_traian,tram,1,synthetic_gps
2026-05-13 18:46:17,45.7567374,21.2364132,0.98,gara_traian,tram,1,synthetic_gps
2026-05-13 18:46:18,45.756763,21.2364542,5.85,gara_traian,tram,1,synthetic_gps
2026-05-13 18:46:19,45.7568118,21.23646,13.85,gara_traian,tram,1,synthetic_gps
2026-05-13 18:46:20,45.7568217,21.2364838,20.3,gara_traian,tram,1,synthetic_gps
2026-05-13 18:46:21,45.756782,21.2364589,12.3,gara_traian,tram,1,synthetic_gps
2026-05-13 18:46:22,45.7568762,21.236391,20.3,gara_traian,tram,1,synthetic_gps
2026-05-13 18:46:23,45.7568674,21.2364872,19.97,gara_traian,tram,1,synthetic_gps
2026-05-13 18:46:24,45.7568532,21.236525,27.97,gara_traian,tram,1,synthetic_gps
2026-05-13 18:46:25,45.7568204,21.2365591,22.68,gara_traian,tram,1,synthetic_gps
2026-05-13 18:46:26,45.7567964,21.2364743,19.46,gara_traian,tram,1,synthetic_gps
2026-05-13 18:46:27,45.7568111,21.2365976,27.46,gara_traian,tram,1,synthetic_gps
2026-05-13 18:46:28,45.7567544,21.2365993,19.46,gara_traian,tram,1,synthetic_gps
2026-05-13 18:46:29,45.756935,21.2365237,23.85,gara_traian,tram,1,synthetic_gps
2026-05-13 18:46:30,45.7568917,21.236671,29.2,gara_traian,tram,1,synthetic_gps
2026-05-13 18:46:31,45.7568398,21.2366634,21.53,gara_traian,tram,1,synthetic_gps
2026-05-13 18:46:32,45.7568823,21.2365618,18.93,gara_traian,tram,1,synthetic_gps
2026-05-13 18:46:33,45.7568902,21.2366966,17.99,gara_traian,tram,1,synthetic_gps
2026-05-13 18:46:34,45.7568858,21.2366895,16.51,gara_traian,tram,1,synthetic_gps
2026-05-13 18:46:35,45.7568907,21.2367034,8.51,gara_traian,tram,1,synthetic_gps
2026-05-13 18:46:36,45.7568222,21.2367167,16.51,gara_traian,tram,1,synthetic_gps
2026-05-13 18:46:37,45.7568821,21.2368082,18.14,gara_traian,tram,1,synthetic_gps
2026-05-13 18:46:38,45.7569531,21.2367139,23.12,gara_traian,tram,1,synthetic_gps
2026-05-13 18:46:39,45.7568929,21.2366269,15.12,gara_traian,tram,1,synthetic_gps
2026-05-13 18:46:40,45.7568216,21.2367873,21.3,gara_traian,tram,1,synthetic_gps
2026-05-13 18:46:41,45.756835,21.2367541,14.93,gara_traian,tram,1,synthetic_gps
2026-05-13 18:46:42,45.7568795,21.2367643,20.88,gara_traian,tram,1,synthetic_gps
2026-05-13 18:46:43,45.7568264,21.2367641,21.29,gara_traian,tram,1,synthetic_gps
2026-05-13 18:46:44,45.7568086,21.2368752,29.29,gara_traian,tram,1,synthetic_gps
2026-05-13 18:46:45,45.7569082,21.2368632,21.29,gara_traian,tram,1,synthetic_gps
2026-05-13 18:46:46,45.7568661,21.2369609,24.27,gara_traian,tram,1,synthetic_gps
2026-05-13 18:46:47,45.7569379,21.2368998,16.27,gara_traian,tram,1,synthetic_gps
2026-05-13 18:46:48,45.7569564,21.2368841,24.27,gara_traian,tram,1,synthetic_gps
2026-05-13 18:46:49,45.7569672,21.2369251,18.48,gara_traian,tram,1,synthetic_gps
2026-05-13 18:46:50,45.7568777,21.2368491,25.95,gara_traian,tram,1,synthetic_gps
2026-05-13 18:46:51,45.7568613,21.2368221,18.87,gara_traian,tram,1,synthetic_gps
2026-05-13 18:46:52,45.7569451,21.2368813,23.22,gara_traian,tram,1,synthetic_gps
2026-05-13 18:46:53,45.7569828,21.236905,22.63,gara_traian,tram,1,synthetic_gps
2026-05-13 18:46:54,45.7569865,21.2369967,14.63,gara_traian,tram,1,synthetic_gps
2026-05-13 18:46:55,45.7570241,21.2369847,19.04,gara_traian,tram,1,synthetic_gps
2026-05-13 18:46:56,45.7569376,21.2370503,11.04,gara_traian,tram,1,synthetic_gps
2026-05-13 18:46:57,45.7569758,21.2370608,15.64,gara_traian,tram,1,synthetic_gps
2026-05-13 18:46:58,45.7569184,21.237036,20.35,gara_traian,tram,1,synthetic_gps
2026-05-13 18:46:59,45.7569506,21.2370416,23.4,gara_traian,tram,1,synthetic_gps
2026-05-13 18:47:00,45.7568929,21.2371271,21.7,gara_traian,tram,1,synthetic_gps
2026-05-13 18:47:01,45.7569659,21.2371049,17.01,gara_traian,tram,1,synthetic_gps
2026-05-13 18:47:02,45.7569622,21.2371333,23.51,gara_traian,tram,1,synthetic_gps
2026-05-13 18:47:03,45.7570094,21.237094,19.13,gara_traian,tram,1,synthetic_gps
2026-05-13 18:47:04,45.7569944,21.237174,17.4,gara_traian,tram,1,synthetic_gps
2026-05-13 18:47:05,45.756996,21.2371546,9.4,gara_traian,tram,1,synthetic_gps
2026-05-13 18:47:06,45.757049,21.2371996,14.12,gara_traian,tram,1,synthetic_gps
2026-05-13 18:47:07,45.7569595,21.2371288,6.51,gara_traian,tram,1,synthetic_gps
2026-05-13 18:47:08,45.7569228,21.2372061,13.7,gara_traian,tram,1,synthetic_gps
2026-05-13 18:47:09,45.7569954,21.2372648,21.7,gara_traian,tram,1,synthetic_gps
2026-05-13 18:47:10,45.7570065,21.2371148,13.7,gara_traian,tram,1,synthetic_gps
2026-05-13 18:47:11,45.7569159,21.2373165,8.79,gara_traian,tram,1,synthetic_gps
2026-05-13 18:47:12,45.756959,21.2372285,13.43,gara_traian,tram,1,synthetic_gps
2026-05-13 18:47:13,45.7569878,21.2372046,19.85,gara_traian,tram,1,synthetic_gps
2026-05-13 18:47:14,45.7570247,21.2373354,27.85,gara_traian,tram,1,synthetic_gps
2026-05-13 18:47:15,45.7570286,21.2372941,19.85,gara_traian,tram,1,synthetic_gps
2026-05-13 18:47:16,45.7570071,21.2372691,17.71,gara_traian,tram,1,synthetic_gps
2026-05-13 18:47:17,45.7570301,21.2373188,24.61,gara_traian,tram,1,synthetic_gps
2026-05-13 18:47:18,45.7569655,21.2373175,28.0,gara_traian,tram,1,synthetic_gps
2026-05-13 18:47:19,45.7570157,21.2372875,20.0,gara_traian,tram,1,synthetic_gps
2026-05-13 18:47:20,45.7570794,21.2373618,19.7,gara_traian,tram,1,synthetic_gps
2026-05-13 18:47:21,45.7569748,21.2374761,21.5,gara_traian,tram,1,synthetic_gps
2026-05-13 18:47:22,45.7571647,21.237412,13.5,gara_traian,tram,1,synthetic_gps
2026-05-13 18:47:23,45.7570587,21.2374914,11.12,gara_traian,tram,1,synthetic_gps
2026-05-13 18:47:24,45.7570727,21.2374727,7.96,gara_traian,tram,1,synthetic_gps
2026-05-13 18:47:25,45.7570171,21.2374735,13.54,gara_traian,tram,1,synthetic_gps
2026-05-13 18:47:26,45.7570418,21.2374729,17.61,gara_traian,tram,1,synthetic_gps
2026-05-13 18:47:27,45.7569868,21.237481,23.08,gara_traian,tram,1,synthetic_gps
2026-05-13 18:47:28,45.757092,21.2376099,27.19,gara_traian,tram,1,synthetic_gps
2026-05-13 18:47:29,45.7570674,21.2375022,19.19,gara_traian,tram,1,synthetic_gps
2026-05-13 18:47:30,45.7570695,21.2375631,22.3,gara_traian,tram,1,synthetic_gps
2026-05-13 18:47:31,45.7570133,21.2375637,24.12,gara_traian,tram,1,synthetic_gps
2026-05-13 18:47:32,45.7571194,21.2376291,16.12,gara_traian,tram,1,synthetic_gps
2026-05-13 18:47:33,45.7570517,21.2376401,21.7,gara_traian,tram,1,synthetic_gps
2026-05-13 18:47:34,45.7570491,21.2376184,21.07,gara_traian,tram,1,synthetic_gps
2026-05-13 18:47:35,45.7571248,21.2376275,27.65,gara_traian,tram,1,synthetic_gps
2026-05-13 18:47:36,45.7571133,21.2376753,19.65,gara_traian,tram,1,synthetic_gps
2026-05-13 18:47:37,45.7570408,21.2376636,19.54,gara_traian,tram,1,synthetic_gps
2026-05-13 18:47:38,45.7571356,21.2376823,11.58,gara_traian,tram,1,synthetic_gps
2026-05-13 18:47:39,45.7571018,21.237672,16.07,gara_traian,tram,1,synthetic_gps
2026-05-13 18:47:40,45.7570464,21.2377771,8.07,gara_traian,tram,1,synthetic_gps
2026-05-13 18:47:41,45.7570741,21.2377763,16.07,gara_traian,tram,1,synthetic_gps
2026-05-13 18:47:42,45.7571174,21.2377262,13.55,gara_traian,tram,1,synthetic_gps
2026-05-13 18:47:43,45.7571593,21.2378024,7.83,gara_traian,tram,1,synthetic_gps
2026-05-13 18:47:44,45.7571053,21.2378458,15.83,gara_traian,tram,1,synthetic_gps
2026-05-13 18:47:45,45.7571659,21.2377936,23.83,gara_traian,tram,1,synthetic_gps
2026-05-13 18:47:46,45.7571529,21.2377417,20.49,gara_traian,tram,1,synthetic_gps
2026-05-13 18:47:47,45.7571015,21.2378466,21.31,gara_traian,tram,1,synthetic_gps
2026-05-13 18:47:48,45.7570923,21.2378306,13.31,gara_traian,tram,1,synthetic_gps
2026-05-13 18:47:49,45.7571717,21.2379158,18.2,gara_traian,tram,1,synthetic_gps
2026-05-13 18:47:50,45.7571184,21.2378968,12.03,gara_traian,tram,1,synthetic_gps
2026-05-13 18:47:51,45.7571228,21.2379013,17.97,gara_traian,tram,1,synthetic_gps
2026-05-13 18:47:52,45.7571061,21.2379245,20.83,gara_traian,tram,1,synthetic_gps
2026-05-13 18:47:53,45.757221,21.2379156,17.33,gara_traian,tram,1,synthetic_gps
2026-05-13 18:47:54,45.7570986,21.2378641,19.42,gara_traian,tram,1,synthetic_gps
2026-05-13 18:47:55,45.7571949,21.237961,20.69,gara_traian,tram,1,synthetic_gps
2026-05-13 18:47:56,45.7571184,21.2378479,24.92,gara_traian,tram,1,synthetic_gps
2026-05-13 18:47:57,45.757104,21.2380068,16.92,gara_traian,tram,1,synthetic_gps
2026-05-13 18:47:58,45.7572799,21.2379544,18.8,gara_traian,tram,1,synthetic_gps
2026-05-13 18:47:59,45.7571634,21.2379629,22.21,gara_traian,tram,1,synthetic_gps
2026-05-13 18:48:00,45.7571459,21.2380022,14.21,gara_traian,tram,1,synthetic_gps
2026-05-13 18:48:01,45.7571741,21.2380216,6.21,gara_traian,tram,1,synthetic_gps
2026-05-13 18:48:02,45.7571557,21.2380541,14.21,gara_traian,tram,1,synthetic_gps
2026-05-13 18:48:03,45.7571245,21.2381096,22.21,gara_traian,tram,1,synthetic_gps
2026-05-13 18:48:04,45.7571619,21.2381059,30.21,gara_traian,tram,1,synthetic_gps
2026-05-13 18:48:05,45.7571098,21.2381044,22.21,gara_traian,tram,1,synthetic_gps
2026-05-13 18:48:06,45.7571648,21.2381188,15.83,gara_traian,tram,1,synthetic_gps
2026-05-13 18:48:07,45.7572619,21.2382136,17.5,gara_traian,tram,1,synthetic_gps
2026-05-13 18:48:08,45.7571772,21.2380843,25.5,gara_traian,tram,1,synthetic_gps
2026-05-13 18:48:09,45.7572136,21.2381799,19.5,gara_traian,tram,1,synthetic_gps
2026-05-13 18:48:10,45.7572547,21.2382007,18.9,gara_traian,tram,1,synthetic_gps
2026-05-13 18:48:11,45.7572512,21.2382285,10.9,gara_traian,tram,1,synthetic_gps
2026-05-13 18:48:12,45.7571662,21.2381594,15.21,gara_traian,tram,1,synthetic_gps
2026-05-13 18:48:13,45.7572046,21.2381931,23.21,gara_traian,tram,1,synthetic_gps
2026-05-13 18:48:14,45.757193,21.2382709,15.21,gara_traian,tram,1,synthetic_gps
2026-05-13 18:48:15,45.7573009,21.2383104,19.86,gara_traian,tram,1,synthetic_gps
2026-05-13 18:48:16,45.7572169,21.2382449,11.86,gara_traian,tram,1,synthetic_gps
2026-05-13 18:48:17,45.7572733,21.2383218,19.86,gara_traian,tram,1,synthetic_gps
2026-05-13 18:48:18,45.7572286,21.2383484,19.77,gara_traian,tram,1,synthetic_gps
2026-05-13 18:48:19,45.7572842,21.2382918,15.25,gara_traian,tram,1,synthetic_gps
2026-05-13 18:48:20,45.7571884,21.2382658,18.27,gara_traian,tram,1,synthetic_gps
2026-05-13 18:48:21,45.7572198,21.2383149,15.73,gara_traian,tram,1,synthetic_gps
2026-05-13 18:48:22,45.7572522,21.2383578,8.63,gara_traian,tram,1,synthetic_gps
2026-05-13 18:48:23,45.7572589,21.2383975,11.73,gara_traian,tram,1,synthetic_gps
2026-05-13 18:48:24,45.7572547,21.2383804,19.73,gara_traian,tram,1,synthetic_gps
2026-05-13 18:48:25,45.7572655,21.2384687,17.69,gara_traian,tram,1,synthetic_gps
2026-05-13 18:48:26,45.7572634,21.2384382,9.69,gara_traian,tram,1,synthetic_gps
2026-05-13 18:48:27,45.75731,21.2384585,17.69,gara_traian,tram,1,synthetic_gps
2026-05-13 18:48:28,45.7572055,21.2384193,17.64,gara_traian,tram,1,synthetic_gps
2026-05-13 18:48:29,45.7571912,21.2383823,25.2,gara_traian,tram,1,synthetic_gps
2026-05-13 18:48:30,45.7572562,21.2385579,25.86,gara_traian,tram,1,synthetic_gps
2026-05-13 18:48:31,45.757308,21.2384719,20.46,gara_traian,tram,1,synthetic_gps
2026-05-13 18:48:32,45.7572954,21.2385245,17.96,gara_traian,tram,1,synthetic_gps
2026-05-13 18:48:33,45.7573506,21.2385225,19.66,gara_traian,tram,1,synthetic_gps
2026-05-13 18:48:34,45.7573118,21.2386442,15.86,gara_traian,tram,1,synthetic_gps
2026-05-13 18:48:35,45.7573238,21.2386094,23.77,gara_traian,tram,1,synthetic_gps
2026-05-13 18:48:36,45.7572495,21.2385422,15.77,gara_traian,tram,1,synthetic_gps
2026-05-13 18:48:37,45.7573291,21.2385838,10.98,gara_traian,tram,1,synthetic_gps
2026-05-13 18:48:38,45.7572643,21.2386505,18.29,gara_traian,tram,1,synthetic_gps
2026-05-13 18:48:39,45.7571958,21.2386338,13.25,gara_traian,tram,1,synthetic_gps
2026-05-13 18:48:40,45.7573081,21.2386586,13.09,gara_traian,tram,1,synthetic_gps
2026-05-13 18:48:41,45.7572928,21.2387051,16.72,gara_traian,tram,1,synthetic_gps
2026-05-13 18:48:42,45.7573884,21.2386491,23.34,gara_traian,tram,1,synthetic_gps
2026-05-13 18:48:43,45.7573801,21.2387215,21.7,gara_traian,tram,1,synthetic_gps
2026-05-13 18:48:44,45.7573111,21.2387135,15.08,gara_traian,tram,1,synthetic_gps
2026-05-13 18:48:45,45.7573577,21.2388079,12.87,gara_traian,tram,1,synthetic_gps
2026-05-13 18:48:46,45.7573368,21.2387372,16.78,gara_traian,tram,1,synthetic_gps
2026-05-13 18:48:47,45.7572677,21.2387361,21.36,gara_traian,tram,1,synthetic_gps
2026-05-13 18:48:48,45.7573306,21.2387364,16.51,gara_traian,tram,1,synthetic_gps
2026-05-13 18:48:49,45.7573836,21.238853,22.05,gara_traian,tram,1,synthetic_gps
2026-05-13 18:48:50,45.7573035,21.238803,19.13,gara_traian,tram,1,synthetic_gps
2026-05-13 18:48:51,45.7572989,21.2388033,22.68,gara_traian,tram,1,synthetic_gps
2026-05-13 18:48:52,45.7573555,21.2388005,17.45,gara_traian,tram,1,synthetic_gps
2026-05-13 18:48:53,45.757317,21.2388889,13.73,gara_traian,tram,1,synthetic_gps
2026-05-13 18:48:54,45.757334,21.238874,7.02,gara_traian,tram,1,synthetic_gps
2026-05-13 18:48:55,45.7574036,21.2388654,15.02,gara_traian,tram,1,synthetic_gps
2026-05-13 18:48:56,45.7574236,21.2388279,23.02,gara_traian,tram,1,synthetic_gps
2026-05-13 18:48:57,45.7574245,21.2388866,20.49,gara_traian,tram,1,synthetic_gps
2026-05-13 18:48:58,45.7573279,21.2389326,28.49,gara_traian,tram,1,synthetic_gps
2026-05-13 18:48:59,45.75745,21.2388875,20.49,gara_traian,tram,1,synthetic_gps
2026-05-13 18:49:00,45.7573823,21.2389573,12.49,gara_traian,tram,1,synthetic_gps
2026-05-13 18:49:01,45.7574053,21.239119,4.49,gara_traian,tram,1,synthetic_gps
2026-05-13 18:49:02,45.7573607,21.2390385,1.26,gara_traian,tram,1,synthetic_gps
2026-05-13 18:49:03,45.7573239,21.2389479,0.69,gara_traian,tram,1,synthetic_gps
2026-05-13 18:49:04,45.7574064,21.2390809,0.97,gara_traian,tram,1,synthetic_gps
2026-05-13 18:49:05,45.7574187,21.2390642,0.56,gara_traian,tram,1,synthetic_gps
2026-05-13 18:49:06,45.7574103,21.2390779,0.5,gara_traian,tram,1,synthetic_gps
2026-05-13 18:49:07,45.7573252,21.2389929,1.92,gara_traian,tram,1,synthetic_gps
2026-05-13 18:49:08,45.7573608,21.2390243,0.81,gara_traian,tram,1,synthetic_gps
2026-05-13 18:49:09,45.7573838,21.2391504,1.03,gara_traian,tram,1,synthetic_gps
2026-05-13 18:49:10,45.7573946,21.2391446,0.8,gara_traian,tram,1,synthetic_gps
2026-05-13 18:49:11,45.7573656,21.2390931,1.31,gara_traian,tram,1,synthetic_gps
2026-05-13 18:49:12,45.7574793,21.2391861,1.31,gara_traian,tram,1,synthetic_gps
2026-05-13 18:49:13,45.7574238,21.2390895,0.74,gara_traian,tram,1,synthetic_gps
2026-05-13 18:49:14,45.7574434,21.2391923,1.66,gara_traian,tram,1,synthetic_gps
2026-05-13 18:49:15,45.7574274,21.2392136,1.04,gara_traian,tram,1,synthetic_gps
2026-05-13 18:49:16,45.7573349,21.2391724,1.29,gara_traian,tram,1,synthetic_gps
2026-05-13 18:49:17,45.7572669,21.2392933,1.8,gara_traian,tram,1,synthetic_gps
2026-05-13 18:49:18,45.7575155,21.2392096,9.8,gara_traian,tram,1,synthetic_gps
2026-05-13 18:49:19,45.7575835,21.2392635,16.32,gara_traian,tram,1,synthetic_gps
2026-05-13 18:49:20,45.7574491,21.2392896,24.32,gara_traian,tram,1,synthetic_gps
2026-05-13 18:49:21,45.7574841,21.2394348,16.32,gara_traian,tram,1,synthetic_gps
2026-05-13 18:49:22,45.7574456,21.2393623,16.61,gara_traian,tram,1,synthetic_gps
2026-05-13 18:49:23,45.7574926,21.239361,10.38,gara_traian,tram,1,synthetic_gps
2026-05-13 18:49:24,45.7574519,21.2393817,18.38,gara_traian,tram,1,synthetic_gps
2026-05-13 18:49:25,45.7575047,21.2393474,23.44,gara_traian,tram,1,synthetic_gps
2026-05-13 18:49:26,45.7574083,21.23946,20.17,gara_traian,tram,1,synthetic_gps
2026-05-13 18:49:27,45.757413,21.2393854,12.17,gara_traian,tram,1,synthetic_gps
2026-05-13 18:49:28,45.7574489,21.2394807,19.51,gara_traian,tram,1,synthetic_gps
2026-05-13 18:49:29,45.757461,21.2393954,24.05,gara_traian,tram,1,synthetic_gps
2026-05-13 18:49:30,45.7574389,21.2393934,18.62,gara_traian,tram,1,synthetic_gps
2026-05-13 18:49:31,45.757483,21.2394226,10.7,gara_traian,tram,1,synthetic_gps
2026-05-13 18:49:32,45.7575049,21.2394294,16.54,gara_traian,tram,1,synthetic_gps
2026-05-13 18:49:33,45.7574482,21.2395528,13.1,gara_traian,tram,1,synthetic_gps
2026-05-13 18:49:34,45.7574305,21.2395311,21.1,gara_traian,tram,1,synthetic_gps
2026-05-13 18:49:35,45.7575294,21.2394099,16.9,gara_traian,tram,1,synthetic_gps
2026-05-13 18:49:36,45.7574472,21.2395457,9.51,gara_traian,tram,1,synthetic_gps
2026-05-13 18:49:37,45.7574942,21.2395178,17.51,gara_traian,tram,1,synthetic_gps
2026-05-13 18:49:38,45.7574948,21.2396223,21.0,gara_traian,tram,1,synthetic_gps
2026-05-13 18:49:39,45.7575421,21.2396298,13.77,gara_traian,tram,1,synthetic_gps
2026-05-13 18:49:40,45.7574963,21.239607,21.77,gara_traian,tram,1,synthetic_gps
2026-05-13 18:49:41,45.7575445,21.2396112,17.25,gara_traian,tram,1,synthetic_gps
2026-05-13 18:49:42,45.7575241,21.2396647,20.32,gara_traian,tram,1,synthetic_gps
2026-05-13 18:49:43,45.7575475,21.2396174,12.32,gara_traian,tram,1,synthetic_gps
2026-05-13 18:49:44,45.7575334,21.2396335,18.17,gara_traian,tram,1,synthetic_gps
2026-05-13 18:49:45,45.7574428,21.2396861,14.01,gara_traian,tram,1,synthetic_gps
2026-05-13 18:49:46,45.7575457,21.2396737,22.01,gara_traian,tram,1,synthetic_gps
2026-05-13 18:49:47,45.7576006,21.2397041,15.65,gara_traian,tram,1,synthetic_gps
2026-05-13 18:49:48,45.7576039,21.23967,19.81,gara_traian,tram,1,synthetic_gps
2026-05-13 18:49:49,45.7575726,21.2397149,19.87,gara_traian,tram,1,synthetic_gps
2026-05-13 18:49:50,45.7574727,21.2397148,26.44,gara_traian,tram,1,synthetic_gps
2026-05-13 18:49:51,45.7575536,21.2398021,27.93,gara_traian,tram,1,synthetic_gps
2026-05-13 18:49:52,45.7576138,21.2397751,19.93,gara_traian,tram,1,synthetic_gps
2026-05-13 18:49:53,45.7576138,21.2397984,11.93,gara_traian,tram,1,synthetic_gps
2026-05-13 18:49:54,45.7575436,21.2398438,19.93,gara_traian,tram,1,synthetic_gps
2026-05-13 18:49:55,45.7575531,21.2398191,13.46,gara_traian,tram,1,synthetic_gps
2026-05-13 18:49:56,45.7575018,21.2397652,8.79,gara_traian,tram,1,synthetic_gps
2026-05-13 18:49:57,45.7575726,21.2398361,10.94,gara_traian,tram,1,synthetic_gps
2026-05-13 18:49:58,45.7576208,21.2399439,18.94,gara_traian,tram,1,synthetic_gps
2026-05-13 18:49:59,45.7576462,21.2398265,26.46,gara_traian,tram,1,synthetic_gps
2026-05-13 18:50:00,45.7576132,21.2399173,18.46,gara_traian,tram,1,synthetic_gps
2026-05-13 18:50:01,45.7575191,21.2399333,26.46,gara_traian,tram,1,synthetic_gps
2026-05-13 18:50:02,45.7576542,21.2399171,18.46,gara_traian,tram,1,synthetic_gps
2026-05-13 18:50:03,45.7575899,21.239972,21.13,gara_traian,tram,1,synthetic_gps
2026-05-13 18:50:04,45.7576056,21.2400035,17.14,gara_traian,tram,1,synthetic_gps
2026-05-13 18:50:05,45.7576662,21.2399568,20.76,gara_traian,tram,1,synthetic_gps
2026-05-13 18:50:06,45.7576409,21.2399878,13.22,gara_traian,tram,1,synthetic_gps
2026-05-13 18:50:07,45.7575158,21.2400359,9.42,gara_traian,tram,1,synthetic_gps
2026-05-13 18:50:08,45.7576224,21.2400745,13.43,gara_traian,tram,1,synthetic_gps
2026-05-13 18:50:09,45.7575733,21.2401126,21.43,gara_traian,tram,1,synthetic_gps
2026-05-13 18:50:10,45.7576435,21.2400915,22.93,gara_traian,tram,1,synthetic_gps
2026-05-13 18:50:11,45.7576111,21.240064,14.93,gara_traian,tram,1,synthetic_gps
2026-05-13 18:50:12,45.7575617,21.2400673,22.93,gara_traian,tram,1,synthetic_gps
2026-05-13 18:50:13,45.7576508,21.2401839,16.3,gara_traian,tram,1,synthetic_gps
2026-05-13 18:50:14,45.7576525,21.2402442,20.96,gara_traian,tram,1,synthetic_gps
2026-05-13 18:50:15,45.7576042,21.240173,15.39,gara_traian,tram,1,synthetic_gps
2026-05-13 18:50:16,45.7576111,21.2401183,21.23,gara_traian,tram,1,synthetic_gps
2026-05-13 18:50:17,45.7576145,21.2401431,21.04,gara_traian,tram,1,synthetic_gps
2026-05-13 18:50:18,45.7576643,21.240188,13.04,gara_traian,tram,1,synthetic_gps
2026-05-13 18:50:19,45.7575906,21.2402814,15.53,gara_traian,tram,1,synthetic_gps
2026-05-13 18:50:20,45.7575996,21.2402641,23.53,gara_traian,tram,1,synthetic_gps
2026-05-13 18:50:21,45.757705,21.2402364,27.68,gara_traian,tram,1,synthetic_gps
2026-05-13 18:50:22,45.7576664,21.2402863,19.68,gara_traian,tram,1,synthetic_gps
2026-05-13 18:50:23,45.7576727,21.2402443,23.52,gara_traian,tram,1,synthetic_gps
2026-05-13 18:50:24,45.7576697,21.2402219,15.52,gara_traian,tram,1,synthetic_gps
2026-05-13 18:50:25,45.7576679,21.240301,13.74,gara_traian,tram,1,synthetic_gps
2026-05-13 18:50:26,45.75768,21.2402362,17.05,gara_traian,tram,1,synthetic_gps
2026-05-13 18:50:27,45.7575772,21.2403169,17.77,gara_traian,tram,1,synthetic_gps
2026-05-13 18:50:28,45.7577227,21.2402876,14.74,gara_traian,tram,1,synthetic_gps
2026-05-13 18:50:29,45.7576761,21.2403307,22.74,gara_traian,tram,1,synthetic_gps
2026-05-13 18:50:30,45.7576973,21.240304,20.46,gara_traian,tram,1,synthetic_gps
2026-05-13 18:50:31,45.7577131,21.2403189,18.65,gara_traian,tram,1,synthetic_gps
2026-05-13 18:50:32,45.7576517,21.2404315,25.86,gara_traian,tram,1,synthetic_gps
2026-05-13 18:50:33,45.7576593,21.2404303,17.86,gara_traian,tram,1,synthetic_gps
2026-05-13 18:50:34,45.7577448,21.2404383,9.86,gara_traian,tram,1,synthetic_gps
2026-05-13 18:50:35,45.757645,21.2404935,1.86,gara_traian,tram,1,synthetic_gps
2026-05-13 18:50:36,45.7576699,21.240459,3.12,gara_traian,tram,1,synthetic_gps
2026-05-13 18:50:37,45.7578161,21.2404899,8.83,gara_traian,tram,1,synthetic_gps
2026-05-13 18:50:38,45.7577359,21.2405796,9.39,gara_traian,tram,1,synthetic_gps
2026-05-13 18:50:39,45.7576673,21.2404054,6.52,gara_traian,tram,1,synthetic_gps
2026-05-13 18:50:40,45.757709,21.2405633,7.99,gara_traian,tram,1,synthetic_gps
2026-05-13 18:50:41,45.7577774,21.2405026,6.52,gara_traian,tram,1,synthetic_gps
2026-05-13 18:50:42,45.7576985,21.2406041,3.29,gara_traian,tram,1,synthetic_gps
2026-05-13 18:50:43,45.7577078,21.2405578,7.87,gara_traian,tram,1,synthetic_gps
2026-05-13 18:50:44,45.757807,21.2406206,4.59,gara_traian,tram,1,synthetic_gps
2026-05-13 18:50:45,45.7577377,21.2406579,8.86,gara_traian,tram,1,synthetic_gps
2026-05-13 18:50:46,45.7577019,21.2406451,3.46,gara_traian,tram,1,synthetic_gps
2026-05-13 18:50:47,45.7577162,21.2406466,7.44,gara_traian,tram,1,synthetic_gps
2026-05-13 18:50:48,45.7577537,21.2406942,10.4,gara_traian,tram,1,synthetic_gps
2026-05-13 18:50:49,45.7577803,21.2406881,8.44,gara_traian,tram,1,synthetic_gps
2026-05-13 18:50:50,45.7578041,21.2406723,5.85,gara_traian,tram,1,synthetic_gps
2026-05-13 18:50:51,45.7577573,21.2407138,7.87,gara_traian,tram,1,synthetic_gps
2026-05-13 18:50:52,45.7577093,21.2407295,8.62,gara_traian,tram,1,synthetic_gps
2026-05-13 18:50:53,45.7577676,21.2406816,5.62,gara_traian,tram,1,synthetic_gps
2026-05-13 18:50:54,45.7577578,21.2407732,6.79,gara_traian,tram,1,synthetic_gps
2026-05-13 18:50:55,45.7577973,21.2406403,7.34,gara_traian,tram,1,synthetic_gps
2026-05-13 18:50:56,45.7577889,21.2407684,7.27,gara_traian,tram,1,synthetic_gps
2026-05-13 18:50:57,45.757797,21.2408575,3.17,gara_traian,tram,1,synthetic_gps
2026-05-13 18:50:58,45.7578154,21.2408812,5.98,gara_traian,tram,1,synthetic_gps
2026-05-13 18:50:59,45.7578138,21.2409021,10.18,gara_traian,tram,1,synthetic_gps
2026-05-13 18:51:00,45.7577763,21.2409267,6.82,gara_traian,tram,1,synthetic_gps
2026-05-13 18:51:01,45.7578245,21.2409204,5.39,gara_traian,tram,1,synthetic_gps
2026-05-13 18:51:02,45.757776,21.2409298,1.18,gara_traian,tram,1,synthetic_gps
2026-05-13 18:51:03,45.7577744,21.240902,3.3,gara_traian,tram,1,synthetic_gps
2026-05-13 18:51:04,45.7578666,21.2408837,3.36,gara_traian,tram,1,synthetic_gps
2026-05-13 18:51:05,45.7578416,21.2409423,8.71,gara_traian,tram,1,synthetic_gps
2026-05-13 18:51:06,45.7578304,21.2409306,3.56,gara_traian,tram,1,synthetic_gps
2026-05-13 18:51:07,45.757804,21.2409412,7.14,gara_traian,tram,1,synthetic_gps
2026-05-13 18:51:08,45.7578437,21.2409309,7.05,gara_traian,tram,1,synthetic_gps
2026-05-13 18:51:09,45.7578022,21.2409988,1.9,gara_traian,tram,1,synthetic_gps
2026-05-13 18:51:10,45.7577577,21.2410079,7.34,gara_traian,tram,1,synthetic_gps
2026-05-13 18:51:11,45.7578655,21.2409968,8.33,gara_traian,tram,1,synthetic_gps
2026-05-13 18:51:12,45.7578779,21.2410208,3.26,gara_traian,tram,1,synthetic_gps
2026-05-13 18:51:13,45.757921,21.2409994,1.03,gara_traian,tram,1,synthetic_gps
2026-05-13 18:51:14,45.7578229,21.2410497,9.03,gara_traian,tram,1,synthetic_gps
2026-05-13 18:51:15,45.7577782,21.2410418,4.88,gara_traian,tram,1,synthetic_gps
2026-05-13 18:51:16,45.7578248,21.2411363,10.36,gara_traian,tram,1,synthetic_gps
2026-05-13 18:51:17,45.7578133,21.2411245,8.46,gara_traian,tram,1,synthetic_gps
2026-05-13 18:51:18,45.7578919,21.2411292,7.63,gara_traian,tram,1,synthetic_gps
2026-05-13 18:51:19,45.757833,21.2411053,7.01,gara_traian,tram,1,synthetic_gps
2026-05-13 18:51:20,45.7578733,21.2412007,3.55,gara_traian,tram,1,synthetic_gps
2026-05-13 18:51:21,45.7578651,21.2411896,11.55,gara_traian,tram,1,synthetic_gps
2026-05-13 18:51:22,45.7577622,21.2411998,9.03,gara_traian,tram,1,synthetic_gps
2026-05-13 18:51:23,45.7578657,21.241239,5.18,gara_traian,tram,1,synthetic_gps
2026-05-13 18:51:24,45.757833,21.2412705,6.59,gara_traian,tram,1,synthetic_gps
2026-05-13 18:51:25,45.757887,21.2413237,7.44,gara_traian,tram,1,synthetic_gps
2026-05-13 18:51:26,45.7579368,21.2412216,5.44,gara_traian,tram,1,synthetic_gps
2026-05-13 18:51:27,45.7578823,21.2413013,6.72,gara_traian,tram,1,synthetic_gps
2026-05-13 18:51:28,45.7578866,21.2413255,3.77,gara_traian,tram,1,synthetic_gps
2026-05-13 18:51:29,45.7578989,21.2414392,9.82,gara_traian,tram,1,synthetic_gps
2026-05-13 18:51:30,45.7578642,21.2413563,6.19,gara_traian,tram,1,synthetic_gps
2026-05-13 18:51:31,45.7578841,21.2413342,7.35,gara_traian,tram,1,synthetic_gps
2026-05-13 18:51:32,45.7579323,21.2413432,6.68,gara_traian,tram,1,synthetic_gps
2026-05-13 18:51:33,45.7578671,21.2414052,9.07,gara_traian,tram,1,synthetic_gps
2026-05-13 18:51:34,45.7579191,21.2413767,5.9,gara_traian,tram,1,synthetic_gps
2026-05-13 18:51:35,45.757897,21.2414275,11.91,gara_traian,tram,1,synthetic_gps
2026-05-13 18:51:36,45.7578383,21.2413364,8.2,gara_traian,tram,1,synthetic_gps
2026-05-13 18:51:37,45.7579276,21.2414224,6.39,gara_traian,tram,1,synthetic_gps
2026-05-13 18:51:38,45.7579862,21.241499,3.45,gara_traian,tram,1,synthetic_gps
2026-05-13 18:51:39,45.7579222,21.2414665,5.75,gara_traian,tram,1,synthetic_gps
2026-05-13 18:51:40,45.7579748,21.2414073,5.01,gara_traian,tram,1,synthetic_gps
2026-05-13 18:51:41,45.7579159,21.2415079,9.5,gara_traian,tram,1,synthetic_gps
2026-05-13 18:51:42,45.75791,21.2415535,9.02,gara_traian,tram,1,synthetic_gps
2026-05-13 18:51:43,45.7579788,21.2414757,8.38,gara_traian,tram,1,synthetic_gps
2026-05-13 18:51:44,45.7579433,21.2415792,6.91,gara_traian,tram,1,synthetic_gps
2026-05-13 18:51:45,45.7579068,21.2415131,5.75,gara_traian,tram,1,synthetic_gps
2026-05-13 18:51:46,45.7579816,21.2416122,6.77,gara_traian,tram,1,synthetic_gps
2026-05-13 18:51:47,45.7579726,21.2416136,10.37,gara_traian,tram,1,synthetic_gps
2026-05-13 18:51:48,45.7579802,21.2416244,2.55,gara_traian,tram,1,synthetic_gps
2026-05-13 18:51:49,45.7579476,21.2416241,8.27,gara_traian,tram,1,synthetic_gps
2026-05-13 18:51:50,45.757883,21.2415683,8.55,gara_traian,tram,1,synthetic_gps
2026-05-13 18:51:51,45.7579442,21.2416588,6.86,gara_traian,tram,1,synthetic_gps
2026-05-13 18:51:52,45.7579453,21.2417407,5.25,gara_traian,tram,1,synthetic_gps
2026-05-13 18:51:53,45.7579945,21.2417565,8.05,gara_traian,tram,1,synthetic_gps
2026-05-13 18:51:54,45.7579281,21.2417069,9.11,gara_traian,tram,1,synthetic_gps
2026-05-13 18:51:55,45.7579095,21.2416641,7.69,gara_traian,tram,1,synthetic_gps
2026-05-13 18:51:56,45.7579331,21.2416961,6.15,gara_traian,tram,1,synthetic_gps
2026-05-13 18:51:57,45.7580515,21.2417264,7.98,gara_traian,tram,1,synthetic_gps
2026-05-13 18:51:58,45.758014,21.2417704,4.97,gara_traian,tram,1,synthetic_gps
2026-05-13 18:51:59,45.7579769,21.2417207,7.1,gara_traian,tram,1,synthetic_gps
