timestamp,latitude,longitude,speed_kmh,route_id,transport_mode,is_peak_hour,source
2026-05-29 18:18:00,45.7289315,21.2674077,0.54,aem_complex,tram,1,synthetic_gps
2026-05-29 18:18:01,45.729013,21.2675059,0.01,aem_complex,tram,1,synthetic_gps
2026-05-29 18:18:02,45.7289945,21.2674636,0.32,aem_complex,tram,1,synthetic_gps
2026-05-29 18:18:03,45.7290571,21.2674608,0.72,aem_complex,tram,1,synthetic_gps
2026-05-29 18:18:04,45.7291831,21.2674571,0.28,aem_complex,tram,1,synthetic_gps
2026-05-29 18:18:05,45.7291546,21.2674166,0.51,aem_complex,tram,1,synthetic_gps
2026-05-29 18:18:06,45.7290525,21.267406,0.48,aem_complex,tram,1,synthetic_gps
2026-05-29 18:18:07,45.7289058,21.2673909,0.33,aem_complex,tram,1,synthetic_gps
2026-05-29 18:18:08,45.7290804,21.2673863,0.17,aem_complex,tram,1,synthetic_gps
2026-05-29 18:18:09,45.7290863,21.2673392,0.43,aem_complex,tram,1,synthetic_gps
2026-05-29 18:18:10,45.7291286,21.2673683,0.39,aem_complex,tram,1,synthetic_gps
2026-05-29 18:18:11,45.7290295,21.2673817,0.19,aem_complex,tram,1,synthetic_gps
2026-05-29 18:18:12,45.7291086,21.2673694,0.47,aem_complex,tram,1,synthetic_gps
2026-05-29 18:18:13,45.7291501,21.2673882,0.5,aem_complex,tram,1,synthetic_gps
2026-05-29 18:18:14,45.7291281,21.267372,0.07,aem_complex,tram,1,synthetic_gps
2026-05-29 18:18:15,45.7290904,21.2673481,0.45,aem_complex,tram,1,synthetic_gps
2026-05-29 18:18:16,45.7291019,21.2673741,0.38,aem_complex,tram,1,synthetic_gps
2026-05-29 18:18:17,45.7291054,21.2673421,0.6,aem_complex,tram,1,synthetic_gps
2026-05-29 18:18:18,45.7292419,21.2673615,0.0,aem_complex,tram,1,synthetic_gps
2026-05-29 18:18:19,45.7291661,21.2673101,6.8,aem_complex,tram,1,synthetic_gps
2026-05-29 18:18:20,45.7292241,21.2673534,3.52,aem_complex,tram,1,synthetic_gps
2026-05-29 18:18:21,45.7291864,21.2673676,5.29,aem_complex,tram,1,synthetic_gps
2026-05-29 18:18:22,45.7292268,21.2673249,7.45,aem_complex,tram,1,synthetic_gps
2026-05-29 18:18:23,45.7291625,21.2672444,5.26,aem_complex,tram,1,synthetic_gps
2026-05-29 18:18:24,45.7292403,21.2672721,12.16,aem_complex,tram,1,synthetic_gps
2026-05-29 18:18:25,45.7292297,21.2673193,5.4,aem_complex,tram,1,synthetic_gps
2026-05-29 18:18:26,45.7291303,21.267341,8.64,aem_complex,tram,1,synthetic_gps
2026-05-29 18:18:27,45.7292729,21.2672395,10.88,aem_complex,tram,1,synthetic_gps
2026-05-29 18:18:28,45.7291772,21.2672408,4.18,aem_complex,tram,1,synthetic_gps
2026-05-29 18:18:29,45.7292621,21.2672307,5.51,aem_complex,tram,1,synthetic_gps
2026-05-29 18:18:30,45.7292646,21.2673068,3.49,aem_complex,tram,1,synthetic_gps
2026-05-29 18:18:31,45.7293267,21.2671493,4.66,aem_complex,tram,1,synthetic_gps
2026-05-29 18:18:32,45.7293256,21.2672777,0.0,aem_complex,tram,1,synthetic_gps
2026-05-29 18:18:33,45.7292666,21.2671719,5.89,aem_complex,tram,1,synthetic_gps
2026-05-29 18:18:34,45.7293634,21.2671495,13.5,aem_complex,tram,1,synthetic_gps
2026-05-29 18:18:35,45.7292851,21.2671645,5.5,aem_complex,tram,1,synthetic_gps
2026-05-29 18:18:36,45.7293895,21.2671896,5.47,aem_complex,tram,1,synthetic_gps
2026-05-29 18:18:37,45.7293249,21.2671905,3.72,aem_complex,tram,1,synthetic_gps
2026-05-29 18:18:38,45.7293583,21.2672023,5.57,aem_complex,tram,1,synthetic_gps
2026-05-29 18:18:39,45.7293558,21.2671218,6.88,aem_complex,tram,1,synthetic_gps
2026-05-29 18:18:40,45.7294093,21.2671724,3.55,aem_complex,tram,1,synthetic_gps
2026-05-29 18:18:41,45.7293772,21.2671299,10.86,aem_complex,tram,1,synthetic_gps
2026-05-29 18:18:42,45.7293433,21.2670953,7.8,aem_complex,tram,1,synthetic_gps
2026-05-29 18:18:43,45.7293881,21.2671081,1.96,aem_complex,tram,1,synthetic_gps
2026-05-29 18:18:44,45.7293828,21.2670797,5.22,aem_complex,tram,1,synthetic_gps
2026-05-29 18:18:45,45.7293901,21.2671013,9.99,aem_complex,tram,1,synthetic_gps
2026-05-29 18:18:46,45.7293798,21.2670672,4.7,aem_complex,tram,1,synthetic_gps
2026-05-29 18:18:47,45.7293534,21.267028,5.06,aem_complex,tram,1,synthetic_gps
2026-05-29 18:18:48,45.7294213,21.2671356,6.7,aem_complex,tram,1,synthetic_gps
2026-05-29 18:18:49,45.729372,21.2670664,3.36,aem_complex,tram,1,synthetic_gps
2026-05-29 18:18:50,45.7293698,21.2670645,7.85,aem_complex,tram,1,synthetic_gps
2026-05-29 18:18:51,45.7294216,21.2671381,6.29,aem_complex,tram,1,synthetic_gps
2026-05-29 18:18:52,45.729477,21.2669986,11.68,aem_complex,tram,1,synthetic_gps
2026-05-29 18:18:53,45.7295376,21.2670775,6.7,aem_complex,tram,1,synthetic_gps
2026-05-29 18:18:54,45.7295046,21.2670796,7.0,aem_complex,tram,1,synthetic_gps
2026-05-29 18:18:55,45.7294539,21.2669877,3.85,aem_complex,tram,1,synthetic_gps
2026-05-29 18:18:56,45.7294535,21.2670406,7.68,aem_complex,tram,1,synthetic_gps
2026-05-29 18:18:57,45.729588,21.2670326,4.84,aem_complex,tram,1,synthetic_gps
2026-05-29 18:18:58,45.7295149,21.2669372,4.81,aem_complex,tram,1,synthetic_gps
2026-05-29 18:18:59,45.7295386,21.2670591,4.96,aem_complex,tram,1,synthetic_gps
2026-05-29 18:19:00,45.7295066,21.2669991,5.81,aem_complex,tram,1,synthetic_gps
2026-05-29 18:19:01,45.7295433,21.2669905,5.06,aem_complex,tram,1,synthetic_gps
2026-05-29 18:19:02,45.7295706,21.2668797,13.0,aem_complex,tram,1,synthetic_gps
2026-05-29 18:19:03,45.7295642,21.2670325,9.08,aem_complex,tram,1,synthetic_gps
2026-05-29 18:19:04,45.7295383,21.2669823,11.92,aem_complex,tram,1,synthetic_gps
2026-05-29 18:19:05,45.7295879,21.2670169,3.92,aem_complex,tram,1,synthetic_gps
2026-05-29 18:19:06,45.7295968,21.2667935,7.74,aem_complex,tram,1,synthetic_gps
2026-05-29 18:19:07,45.7296404,21.2668652,2.03,aem_complex,tram,1,synthetic_gps
2026-05-29 18:19:08,45.7295448,21.2668768,2.78,aem_complex,tram,1,synthetic_gps
2026-05-29 18:19:09,45.7295874,21.2669157,5.74,aem_complex,tram,1,synthetic_gps
2026-05-29 18:19:10,45.7295983,21.266937,9.33,aem_complex,tram,1,synthetic_gps
2026-05-29 18:19:11,45.7296716,21.2668878,5.35,aem_complex,tram,1,synthetic_gps
2026-05-29 18:19:12,45.7296455,21.2668413,7.31,aem_complex,tram,1,synthetic_gps
2026-05-29 18:19:13,45.7296803,21.2668787,9.2,aem_complex,tram,1,synthetic_gps
2026-05-29 18:19:14,45.729672,21.2668227,6.19,aem_complex,tram,1,synthetic_gps
2026-05-29 18:19:15,45.7296249,21.2668016,4.17,aem_complex,tram,1,synthetic_gps
2026-05-29 18:19:16,45.7296248,21.2667718,8.59,aem_complex,tram,1,synthetic_gps
2026-05-29 18:19:17,45.7296038,21.2667896,9.22,aem_complex,tram,1,synthetic_gps
2026-05-29 18:19:18,45.7296724,21.2668306,7.42,aem_complex,tram,1,synthetic_gps
2026-05-29 18:19:19,45.7297092,21.2667484,6.12,aem_complex,tram,1,synthetic_gps
2026-05-29 18:19:20,45.7296365,21.2668414,10.48,aem_complex,tram,1,synthetic_gps
2026-05-29 18:19:21,45.729678,21.2667881,7.61,aem_complex,tram,1,synthetic_gps
2026-05-29 18:19:22,45.7297257,21.2668066,15.61,aem_complex,tram,1,synthetic_gps
2026-05-29 18:19:23,45.7296564,21.2667504,13.14,aem_complex,tram,1,synthetic_gps
2026-05-29 18:19:24,45.7297258,21.2667212,21.14,aem_complex,tram,1,synthetic_gps
2026-05-29 18:19:25,45.7297246,21.2666824,13.14,aem_complex,tram,1,synthetic_gps
2026-05-29 18:19:26,45.7297045,21.2667071,21.14,aem_complex,tram,1,synthetic_gps
2026-05-29 18:19:27,45.7298224,21.2667815,29.14,aem_complex,tram,1,synthetic_gps
2026-05-29 18:19:28,45.7298498,21.2667662,21.14,aem_complex,tram,1,synthetic_gps
2026-05-29 18:19:29,45.7297761,21.2667841,13.14,aem_complex,tram,1,synthetic_gps
2026-05-29 18:19:30,45.7298362,21.2667087,14.21,aem_complex,tram,1,synthetic_gps
2026-05-29 18:19:31,45.7297417,21.2666521,11.27,aem_complex,tram,1,synthetic_gps
2026-05-29 18:19:32,45.7297929,21.2667234,19.27,aem_complex,tram,1,synthetic_gps
2026-05-29 18:19:33,45.7297874,21.2666979,23.75,aem_complex,tram,1,synthetic_gps
2026-05-29 18:19:34,45.7298358,21.2666112,22.73,aem_complex,tram,1,synthetic_gps
2026-05-29 18:19:35,45.7298586,21.2666765,17.38,aem_complex,tram,1,synthetic_gps
2026-05-29 18:19:36,45.7298492,21.2667159,15.3,aem_complex,tram,1,synthetic_gps
2026-05-29 18:19:37,45.7297883,21.2667073,19.14,aem_complex,tram,1,synthetic_gps
2026-05-29 18:19:38,45.7298505,21.2665944,11.14,aem_complex,tram,1,synthetic_gps
2026-05-29 18:19:39,45.7298407,21.2666965,11.53,aem_complex,tram,1,synthetic_gps
2026-05-29 18:19:40,45.7298244,21.2666449,12.78,aem_complex,tram,1,synthetic_gps
2026-05-29 18:19:41,45.7298862,21.2665978,16.91,aem_complex,tram,1,synthetic_gps
2026-05-29 18:19:42,45.7299083,21.2666215,8.91,aem_complex,tram,1,synthetic_gps
2026-05-29 18:19:43,45.7298624,21.266548,16.91,aem_complex,tram,1,synthetic_gps
2026-05-29 18:19:44,45.7299183,21.2666114,8.91,aem_complex,tram,1,synthetic_gps
2026-05-29 18:19:45,45.7299502,21.2665444,16.91,aem_complex,tram,1,synthetic_gps
2026-05-29 18:19:46,45.7298928,21.2665588,24.91,aem_complex,tram,1,synthetic_gps
2026-05-29 18:19:47,45.7299288,21.2665471,16.91,aem_complex,tram,1,synthetic_gps
2026-05-29 18:19:48,45.7298682,21.2665649,17.47,aem_complex,tram,1,synthetic_gps
2026-05-29 18:19:49,45.7299089,21.2665068,18.01,aem_complex,tram,1,synthetic_gps
2026-05-29 18:19:50,45.7300418,21.2665142,26.01,aem_complex,tram,1,synthetic_gps
2026-05-29 18:19:51,45.7299472,21.2665534,20.36,aem_complex,tram,1,synthetic_gps
2026-05-29 18:19:52,45.7300196,21.2665408,12.36,aem_complex,tram,1,synthetic_gps
2026-05-29 18:19:53,45.7300693,21.2664346,16.37,aem_complex,tram,1,synthetic_gps
2026-05-29 18:19:54,45.7299606,21.2664734,11.56,aem_complex,tram,1,synthetic_gps
2026-05-29 18:19:55,45.7300714,21.2664869,19.56,aem_complex,tram,1,synthetic_gps
2026-05-29 18:19:56,45.73003,21.2665354,20.03,aem_complex,tram,1,synthetic_gps
2026-05-29 18:19:57,45.7300877,21.2664256,12.83,aem_complex,tram,1,synthetic_gps
2026-05-29 18:19:58,45.7300399,21.2663773,20.83,aem_complex,tram,1,synthetic_gps
2026-05-29 18:19:59,45.730068,21.2665394,28.83,aem_complex,tram,1,synthetic_gps
2026-05-29 18:20:00,45.730054,21.2663448,33.0,aem_complex,tram,1,synthetic_gps
2026-05-29 18:20:01,45.7299857,21.2663854,25.0,aem_complex,tram,1,synthetic_gps
2026-05-29 18:20:02,45.7300998,21.2664357,22.3,aem_complex,tram,1,synthetic_gps
2026-05-29 18:20:03,45.7300941,21.2664015,20.8,aem_complex,tram,1,synthetic_gps
2026-05-29 18:20:04,45.7300851,21.2664536,24.09,aem_complex,tram,1,synthetic_gps
2026-05-29 18:20:05,45.7300241,21.2663203,16.77,aem_complex,tram,1,synthetic_gps
2026-05-29 18:20:06,45.730195,21.266338,19.14,aem_complex,tram,1,synthetic_gps
2026-05-29 18:20:07,45.7301424,21.2664057,19.43,aem_complex,tram,1,synthetic_gps
2026-05-29 18:20:08,45.7300823,21.266402,11.43,aem_complex,tram,1,synthetic_gps
2026-05-29 18:20:09,45.7301745,21.2663681,17.06,aem_complex,tram,1,synthetic_gps
2026-05-29 18:20:10,45.7301984,21.2662647,9.06,aem_complex,tram,1,synthetic_gps
2026-05-29 18:20:11,45.730154,21.2662752,17.06,aem_complex,tram,1,synthetic_gps
2026-05-29 18:20:12,45.7302377,21.2663526,13.26,aem_complex,tram,1,synthetic_gps
2026-05-29 18:20:13,45.7301237,21.2663272,21.26,aem_complex,tram,1,synthetic_gps
2026-05-29 18:20:14,45.7301386,21.266295,19.07,aem_complex,tram,1,synthetic_gps
2026-05-29 18:20:15,45.7301795,21.2662516,11.07,aem_complex,tram,1,synthetic_gps
2026-05-29 18:20:16,45.7302672,21.2663713,17.96,aem_complex,tram,1,synthetic_gps
2026-05-29 18:20:17,45.7302487,21.2663061,14.4,aem_complex,tram,1,synthetic_gps
2026-05-29 18:20:18,45.7302447,21.2662431,10.14,aem_complex,tram,1,synthetic_gps
2026-05-29 18:20:19,45.7301346,21.2662629,18.14,aem_complex,tram,1,synthetic_gps
2026-05-29 18:20:20,45.7301549,21.2662833,19.45,aem_complex,tram,1,synthetic_gps
2026-05-29 18:20:21,45.7303202,21.2662626,22.43,aem_complex,tram,1,synthetic_gps
2026-05-29 18:20:22,45.7302698,21.2662505,17.94,aem_complex,tram,1,synthetic_gps
2026-05-29 18:20:23,45.730133,21.2662442,25.62,aem_complex,tram,1,synthetic_gps
2026-05-29 18:20:24,45.7302785,21.2662808,25.04,aem_complex,tram,1,synthetic_gps
2026-05-29 18:20:25,45.7303571,21.2662237,17.04,aem_complex,tram,1,synthetic_gps
2026-05-29 18:20:26,45.73029,21.2662032,20.82,aem_complex,tram,1,synthetic_gps
2026-05-29 18:20:27,45.7303851,21.2661613,17.64,aem_complex,tram,1,synthetic_gps
2026-05-29 18:20:28,45.7302554,21.2661463,19.53,aem_complex,tram,1,synthetic_gps
2026-05-29 18:20:29,45.7303531,21.2662403,14.68,aem_complex,tram,1,synthetic_gps
2026-05-29 18:20:30,45.7303756,21.2662439,22.68,aem_complex,tram,1,synthetic_gps
2026-05-29 18:20:31,45.7303587,21.2661989,14.68,aem_complex,tram,1,synthetic_gps
2026-05-29 18:20:32,45.7303311,21.2661775,22.68,aem_complex,tram,1,synthetic_gps
2026-05-29 18:20:33,45.7302996,21.2661564,15.17,aem_complex,tram,1,synthetic_gps
2026-05-29 18:20:34,45.7303375,21.2661487,23.17,aem_complex,tram,1,synthetic_gps
2026-05-29 18:20:35,45.7303859,21.2660755,15.17,aem_complex,tram,1,synthetic_gps
2026-05-29 18:20:36,45.7303641,21.266076,14.98,aem_complex,tram,1,synthetic_gps
2026-05-29 18:20:37,45.7303814,21.2661193,17.72,aem_complex,tram,1,synthetic_gps
2026-05-29 18:20:38,45.7304103,21.2661485,9.72,aem_complex,tram,1,synthetic_gps
2026-05-29 18:20:39,45.7304756,21.2661191,17.72,aem_complex,tram,1,synthetic_gps
2026-05-29 18:20:40,45.7304736,21.2661063,19.24,aem_complex,tram,1,synthetic_gps
2026-05-29 18:20:41,45.7304338,21.2660537,11.24,aem_complex,tram,1,synthetic_gps
2026-05-29 18:20:42,45.7304803,21.2660503,10.96,aem_complex,tram,1,synthetic_gps
2026-05-29 18:20:43,45.7303845,21.2660366,18.96,aem_complex,tram,1,synthetic_gps
2026-05-29 18:20:44,45.730369,21.2660887,12.72,aem_complex,tram,1,synthetic_gps
2026-05-29 18:20:45,45.7304719,21.2660105,19.23,aem_complex,tram,1,synthetic_gps
2026-05-29 18:20:46,45.7304572,21.2659977,24.74,aem_complex,tram,1,synthetic_gps
2026-05-29 18:20:47,45.7304186,21.2660245,18.37,aem_complex,tram,1,synthetic_gps
2026-05-29 18:20:48,45.7304981,21.2660223,13.66,aem_complex,tram,1,synthetic_gps
2026-05-29 18:20:49,45.7304374,21.2659962,18.77,aem_complex,tram,1,synthetic_gps
2026-05-29 18:20:50,45.7304954,21.2659952,13.27,aem_complex,tram,1,synthetic_gps
2026-05-29 18:20:51,45.7305164,21.2660139,21.27,aem_complex,tram,1,synthetic_gps
2026-05-29 18:20:52,45.7305449,21.2659446,25.17,aem_complex,tram,1,synthetic_gps
2026-05-29 18:20:53,45.7305152,21.2660298,17.17,aem_complex,tram,1,synthetic_gps
2026-05-29 18:20:54,45.730525,21.265954,15.66,aem_complex,tram,1,synthetic_gps
2026-05-29 18:20:55,45.7305595,21.2659854,23.66,aem_complex,tram,1,synthetic_gps
2026-05-29 18:20:56,45.7305831,21.2659627,25.05,aem_complex,tram,1,synthetic_gps
2026-05-29 18:20:57,45.7305572,21.2659702,17.05,aem_complex,tram,1,synthetic_gps
2026-05-29 18:20:58,45.7305306,21.2658722,17.66,aem_complex,tram,1,synthetic_gps
2026-05-29 18:20:59,45.7305638,21.265871,14.91,aem_complex,tram,1,synthetic_gps
2026-05-29 18:21:00,45.7305921,21.2658558,6.91,aem_complex,tram,1,synthetic_gps
2026-05-29 18:21:01,45.7305216,21.2659653,0.86,aem_complex,tram,1,synthetic_gps
2026-05-29 18:21:02,45.7305828,21.2659808,1.52,aem_complex,tram,1,synthetic_gps
2026-05-29 18:21:03,45.7306562,21.2659211,1.58,aem_complex,tram,1,synthetic_gps
2026-05-29 18:21:04,45.7306066,21.2658409,2.04,aem_complex,tram,1,synthetic_gps
2026-05-29 18:21:05,45.7306632,21.2657924,0.93,aem_complex,tram,1,synthetic_gps
2026-05-29 18:21:06,45.7305585,21.2658693,2.31,aem_complex,tram,1,synthetic_gps
2026-05-29 18:21:07,45.730657,21.2658511,1.7,aem_complex,tram,1,synthetic_gps
2026-05-29 18:21:08,45.7306796,21.2658737,0.71,aem_complex,tram,1,synthetic_gps
2026-05-29 18:21:09,45.7307017,21.2658215,1.53,aem_complex,tram,1,synthetic_gps
2026-05-29 18:21:10,45.7306319,21.2658248,1.17,aem_complex,tram,1,synthetic_gps
2026-05-29 18:21:11,45.7307325,21.2658611,1.68,aem_complex,tram,1,synthetic_gps
2026-05-29 18:21:12,45.7306565,21.2658065,1.4,aem_complex,tram,1,synthetic_gps
2026-05-29 18:21:13,45.7305893,21.2657444,1.57,aem_complex,tram,1,synthetic_gps
2026-05-29 18:21:14,45.7308004,21.2657933,0.88,aem_complex,tram,1,synthetic_gps
2026-05-29 18:21:15,45.7307764,21.2657713,1.26,aem_complex,tram,1,synthetic_gps
2026-05-29 18:21:16,45.7307727,21.2657774,0.67,aem_complex,tram,1,synthetic_gps
2026-05-29 18:21:17,45.7306685,21.265774,1.35,aem_complex,tram,1,synthetic_gps
2026-05-29 18:21:18,45.7307644,21.2657797,9.35,aem_complex,tram,1,synthetic_gps
2026-05-29 18:21:19,45.7307267,21.265695,17.35,aem_complex,tram,1,synthetic_gps
2026-05-29 18:21:20,45.7307334,21.2656794,25.35,aem_complex,tram,1,synthetic_gps
2026-05-29 18:21:21,45.730741,21.2657399,19.81,aem_complex,tram,1,synthetic_gps
2026-05-29 18:21:22,45.7307906,21.265712,17.78,aem_complex,tram,1,synthetic_gps
2026-05-29 18:21:23,45.7308332,21.2657085,9.78,aem_complex,tram,1,synthetic_gps
2026-05-29 18:21:24,45.7307566,21.2657501,17.78,aem_complex,tram,1,synthetic_gps
2026-05-29 18:21:25,45.7308024,21.265745,19.71,aem_complex,tram,1,synthetic_gps
2026-05-29 18:21:26,45.7307806,21.265626,21.51,aem_complex,tram,1,synthetic_gps
2026-05-29 18:21:27,45.7308131,21.2656186,19.67,aem_complex,tram,1,synthetic_gps
2026-05-29 18:21:28,45.7308218,21.2657062,27.45,aem_complex,tram,1,synthetic_gps
2026-05-29 18:21:29,45.7309006,21.265654,24.23,aem_complex,tram,1,synthetic_gps
2026-05-29 18:21:30,45.7307932,21.2656172,29.88,aem_complex,tram,1,synthetic_gps
2026-05-29 18:21:31,45.7308933,21.2656109,27.96,aem_complex,tram,1,synthetic_gps
2026-05-29 18:21:32,45.7308903,21.2655569,19.96,aem_complex,tram,1,synthetic_gps
2026-05-29 18:21:33,45.73092,21.2656246,11.96,aem_complex,tram,1,synthetic_gps
2026-05-29 18:21:34,45.730918,21.265563,19.96,aem_complex,tram,1,synthetic_gps
2026-05-29 18:21:35,45.7309266,21.2656378,19.26,aem_complex,tram,1,synthetic_gps
2026-05-29 18:21:36,45.7308335,21.2656195,13.35,aem_complex,tram,1,synthetic_gps
2026-05-29 18:21:37,45.730908,21.265572,21.35,aem_complex,tram,1,synthetic_gps
2026-05-29 18:21:38,45.7309006,21.2655575,24.96,aem_complex,tram,1,synthetic_gps
2026-05-29 18:21:39,45.7309612,21.2655589,16.96,aem_complex,tram,1,synthetic_gps
2026-05-29 18:21:40,45.7309785,21.2655736,24.32,aem_complex,tram,1,synthetic_gps
2026-05-29 18:21:41,45.7308918,21.2655041,22.16,aem_complex,tram,1,synthetic_gps
2026-05-29 18:21:42,45.7309348,21.2655257,29.64,aem_complex,tram,1,synthetic_gps
2026-05-29 18:21:43,45.73102,21.2656265,21.64,aem_complex,tram,1,synthetic_gps
2026-05-29 18:21:44,45.7310771,21.2655598,22.39,aem_complex,tram,1,synthetic_gps
2026-05-29 18:21:45,45.7310096,21.2655257,14.39,aem_complex,tram,1,synthetic_gps
2026-05-29 18:21:46,45.7310058,21.2655223,22.39,aem_complex,tram,1,synthetic_gps
2026-05-29 18:21:47,45.7310849,21.2655357,19.01,aem_complex,tram,1,synthetic_gps
2026-05-29 18:21:48,45.7310169,21.2655427,11.01,aem_complex,tram,1,synthetic_gps
2026-05-29 18:21:49,45.7310192,21.2655139,19.01,aem_complex,tram,1,synthetic_gps
2026-05-29 18:21:50,45.7310818,21.2655011,15.22,aem_complex,tram,1,synthetic_gps
2026-05-29 18:21:51,45.7310055,21.2655013,23.22,aem_complex,tram,1,synthetic_gps
2026-05-29 18:21:52,45.7310781,21.2654796,20.67,aem_complex,tram,1,synthetic_gps
2026-05-29 18:21:53,45.7309821,21.2654424,13.75,aem_complex,tram,1,synthetic_gps
2026-05-29 18:21:54,45.7310318,21.2654118,15.15,aem_complex,tram,1,synthetic_gps
2026-05-29 18:21:55,45.7310025,21.2654568,10.76,aem_complex,tram,1,synthetic_gps
2026-05-29 18:21:56,45.7310665,21.2653966,12.78,aem_complex,tram,1,synthetic_gps
2026-05-29 18:21:57,45.7310051,21.2654472,17.6,aem_complex,tram,1,synthetic_gps
2026-05-29 18:21:58,45.7311294,21.2653452,11.6,aem_complex,tram,1,synthetic_gps
2026-05-29 18:21:59,45.7310174,21.2654652,19.6,aem_complex,tram,1,synthetic_gps
2026-05-29 18:22:00,45.7311577,21.2654177,11.6,aem_complex,tram,1,synthetic_gps
2026-05-29 18:22:01,45.7311685,21.2653354,19.6,aem_complex,tram,1,synthetic_gps
2026-05-29 18:22:02,45.731209,21.2653765,18.02,aem_complex,tram,1,synthetic_gps
2026-05-29 18:22:03,45.731229,21.2653758,19.95,aem_complex,tram,1,synthetic_gps
2026-05-29 18:22:04,45.7310932,21.2653563,20.17,aem_complex,tram,1,synthetic_gps
2026-05-29 18:22:05,45.7311084,21.2653581,20.07,aem_complex,tram,1,synthetic_gps
2026-05-29 18:22:06,45.7311623,21.2653491,17.91,aem_complex,tram,1,synthetic_gps
2026-05-29 18:22:07,45.731193,21.2653878,13.89,aem_complex,tram,1,synthetic_gps
2026-05-29 18:22:08,45.7312229,21.2652873,21.14,aem_complex,tram,1,synthetic_gps
2026-05-29 18:22:09,45.7312398,21.2652898,27.68,aem_complex,tram,1,synthetic_gps
2026-05-29 18:22:10,45.7311619,21.2652495,21.26,aem_complex,tram,1,synthetic_gps
2026-05-29 18:22:11,45.7312009,21.2652897,21.1,aem_complex,tram,1,synthetic_gps
2026-05-29 18:22:12,45.731248,21.2652567,13.1,aem_complex,tram,1,synthetic_gps
2026-05-29 18:22:13,45.7313254,21.2652387,11.25,aem_complex,tram,1,synthetic_gps
2026-05-29 18:22:14,45.7312299,21.2653043,19.25,aem_complex,tram,1,synthetic_gps
2026-05-29 18:22:15,45.73129,21.2652677,21.21,aem_complex,tram,1,synthetic_gps
2026-05-29 18:22:16,45.7312007,21.2652227,13.21,aem_complex,tram,1,synthetic_gps
2026-05-29 18:22:17,45.7312885,21.2652635,6.7,aem_complex,tram,1,synthetic_gps
2026-05-29 18:22:18,45.7312692,21.2652004,14.7,aem_complex,tram,1,synthetic_gps
2026-05-29 18:22:19,45.7312284,21.2652092,16.65,aem_complex,tram,1,synthetic_gps
2026-05-29 18:22:20,45.73125,21.2652342,23.73,aem_complex,tram,1,synthetic_gps
2026-05-29 18:22:21,45.7312465,21.2652093,16.74,aem_complex,tram,1,synthetic_gps
2026-05-29 18:22:22,45.7313568,21.2651798,24.42,aem_complex,tram,1,synthetic_gps
2026-05-29 18:22:23,45.7313223,21.2651397,16.42,aem_complex,tram,1,synthetic_gps
2026-05-29 18:22:24,45.7314025,21.2652385,8.42,aem_complex,tram,1,synthetic_gps
2026-05-29 18:22:25,45.7313426,21.2651374,16.42,aem_complex,tram,1,synthetic_gps
2026-05-29 18:22:26,45.7314761,21.2651516,12.49,aem_complex,tram,1,synthetic_gps
2026-05-29 18:22:27,45.73127,21.2651361,4.49,aem_complex,tram,1,synthetic_gps
2026-05-29 18:22:28,45.7313426,21.2651018,12.49,aem_complex,tram,1,synthetic_gps
2026-05-29 18:22:29,45.7314229,21.2651493,16.84,aem_complex,tram,1,synthetic_gps
2026-05-29 18:22:30,45.7313371,21.265119,19.7,aem_complex,tram,1,synthetic_gps
2026-05-29 18:22:31,45.7314021,21.265138,21.93,aem_complex,tram,1,synthetic_gps
2026-05-29 18:22:32,45.73144,21.2650558,25.29,aem_complex,tram,1,synthetic_gps
2026-05-29 18:22:33,45.7313213,21.2650948,17.29,aem_complex,tram,1,synthetic_gps
2026-05-29 18:22:34,45.7313364,21.2650333,15.33,aem_complex,tram,1,synthetic_gps
2026-05-29 18:22:35,45.7313831,21.2650507,7.33,aem_complex,tram,1,synthetic_gps
2026-05-29 18:22:36,45.7314491,21.2651375,14.89,aem_complex,tram,1,synthetic_gps
2026-05-29 18:22:37,45.7314844,21.2650411,18.8,aem_complex,tram,1,synthetic_gps
2026-05-29 18:22:38,45.7314951,21.2650092,26.8,aem_complex,tram,1,synthetic_gps
2026-05-29 18:22:39,45.7314515,21.2650454,22.56,aem_complex,tram,1,synthetic_gps
2026-05-29 18:22:40,45.7314898,21.2650325,14.56,aem_complex,tram,1,synthetic_gps
2026-05-29 18:22:41,45.7314875,21.2650341,14.68,aem_complex,tram,1,synthetic_gps
2026-05-29 18:22:42,45.7315442,21.2651071,21.16,aem_complex,tram,1,synthetic_gps
2026-05-29 18:22:43,45.7313514,21.2650529,13.16,aem_complex,tram,1,synthetic_gps
2026-05-29 18:22:44,45.7316143,21.2649859,13.96,aem_complex,tram,1,synthetic_gps
2026-05-29 18:22:45,45.731538,21.2649874,5.96,aem_complex,tram,1,synthetic_gps
2026-05-29 18:22:46,45.7315149,21.2649637,13.96,aem_complex,tram,1,synthetic_gps
2026-05-29 18:22:47,45.7315602,21.2649638,21.51,aem_complex,tram,1,synthetic_gps
2026-05-29 18:22:48,45.7315459,21.2650025,13.51,aem_complex,tram,1,synthetic_gps
2026-05-29 18:22:49,45.7316026,21.264992,21.51,aem_complex,tram,1,synthetic_gps
2026-05-29 18:22:50,45.731538,21.2650519,13.51,aem_complex,tram,1,synthetic_gps
2026-05-29 18:22:51,45.7316164,21.2650266,21.51,aem_complex,tram,1,synthetic_gps
2026-05-29 18:22:52,45.731578,21.2648896,24.08,aem_complex,tram,1,synthetic_gps
2026-05-29 18:22:53,45.7315472,21.2649656,18.32,aem_complex,tram,1,synthetic_gps
2026-05-29 18:22:54,45.7316142,21.2648987,26.32,aem_complex,tram,1,synthetic_gps
2026-05-29 18:22:55,45.7315471,21.2648561,18.32,aem_complex,tram,1,synthetic_gps
2026-05-29 18:22:56,45.7317451,21.2649427,12.65,aem_complex,tram,1,synthetic_gps
2026-05-29 18:22:57,45.7316078,21.2648307,11.99,aem_complex,tram,1,synthetic_gps
2026-05-29 18:22:58,45.7316966,21.2648991,19.99,aem_complex,tram,1,synthetic_gps
2026-05-29 18:22:59,45.7315995,21.2648209,20.04,aem_complex,tram,1,synthetic_gps
2026-05-29 18:23:00,45.7316053,21.2649104,26.8,aem_complex,tram,1,synthetic_gps
2026-05-29 18:23:01,45.7316477,21.264906,18.8,aem_complex,tram,1,synthetic_gps
2026-05-29 18:23:02,45.7316328,21.264821,20.63,aem_complex,tram,1,synthetic_gps
2026-05-29 18:23:03,45.7316273,21.2648302,18.43,aem_complex,tram,1,synthetic_gps
2026-05-29 18:23:04,45.7317029,21.2647701,26.43,aem_complex,tram,1,synthetic_gps
2026-05-29 18:23:05,45.7316379,21.2648713,18.43,aem_complex,tram,1,synthetic_gps
2026-05-29 18:23:06,45.7317284,21.2648473,10.43,aem_complex,tram,1,synthetic_gps
2026-05-29 18:23:07,45.7317621,21.2647415,18.43,aem_complex,tram,1,synthetic_gps
2026-05-29 18:23:08,45.731756,21.2647996,22.22,aem_complex,tram,1,synthetic_gps
2026-05-29 18:23:09,45.7317209,21.2647009,15.91,aem_complex,tram,1,synthetic_gps
2026-05-29 18:23:10,45.7317384,21.2647167,16.19,aem_complex,tram,1,synthetic_gps
2026-05-29 18:23:11,45.731698,21.2646929,17.32,aem_complex,tram,1,synthetic_gps
2026-05-29 18:23:12,45.7317837,21.2646946,16.14,aem_complex,tram,1,synthetic_gps
2026-05-29 18:23:13,45.7317661,21.2647457,10.82,aem_complex,tram,1,synthetic_gps
2026-05-29 18:23:14,45.7317514,21.264782,18.82,aem_complex,tram,1,synthetic_gps
2026-05-29 18:23:15,45.7317263,21.2647207,18.72,aem_complex,tram,1,synthetic_gps
2026-05-29 18:23:16,45.7317674,21.2646894,19.28,aem_complex,tram,1,synthetic_gps
2026-05-29 18:23:17,45.7318549,21.26469,24.41,aem_complex,tram,1,synthetic_gps
2026-05-29 18:23:18,45.7317859,21.2647411,21.64,aem_complex,tram,1,synthetic_gps
2026-05-29 18:23:19,45.7317555,21.2647046,13.64,aem_complex,tram,1,synthetic_gps
2026-05-29 18:23:20,45.7318467,21.2647456,15.59,aem_complex,tram,1,synthetic_gps
2026-05-29 18:23:21,45.7317935,21.2646283,23.59,aem_complex,tram,1,synthetic_gps
2026-05-29 18:23:22,45.7317999,21.2646625,29.16,aem_complex,tram,1,synthetic_gps
2026-05-29 18:23:23,45.7318983,21.2646834,21.16,aem_complex,tram,1,synthetic_gps
2026-05-29 18:23:24,45.73181,21.2646686,23.27,aem_complex,tram,1,synthetic_gps
2026-05-29 18:23:25,45.7318757,21.2647149,31.27,aem_complex,tram,1,synthetic_gps
2026-05-29 18:23:26,45.7318837,21.2646416,23.27,aem_complex,tram,1,synthetic_gps
2026-05-29 18:23:27,45.7319483,21.2646042,24.85,aem_complex,tram,1,synthetic_gps
2026-05-29 18:23:28,45.7319374,21.2646058,16.85,aem_complex,tram,1,synthetic_gps
2026-05-29 18:23:29,45.7318931,21.2645357,16.53,aem_complex,tram,1,synthetic_gps
2026-05-29 18:23:30,45.7318349,21.2645892,20.37,aem_complex,tram,1,synthetic_gps
2026-05-29 18:23:31,45.7319298,21.2645428,12.37,aem_complex,tram,1,synthetic_gps
2026-05-29 18:23:32,45.7318889,21.2646051,16.3,aem_complex,tram,1,synthetic_gps
2026-05-29 18:23:33,45.7318931,21.2645468,22.03,aem_complex,tram,1,synthetic_gps
2026-05-29 18:23:34,45.7320394,21.2645732,22.56,aem_complex,tram,1,synthetic_gps
2026-05-29 18:23:35,45.7319575,21.264516,14.56,aem_complex,tram,1,synthetic_gps
2026-05-29 18:23:36,45.7319808,21.2644448,6.56,aem_complex,tram,1,synthetic_gps
2026-05-29 18:23:37,45.731963,21.2645067,0.0,aem_complex,tram,1,synthetic_gps
2026-05-29 18:23:38,45.73198,21.2644735,8.0,aem_complex,tram,1,synthetic_gps
2026-05-29 18:23:39,45.73206,21.2645016,16.0,aem_complex,tram,1,synthetic_gps
2026-05-29 18:23:40,45.732081,21.264543,17.08,aem_complex,tram,1,synthetic_gps
2026-05-29 18:23:41,45.7320408,21.2644325,9.08,aem_complex,tram,1,synthetic_gps
2026-05-29 18:23:42,45.7320231,21.2644677,15.67,aem_complex,tram,1,synthetic_gps
2026-05-29 18:23:43,45.732039,21.2644046,9.1,aem_complex,tram,1,synthetic_gps
2026-05-29 18:23:44,45.7320018,21.264368,17.1,aem_complex,tram,1,synthetic_gps
2026-05-29 18:23:45,45.7319982,21.2644907,20.9,aem_complex,tram,1,synthetic_gps
2026-05-29 18:23:46,45.7320943,21.264415,21.45,aem_complex,tram,1,synthetic_gps
2026-05-29 18:23:47,45.7320946,21.2644359,16.36,aem_complex,tram,1,synthetic_gps
2026-05-29 18:23:48,45.7321306,21.2644098,24.36,aem_complex,tram,1,synthetic_gps
2026-05-29 18:23:49,45.7321836,21.2643209,25.49,aem_complex,tram,1,synthetic_gps
2026-05-29 18:23:50,45.7321523,21.2643593,24.96,aem_complex,tram,1,synthetic_gps
2026-05-29 18:23:51,45.7321743,21.264343,30.66,aem_complex,tram,1,synthetic_gps
2026-05-29 18:23:52,45.7321127,21.2643782,22.66,aem_complex,tram,1,synthetic_gps
2026-05-29 18:23:53,45.7321019,21.2643287,14.66,aem_complex,tram,1,synthetic_gps
2026-05-29 18:23:54,45.732182,21.2644,18.74,aem_complex,tram,1,synthetic_gps
2026-05-29 18:23:55,45.7322324,21.2643154,25.09,aem_complex,tram,1,synthetic_gps
2026-05-29 18:23:56,45.732214,21.2643112,24.48,aem_complex,tram,1,synthetic_gps
2026-05-29 18:23:57,45.7323188,21.2643056,19.93,aem_complex,tram,1,synthetic_gps
2026-05-29 18:23:58,45.7323231,21.2642838,18.57,aem_complex,tram,1,synthetic_gps
2026-05-29 18:23:59,45.7321854,21.2642412,19.33,aem_complex,tram,1,synthetic_gps
2026-05-29 18:24:00,45.7323249,21.2642909,11.33,aem_complex,tram,1,synthetic_gps
2026-05-29 18:24:01,45.7322366,21.26428,3.33,aem_complex,tram,1,synthetic_gps
2026-05-29 18:24:02,45.7323915,21.264245,1.81,aem_complex,tram,1,synthetic_gps
2026-05-29 18:24:03,45.7323455,21.2641877,0.53,aem_complex,tram,1,synthetic_gps
2026-05-29 18:24:04,45.7323206,21.2642058,2.48,aem_complex,tram,1,synthetic_gps
2026-05-29 18:24:05,45.7322877,21.2641987,1.77,aem_complex,tram,1,synthetic_gps
2026-05-29 18:24:06,45.7324064,21.2641323,1.58,aem_complex,tram,1,synthetic_gps
2026-05-29 18:24:07,45.7322836,21.2642011,2.01,aem_complex,tram,1,synthetic_gps
2026-05-29 18:24:08,45.7323511,21.264185,1.22,aem_complex,tram,1,synthetic_gps
2026-05-29 18:24:09,45.732303,21.264105,1.66,aem_complex,tram,1,synthetic_gps
2026-05-29 18:24:10,45.7323351,21.2641204,1.99,aem_complex,tram,1,synthetic_gps
2026-05-29 18:24:11,45.7324343,21.264128,0.0,aem_complex,tram,1,synthetic_gps
2026-05-29 18:24:12,45.7324116,21.2641602,0.21,aem_complex,tram,1,synthetic_gps
2026-05-29 18:24:13,45.7324108,21.2641124,1.59,aem_complex,tram,1,synthetic_gps
2026-05-29 18:24:14,45.7324563,21.2641986,1.94,aem_complex,tram,1,synthetic_gps
2026-05-29 18:24:15,45.7325016,21.2640468,0.44,aem_complex,tram,1,synthetic_gps
2026-05-29 18:24:16,45.7324497,21.2641009,0.73,aem_complex,tram,1,synthetic_gps
2026-05-29 18:24:17,45.732437,21.2640242,1.7,aem_complex,tram,1,synthetic_gps
2026-05-29 18:24:18,45.7324395,21.2641021,9.7,aem_complex,tram,1,synthetic_gps
2026-05-29 18:24:19,45.7325247,21.2640834,17.7,aem_complex,tram,1,synthetic_gps
2026-05-29 18:24:20,45.732509,21.2640846,25.7,aem_complex,tram,1,synthetic_gps
2026-05-29 18:24:21,45.7325403,21.2639834,24.82,aem_complex,tram,1,synthetic_gps
2026-05-29 18:24:22,45.7325619,21.2641006,17.37,aem_complex,tram,1,synthetic_gps
2026-05-29 18:24:23,45.7325664,21.2639652,20.51,aem_complex,tram,1,synthetic_gps
2026-05-29 18:24:24,45.7326207,21.263931,22.12,aem_complex,tram,1,synthetic_gps
2026-05-29 18:24:25,45.7325918,21.263973,18.03,aem_complex,tram,1,synthetic_gps
2026-05-29 18:24:26,45.7326355,21.2639726,17.62,aem_complex,tram,1,synthetic_gps
2026-05-29 18:24:27,45.7325973,21.2640341,20.94,aem_complex,tram,1,synthetic_gps
2026-05-29 18:24:28,45.7326019,21.2638667,19.67,aem_complex,tram,1,synthetic_gps
2026-05-29 18:24:29,45.7327061,21.2639359,15.42,aem_complex,tram,1,synthetic_gps
2026-05-29 18:24:30,45.7325437,21.2639985,23.42,aem_complex,tram,1,synthetic_gps
2026-05-29 18:24:31,45.7326232,21.2638559,20.28,aem_complex,tram,1,synthetic_gps
2026-05-29 18:24:32,45.7327322,21.2638097,12.28,aem_complex,tram,1,synthetic_gps
2026-05-29 18:24:33,45.7326151,21.2638404,9.57,aem_complex,tram,1,synthetic_gps
2026-05-29 18:24:34,45.7326524,21.2638922,3.99,aem_complex,tram,1,synthetic_gps
2026-05-29 18:24:35,45.7326932,21.2638774,11.99,aem_complex,tram,1,synthetic_gps
2026-05-29 18:24:36,45.7327926,21.2638294,19.99,aem_complex,tram,1,synthetic_gps
2026-05-29 18:24:37,45.7328219,21.2639011,11.99,aem_complex,tram,1,synthetic_gps
2026-05-29 18:24:38,45.7328039,21.2637685,11.08,aem_complex,tram,1,synthetic_gps
2026-05-29 18:24:39,45.7328386,21.263777,15.9,aem_complex,tram,1,synthetic_gps
2026-05-29 18:24:40,45.7328088,21.2638064,16.61,aem_complex,tram,1,synthetic_gps
2026-05-29 18:24:41,45.7327779,21.2638673,19.78,aem_complex,tram,1,synthetic_gps
2026-05-29 18:24:42,45.7328232,21.2636857,17.99,aem_complex,tram,1,synthetic_gps
2026-05-29 18:24:43,45.7328789,21.2637335,20.55,aem_complex,tram,1,synthetic_gps
2026-05-29 18:24:44,45.7328521,21.2637613,12.55,aem_complex,tram,1,synthetic_gps
2026-05-29 18:24:45,45.7329185,21.2636695,20.55,aem_complex,tram,1,synthetic_gps
2026-05-29 18:24:46,45.7329168,21.2637834,28.55,aem_complex,tram,1,synthetic_gps
2026-05-29 18:24:47,45.7329816,21.2636422,26.71,aem_complex,tram,1,synthetic_gps
2026-05-29 18:24:48,45.7328864,21.2636497,26.6,aem_complex,tram,1,synthetic_gps
2026-05-29 18:24:49,45.7329019,21.2636821,18.6,aem_complex,tram,1,synthetic_gps
2026-05-29 18:24:50,45.7329445,21.2636415,26.6,aem_complex,tram,1,synthetic_gps
2026-05-29 18:24:51,45.7329278,21.2636705,18.6,aem_complex,tram,1,synthetic_gps
2026-05-29 18:24:52,45.7329802,21.2636464,15.22,aem_complex,tram,1,synthetic_gps
2026-05-29 18:24:53,45.7330104,21.2636676,23.22,aem_complex,tram,1,synthetic_gps
2026-05-29 18:24:54,45.7330038,21.2636744,25.7,aem_complex,tram,1,synthetic_gps
2026-05-29 18:24:55,45.7330385,21.2635879,22.94,aem_complex,tram,1,synthetic_gps
2026-05-29 18:24:56,45.7330059,21.2636803,25.23,aem_complex,tram,1,synthetic_gps
2026-05-29 18:24:57,45.7330041,21.2636038,29.58,aem_complex,tram,1,synthetic_gps
2026-05-29 18:24:58,45.7330718,21.2635518,21.58,aem_complex,tram,1,synthetic_gps
2026-05-29 18:24:59,45.7329935,21.2635469,13.58,aem_complex,tram,1,synthetic_gps
2026-05-29 18:25:00,45.7330497,21.2635182,20.5,aem_complex,tram,1,synthetic_gps
2026-05-29 18:25:01,45.732963,21.2634855,12.5,aem_complex,tram,1,synthetic_gps
2026-05-29 18:25:02,45.7331182,21.2635696,14.47,aem_complex,tram,1,synthetic_gps
2026-05-29 18:25:03,45.7331742,21.2634718,21.86,aem_complex,tram,1,synthetic_gps
2026-05-29 18:25:04,45.733174,21.2635069,28.78,aem_complex,tram,1,synthetic_gps
2026-05-29 18:25:05,45.7331048,21.2634552,20.78,aem_complex,tram,1,synthetic_gps
2026-05-29 18:25:06,45.7331668,21.2635713,23.28,aem_complex,tram,1,synthetic_gps
2026-05-29 18:25:07,45.7330769,21.2634369,15.28,aem_complex,tram,1,synthetic_gps
2026-05-29 18:25:08,45.7331121,21.2635385,22.0,aem_complex,tram,1,synthetic_gps
2026-05-29 18:25:09,45.7331793,21.2634791,28.46,aem_complex,tram,1,synthetic_gps
2026-05-29 18:25:10,45.7331542,21.2634534,20.46,aem_complex,tram,1,synthetic_gps
2026-05-29 18:25:11,45.7331532,21.2634136,12.46,aem_complex,tram,1,synthetic_gps
2026-05-29 18:25:12,45.7333051,21.2632839,20.46,aem_complex,tram,1,synthetic_gps
2026-05-29 18:25:13,45.7332572,21.263301,12.46,aem_complex,tram,1,synthetic_gps
2026-05-29 18:25:14,45.733181,21.2633466,4.46,aem_complex,tram,1,synthetic_gps
2026-05-29 18:25:15,45.7331824,21.2634426,12.46,aem_complex,tram,1,synthetic_gps
2026-05-29 18:25:16,45.7332519,21.2633947,20.46,aem_complex,tram,1,synthetic_gps
2026-05-29 18:25:17,45.733194,21.2633863,23.83,aem_complex,tram,1,synthetic_gps
2026-05-29 18:25:18,45.7333022,21.2633659,17.77,aem_complex,tram,1,synthetic_gps
2026-05-29 18:25:19,45.7332606,21.2633325,18.12,aem_complex,tram,1,synthetic_gps
2026-05-29 18:25:20,45.7333254,21.2633072,16.18,aem_complex,tram,1,synthetic_gps
2026-05-29 18:25:21,45.7332643,21.2632628,10.4,aem_complex,tram,1,synthetic_gps
2026-05-29 18:25:22,45.7333446,21.2632963,15.19,aem_complex,tram,1,synthetic_gps
2026-05-29 18:25:23,45.7333934,21.2632661,18.44,aem_complex,tram,1,synthetic_gps
2026-05-29 18:25:24,45.7333771,21.2633552,20.46,aem_complex,tram,1,synthetic_gps
2026-05-29 18:25:25,45.7333364,21.2632264,13.62,aem_complex,tram,1,synthetic_gps
2026-05-29 18:25:26,45.7333489,21.263224,21.62,aem_complex,tram,1,synthetic_gps
2026-05-29 18:25:27,45.7334148,21.2633016,29.52,aem_complex,tram,1,synthetic_gps
2026-05-29 18:25:28,45.7333794,21.2632224,21.52,aem_complex,tram,1,synthetic_gps
2026-05-29 18:25:29,45.7334884,21.2632119,16.82,aem_complex,tram,1,synthetic_gps
2026-05-29 18:25:30,45.7334854,21.2631322,20.89,aem_complex,tram,1,synthetic_gps
2026-05-29 18:25:31,45.733358,21.2631649,12.89,aem_complex,tram,1,synthetic_gps
2026-05-29 18:25:32,45.7335249,21.2631571,13.5,aem_complex,tram,1,synthetic_gps
2026-05-29 18:25:33,45.7335546,21.2631801,14.63,aem_complex,tram,1,synthetic_gps
2026-05-29 18:25:34,45.7334377,21.2631168,17.02,aem_complex,tram,1,synthetic_gps
2026-05-29 18:25:35,45.7335042,21.2631124,23.1,aem_complex,tram,1,synthetic_gps
2026-05-29 18:25:36,45.7334803,21.2631889,15.1,aem_complex,tram,1,synthetic_gps
2026-05-29 18:25:37,45.7335318,21.2631306,16.56,aem_complex,tram,1,synthetic_gps
2026-05-29 18:25:38,45.7335159,21.2631397,8.56,aem_complex,tram,1,synthetic_gps
2026-05-29 18:25:39,45.7335606,21.2630975,16.56,aem_complex,tram,1,synthetic_gps
2026-05-29 18:25:40,45.7335423,21.2631214,24.56,aem_complex,tram,1,synthetic_gps
2026-05-29 18:25:41,45.7335779,21.2630627,16.56,aem_complex,tram,1,synthetic_gps
2026-05-29 18:25:42,45.7335858,21.2630605,21.07,aem_complex,tram,1,synthetic_gps
2026-05-29 18:25:43,45.7336693,21.2631301,24.92,aem_complex,tram,1,synthetic_gps
2026-05-29 18:25:44,45.7336293,21.2630454,21.53,aem_complex,tram,1,synthetic_gps
2026-05-29 18:25:45,45.7337697,21.2630329,26.97,aem_complex,tram,1,synthetic_gps
2026-05-29 18:25:46,45.7336295,21.2630067,31.61,aem_complex,tram,1,synthetic_gps
2026-05-29 18:25:47,45.7335501,21.2630041,23.61,aem_complex,tram,1,synthetic_gps
2026-05-29 18:25:48,45.7337258,21.2629457,23.24,aem_complex,tram,1,synthetic_gps
2026-05-29 18:25:49,45.7337394,21.2629755,18.97,aem_complex,tram,1,synthetic_gps
2026-05-29 18:25:50,45.7337287,21.2629122,12.61,aem_complex,tram,1,synthetic_gps
2026-05-29 18:25:51,45.7336924,21.2629915,20.61,aem_complex,tram,1,synthetic_gps
2026-05-29 18:25:52,45.7337039,21.2630094,18.84,aem_complex,tram,1,synthetic_gps
2026-05-29 18:25:53,45.7337773,21.2628603,12.79,aem_complex,tram,1,synthetic_gps
2026-05-29 18:25:54,45.7337233,21.2629042,4.79,aem_complex,tram,1,synthetic_gps
2026-05-29 18:25:55,45.7337197,21.2628229,12.79,aem_complex,tram,1,synthetic_gps
2026-05-29 18:25:56,45.733708,21.2628695,20.04,aem_complex,tram,1,synthetic_gps
2026-05-29 18:25:57,45.7338636,21.2629361,28.04,aem_complex,tram,1,synthetic_gps
2026-05-29 18:25:58,45.7338458,21.2628643,20.04,aem_complex,tram,1,synthetic_gps
2026-05-29 18:25:59,45.733815,21.262906,12.04,aem_complex,tram,1,synthetic_gps
2026-05-29 18:26:00,45.7338312,21.2628572,19.85,aem_complex,tram,1,synthetic_gps
2026-05-29 18:26:01,45.7338381,21.2628228,14.41,aem_complex,tram,1,synthetic_gps
2026-05-29 18:26:02,45.7339882,21.2628059,21.86,aem_complex,tram,1,synthetic_gps
2026-05-29 18:26:03,45.7338404,21.262878,15.57,aem_complex,tram,1,synthetic_gps
2026-05-29 18:26:04,45.7338797,21.2628455,18.35,aem_complex,tram,1,synthetic_gps
2026-05-29 18:26:05,45.7339105,21.2628078,22.45,aem_complex,tram,1,synthetic_gps
2026-05-29 18:26:06,45.7339832,21.2627278,14.45,aem_complex,tram,1,synthetic_gps
2026-05-29 18:26:07,45.7339302,21.2627796,12.27,aem_complex,tram,1,synthetic_gps
2026-05-29 18:26:08,45.7339993,21.2626925,17.38,aem_complex,tram,1,synthetic_gps
2026-05-29 18:26:09,45.7339714,21.2627728,25.38,aem_complex,tram,1,synthetic_gps
2026-05-29 18:26:10,45.7339371,21.2627434,22.89,aem_complex,tram,1,synthetic_gps
2026-05-29 18:26:11,45.7340267,21.2627504,14.89,aem_complex,tram,1,synthetic_gps
2026-05-29 18:26:12,45.7340554,21.2627453,20.35,aem_complex,tram,1,synthetic_gps
2026-05-29 18:26:13,45.7340604,21.262705,16.04,aem_complex,tram,1,synthetic_gps
2026-05-29 18:26:14,45.7340716,21.2626095,17.05,aem_complex,tram,1,synthetic_gps
2026-05-29 18:26:15,45.7340997,21.2627382,25.05,aem_complex,tram,1,synthetic_gps
2026-05-29 18:26:16,45.7340809,21.2626724,17.65,aem_complex,tram,1,synthetic_gps
2026-05-29 18:26:17,45.7339845,21.2626295,25.65,aem_complex,tram,1,synthetic_gps
2026-05-29 18:26:18,45.734127,21.2626798,17.65,aem_complex,tram,1,synthetic_gps
2026-05-29 18:26:19,45.7341228,21.2625727,25.65,aem_complex,tram,1,synthetic_gps
2026-05-29 18:26:20,45.7340732,21.2626345,28.45,aem_complex,tram,1,synthetic_gps
2026-05-29 18:26:21,45.7341445,21.2625146,20.45,aem_complex,tram,1,synthetic_gps
2026-05-29 18:26:22,45.7342351,21.2625723,12.45,aem_complex,tram,1,synthetic_gps
2026-05-29 18:26:23,45.7340815,21.2625939,16.26,aem_complex,tram,1,synthetic_gps
2026-05-29 18:26:24,45.7341515,21.2625702,9.59,aem_complex,tram,1,synthetic_gps
2026-05-29 18:26:25,45.7341215,21.2625674,17.59,aem_complex,tram,1,synthetic_gps
2026-05-29 18:26:26,45.7341684,21.2625336,20.38,aem_complex,tram,1,synthetic_gps
2026-05-29 18:26:27,45.7342397,21.2625077,17.11,aem_complex,tram,1,synthetic_gps
2026-05-29 18:26:28,45.7341988,21.2625343,9.11,aem_complex,tram,1,synthetic_gps
2026-05-29 18:26:29,45.7341864,21.2624749,9.28,aem_complex,tram,1,synthetic_gps
2026-05-29 18:26:30,45.7343011,21.2625638,17.28,aem_complex,tram,1,synthetic_gps
2026-05-29 18:26:31,45.7342874,21.2623757,21.38,aem_complex,tram,1,synthetic_gps
2026-05-29 18:26:32,45.7343461,21.2624711,23.09,aem_complex,tram,1,synthetic_gps
2026-05-29 18:26:33,45.7342069,21.2624381,15.09,aem_complex,tram,1,synthetic_gps
2026-05-29 18:26:34,45.7343042,21.2624865,15.92,aem_complex,tram,1,synthetic_gps
2026-05-29 18:26:35,45.7343257,21.2624979,23.92,aem_complex,tram,1,synthetic_gps
2026-05-29 18:26:36,45.7343573,21.2624453,21.84,aem_complex,tram,1,synthetic_gps
2026-05-29 18:26:37,45.7343573,21.2624214,25.01,aem_complex,tram,1,synthetic_gps
2026-05-29 18:26:38,45.7343747,21.2624604,27.33,aem_complex,tram,1,synthetic_gps
2026-05-29 18:26:39,45.7343042,21.2623215,21.66,aem_complex,tram,1,synthetic_gps
2026-05-29 18:26:40,45.7344543,21.2623689,18.29,aem_complex,tram,1,synthetic_gps
2026-05-29 18:26:41,45.7343023,21.2623341,12.02,aem_complex,tram,1,synthetic_gps
2026-05-29 18:26:42,45.7344719,21.2622872,18.68,aem_complex,tram,1,synthetic_gps
2026-05-29 18:26:43,45.7343897,21.2623321,26.68,aem_complex,tram,1,synthetic_gps
2026-05-29 18:26:44,45.7344349,21.2623577,18.68,aem_complex,tram,1,synthetic_gps
2026-05-29 18:26:45,45.7344433,21.2622943,17.2,aem_complex,tram,1,synthetic_gps
2026-05-29 18:26:46,45.7344392,21.2623093,25.2,aem_complex,tram,1,synthetic_gps
2026-05-29 18:26:47,45.7344874,21.2623384,17.2,aem_complex,tram,1,synthetic_gps
2026-05-29 18:26:48,45.7344904,21.2623449,20.24,aem_complex,tram,1,synthetic_gps
2026-05-29 18:26:49,45.7344641,21.2622512,15.61,aem_complex,tram,1,synthetic_gps
2026-05-29 18:26:50,45.7345998,21.2622417,23.61,aem_complex,tram,1,synthetic_gps
2026-05-29 18:26:51,45.7345154,21.262267,15.61,aem_complex,tram,1,synthetic_gps
2026-05-29 18:26:52,45.7344547,21.2622391,9.77,aem_complex,tram,1,synthetic_gps
2026-05-29 18:26:53,45.7345028,21.2621993,17.77,aem_complex,tram,1,synthetic_gps
2026-05-29 18:26:54,45.7345619,21.262237,19.18,aem_complex,tram,1,synthetic_gps
2026-05-29 18:26:55,45.7345653,21.2622219,27.18,aem_complex,tram,1,synthetic_gps
2026-05-29 18:26:56,45.7345685,21.2622303,19.18,aem_complex,tram,1,synthetic_gps
2026-05-29 18:26:57,45.7345161,21.2622238,18.76,aem_complex,tram,1,synthetic_gps
2026-05-29 18:26:58,45.7346247,21.2621903,13.28,aem_complex,tram,1,synthetic_gps
2026-05-29 18:26:59,45.7345607,21.2620959,20.09,aem_complex,tram,1,synthetic_gps
2026-05-29 18:27:00,45.7346538,21.2621798,12.09,aem_complex,tram,1,synthetic_gps
2026-05-29 18:27:01,45.7346789,21.2621282,4.09,aem_complex,tram,1,synthetic_gps
2026-05-29 18:27:02,45.7346187,21.2621178,1.15,aem_complex,tram,1,synthetic_gps
2026-05-29 18:27:03,45.734755,21.2619632,0.96,aem_complex,tram,1,synthetic_gps
2026-05-29 18:27:04,45.7346955,21.2620846,0.37,aem_complex,tram,1,synthetic_gps
2026-05-29 18:27:05,45.7347232,21.2621422,0.35,aem_complex,tram,1,synthetic_gps
2026-05-29 18:27:06,45.7347644,21.2621224,1.1,aem_complex,tram,1,synthetic_gps
2026-05-29 18:27:07,45.7347391,21.2619819,0.77,aem_complex,tram,1,synthetic_gps
2026-05-29 18:27:08,45.7348225,21.2620412,0.5,aem_complex,tram,1,synthetic_gps
2026-05-29 18:27:09,45.7347616,21.2621518,1.27,aem_complex,tram,1,synthetic_gps
2026-05-29 18:27:10,45.7348669,21.2619937,1.16,aem_complex,tram,1,synthetic_gps
2026-05-29 18:27:11,45.7347599,21.261956,0.95,aem_complex,tram,1,synthetic_gps
2026-05-29 18:27:12,45.7348226,21.2620583,0.8,aem_complex,tram,1,synthetic_gps
2026-05-29 18:27:13,45.7347782,21.2620538,0.66,aem_complex,tram,1,synthetic_gps
2026-05-29 18:27:14,45.734869,21.2620219,0.73,aem_complex,tram,1,synthetic_gps
2026-05-29 18:27:15,45.7348464,21.26194,1.51,aem_complex,tram,1,synthetic_gps
2026-05-29 18:27:16,45.7348654,21.2618869,1.2,aem_complex,tram,1,synthetic_gps
2026-05-29 18:27:17,45.7348176,21.2620005,0.08,aem_complex,tram,1,synthetic_gps
2026-05-29 18:27:18,45.7348588,21.2619724,8.08,aem_complex,tram,1,synthetic_gps
2026-05-29 18:27:19,45.7349889,21.2619994,6.93,aem_complex,tram,1,synthetic_gps
2026-05-29 18:27:20,45.7349144,21.2619276,13.69,aem_complex,tram,1,synthetic_gps
2026-05-29 18:27:21,45.7349664,21.2618661,16.44,aem_complex,tram,1,synthetic_gps
2026-05-29 18:27:22,45.7349625,21.261882,19.59,aem_complex,tram,1,synthetic_gps
2026-05-29 18:27:23,45.734933,21.2618554,21.33,aem_complex,tram,1,synthetic_gps
2026-05-29 18:27:24,45.7349393,21.2618667,13.33,aem_complex,tram,1,synthetic_gps
2026-05-29 18:27:25,45.7349865,21.2618038,15.36,aem_complex,tram,1,synthetic_gps
2026-05-29 18:27:26,45.735003,21.2618378,23.36,aem_complex,tram,1,synthetic_gps
2026-05-29 18:27:27,45.7349987,21.2618024,25.23,aem_complex,tram,1,synthetic_gps
2026-05-29 18:27:28,45.7349998,21.2619145,17.23,aem_complex,tram,1,synthetic_gps
2026-05-29 18:27:29,45.735055,21.261797,25.23,aem_complex,tram,1,synthetic_gps
2026-05-29 18:27:30,45.7349812,21.261688,17.23,aem_complex,tram,1,synthetic_gps
2026-05-29 18:27:31,45.7350394,21.261755,16.48,aem_complex,tram,1,synthetic_gps
2026-05-29 18:27:32,45.7350398,21.2617201,24.48,aem_complex,tram,1,synthetic_gps
2026-05-29 18:27:33,45.7351531,21.2617352,26.66,aem_complex,tram,1,synthetic_gps
2026-05-29 18:27:34,45.735102,21.2618065,18.66,aem_complex,tram,1,synthetic_gps
2026-05-29 18:27:35,45.7350896,21.2617213,10.88,aem_complex,tram,1,synthetic_gps
2026-05-29 18:27:36,45.7351116,21.261685,6.04,aem_complex,tram,1,synthetic_gps
2026-05-29 18:27:37,45.7351331,21.2617492,14.04,aem_complex,tram,1,synthetic_gps
2026-05-29 18:27:38,45.7351982,21.2617575,22.04,aem_complex,tram,1,synthetic_gps
2026-05-29 18:27:39,45.7351987,21.2616649,19.57,aem_complex,tram,1,synthetic_gps
2026-05-29 18:27:40,45.7351357,21.2616062,11.57,aem_complex,tram,1,synthetic_gps
2026-05-29 18:27:41,45.7351261,21.2616103,14.43,aem_complex,tram,1,synthetic_gps
2026-05-29 18:27:42,45.7351935,21.261646,22.43,aem_complex,tram,1,synthetic_gps
2026-05-29 18:27:43,45.7352209,21.2616251,14.43,aem_complex,tram,1,synthetic_gps
2026-05-29 18:27:44,45.7351785,21.2616442,15.12,aem_complex,tram,1,synthetic_gps
2026-05-29 18:27:45,45.7351927,21.2616626,20.99,aem_complex,tram,1,synthetic_gps
2026-05-29 18:27:46,45.7352251,21.2615977,21.28,aem_complex,tram,1,synthetic_gps
2026-05-29 18:27:47,45.7352994,21.2615913,13.28,aem_complex,tram,1,synthetic_gps
2026-05-29 18:27:48,45.7352314,21.2615818,21.28,aem_complex,tram,1,synthetic_gps
2026-05-29 18:27:49,45.73526,21.2614756,20.97,aem_complex,tram,1,synthetic_gps
2026-05-29 18:27:50,45.7351994,21.2615414,27.04,aem_complex,tram,1,synthetic_gps
2026-05-29 18:27:51,45.7353017,21.2615713,19.04,aem_complex,tram,1,synthetic_gps
2026-05-29 18:27:52,45.7353918,21.261654,22.85,aem_complex,tram,1,synthetic_gps
2026-05-29 18:27:53,45.7353336,21.2616106,30.36,aem_complex,tram,1,synthetic_gps
2026-05-29 18:27:54,45.7353595,21.2614388,32.62,aem_complex,tram,1,synthetic_gps
2026-05-29 18:27:55,45.7354414,21.2614975,24.62,aem_complex,tram,1,synthetic_gps
2026-05-29 18:27:56,45.7353506,21.2615064,22.9,aem_complex,tram,1,synthetic_gps
2026-05-29 18:27:57,45.7354602,21.2615132,19.56,aem_complex,tram,1,synthetic_gps
2026-05-29 18:27:58,45.735394,21.2614097,11.84,aem_complex,tram,1,synthetic_gps
2026-05-29 18:27:59,45.735409,21.2614145,17.44,aem_complex,tram,1,synthetic_gps
2026-05-29 18:28:00,45.7354561,21.261456,15.52,aem_complex,tram,1,synthetic_gps
2026-05-29 18:28:01,45.7354364,21.2613614,7.52,aem_complex,tram,1,synthetic_gps
2026-05-29 18:28:02,45.7354329,21.2614424,11.77,aem_complex,tram,1,synthetic_gps
2026-05-29 18:28:03,45.7355176,21.2614397,5.14,aem_complex,tram,1,synthetic_gps
2026-05-29 18:28:04,45.7354546,21.2613719,13.14,aem_complex,tram,1,synthetic_gps
2026-05-29 18:28:05,45.7354071,21.2613124,16.91,aem_complex,tram,1,synthetic_gps
2026-05-29 18:28:06,45.7354559,21.2613595,23.26,aem_complex,tram,1,synthetic_gps
2026-05-29 18:28:07,45.7354496,21.2613679,31.26,aem_complex,tram,1,synthetic_gps
2026-05-29 18:28:08,45.7355761,21.2613681,33.73,aem_complex,tram,1,synthetic_gps
2026-05-29 18:28:09,45.7356043,21.2613542,25.73,aem_complex,tram,1,synthetic_gps
2026-05-29 18:28:10,45.7355259,21.2613193,26.03,aem_complex,tram,1,synthetic_gps
2026-05-29 18:28:11,45.7355218,21.2613413,22.3,aem_complex,tram,1,synthetic_gps
2026-05-29 18:28:12,45.73556,21.2613811,14.3,aem_complex,tram,1,synthetic_gps
2026-05-29 18:28:13,45.7356637,21.2612963,20.3,aem_complex,tram,1,synthetic_gps
2026-05-29 18:28:14,45.7356804,21.2612323,28.3,aem_complex,tram,1,synthetic_gps
2026-05-29 18:28:15,45.735636,21.2612295,20.3,aem_complex,tram,1,synthetic_gps
2026-05-29 18:28:16,45.7356376,21.2611664,28.3,aem_complex,tram,1,synthetic_gps
2026-05-29 18:28:17,45.7356445,21.2612755,20.3,aem_complex,tram,1,synthetic_gps
2026-05-29 18:28:18,45.7356907,21.2612173,16.25,aem_complex,tram,1,synthetic_gps
2026-05-29 18:28:19,45.7357222,21.2612027,24.25,aem_complex,tram,1,synthetic_gps
2026-05-29 18:28:20,45.7356756,21.2611169,22.49,aem_complex,tram,1,synthetic_gps
2026-05-29 18:28:21,45.7357481,21.2612068,25.0,aem_complex,tram,1,synthetic_gps
2026-05-29 18:28:22,45.7357459,21.2611509,21.01,aem_complex,tram,1,synthetic_gps
2026-05-29 18:28:23,45.7357578,21.2612529,21.85,aem_complex,tram,1,synthetic_gps
2026-05-29 18:28:24,45.7357904,21.2612355,29.85,aem_complex,tram,1,synthetic_gps
2026-05-29 18:28:25,45.7357451,21.2612085,21.85,aem_complex,tram,1,synthetic_gps
2026-05-29 18:28:26,45.7358276,21.2611038,17.51,aem_complex,tram,1,synthetic_gps
2026-05-29 18:28:27,45.7357987,21.2611408,15.18,aem_complex,tram,1,synthetic_gps
2026-05-29 18:28:28,45.7357529,21.2609966,10.66,aem_complex,tram,1,synthetic_gps
2026-05-29 18:28:29,45.7358764,21.2610216,6.37,aem_complex,tram,1,synthetic_gps
2026-05-29 18:28:30,45.7357347,21.2610515,14.37,aem_complex,tram,1,synthetic_gps
2026-05-29 18:28:31,45.7358606,21.261066,21.49,aem_complex,tram,1,synthetic_gps
2026-05-29 18:28:32,45.7357966,21.2610577,16.27,aem_complex,tram,1,synthetic_gps
2026-05-29 18:28:33,45.7358768,21.2610731,20.94,aem_complex,tram,1,synthetic_gps
2026-05-29 18:28:34,45.7358881,21.2610625,25.06,aem_complex,tram,1,synthetic_gps
2026-05-29 18:28:35,45.7358858,21.2610051,22.69,aem_complex,tram,1,synthetic_gps
2026-05-29 18:28:36,45.7359083,21.2610601,24.82,aem_complex,tram,1,synthetic_gps
2026-05-29 18:28:37,45.7359723,21.2610013,21.33,aem_complex,tram,1,synthetic_gps
2026-05-29 18:28:38,45.7360084,21.2610148,29.13,aem_complex,tram,1,synthetic_gps
2026-05-29 18:28:39,45.7359285,21.2610021,21.13,aem_complex,tram,1,synthetic_gps
2026-05-29 18:28:40,45.7360191,21.2610731,13.13,aem_complex,tram,1,synthetic_gps
2026-05-29 18:28:41,45.7359895,21.2609784,21.13,aem_complex,tram,1,synthetic_gps
2026-05-29 18:28:42,45.7359522,21.2608536,28.23,aem_complex,tram,1,synthetic_gps
2026-05-29 18:28:43,45.7359876,21.2609276,26.54,aem_complex,tram,1,synthetic_gps
2026-05-29 18:28:44,45.7361061,21.2609395,18.54,aem_complex,tram,1,synthetic_gps
2026-05-29 18:28:45,45.7360746,21.2609907,10.54,aem_complex,tram,1,synthetic_gps
2026-05-29 18:28:46,45.7360232,21.2608332,15.35,aem_complex,tram,1,synthetic_gps
2026-05-29 18:28:47,45.7360646,21.2609409,7.72,aem_complex,tram,1,synthetic_gps
2026-05-29 18:28:48,45.7361241,21.2608615,15.72,aem_complex,tram,1,synthetic_gps
2026-05-29 18:28:49,45.7361025,21.2608232,23.72,aem_complex,tram,1,synthetic_gps
2026-05-29 18:28:50,45.736038,21.2608698,23.33,aem_complex,tram,1,synthetic_gps
2026-05-29 18:28:51,45.7361059,21.260811,22.19,aem_complex,tram,1,synthetic_gps
2026-05-29 18:28:52,45.7361354,21.2608499,20.65,aem_complex,tram,1,synthetic_gps
2026-05-29 18:28:53,45.7361428,21.2608864,28.65,aem_complex,tram,1,synthetic_gps
2026-05-29 18:28:54,45.7361905,21.2606871,20.65,aem_complex,tram,1,synthetic_gps
2026-05-29 18:28:55,45.7361795,21.2607842,20.83,aem_complex,tram,1,synthetic_gps
2026-05-29 18:28:56,45.7361931,21.2607468,12.83,aem_complex,tram,1,synthetic_gps
2026-05-29 18:28:57,45.736214,21.2607146,20.83,aem_complex,tram,1,synthetic_gps
2026-05-29 18:28:58,45.7362458,21.2607872,12.83,aem_complex,tram,1,synthetic_gps
2026-05-29 18:28:59,45.736231,21.260786,20.53,aem_complex,tram,1,synthetic_gps
2026-05-29 18:29:00,45.7361566,21.2607704,28.53,aem_complex,tram,1,synthetic_gps
2026-05-29 18:29:01,45.7362732,21.2607181,20.53,aem_complex,tram,1,synthetic_gps
2026-05-29 18:29:02,45.7363231,21.2606352,12.53,aem_complex,tram,1,synthetic_gps
2026-05-29 18:29:03,45.7361822,21.2607819,7.76,aem_complex,tram,1,synthetic_gps
2026-05-29 18:29:04,45.7362862,21.2606535,15.76,aem_complex,tram,1,synthetic_gps
2026-05-29 18:29:05,45.7362623,21.2607179,23.76,aem_complex,tram,1,synthetic_gps
2026-05-29 18:29:06,45.7362435,21.2607021,15.76,aem_complex,tram,1,synthetic_gps
2026-05-29 18:29:07,45.7363741,21.2607025,21.58,aem_complex,tram,1,synthetic_gps
2026-05-29 18:29:08,45.7363769,21.260656,16.54,aem_complex,tram,1,synthetic_gps
2026-05-29 18:29:09,45.7363622,21.2606753,10.1,aem_complex,tram,1,synthetic_gps
2026-05-29 18:29:10,45.7364211,21.2606151,18.1,aem_complex,tram,1,synthetic_gps
2026-05-29 18:29:11,45.7364273,21.2605531,15.52,aem_complex,tram,1,synthetic_gps
2026-05-29 18:29:12,45.7363634,21.2606,20.82,aem_complex,tram,1,synthetic_gps
2026-05-29 18:29:13,45.7363537,21.2605271,14.58,aem_complex,tram,1,synthetic_gps
2026-05-29 18:29:14,45.7364238,21.2605528,22.58,aem_complex,tram,1,synthetic_gps
2026-05-29 18:29:15,45.7363962,21.2605509,19.69,aem_complex,tram,1,synthetic_gps
2026-05-29 18:29:16,45.73641,21.2605911,18.75,aem_complex,tram,1,synthetic_gps
2026-05-29 18:29:17,45.7364119,21.2605325,26.75,aem_complex,tram,1,synthetic_gps
2026-05-29 18:29:18,45.7365082,21.2605204,21.66,aem_complex,tram,1,synthetic_gps
2026-05-29 18:29:19,45.7364212,21.2605059,17.2,aem_complex,tram,1,synthetic_gps
2026-05-29 18:29:20,45.7365104,21.2605264,23.48,aem_complex,tram,1,synthetic_gps
2026-05-29 18:29:21,45.736542,21.2604413,30.61,aem_complex,tram,1,synthetic_gps
2026-05-29 18:29:22,45.7364737,21.2604724,24.37,aem_complex,tram,1,synthetic_gps
2026-05-29 18:29:23,45.7365867,21.2604379,16.37,aem_complex,tram,1,synthetic_gps
2026-05-29 18:29:24,45.7365095,21.2603308,17.86,aem_complex,tram,1,synthetic_gps
2026-05-29 18:29:25,45.7365618,21.2604709,25.86,aem_complex,tram,1,synthetic_gps
2026-05-29 18:29:26,45.7366687,21.2604331,22.59,aem_complex,tram,1,synthetic_gps
2026-05-29 18:29:27,45.7366279,21.2603497,17.26,aem_complex,tram,1,synthetic_gps
2026-05-29 18:29:28,45.7365568,21.2604273,9.78,aem_complex,tram,1,synthetic_gps
2026-05-29 18:29:29,45.7365208,21.2603448,17.06,aem_complex,tram,1,synthetic_gps
2026-05-29 18:29:30,45.7366005,21.2602978,9.06,aem_complex,tram,1,synthetic_gps
2026-05-29 18:29:31,45.7366132,21.2602022,17.06,aem_complex,tram,1,synthetic_gps
2026-05-29 18:29:32,45.7366563,21.2602782,12.75,aem_complex,tram,1,synthetic_gps
2026-05-29 18:29:33,45.7366242,21.260242,19.54,aem_complex,tram,1,synthetic_gps
2026-05-29 18:29:34,45.7366445,21.260286,19.13,aem_complex,tram,1,synthetic_gps
2026-05-29 18:29:35,45.7366542,21.2602891,23.6,aem_complex,tram,1,synthetic_gps
2026-05-29 18:29:36,45.7367125,21.2602927,18.11,aem_complex,tram,1,synthetic_gps
2026-05-29 18:29:37,45.7366566,21.2602098,19.47,aem_complex,tram,1,synthetic_gps
2026-05-29 18:29:38,45.7366975,21.2602443,24.31,aem_complex,tram,1,synthetic_gps
2026-05-29 18:29:39,45.7367352,21.2601976,23.44,aem_complex,tram,1,synthetic_gps
2026-05-29 18:29:40,45.736753,21.260156,15.44,aem_complex,tram,1,synthetic_gps
2026-05-29 18:29:41,45.7367251,21.2601805,18.49,aem_complex,tram,1,synthetic_gps
2026-05-29 18:29:42,45.736716,21.2601437,15.02,aem_complex,tram,1,synthetic_gps
2026-05-29 18:29:43,45.736761,21.2601209,22.33,aem_complex,tram,1,synthetic_gps
2026-05-29 18:29:44,45.7368276,21.2599695,20.55,aem_complex,tram,1,synthetic_gps
2026-05-29 18:29:45,45.7367811,21.26016,26.56,aem_complex,tram,1,synthetic_gps
2026-05-29 18:29:46,45.7368216,21.2600454,18.56,aem_complex,tram,1,synthetic_gps
2026-05-29 18:29:47,45.7367793,21.2599626,11.73,aem_complex,tram,1,synthetic_gps
2026-05-29 18:29:48,45.7368074,21.2600334,11.13,aem_complex,tram,1,synthetic_gps
2026-05-29 18:29:49,45.7368777,21.2600538,18.32,aem_complex,tram,1,synthetic_gps
2026-05-29 18:29:50,45.73686,21.2599487,26.32,aem_complex,tram,1,synthetic_gps
2026-05-29 18:29:51,45.7368489,21.2598831,26.79,aem_complex,tram,1,synthetic_gps
2026-05-29 18:29:52,45.7368038,21.2599663,18.79,aem_complex,tram,1,synthetic_gps
2026-05-29 18:29:53,45.7369791,21.2599261,14.16,aem_complex,tram,1,synthetic_gps
2026-05-29 18:29:54,45.7368467,21.2599423,21.72,aem_complex,tram,1,synthetic_gps
2026-05-29 18:29:55,45.7369374,21.2598507,24.04,aem_complex,tram,1,synthetic_gps
2026-05-29 18:29:56,45.7368926,21.2598287,27.26,aem_complex,tram,1,synthetic_gps
2026-05-29 18:29:57,45.7369739,21.2598745,19.26,aem_complex,tram,1,synthetic_gps
2026-05-29 18:29:58,45.7370311,21.2598246,23.68,aem_complex,tram,1,synthetic_gps
2026-05-29 18:29:59,45.7369139,21.259825,21.12,aem_complex,tram,1,synthetic_gps
2026-05-29 18:30:00,45.7369242,21.2598735,13.12,aem_complex,tram,1,synthetic_gps
2026-05-29 18:30:01,45.7369787,21.2597356,5.12,aem_complex,tram,1,synthetic_gps
2026-05-29 18:30:02,45.7369995,21.2597341,2.29,aem_complex,tram,1,synthetic_gps
2026-05-29 18:30:03,45.7369929,21.2597395,0.08,aem_complex,tram,1,synthetic_gps
2026-05-29 18:30:04,45.7370319,21.2597348,2.02,aem_complex,tram,1,synthetic_gps
2026-05-29 18:30:05,45.737034,21.259719,1.71,aem_complex,tram,1,synthetic_gps
2026-05-29 18:30:06,45.7371077,21.2597035,1.47,aem_complex,tram,1,synthetic_gps
2026-05-29 18:30:07,45.7370767,21.2597221,1.11,aem_complex,tram,1,synthetic_gps
2026-05-29 18:30:08,45.7370689,21.2596667,0.66,aem_complex,tram,1,synthetic_gps
2026-05-29 18:30:09,45.7370553,21.2595694,1.94,aem_complex,tram,1,synthetic_gps
2026-05-29 18:30:10,45.7371062,21.2595949,0.18,aem_complex,tram,1,synthetic_gps
2026-05-29 18:30:11,45.7370586,21.2595415,0.43,aem_complex,tram,1,synthetic_gps
2026-05-29 18:30:12,45.7371432,21.2595953,0.55,aem_complex,tram,1,synthetic_gps
2026-05-29 18:30:13,45.7370704,21.2595356,1.07,aem_complex,tram,1,synthetic_gps
2026-05-29 18:30:14,45.7371637,21.2596006,0.92,aem_complex,tram,1,synthetic_gps
2026-05-29 18:30:15,45.7370647,21.2594493,1.41,aem_complex,tram,1,synthetic_gps
2026-05-29 18:30:16,45.7371277,21.2596235,2.05,aem_complex,tram,1,synthetic_gps
2026-05-29 18:30:17,45.737192,21.2595258,1.98,aem_complex,tram,1,synthetic_gps
2026-05-29 18:30:18,45.7371616,21.2595155,9.98,aem_complex,tram,1,synthetic_gps
2026-05-29 18:30:19,45.7372296,21.2594052,15.7,aem_complex,tram,1,synthetic_gps
2026-05-29 18:30:20,45.7371752,21.2594566,19.97,aem_complex,tram,1,synthetic_gps
2026-05-29 18:30:21,45.737198,21.2594413,20.69,aem_complex,tram,1,synthetic_gps
2026-05-29 18:30:22,45.7372516,21.2594959,26.08,aem_complex,tram,1,synthetic_gps
2026-05-29 18:30:23,45.7372431,21.2594416,25.83,aem_complex,tram,1,synthetic_gps
2026-05-29 18:30:24,45.7372603,21.2593258,20.68,aem_complex,tram,1,synthetic_gps
2026-05-29 18:30:25,45.7372736,21.2593875,24.74,aem_complex,tram,1,synthetic_gps
2026-05-29 18:30:26,45.7372523,21.2593338,16.74,aem_complex,tram,1,synthetic_gps
2026-05-29 18:30:27,45.737299,21.2593449,22.45,aem_complex,tram,1,synthetic_gps
2026-05-29 18:30:28,45.7373301,21.2593413,14.45,aem_complex,tram,1,synthetic_gps
2026-05-29 18:30:29,45.7374,21.2593283,12.82,aem_complex,tram,1,synthetic_gps
2026-05-29 18:30:30,45.7373455,21.2592628,18.66,aem_complex,tram,1,synthetic_gps
2026-05-29 18:30:31,45.7373247,21.2592056,18.79,aem_complex,tram,1,synthetic_gps
2026-05-29 18:30:32,45.7373502,21.2591823,20.47,aem_complex,tram,1,synthetic_gps
2026-05-29 18:30:33,45.7372605,21.2592608,21.8,aem_complex,tram,1,synthetic_gps
2026-05-29 18:30:34,45.7374535,21.2592198,29.8,aem_complex,tram,1,synthetic_gps
2026-05-29 18:30:35,45.7373787,21.2591632,21.8,aem_complex,tram,1,synthetic_gps
2026-05-29 18:30:36,45.7374053,21.2591452,18.41,aem_complex,tram,1,synthetic_gps
2026-05-29 18:30:37,45.737396,21.2592304,17.97,aem_complex,tram,1,synthetic_gps
2026-05-29 18:30:38,45.7374221,21.2591069,20.24,aem_complex,tram,1,synthetic_gps
2026-05-29 18:30:39,45.7374728,21.2591454,12.24,aem_complex,tram,1,synthetic_gps
2026-05-29 18:30:40,45.7373774,21.2590498,4.46,aem_complex,tram,1,synthetic_gps
2026-05-29 18:30:41,45.7374767,21.2591877,11.82,aem_complex,tram,1,synthetic_gps
2026-05-29 18:30:42,45.7374888,21.259039,10.53,aem_complex,tram,1,synthetic_gps
2026-05-29 18:30:43,45.7375945,21.2590784,13.29,aem_complex,tram,1,synthetic_gps
2026-05-29 18:30:44,45.737473,21.2589798,21.29,aem_complex,tram,1,synthetic_gps
2026-05-29 18:30:45,45.7374442,21.25898,13.29,aem_complex,tram,1,synthetic_gps
2026-05-29 18:30:46,45.7375889,21.2589349,7.76,aem_complex,tram,1,synthetic_gps
2026-05-29 18:30:47,45.737447,21.2590516,15.76,aem_complex,tram,1,synthetic_gps
2026-05-29 18:30:48,45.7375982,21.2589778,14.47,aem_complex,tram,1,synthetic_gps
2026-05-29 18:30:49,45.7376042,21.2589413,9.87,aem_complex,tram,1,synthetic_gps
2026-05-29 18:30:50,45.7375691,21.2588907,11.7,aem_complex,tram,1,synthetic_gps
2026-05-29 18:30:51,45.7375623,21.2588392,7.58,aem_complex,tram,1,synthetic_gps
2026-05-29 18:30:52,45.7375663,21.2588908,15.58,aem_complex,tram,1,synthetic_gps
2026-05-29 18:30:53,45.7375976,21.2588532,23.58,aem_complex,tram,1,synthetic_gps
2026-05-29 18:30:54,45.7375619,21.2588404,15.58,aem_complex,tram,1,synthetic_gps
2026-05-29 18:30:55,45.7376543,21.2588085,17.21,aem_complex,tram,1,synthetic_gps
2026-05-29 18:30:56,45.7376881,21.2588256,12.05,aem_complex,tram,1,synthetic_gps
2026-05-29 18:30:57,45.7376052,21.2587911,8.56,aem_complex,tram,1,synthetic_gps
2026-05-29 18:30:58,45.7375903,21.2587457,16.56,aem_complex,tram,1,synthetic_gps
2026-05-29 18:30:59,45.7377794,21.2587916,19.63,aem_complex,tram,1,synthetic_gps
2026-05-29 18:31:00,45.7376945,21.2587646,23.84,aem_complex,tram,1,synthetic_gps
2026-05-29 18:31:01,45.7376866,21.2586807,29.58,aem_complex,tram,1,synthetic_gps
2026-05-29 18:31:02,45.7376714,21.2586885,21.58,aem_complex,tram,1,synthetic_gps
2026-05-29 18:31:03,45.737656,21.2586406,16.57,aem_complex,tram,1,synthetic_gps
2026-05-29 18:31:04,45.7376495,21.2586136,11.8,aem_complex,tram,1,synthetic_gps
2026-05-29 18:31:05,45.7377773,21.2585762,19.8,aem_complex,tram,1,synthetic_gps
2026-05-29 18:31:06,45.7377646,21.2585981,11.8,aem_complex,tram,1,synthetic_gps
2026-05-29 18:31:07,45.7376902,21.2586574,16.02,aem_complex,tram,1,synthetic_gps
2026-05-29 18:31:08,45.7378346,21.2585953,18.86,aem_complex,tram,1,synthetic_gps
2026-05-29 18:31:09,45.737722,21.2585162,10.86,aem_complex,tram,1,synthetic_gps
2026-05-29 18:31:10,45.7378717,21.2585537,18.86,aem_complex,tram,1,synthetic_gps
2026-05-29 18:31:11,45.7378095,21.2585029,10.86,aem_complex,tram,1,synthetic_gps
2026-05-29 18:31:12,45.7378123,21.2584429,6.47,aem_complex,tram,1,synthetic_gps
2026-05-29 18:31:13,45.7378794,21.2584606,12.02,aem_complex,tram,1,synthetic_gps
2026-05-29 18:31:14,45.7378799,21.2585035,16.62,aem_complex,tram,1,synthetic_gps
2026-05-29 18:31:15,45.7378868,21.2584841,24.62,aem_complex,tram,1,synthetic_gps
2026-05-29 18:31:16,45.7378186,21.2585167,17.9,aem_complex,tram,1,synthetic_gps
2026-05-29 18:31:17,45.7379163,21.2584977,25.9,aem_complex,tram,1,synthetic_gps
2026-05-29 18:31:18,45.7378666,21.2584461,17.9,aem_complex,tram,1,synthetic_gps
2026-05-29 18:31:19,45.7379764,21.2584482,23.29,aem_complex,tram,1,synthetic_gps
2026-05-29 18:31:20,45.7379848,21.2584502,24.28,aem_complex,tram,1,synthetic_gps
2026-05-29 18:31:21,45.7379139,21.2583702,31.15,aem_complex,tram,1,synthetic_gps
2026-05-29 18:31:22,45.7379693,21.2583291,23.15,aem_complex,tram,1,synthetic_gps
2026-05-29 18:31:23,45.7378725,21.2583669,15.15,aem_complex,tram,1,synthetic_gps
2026-05-29 18:31:24,45.7380032,21.2583209,12.78,aem_complex,tram,1,synthetic_gps
2026-05-29 18:31:25,45.7380279,21.2583331,18.26,aem_complex,tram,1,synthetic_gps
2026-05-29 18:31:26,45.7380416,21.2582542,11.48,aem_complex,tram,1,synthetic_gps
2026-05-29 18:31:27,45.7379663,21.2582388,19.48,aem_complex,tram,1,synthetic_gps
2026-05-29 18:31:28,45.7380425,21.2582287,11.48,aem_complex,tram,1,synthetic_gps
2026-05-29 18:31:29,45.7380318,21.2582441,19.48,aem_complex,tram,1,synthetic_gps
2026-05-29 18:31:30,45.7381061,21.2581971,21.19,aem_complex,tram,1,synthetic_gps
2026-05-29 18:31:31,45.738066,21.2582354,21.77,aem_complex,tram,1,synthetic_gps
2026-05-29 18:31:32,45.738066,21.2581903,25.4,aem_complex,tram,1,synthetic_gps
2026-05-29 18:31:33,45.7380366,21.258163,23.53,aem_complex,tram,1,synthetic_gps
2026-05-29 18:31:34,45.738116,21.2581616,21.42,aem_complex,tram,1,synthetic_gps
2026-05-29 18:31:35,45.7380848,21.2580564,18.23,aem_complex,tram,1,synthetic_gps
2026-05-29 18:31:36,45.7379954,21.2580592,26.23,aem_complex,tram,1,synthetic_gps
2026-05-29 18:31:37,45.738131,21.2580309,18.23,aem_complex,tram,1,synthetic_gps
2026-05-29 18:31:38,45.738134,21.2581154,10.23,aem_complex,tram,1,synthetic_gps
2026-05-29 18:31:39,45.738184,21.2580362,18.23,aem_complex,tram,1,synthetic_gps
2026-05-29 18:31:40,45.738228,21.2580014,14.2,aem_complex,tram,1,synthetic_gps
2026-05-29 18:31:41,45.7382578,21.2580163,19.67,aem_complex,tram,1,synthetic_gps
2026-05-29 18:31:42,45.7382108,21.25801,11.67,aem_complex,tram,1,synthetic_gps
2026-05-29 18:31:43,45.7381478,21.2579649,7.07,aem_complex,tram,1,synthetic_gps
2026-05-29 18:31:44,45.7382182,21.2579787,15.07,aem_complex,tram,1,synthetic_gps
2026-05-29 18:31:45,45.7382766,21.2579245,22.82,aem_complex,tram,1,synthetic_gps
2026-05-29 18:31:46,45.7382137,21.2579152,19.7,aem_complex,tram,1,synthetic_gps
2026-05-29 18:31:47,45.7381166,21.2579773,11.7,aem_complex,tram,1,synthetic_gps
2026-05-29 18:31:48,45.738281,21.2579629,19.7,aem_complex,tram,1,synthetic_gps
2026-05-29 18:31:49,45.7382531,21.2578853,27.7,aem_complex,tram,1,synthetic_gps
2026-05-29 18:31:50,45.738234,21.2578209,29.05,aem_complex,tram,1,synthetic_gps
2026-05-29 18:31:51,45.738287,21.2578071,21.05,aem_complex,tram,1,synthetic_gps
2026-05-29 18:31:52,45.7383079,21.2578198,21.13,aem_complex,tram,1,synthetic_gps
2026-05-29 18:31:53,45.7382928,21.2578645,20.87,aem_complex,tram,1,synthetic_gps
2026-05-29 18:31:54,45.738326,21.2577864,15.83,aem_complex,tram,1,synthetic_gps
2026-05-29 18:31:55,45.7383813,21.2578227,20.21,aem_complex,tram,1,synthetic_gps
2026-05-29 18:31:56,45.7384059,21.2577262,12.21,aem_complex,tram,1,synthetic_gps
2026-05-29 18:31:57,45.738369,21.2577018,20.21,aem_complex,tram,1,synthetic_gps
2026-05-29 18:31:58,45.7383851,21.2576865,27.28,aem_complex,tram,1,synthetic_gps
2026-05-29 18:31:59,45.7383086,21.2577204,22.03,aem_complex,tram,1,synthetic_gps
2026-05-29 18:32:00,45.7383215,21.2576803,22.98,aem_complex,tram,1,synthetic_gps
2026-05-29 18:32:01,45.7384564,21.2576401,14.98,aem_complex,tram,1,synthetic_gps
2026-05-29 18:32:02,45.7384332,21.2576502,22.68,aem_complex,tram,1,synthetic_gps
2026-05-29 18:32:03,45.7383467,21.257645,14.68,aem_complex,tram,1,synthetic_gps
2026-05-29 18:32:04,45.7383929,21.2575872,16.61,aem_complex,tram,1,synthetic_gps
2026-05-29 18:32:05,45.738377,21.2576052,8.61,aem_complex,tram,1,synthetic_gps
2026-05-29 18:32:06,45.7384728,21.2574762,16.61,aem_complex,tram,1,synthetic_gps
2026-05-29 18:32:07,45.7384692,21.2575426,24.61,aem_complex,tram,1,synthetic_gps
2026-05-29 18:32:08,45.7385045,21.2574625,16.61,aem_complex,tram,1,synthetic_gps
2026-05-29 18:32:09,45.738488,21.2575617,21.72,aem_complex,tram,1,synthetic_gps
2026-05-29 18:32:10,45.7385196,21.2575402,29.72,aem_complex,tram,1,synthetic_gps
2026-05-29 18:32:11,45.738488,21.2575275,21.72,aem_complex,tram,1,synthetic_gps
2026-05-29 18:32:12,45.7385134,21.2574126,26.0,aem_complex,tram,1,synthetic_gps
2026-05-29 18:32:13,45.7385391,21.2574343,18.0,aem_complex,tram,1,synthetic_gps
2026-05-29 18:32:14,45.7384509,21.2574685,18.58,aem_complex,tram,1,synthetic_gps
2026-05-29 18:32:15,45.7386168,21.2574512,15.62,aem_complex,tram,1,synthetic_gps
2026-05-29 18:32:16,45.7385883,21.2573633,17.05,aem_complex,tram,1,synthetic_gps
2026-05-29 18:32:17,45.7385947,21.2574249,9.97,aem_complex,tram,1,synthetic_gps
2026-05-29 18:32:18,45.738548,21.2573308,17.97,aem_complex,tram,1,synthetic_gps
2026-05-29 18:32:19,45.7385891,21.2573261,17.13,aem_complex,tram,1,synthetic_gps
2026-05-29 18:32:20,45.7385998,21.2573539,10.51,aem_complex,tram,1,synthetic_gps
2026-05-29 18:32:21,45.7386343,21.2573972,18.51,aem_complex,tram,1,synthetic_gps
2026-05-29 18:32:22,45.7386216,21.2573135,26.51,aem_complex,tram,1,synthetic_gps
2026-05-29 18:32:23,45.7386209,21.2572904,18.51,aem_complex,tram,1,synthetic_gps
2026-05-29 18:32:24,45.7386513,21.2572684,20.4,aem_complex,tram,1,synthetic_gps
2026-05-29 18:32:25,45.7385942,21.2572817,16.91,aem_complex,tram,1,synthetic_gps
2026-05-29 18:32:26,45.7386803,21.2572095,18.9,aem_complex,tram,1,synthetic_gps
2026-05-29 18:32:27,45.7387078,21.2571589,26.9,aem_complex,tram,1,synthetic_gps
2026-05-29 18:32:28,45.7386855,21.2571751,21.88,aem_complex,tram,1,synthetic_gps
2026-05-29 18:32:29,45.7386845,21.2571969,13.88,aem_complex,tram,1,synthetic_gps
2026-05-29 18:32:30,45.738713,21.2570843,13.71,aem_complex,tram,1,synthetic_gps
2026-05-29 18:32:31,45.7387484,21.2571523,21.71,aem_complex,tram,1,synthetic_gps
2026-05-29 18:32:32,45.7387792,21.2571937,19.35,aem_complex,tram,1,synthetic_gps
2026-05-29 18:32:33,45.7387949,21.2571214,17.84,aem_complex,tram,1,synthetic_gps
2026-05-29 18:32:34,45.7388511,21.2571318,9.84,aem_complex,tram,1,synthetic_gps
2026-05-29 18:32:35,45.7388508,21.2570928,7.54,aem_complex,tram,1,synthetic_gps
2026-05-29 18:32:36,45.7386892,21.2570307,15.54,aem_complex,tram,1,synthetic_gps
2026-05-29 18:32:37,45.7388166,21.2570358,21.54,aem_complex,tram,1,synthetic_gps
2026-05-29 18:32:38,45.7388641,21.2569508,22.05,aem_complex,tram,1,synthetic_gps
2026-05-29 18:32:39,45.7388865,21.2570428,26.15,aem_complex,tram,1,synthetic_gps
2026-05-29 18:32:40,45.7389417,21.2570049,25.6,aem_complex,tram,1,synthetic_gps
2026-05-29 18:32:41,45.7387579,21.2568899,18.5,aem_complex,tram,1,synthetic_gps
2026-05-29 18:32:42,45.7388328,21.2569464,11.81,aem_complex,tram,1,synthetic_gps
2026-05-29 18:32:43,45.738898,21.2568437,17.89,aem_complex,tram,1,synthetic_gps
2026-05-29 18:32:44,45.7388373,21.2569346,24.15,aem_complex,tram,1,synthetic_gps
2026-05-29 18:32:45,45.7389885,21.2568534,16.89,aem_complex,tram,1,synthetic_gps
2026-05-29 18:32:46,45.738891,21.256829,19.18,aem_complex,tram,1,synthetic_gps
2026-05-29 18:32:47,45.7389629,21.2568391,21.5,aem_complex,tram,1,synthetic_gps
2026-05-29 18:32:48,45.7389722,21.2567881,22.14,aem_complex,tram,1,synthetic_gps
2026-05-29 18:32:49,45.7389115,21.256867,29.81,aem_complex,tram,1,synthetic_gps
2026-05-29 18:32:50,45.7390025,21.2568006,25.36,aem_complex,tram,1,synthetic_gps
2026-05-29 18:32:51,45.7390129,21.2567739,17.36,aem_complex,tram,1,synthetic_gps
2026-05-29 18:32:52,45.73901,21.2568036,18.04,aem_complex,tram,1,synthetic_gps
2026-05-29 18:32:53,45.7390271,21.2567619,12.4,aem_complex,tram,1,synthetic_gps
2026-05-29 18:32:54,45.7390184,21.2566943,15.95,aem_complex,tram,1,synthetic_gps
2026-05-29 18:32:55,45.7390467,21.2567131,18.47,aem_complex,tram,1,synthetic_gps
2026-05-29 18:32:56,45.7390035,21.2566797,10.47,aem_complex,tram,1,synthetic_gps
2026-05-29 18:32:57,45.7391337,21.2566827,13.23,aem_complex,tram,1,synthetic_gps
2026-05-29 18:32:58,45.7391176,21.2566084,5.23,aem_complex,tram,1,synthetic_gps
2026-05-29 18:32:59,45.7390674,21.256645,13.23,aem_complex,tram,1,synthetic_gps
2026-05-29 18:33:00,45.7390547,21.2565804,5.23,aem_complex,tram,1,synthetic_gps
2026-05-29 18:33:01,45.7391296,21.256659,1.38,aem_complex,tram,1,synthetic_gps
2026-05-29 18:33:02,45.7390853,21.2565641,0.97,aem_complex,tram,1,synthetic_gps
2026-05-29 18:33:03,45.7391465,21.256531,1.74,aem_complex,tram,1,synthetic_gps
2026-05-29 18:33:04,45.7390858,21.2565932,0.22,aem_complex,tram,1,synthetic_gps
2026-05-29 18:33:05,45.7392081,21.2564697,0.96,aem_complex,tram,1,synthetic_gps
2026-05-29 18:33:06,45.7392573,21.2565043,0.7,aem_complex,tram,1,synthetic_gps
2026-05-29 18:33:07,45.7391616,21.2564681,1.08,aem_complex,tram,1,synthetic_gps
2026-05-29 18:33:08,45.7392098,21.2565264,0.29,aem_complex,tram,1,synthetic_gps
2026-05-29 18:33:09,45.7392399,21.2564396,1.49,aem_complex,tram,1,synthetic_gps
2026-05-29 18:33:10,45.7392031,21.2564827,1.83,aem_complex,tram,1,synthetic_gps
2026-05-29 18:33:11,45.7393127,21.2565354,1.91,aem_complex,tram,1,synthetic_gps
2026-05-29 18:33:12,45.7392444,21.2564826,1.18,aem_complex,tram,1,synthetic_gps
2026-05-29 18:33:13,45.7392541,21.256424,1.67,aem_complex,tram,1,synthetic_gps
2026-05-29 18:33:14,45.7393027,21.2563834,0.95,aem_complex,tram,1,synthetic_gps
2026-05-29 18:33:15,45.7393048,21.2563279,0.25,aem_complex,tram,1,synthetic_gps
2026-05-29 18:33:16,45.739277,21.2563132,0.32,aem_complex,tram,1,synthetic_gps
2026-05-29 18:33:17,45.7391867,21.2563303,1.78,aem_complex,tram,1,synthetic_gps
2026-05-29 18:33:18,45.7393591,21.2562059,9.78,aem_complex,tram,1,synthetic_gps
2026-05-29 18:33:19,45.7393165,21.2563201,17.78,aem_complex,tram,1,synthetic_gps
2026-05-29 18:33:20,45.7393296,21.2563379,22.85,aem_complex,tram,1,synthetic_gps
2026-05-29 18:33:21,45.7393408,21.2562275,28.81,aem_complex,tram,1,synthetic_gps
2026-05-29 18:33:22,45.7394253,21.2562747,20.81,aem_complex,tram,1,synthetic_gps
2026-05-29 18:33:23,45.7393564,21.2562308,19.47,aem_complex,tram,1,synthetic_gps
2026-05-29 18:33:24,45.7394282,21.2561735,17.12,aem_complex,tram,1,synthetic_gps
2026-05-29 18:33:25,45.7393754,21.2561416,25.12,aem_complex,tram,1,synthetic_gps
2026-05-29 18:33:26,45.7393457,21.2561917,17.12,aem_complex,tram,1,synthetic_gps
2026-05-29 18:33:27,45.7393278,21.2561756,20.16,aem_complex,tram,1,synthetic_gps
2026-05-29 18:33:28,45.7394395,21.2561463,15.61,aem_complex,tram,1,synthetic_gps
2026-05-29 18:33:29,45.7394939,21.2561013,15.63,aem_complex,tram,1,synthetic_gps
2026-05-29 18:33:30,45.7394882,21.2560989,11.15,aem_complex,tram,1,synthetic_gps
2026-05-29 18:33:31,45.7394495,21.2561107,9.36,aem_complex,tram,1,synthetic_gps
2026-05-29 18:33:32,45.7395283,21.2560534,11.39,aem_complex,tram,1,synthetic_gps
2026-05-29 18:33:33,45.7395287,21.2559414,12.15,aem_complex,tram,1,synthetic_gps
2026-05-29 18:33:34,45.7394984,21.2560153,20.15,aem_complex,tram,1,synthetic_gps
2026-05-29 18:33:35,45.7395007,21.2559647,25.37,aem_complex,tram,1,synthetic_gps
2026-05-29 18:33:36,45.7395999,21.2559802,18.84,aem_complex,tram,1,synthetic_gps
2026-05-29 18:33:37,45.7394941,21.2559398,22.38,aem_complex,tram,1,synthetic_gps
2026-05-29 18:33:38,45.7396308,21.2559352,29.62,aem_complex,tram,1,synthetic_gps
2026-05-29 18:33:39,45.7395484,21.2559373,24.15,aem_complex,tram,1,synthetic_gps
2026-05-29 18:33:40,45.7395078,21.2558872,32.15,aem_complex,tram,1,synthetic_gps
2026-05-29 18:33:41,45.739527,21.2559451,32.14,aem_complex,tram,1,synthetic_gps
2026-05-29 18:33:42,45.7395501,21.2558127,24.14,aem_complex,tram,1,synthetic_gps
2026-05-29 18:33:43,45.739581,21.2558448,19.94,aem_complex,tram,1,synthetic_gps
2026-05-29 18:33:44,45.739593,21.2557768,13.14,aem_complex,tram,1,synthetic_gps
2026-05-29 18:33:45,45.7396218,21.2558005,15.06,aem_complex,tram,1,synthetic_gps
2026-05-29 18:33:46,45.7396323,21.2558126,20.95,aem_complex,tram,1,synthetic_gps
2026-05-29 18:33:47,45.7396402,21.255782,12.95,aem_complex,tram,1,synthetic_gps
2026-05-29 18:33:48,45.7396631,21.2558024,20.95,aem_complex,tram,1,synthetic_gps
2026-05-29 18:33:49,45.7396275,21.255738,16.15,aem_complex,tram,1,synthetic_gps
2026-05-29 18:33:50,45.7396405,21.2557249,24.15,aem_complex,tram,1,synthetic_gps
2026-05-29 18:33:51,45.7397622,21.255695,18.64,aem_complex,tram,1,synthetic_gps
2026-05-29 18:33:52,45.7396792,21.2557169,23.1,aem_complex,tram,1,synthetic_gps
2026-05-29 18:33:53,45.7396957,21.2556726,27.12,aem_complex,tram,1,synthetic_gps
2026-05-29 18:33:54,45.7397208,21.2555721,20.13,aem_complex,tram,1,synthetic_gps
2026-05-29 18:33:55,45.7397544,21.2556115,12.13,aem_complex,tram,1,synthetic_gps
2026-05-29 18:33:56,45.7397138,21.2556137,13.48,aem_complex,tram,1,synthetic_gps
2026-05-29 18:33:57,45.7397144,21.2555338,20.13,aem_complex,tram,1,synthetic_gps
2026-05-29 18:33:58,45.7397787,21.2556172,22.02,aem_complex,tram,1,synthetic_gps
2026-05-29 18:33:59,45.7398114,21.2555289,17.45,aem_complex,tram,1,synthetic_gps
2026-05-29 18:34:00,45.7397876,21.2555321,9.66,aem_complex,tram,1,synthetic_gps
2026-05-29 18:34:01,45.7398655,21.2555583,17.66,aem_complex,tram,1,synthetic_gps
2026-05-29 18:34:02,45.7398394,21.2553891,25.66,aem_complex,tram,1,synthetic_gps
2026-05-29 18:34:03,45.7398651,21.2554726,21.55,aem_complex,tram,1,synthetic_gps
2026-05-29 18:34:04,45.7398158,21.2554237,26.24,aem_complex,tram,1,synthetic_gps
2026-05-29 18:34:05,45.7398537,21.2555033,25.44,aem_complex,tram,1,synthetic_gps
2026-05-29 18:34:06,45.7397984,21.2554683,22.68,aem_complex,tram,1,synthetic_gps
2026-05-29 18:34:07,45.7398679,21.2554269,14.68,aem_complex,tram,1,synthetic_gps
2026-05-29 18:34:08,45.7397692,21.2553996,21.25,aem_complex,tram,1,synthetic_gps
2026-05-29 18:34:09,45.7398995,21.2553558,25.57,aem_complex,tram,1,synthetic_gps
2026-05-29 18:34:10,45.7398526,21.2554511,32.24,aem_complex,tram,1,synthetic_gps
2026-05-29 18:34:11,45.7398706,21.2553621,24.24,aem_complex,tram,1,synthetic_gps
2026-05-29 18:34:12,45.7399907,21.2553565,24.01,aem_complex,tram,1,synthetic_gps
2026-05-29 18:34:13,45.7399167,21.2553012,16.01,aem_complex,tram,1,synthetic_gps
2026-05-29 18:34:14,45.7399295,21.2552473,22.44,aem_complex,tram,1,synthetic_gps
2026-05-29 18:34:15,45.7400495,21.255403,14.44,aem_complex,tram,1,synthetic_gps
2026-05-29 18:34:16,45.7401128,21.2552422,22.44,aem_complex,tram,1,synthetic_gps
2026-05-29 18:34:17,45.7400055,21.2552749,15.18,aem_complex,tram,1,synthetic_gps
2026-05-29 18:34:18,45.7400098,21.2552389,22.58,aem_complex,tram,1,synthetic_gps
2026-05-29 18:34:19,45.7400839,21.2552875,14.58,aem_complex,tram,1,synthetic_gps
2026-05-29 18:34:20,45.7400456,21.2551233,22.58,aem_complex,tram,1,synthetic_gps
2026-05-29 18:34:21,45.7400661,21.2551617,23.18,aem_complex,tram,1,synthetic_gps
2026-05-29 18:34:22,45.7400837,21.2551584,16.23,aem_complex,tram,1,synthetic_gps
2026-05-29 18:34:23,45.7400763,21.2551469,18.32,aem_complex,tram,1,synthetic_gps
2026-05-29 18:34:24,45.7400779,21.2550639,25.8,aem_complex,tram,1,synthetic_gps
2026-05-29 18:34:25,45.7401528,21.2551239,17.8,aem_complex,tram,1,synthetic_gps
2026-05-29 18:34:26,45.7401229,21.2551471,15.57,aem_complex,tram,1,synthetic_gps
2026-05-29 18:34:27,45.7401655,21.2550604,16.75,aem_complex,tram,1,synthetic_gps
2026-05-29 18:34:28,45.7401557,21.2550325,19.41,aem_complex,tram,1,synthetic_gps
2026-05-29 18:34:29,45.7401929,21.2550549,12.59,aem_complex,tram,1,synthetic_gps
2026-05-29 18:34:30,45.7401758,21.2550699,20.59,aem_complex,tram,1,synthetic_gps
2026-05-29 18:34:31,45.7401396,21.2549755,24.42,aem_complex,tram,1,synthetic_gps
2026-05-29 18:34:32,45.7401591,21.2550218,19.98,aem_complex,tram,1,synthetic_gps
2026-05-29 18:34:33,45.7401446,21.2549842,20.67,aem_complex,tram,1,synthetic_gps
2026-05-29 18:34:34,45.7401472,21.2549448,17.55,aem_complex,tram,1,synthetic_gps
2026-05-29 18:34:35,45.7401811,21.2550112,25.55,aem_complex,tram,1,synthetic_gps
2026-05-29 18:34:36,45.7402503,21.2549782,17.55,aem_complex,tram,1,synthetic_gps
2026-05-29 18:34:37,45.7402602,21.2548259,18.7,aem_complex,tram,1,synthetic_gps
2026-05-29 18:34:38,45.7401396,21.2549739,12.38,aem_complex,tram,1,synthetic_gps
2026-05-29 18:34:39,45.7402088,21.2548155,12.83,aem_complex,tram,1,synthetic_gps
2026-05-29 18:34:40,45.7402428,21.2547837,20.83,aem_complex,tram,1,synthetic_gps
2026-05-29 18:34:41,45.7402625,21.2548287,19.55,aem_complex,tram,1,synthetic_gps
2026-05-29 18:34:42,45.7402348,21.2548576,18.75,aem_complex,tram,1,synthetic_gps
2026-05-29 18:34:43,45.7402975,21.254861,15.86,aem_complex,tram,1,synthetic_gps
2026-05-29 18:34:44,45.7402857,21.2547582,17.68,aem_complex,tram,1,synthetic_gps
2026-05-29 18:34:45,45.7403798,21.2546956,25.68,aem_complex,tram,1,synthetic_gps
2026-05-29 18:34:46,45.7402735,21.2547704,18.06,aem_complex,tram,1,synthetic_gps
2026-05-29 18:34:47,45.740318,21.2547292,26.06,aem_complex,tram,1,synthetic_gps
2026-05-29 18:34:48,45.740437,21.2546981,21.75,aem_complex,tram,1,synthetic_gps
2026-05-29 18:34:49,45.7403802,21.2547424,27.02,aem_complex,tram,1,synthetic_gps
2026-05-29 18:34:50,45.7404101,21.254807,25.14,aem_complex,tram,1,synthetic_gps
2026-05-29 18:34:51,45.7402855,21.2546153,24.78,aem_complex,tram,1,synthetic_gps
2026-05-29 18:34:52,45.7403917,21.2545565,16.78,aem_complex,tram,1,synthetic_gps
2026-05-29 18:34:53,45.7403217,21.2546255,10.01,aem_complex,tram,1,synthetic_gps
2026-05-29 18:34:54,45.7404116,21.2546451,18.01,aem_complex,tram,1,synthetic_gps
2026-05-29 18:34:55,45.740461,21.2546486,10.01,aem_complex,tram,1,synthetic_gps
2026-05-29 18:34:56,45.7404277,21.254598,18.01,aem_complex,tram,1,synthetic_gps
2026-05-29 18:34:57,45.7404518,21.254559,10.01,aem_complex,tram,1,synthetic_gps
2026-05-29 18:34:58,45.7404718,21.2545605,7.71,aem_complex,tram,1,synthetic_gps
2026-05-29 18:34:59,45.7404415,21.2545419,8.08,aem_complex,tram,1,synthetic_gps
2026-05-29 18:35:00,45.7404951,21.2544243,16.08,aem_complex,tram,1,synthetic_gps
2026-05-29 18:35:01,45.7404632,21.2545303,8.08,aem_complex,tram,1,synthetic_gps
2026-05-29 18:35:02,45.7405455,21.254501,16.08,aem_complex,tram,1,synthetic_gps
2026-05-29 18:35:03,45.7405393,21.2544112,18.08,aem_complex,tram,1,synthetic_gps
2026-05-29 18:35:04,45.7405268,21.2544191,17.44,aem_complex,tram,1,synthetic_gps
2026-05-29 18:35:05,45.7405016,21.2543778,21.76,aem_complex,tram,1,synthetic_gps
2026-05-29 18:35:06,45.7405198,21.2544012,29.09,aem_complex,tram,1,synthetic_gps
2026-05-29 18:35:07,45.740582,21.254413,21.09,aem_complex,tram,1,synthetic_gps
2026-05-29 18:35:08,45.7405689,21.2542982,15.7,aem_complex,tram,1,synthetic_gps
2026-05-29 18:35:09,45.7405986,21.2543236,23.7,aem_complex,tram,1,synthetic_gps
2026-05-29 18:35:10,45.7405806,21.2543749,15.7,aem_complex,tram,1,synthetic_gps
2026-05-29 18:35:11,45.7405066,21.254331,13.3,aem_complex,tram,1,synthetic_gps
2026-05-29 18:35:12,45.7405562,21.2543035,17.54,aem_complex,tram,1,synthetic_gps
2026-05-29 18:35:13,45.7406524,21.2542469,17.83,aem_complex,tram,1,synthetic_gps
2026-05-29 18:35:14,45.740561,21.25423,14.24,aem_complex,tram,1,synthetic_gps
2026-05-29 18:35:15,45.740668,21.2542132,14.08,aem_complex,tram,1,synthetic_gps
2026-05-29 18:35:16,45.7406791,21.2542025,19.58,aem_complex,tram,1,synthetic_gps
2026-05-29 18:35:17,45.7406734,21.2542438,18.55,aem_complex,tram,1,synthetic_gps
2026-05-29 18:35:18,45.740693,21.2542353,24.48,aem_complex,tram,1,synthetic_gps
2026-05-29 18:35:19,45.7405628,21.2541711,18.98,aem_complex,tram,1,synthetic_gps
2026-05-29 18:35:20,45.7406065,21.2542312,18.91,aem_complex,tram,1,synthetic_gps
2026-05-29 18:35:21,45.7406935,21.2541667,19.58,aem_complex,tram,1,synthetic_gps
2026-05-29 18:35:22,45.7406419,21.2541436,27.21,aem_complex,tram,1,synthetic_gps
2026-05-29 18:35:23,45.7407284,21.2540905,19.21,aem_complex,tram,1,synthetic_gps
2026-05-29 18:35:24,45.7406906,21.2540818,11.21,aem_complex,tram,1,synthetic_gps
2026-05-29 18:35:25,45.7407036,21.2540037,19.21,aem_complex,tram,1,synthetic_gps
2026-05-29 18:35:26,45.7407439,21.2540458,15.42,aem_complex,tram,1,synthetic_gps
2026-05-29 18:35:27,45.7407177,21.2539686,23.42,aem_complex,tram,1,synthetic_gps
2026-05-29 18:35:28,45.7407011,21.2539258,15.42,aem_complex,tram,1,synthetic_gps
2026-05-29 18:35:29,45.7406769,21.2540177,23.42,aem_complex,tram,1,synthetic_gps
2026-05-29 18:35:30,45.7407078,21.2539219,29.11,aem_complex,tram,1,synthetic_gps
2026-05-29 18:35:31,45.7407452,21.2539046,21.11,aem_complex,tram,1,synthetic_gps
2026-05-29 18:35:32,45.740714,21.2539523,21.42,aem_complex,tram,1,synthetic_gps
2026-05-29 18:35:33,45.7408095,21.253885,13.42,aem_complex,tram,1,synthetic_gps
2026-05-29 18:35:34,45.740722,21.2539245,10.08,aem_complex,tram,1,synthetic_gps
2026-05-29 18:35:35,45.7407316,21.2538133,15.05,aem_complex,tram,1,synthetic_gps
2026-05-29 18:35:36,45.7407669,21.2538409,20.36,aem_complex,tram,1,synthetic_gps
2026-05-29 18:35:37,45.7407182,21.2538788,14.22,aem_complex,tram,1,synthetic_gps
2026-05-29 18:35:38,45.7407514,21.2538638,22.22,aem_complex,tram,1,synthetic_gps
2026-05-29 18:35:39,45.7408041,21.2537755,14.22,aem_complex,tram,1,synthetic_gps
2026-05-29 18:35:40,45.7407887,21.2536769,20.51,aem_complex,tram,1,synthetic_gps
2026-05-29 18:35:41,45.7407756,21.2537807,24.29,aem_complex,tram,1,synthetic_gps
2026-05-29 18:35:42,45.7407753,21.2537959,17.32,aem_complex,tram,1,synthetic_gps
2026-05-29 18:35:43,45.7408373,21.2537223,22.85,aem_complex,tram,1,synthetic_gps
2026-05-29 18:35:44,45.7408559,21.2536883,19.8,aem_complex,tram,1,synthetic_gps
2026-05-29 18:35:45,45.7408242,21.2536984,11.8,aem_complex,tram,1,synthetic_gps
2026-05-29 18:35:46,45.7408352,21.2536363,16.23,aem_complex,tram,1,synthetic_gps
2026-05-29 18:35:47,45.7408148,21.2535982,8.68,aem_complex,tram,1,synthetic_gps
2026-05-29 18:35:48,45.7409365,21.2537011,16.68,aem_complex,tram,1,synthetic_gps
2026-05-29 18:35:49,45.7408601,21.2536082,15.08,aem_complex,tram,1,synthetic_gps
2026-05-29 18:35:50,45.7408715,21.2536467,23.08,aem_complex,tram,1,synthetic_gps
2026-05-29 18:35:51,45.740843,21.2535692,15.08,aem_complex,tram,1,synthetic_gps
2026-05-29 18:35:52,45.741014,21.2535664,20.04,aem_complex,tram,1,synthetic_gps
2026-05-29 18:35:53,45.7408513,21.25364,18.29,aem_complex,tram,1,synthetic_gps
2026-05-29 18:35:54,45.7409406,21.2534853,18.53,aem_complex,tram,1,synthetic_gps
2026-05-29 18:35:55,45.7408419,21.2535288,17.78,aem_complex,tram,1,synthetic_gps
2026-05-29 18:35:56,45.7409438,21.2535404,24.23,aem_complex,tram,1,synthetic_gps
2026-05-29 18:35:57,45.7408969,21.2535508,28.36,aem_complex,tram,1,synthetic_gps
2026-05-29 18:35:58,45.7409293,21.2533959,20.36,aem_complex,tram,1,synthetic_gps
2026-05-29 18:35:59,45.7409013,21.2534102,21.92,aem_complex,tram,1,synthetic_gps
2026-05-29 18:36:00,45.7409925,21.2534552,13.92,aem_complex,tram,1,synthetic_gps
2026-05-29 18:36:01,45.7410014,21.2533861,5.92,aem_complex,tram,1,synthetic_gps
2026-05-29 18:36:02,45.7409392,21.2533979,1.32,aem_complex,tram,1,synthetic_gps
2026-05-29 18:36:03,45.7409781,21.2533313,1.31,aem_complex,tram,1,synthetic_gps
2026-05-29 18:36:04,45.7409732,21.2533982,1.3,aem_complex,tram,1,synthetic_gps
2026-05-29 18:36:05,45.7409676,21.2534214,1.33,aem_complex,tram,1,synthetic_gps
2026-05-29 18:36:06,45.7410176,21.2532507,0.87,aem_complex,tram,1,synthetic_gps
2026-05-29 18:36:07,45.7410132,21.2533937,1.44,aem_complex,tram,1,synthetic_gps
2026-05-29 18:36:08,45.741044,21.2533529,0.53,aem_complex,tram,1,synthetic_gps
2026-05-29 18:36:09,45.7410277,21.2532867,1.35,aem_complex,tram,1,synthetic_gps
2026-05-29 18:36:10,45.7410604,21.2532098,1.62,aem_complex,tram,1,synthetic_gps
2026-05-29 18:36:11,45.7410172,21.2533055,1.7,aem_complex,tram,1,synthetic_gps
2026-05-29 18:36:12,45.7410514,21.2532513,1.56,aem_complex,tram,1,synthetic_gps
2026-05-29 18:36:13,45.7411551,21.253214,1.27,aem_complex,tram,1,synthetic_gps
2026-05-29 18:36:14,45.7410689,21.2531855,1.33,aem_complex,tram,1,synthetic_gps
2026-05-29 18:36:15,45.7410613,21.2531444,0.63,aem_complex,tram,1,synthetic_gps
2026-05-29 18:36:16,45.7411201,21.2531282,0.11,aem_complex,tram,1,synthetic_gps
2026-05-29 18:36:17,45.7410728,21.2531187,0.4,aem_complex,tram,1,synthetic_gps
2026-05-29 18:36:18,45.7410623,21.2531356,8.4,aem_complex,tram,1,synthetic_gps
2026-05-29 18:36:19,45.7410871,21.2530911,14.86,aem_complex,tram,1,synthetic_gps
2026-05-29 18:36:20,45.7410493,21.2531609,20.24,aem_complex,tram,1,synthetic_gps
2026-05-29 18:36:21,45.7410234,21.2530943,12.24,aem_complex,tram,1,synthetic_gps
2026-05-29 18:36:22,45.7410968,21.2530174,16.29,aem_complex,tram,1,synthetic_gps
2026-05-29 18:36:23,45.7411516,21.2530157,10.26,aem_complex,tram,1,synthetic_gps
2026-05-29 18:36:24,45.7411059,21.2530337,13.7,aem_complex,tram,1,synthetic_gps
2026-05-29 18:36:25,45.7411022,21.2529972,9.87,aem_complex,tram,1,synthetic_gps
2026-05-29 18:36:26,45.7411778,21.2529683,17.87,aem_complex,tram,1,synthetic_gps
2026-05-29 18:36:27,45.7410846,21.2529566,25.55,aem_complex,tram,1,synthetic_gps
2026-05-29 18:36:28,45.7411567,21.2529978,17.55,aem_complex,tram,1,synthetic_gps
2026-05-29 18:36:29,45.7411885,21.2529755,9.55,aem_complex,tram,1,synthetic_gps
2026-05-29 18:36:30,45.7411808,21.2528605,11.27,aem_complex,tram,1,synthetic_gps
2026-05-29 18:36:31,45.7411249,21.2528708,19.27,aem_complex,tram,1,synthetic_gps
2026-05-29 18:36:32,45.7411935,21.2529381,27.27,aem_complex,tram,1,synthetic_gps
2026-05-29 18:36:33,45.7411481,21.2528895,19.27,aem_complex,tram,1,synthetic_gps
2026-05-29 18:36:34,45.7411862,21.2528672,15.84,aem_complex,tram,1,synthetic_gps
2026-05-29 18:36:35,45.7411302,21.2528065,23.84,aem_complex,tram,1,synthetic_gps
2026-05-29 18:36:36,45.7411646,21.252852,15.84,aem_complex,tram,1,synthetic_gps
2026-05-29 18:36:37,45.7412799,21.2527637,17.62,aem_complex,tram,1,synthetic_gps
2026-05-29 18:36:38,45.7411849,21.2527413,17.02,aem_complex,tram,1,synthetic_gps
2026-05-29 18:36:39,45.7412201,21.2527816,23.24,aem_complex,tram,1,synthetic_gps
2026-05-29 18:36:40,45.7411982,21.2527198,22.81,aem_complex,tram,1,synthetic_gps
2026-05-29 18:36:41,45.7412501,21.2527091,14.81,aem_complex,tram,1,synthetic_gps
2026-05-29 18:36:42,45.7412488,21.2527171,6.81,aem_complex,tram,1,synthetic_gps
2026-05-29 18:36:43,45.741234,21.2526589,14.81,aem_complex,tram,1,synthetic_gps
2026-05-29 18:36:44,45.741292,21.2526406,18.68,aem_complex,tram,1,synthetic_gps
2026-05-29 18:36:45,45.7412883,21.2526618,14.97,aem_complex,tram,1,synthetic_gps
2026-05-29 18:36:46,45.7412547,21.2526422,15.01,aem_complex,tram,1,synthetic_gps
2026-05-29 18:36:47,45.7413302,21.2526261,16.46,aem_complex,tram,1,synthetic_gps
2026-05-29 18:36:48,45.7412812,21.2526069,21.87,aem_complex,tram,1,synthetic_gps
2026-05-29 18:36:49,45.7412411,21.2525563,14.65,aem_complex,tram,1,synthetic_gps
2026-05-29 18:36:50,45.7413184,21.2525353,22.65,aem_complex,tram,1,synthetic_gps
2026-05-29 18:36:51,45.7413527,21.2524927,14.65,aem_complex,tram,1,synthetic_gps
2026-05-29 18:36:52,45.7413515,21.2525939,11.04,aem_complex,tram,1,synthetic_gps
2026-05-29 18:36:53,45.7412736,21.2524444,19.04,aem_complex,tram,1,synthetic_gps
2026-05-29 18:36:54,45.7413547,21.2524315,20.26,aem_complex,tram,1,synthetic_gps
2026-05-29 18:36:55,45.7412766,21.2524781,12.26,aem_complex,tram,1,synthetic_gps
2026-05-29 18:36:56,45.7413899,21.2524312,16.53,aem_complex,tram,1,synthetic_gps
2026-05-29 18:36:57,45.7412933,21.2525372,13.18,aem_complex,tram,1,synthetic_gps
2026-05-29 18:36:58,45.7414057,21.2523937,5.18,aem_complex,tram,1,synthetic_gps
2026-05-29 18:36:59,45.7413454,21.2524348,13.18,aem_complex,tram,1,synthetic_gps
2026-05-29 18:37:00,45.741399,21.2523301,21.18,aem_complex,tram,1,synthetic_gps
2026-05-29 18:37:01,45.741286,21.2523137,27.89,aem_complex,tram,1,synthetic_gps
2026-05-29 18:37:02,45.7414336,21.2522935,19.89,aem_complex,tram,1,synthetic_gps
2026-05-29 18:37:03,45.7414238,21.2522848,18.02,aem_complex,tram,1,synthetic_gps
2026-05-29 18:37:04,45.7413574,21.2522994,19.62,aem_complex,tram,1,synthetic_gps
2026-05-29 18:37:05,45.741454,21.2523186,17.02,aem_complex,tram,1,synthetic_gps
2026-05-29 18:37:06,45.741352,21.2523103,22.7,aem_complex,tram,1,synthetic_gps
2026-05-29 18:37:07,45.741454,21.2523124,14.7,aem_complex,tram,1,synthetic_gps
2026-05-29 18:37:08,45.7413724,21.2522494,20.62,aem_complex,tram,1,synthetic_gps
2026-05-29 18:37:09,45.7413906,21.2521824,28.62,aem_complex,tram,1,synthetic_gps
2026-05-29 18:37:10,45.7414311,21.2521898,20.62,aem_complex,tram,1,synthetic_gps
2026-05-29 18:37:11,45.7414664,21.2521999,22.56,aem_complex,tram,1,synthetic_gps
2026-05-29 18:37:12,45.7414915,21.2521261,21.31,aem_complex,tram,1,synthetic_gps
2026-05-29 18:37:13,45.7415225,21.2521345,19.75,aem_complex,tram,1,synthetic_gps
2026-05-29 18:37:14,45.7414804,21.2521433,15.67,aem_complex,tram,1,synthetic_gps
2026-05-29 18:37:15,45.7414394,21.2520927,17.98,aem_complex,tram,1,synthetic_gps
2026-05-29 18:37:16,45.741523,21.252168,9.98,aem_complex,tram,1,synthetic_gps
2026-05-29 18:37:17,45.7414591,21.2520197,14.62,aem_complex,tram,1,synthetic_gps
2026-05-29 18:37:18,45.7415423,21.2520415,17.3,aem_complex,tram,1,synthetic_gps
2026-05-29 18:37:19,45.7415075,21.2520689,25.13,aem_complex,tram,1,synthetic_gps
2026-05-29 18:37:20,45.7415166,21.252018,31.64,aem_complex,tram,1,synthetic_gps
2026-05-29 18:37:21,45.741461,21.2520748,25.59,aem_complex,tram,1,synthetic_gps
2026-05-29 18:37:22,45.7415208,21.2518747,20.97,aem_complex,tram,1,synthetic_gps
2026-05-29 18:37:23,45.7415801,21.2519251,28.97,aem_complex,tram,1,synthetic_gps
2026-05-29 18:37:24,45.7415635,21.2519204,20.97,aem_complex,tram,1,synthetic_gps
2026-05-29 18:37:25,45.741595,21.2519276,24.33,aem_complex,tram,1,synthetic_gps
2026-05-29 18:37:26,45.7415447,21.2519125,22.75,aem_complex,tram,1,synthetic_gps
2026-05-29 18:37:27,45.7416624,21.2519469,24.88,aem_complex,tram,1,synthetic_gps
2026-05-29 18:37:28,45.7415938,21.2518506,16.88,aem_complex,tram,1,synthetic_gps
2026-05-29 18:37:29,45.7415886,21.2518623,12.67,aem_complex,tram,1,synthetic_gps
2026-05-29 18:37:30,45.7416288,21.2518243,13.1,aem_complex,tram,1,synthetic_gps
2026-05-29 18:37:31,45.7416616,21.2519295,13.54,aem_complex,tram,1,synthetic_gps
2026-05-29 18:37:32,45.741615,21.2518086,21.54,aem_complex,tram,1,synthetic_gps
2026-05-29 18:37:33,45.7416071,21.2517622,17.54,aem_complex,tram,1,synthetic_gps
2026-05-29 18:37:34,45.7416625,21.2517515,16.42,aem_complex,tram,1,synthetic_gps
2026-05-29 18:37:35,45.7416865,21.2517493,12.6,aem_complex,tram,1,synthetic_gps
2026-05-29 18:37:36,45.7417057,21.2517582,18.53,aem_complex,tram,1,synthetic_gps
2026-05-29 18:37:37,45.741686,21.2517804,10.53,aem_complex,tram,1,synthetic_gps
2026-05-29 18:37:38,45.7416652,21.2517408,18.53,aem_complex,tram,1,synthetic_gps
2026-05-29 18:37:39,45.741682,21.2517801,10.87,aem_complex,tram,1,synthetic_gps
2026-05-29 18:37:40,45.7416451,21.2516783,9.19,aem_complex,tram,1,synthetic_gps
2026-05-29 18:37:41,45.7416673,21.2517205,17.19,aem_complex,tram,1,synthetic_gps
2026-05-29 18:37:42,45.7415828,21.2516583,25.09,aem_complex,tram,1,synthetic_gps
2026-05-29 18:37:43,45.7416555,21.2515784,17.09,aem_complex,tram,1,synthetic_gps
2026-05-29 18:37:44,45.7416564,21.2516232,25.09,aem_complex,tram,1,synthetic_gps
2026-05-29 18:37:45,45.7416774,21.2515768,17.09,aem_complex,tram,1,synthetic_gps
2026-05-29 18:37:46,45.7417241,21.2515908,22.61,aem_complex,tram,1,synthetic_gps
2026-05-29 18:37:47,45.7417302,21.2515321,26.32,aem_complex,tram,1,synthetic_gps
2026-05-29 18:37:48,45.7416796,21.2514725,31.7,aem_complex,tram,1,synthetic_gps
2026-05-29 18:37:49,45.7417185,21.2514752,23.7,aem_complex,tram,1,synthetic_gps
2026-05-29 18:37:50,45.7417024,21.2514572,31.7,aem_complex,tram,1,synthetic_gps
2026-05-29 18:37:51,45.7417702,21.2515289,32.72,aem_complex,tram,1,synthetic_gps
2026-05-29 18:37:52,45.7417868,21.2515212,29.17,aem_complex,tram,1,synthetic_gps
2026-05-29 18:37:53,45.7417762,21.2515313,21.17,aem_complex,tram,1,synthetic_gps
2026-05-29 18:37:54,45.7418305,21.2513948,27.72,aem_complex,tram,1,synthetic_gps
2026-05-29 18:37:55,45.7418001,21.2514827,26.87,aem_complex,tram,1,synthetic_gps
2026-05-29 18:37:56,45.74179,21.2513881,18.87,aem_complex,tram,1,synthetic_gps
2026-05-29 18:37:57,45.7417391,21.2513721,16.64,aem_complex,tram,1,synthetic_gps
2026-05-29 18:37:58,45.7417853,21.2512962,15.48,aem_complex,tram,1,synthetic_gps
2026-05-29 18:37:59,45.7418402,21.2514644,23.48,aem_complex,tram,1,synthetic_gps
2026-05-29 18:38:00,45.7419336,21.2512777,23.77,aem_complex,tram,1,synthetic_gps
2026-05-29 18:38:01,45.7419285,21.2513541,19.99,aem_complex,tram,1,synthetic_gps
2026-05-29 18:38:02,45.7418175,21.2512527,17.54,aem_complex,tram,1,synthetic_gps
2026-05-29 18:38:03,45.7418129,21.2512934,16.2,aem_complex,tram,1,synthetic_gps
2026-05-29 18:38:04,45.741832,21.251269,24.2,aem_complex,tram,1,synthetic_gps
2026-05-29 18:38:05,45.7418926,21.2511826,19.34,aem_complex,tram,1,synthetic_gps
2026-05-29 18:38:06,45.7419461,21.2512453,17.05,aem_complex,tram,1,synthetic_gps
2026-05-29 18:38:07,45.7418546,21.2511946,24.78,aem_complex,tram,1,synthetic_gps
2026-05-29 18:38:08,45.7418772,21.2511575,25.62,aem_complex,tram,1,synthetic_gps
2026-05-29 18:38:09,45.7419212,21.2510788,17.62,aem_complex,tram,1,synthetic_gps
2026-05-29 18:38:10,45.7419205,21.2511292,25.62,aem_complex,tram,1,synthetic_gps
2026-05-29 18:38:11,45.7419068,21.251131,17.62,aem_complex,tram,1,synthetic_gps
2026-05-29 18:38:12,45.7418408,21.2510491,13.4,aem_complex,tram,1,synthetic_gps
2026-05-29 18:38:13,45.7418542,21.2510882,21.21,aem_complex,tram,1,synthetic_gps
2026-05-29 18:38:14,45.7419655,21.2510974,19.96,aem_complex,tram,1,synthetic_gps
2026-05-29 18:38:15,45.7420053,21.2510568,18.6,aem_complex,tram,1,synthetic_gps
2026-05-29 18:38:16,45.7420255,21.2510815,26.6,aem_complex,tram,1,synthetic_gps
2026-05-29 18:38:17,45.7419617,21.2510054,18.6,aem_complex,tram,1,synthetic_gps
2026-05-29 18:38:18,45.742004,21.25091,15.82,aem_complex,tram,1,synthetic_gps
2026-05-29 18:38:19,45.7419479,21.2509438,7.82,aem_complex,tram,1,synthetic_gps
2026-05-29 18:38:20,45.7419561,21.2509968,15.82,aem_complex,tram,1,synthetic_gps
2026-05-29 18:38:21,45.7420607,21.2509425,14.23,aem_complex,tram,1,synthetic_gps
2026-05-29 18:38:22,45.7420158,21.2510252,15.7,aem_complex,tram,1,synthetic_gps
2026-05-29 18:38:23,45.7419698,21.2509156,14.72,aem_complex,tram,1,synthetic_gps
2026-05-29 18:38:24,45.74203,21.2508238,13.88,aem_complex,tram,1,synthetic_gps
2026-05-29 18:38:25,45.7420622,21.2509271,19.65,aem_complex,tram,1,synthetic_gps
2026-05-29 18:38:26,45.7420072,21.2508238,27.65,aem_complex,tram,1,synthetic_gps
2026-05-29 18:38:27,45.742123,21.2508198,19.65,aem_complex,tram,1,synthetic_gps
2026-05-29 18:38:28,45.7420507,21.2508563,13.54,aem_complex,tram,1,synthetic_gps
2026-05-29 18:38:29,45.7421043,21.2508544,21.54,aem_complex,tram,1,synthetic_gps
2026-05-29 18:38:30,45.7419846,21.2507457,24.31,aem_complex,tram,1,synthetic_gps
2026-05-29 18:38:31,45.7420167,21.2507909,19.9,aem_complex,tram,1,synthetic_gps
2026-05-29 18:38:32,45.7420728,21.2507235,11.9,aem_complex,tram,1,synthetic_gps
2026-05-29 18:38:33,45.7420536,21.2506767,19.9,aem_complex,tram,1,synthetic_gps
2026-05-29 18:38:34,45.7421654,21.2507437,17.39,aem_complex,tram,1,synthetic_gps
2026-05-29 18:38:35,45.7420393,21.2506873,12.09,aem_complex,tram,1,synthetic_gps
2026-05-29 18:38:36,45.7420549,21.2507805,19.71,aem_complex,tram,1,synthetic_gps
2026-05-29 18:38:37,45.7421252,21.2506708,27.04,aem_complex,tram,1,synthetic_gps
2026-05-29 18:38:38,45.7421069,21.250701,19.04,aem_complex,tram,1,synthetic_gps
2026-05-29 18:38:39,45.7421589,21.2506028,27.04,aem_complex,tram,1,synthetic_gps
2026-05-29 18:38:40,45.7421993,21.2506578,19.04,aem_complex,tram,1,synthetic_gps
2026-05-29 18:38:41,45.7421183,21.2505939,27.04,aem_complex,tram,1,synthetic_gps
2026-05-29 18:38:42,45.7420753,21.2505673,19.04,aem_complex,tram,1,synthetic_gps
2026-05-29 18:38:43,45.7421337,21.2506061,11.04,aem_complex,tram,1,synthetic_gps
2026-05-29 18:38:44,45.7422269,21.2505479,19.04,aem_complex,tram,1,synthetic_gps
2026-05-29 18:38:45,45.7421378,21.2505459,16.85,aem_complex,tram,1,synthetic_gps
2026-05-29 18:38:46,45.7421996,21.2505239,18.51,aem_complex,tram,1,synthetic_gps
2026-05-29 18:38:47,45.7422036,21.2504533,19.68,aem_complex,tram,1,synthetic_gps
2026-05-29 18:38:48,45.7422413,21.2504982,11.68,aem_complex,tram,1,synthetic_gps
2026-05-29 18:38:49,45.7422139,21.2505385,9.05,aem_complex,tram,1,synthetic_gps
2026-05-29 18:38:50,45.7421931,21.2504513,17.05,aem_complex,tram,1,synthetic_gps
2026-05-29 18:38:51,45.7421718,21.2504431,22.44,aem_complex,tram,1,synthetic_gps
2026-05-29 18:38:52,45.7422277,21.2505149,17.5,aem_complex,tram,1,synthetic_gps
2026-05-29 18:38:53,45.7422591,21.2503127,9.5,aem_complex,tram,1,synthetic_gps
2026-05-29 18:38:54,45.7423,21.2502715,17.5,aem_complex,tram,1,synthetic_gps
2026-05-29 18:38:55,45.7421815,21.2503178,21.78,aem_complex,tram,1,synthetic_gps
2026-05-29 18:38:56,45.7422306,21.2503899,24.57,aem_complex,tram,1,synthetic_gps
2026-05-29 18:38:57,45.742267,21.2503369,16.57,aem_complex,tram,1,synthetic_gps
2026-05-29 18:38:58,45.7422749,21.2503267,24.57,aem_complex,tram,1,synthetic_gps
2026-05-29 18:38:59,45.7422691,21.2503348,16.57,aem_complex,tram,1,synthetic_gps
2026-05-29 18:39:00,45.742324,21.250339,8.57,aem_complex,tram,1,synthetic_gps
2026-05-29 18:39:01,45.7422967,21.2502776,0.87,aem_complex,tram,1,synthetic_gps
2026-05-29 18:39:02,45.7422353,21.2502673,0.96,aem_complex,tram,1,synthetic_gps
2026-05-29 18:39:03,45.7422874,21.2501249,0.93,aem_complex,tram,1,synthetic_gps
2026-05-29 18:39:04,45.742292,21.2501172,0.78,aem_complex,tram,1,synthetic_gps
2026-05-29 18:39:05,45.7422875,21.250241,1.6,aem_complex,tram,1,synthetic_gps
2026-05-29 18:39:06,45.7422943,21.2501879,1.44,aem_complex,tram,1,synthetic_gps
2026-05-29 18:39:07,45.7423475,21.2501431,2.1,aem_complex,tram,1,synthetic_gps
2026-05-29 18:39:08,45.7423257,21.2501262,0.78,aem_complex,tram,1,synthetic_gps
2026-05-29 18:39:09,45.7423842,21.2500616,0.0,aem_complex,tram,1,synthetic_gps
2026-05-29 18:39:10,45.7422947,21.2500838,0.59,aem_complex,tram,1,synthetic_gps
2026-05-29 18:39:11,45.7423716,21.2500706,1.26,aem_complex,tram,1,synthetic_gps
2026-05-29 18:39:12,45.7424485,21.2501007,0.74,aem_complex,tram,1,synthetic_gps
2026-05-29 18:39:13,45.7423701,21.250065,1.01,aem_complex,tram,1,synthetic_gps
2026-05-29 18:39:14,45.742284,21.2499847,0.81,aem_complex,tram,1,synthetic_gps
2026-05-29 18:39:15,45.7423011,21.2499485,0.77,aem_complex,tram,1,synthetic_gps
2026-05-29 18:39:16,45.7424172,21.2499971,0.79,aem_complex,tram,1,synthetic_gps
2026-05-29 18:39:17,45.7423448,21.2499599,1.76,aem_complex,tram,1,synthetic_gps
2026-05-29 18:39:18,45.7423654,21.2498603,9.76,aem_complex,tram,1,synthetic_gps
2026-05-29 18:39:19,45.7423937,21.2498923,17.76,aem_complex,tram,1,synthetic_gps
2026-05-29 18:39:20,45.7423762,21.2498992,16.16,aem_complex,tram,1,synthetic_gps
2026-05-29 18:39:21,45.7424469,21.2499816,24.16,aem_complex,tram,1,synthetic_gps
2026-05-29 18:39:22,45.7423771,21.2498852,18.61,aem_complex,tram,1,synthetic_gps
2026-05-29 18:39:23,45.7424472,21.2498268,23.85,aem_complex,tram,1,synthetic_gps
2026-05-29 18:39:24,45.7423908,21.2498462,28.28,aem_complex,tram,1,synthetic_gps
2026-05-29 18:39:25,45.742507,21.2497822,20.28,aem_complex,tram,1,synthetic_gps
2026-05-29 18:39:26,45.742412,21.2497965,20.03,aem_complex,tram,1,synthetic_gps
2026-05-29 18:39:27,45.7424931,21.2497775,25.51,aem_complex,tram,1,synthetic_gps
2026-05-29 18:39:28,45.7424666,21.2497567,25.13,aem_complex,tram,1,synthetic_gps
2026-05-29 18:39:29,45.742484,21.2496816,28.32,aem_complex,tram,1,synthetic_gps
2026-05-29 18:39:30,45.7424451,21.2495948,26.34,aem_complex,tram,1,synthetic_gps
2026-05-29 18:39:31,45.7425306,21.2496732,20.76,aem_complex,tram,1,synthetic_gps
2026-05-29 18:39:32,45.7424921,21.2497176,15.58,aem_complex,tram,1,synthetic_gps
2026-05-29 18:39:33,45.7425149,21.2497005,15.85,aem_complex,tram,1,synthetic_gps
2026-05-29 18:39:34,45.7424956,21.2496211,21.19,aem_complex,tram,1,synthetic_gps
2026-05-29 18:39:35,45.7425086,21.2496596,22.34,aem_complex,tram,1,synthetic_gps
2026-05-29 18:39:36,45.7424782,21.2496192,14.34,aem_complex,tram,1,synthetic_gps
2026-05-29 18:39:37,45.7425696,21.249535,17.68,aem_complex,tram,1,synthetic_gps
2026-05-29 18:39:38,45.7425799,21.24954,25.68,aem_complex,tram,1,synthetic_gps
2026-05-29 18:39:39,45.7425918,21.2496182,18.25,aem_complex,tram,1,synthetic_gps
2026-05-29 18:39:40,45.7425608,21.2495782,19.61,aem_complex,tram,1,synthetic_gps
2026-05-29 18:39:41,45.7426274,21.249479,24.35,aem_complex,tram,1,synthetic_gps
2026-05-29 18:39:42,45.7425682,21.2494948,22.7,aem_complex,tram,1,synthetic_gps
2026-05-29 18:39:43,45.7425156,21.249481,28.16,aem_complex,tram,1,synthetic_gps
2026-05-29 18:39:44,45.7424963,21.2494934,20.16,aem_complex,tram,1,synthetic_gps
2026-05-29 18:39:45,45.7425397,21.249532,25.03,aem_complex,tram,1,synthetic_gps
2026-05-29 18:39:46,45.7425672,21.2494577,17.55,aem_complex,tram,1,synthetic_gps
2026-05-29 18:39:47,45.7427199,21.2493452,25.55,aem_complex,tram,1,synthetic_gps
2026-05-29 18:39:48,45.7425851,21.249432,22.91,aem_complex,tram,1,synthetic_gps
2026-05-29 18:39:49,45.7426214,21.2494183,14.91,aem_complex,tram,1,synthetic_gps
2026-05-29 18:39:50,45.7425545,21.2493429,14.12,aem_complex,tram,1,synthetic_gps
2026-05-29 18:39:51,45.7426118,21.2493412,6.71,aem_complex,tram,1,synthetic_gps
2026-05-29 18:39:52,45.742638,21.2493856,13.07,aem_complex,tram,1,synthetic_gps
2026-05-29 18:39:53,45.7426458,21.2492915,16.42,aem_complex,tram,1,synthetic_gps
2026-05-29 18:39:54,45.742612,21.2493323,13.84,aem_complex,tram,1,synthetic_gps
2026-05-29 18:39:55,45.7426864,21.2493067,12.85,aem_complex,tram,1,synthetic_gps
2026-05-29 18:39:56,45.7427189,21.2491853,20.85,aem_complex,tram,1,synthetic_gps
2026-05-29 18:39:57,45.7426649,21.2492107,12.85,aem_complex,tram,1,synthetic_gps
2026-05-29 18:39:58,45.7426246,21.249296,20.85,aem_complex,tram,1,synthetic_gps
2026-05-29 18:39:59,45.7426376,21.2492557,17.72,aem_complex,tram,1,synthetic_gps
2026-05-29 18:40:00,45.7427193,21.2491624,12.97,aem_complex,tram,1,synthetic_gps
2026-05-29 18:40:01,45.7426984,21.2491449,20.97,aem_complex,tram,1,synthetic_gps
2026-05-29 18:40:02,45.7427211,21.2492402,25.98,aem_complex,tram,1,synthetic_gps
2026-05-29 18:40:03,45.7427365,21.2490948,17.98,aem_complex,tram,1,synthetic_gps
2026-05-29 18:40:04,45.7427125,21.2491286,25.98,aem_complex,tram,1,synthetic_gps
2026-05-29 18:40:05,45.7427219,21.2490615,17.98,aem_complex,tram,1,synthetic_gps
2026-05-29 18:40:06,45.7427617,21.2491296,21.0,aem_complex,tram,1,synthetic_gps
2026-05-29 18:40:07,45.7427342,21.2490984,22.52,aem_complex,tram,1,synthetic_gps
2026-05-29 18:40:08,45.742742,21.2490084,20.11,aem_complex,tram,1,synthetic_gps
2026-05-29 18:40:09,45.7427757,21.2490761,24.6,aem_complex,tram,1,synthetic_gps
2026-05-29 18:40:10,45.7427031,21.2489963,22.78,aem_complex,tram,1,synthetic_gps
2026-05-29 18:40:11,45.7427638,21.2490226,28.02,aem_complex,tram,1,synthetic_gps
2026-05-29 18:40:12,45.7429031,21.2490372,20.02,aem_complex,tram,1,synthetic_gps
2026-05-29 18:40:13,45.7427792,21.2490606,12.02,aem_complex,tram,1,synthetic_gps
2026-05-29 18:40:14,45.7428165,21.2489056,14.99,aem_complex,tram,1,synthetic_gps
2026-05-29 18:40:15,45.7428516,21.2490172,22.99,aem_complex,tram,1,synthetic_gps
2026-05-29 18:40:16,45.7428203,21.2489733,27.64,aem_complex,tram,1,synthetic_gps
2026-05-29 18:40:17,45.7428907,21.2488672,19.64,aem_complex,tram,1,synthetic_gps
2026-05-29 18:40:18,45.7427924,21.2488847,14.66,aem_complex,tram,1,synthetic_gps
2026-05-29 18:40:19,45.7427964,21.2488432,12.91,aem_complex,tram,1,synthetic_gps
2026-05-29 18:40:20,45.7428366,21.248817,18.91,aem_complex,tram,1,synthetic_gps
2026-05-29 18:40:21,45.7427429,21.2488474,23.35,aem_complex,tram,1,synthetic_gps
2026-05-29 18:40:22,45.7428755,21.2488355,15.35,aem_complex,tram,1,synthetic_gps
2026-05-29 18:40:23,45.7428321,21.2488432,23.35,aem_complex,tram,1,synthetic_gps
2026-05-29 18:40:24,45.7428917,21.248803,22.56,aem_complex,tram,1,synthetic_gps
2026-05-29 18:40:25,45.7429869,21.2487532,21.1,aem_complex,tram,1,synthetic_gps
2026-05-29 18:40:26,45.7428186,21.2487562,16.73,aem_complex,tram,1,synthetic_gps
2026-05-29 18:40:27,45.7428929,21.2487816,12.56,aem_complex,tram,1,synthetic_gps
2026-05-29 18:40:28,45.7429446,21.2487828,20.56,aem_complex,tram,1,synthetic_gps
2026-05-29 18:40:29,45.7429449,21.2487485,12.56,aem_complex,tram,1,synthetic_gps
2026-05-29 18:40:30,45.7428834,21.2486324,14.22,aem_complex,tram,1,synthetic_gps
2026-05-29 18:40:31,45.7429403,21.2487119,22.22,aem_complex,tram,1,synthetic_gps
2026-05-29 18:40:32,45.7429473,21.248614,27.34,aem_complex,tram,1,synthetic_gps
2026-05-29 18:40:33,45.7430446,21.2487041,19.34,aem_complex,tram,1,synthetic_gps
2026-05-29 18:40:34,45.7429305,21.2486227,18.93,aem_complex,tram,1,synthetic_gps
2026-05-29 18:40:35,45.742963,21.2486308,18.95,aem_complex,tram,1,synthetic_gps
2026-05-29 18:40:36,45.7430163,21.2485954,14.32,aem_complex,tram,1,synthetic_gps
2026-05-29 18:40:37,45.7429656,21.2485494,22.32,aem_complex,tram,1,synthetic_gps
2026-05-29 18:40:38,45.7430318,21.248448,27.31,aem_complex,tram,1,synthetic_gps
2026-05-29 18:40:39,45.7430516,21.2484794,19.31,aem_complex,tram,1,synthetic_gps
2026-05-29 18:40:40,45.7429719,21.2485261,23.74,aem_complex,tram,1,synthetic_gps
2026-05-29 18:40:41,45.7429759,21.2484071,15.74,aem_complex,tram,1,synthetic_gps
2026-05-29 18:40:42,45.7430083,21.248436,12.88,aem_complex,tram,1,synthetic_gps
2026-05-29 18:40:43,45.7430437,21.248437,20.88,aem_complex,tram,1,synthetic_gps
2026-05-29 18:40:44,45.7429947,21.2483603,24.25,aem_complex,tram,1,synthetic_gps
2026-05-29 18:40:45,45.7431085,21.2484295,16.25,aem_complex,tram,1,synthetic_gps
2026-05-29 18:40:46,45.7430165,21.2484748,23.21,aem_complex,tram,1,synthetic_gps
2026-05-29 18:40:47,45.7429688,21.2484067,26.68,aem_complex,tram,1,synthetic_gps
2026-05-29 18:40:48,45.7430521,21.2483683,19.31,aem_complex,tram,1,synthetic_gps
2026-05-29 18:40:49,45.743095,21.2483681,25.34,aem_complex,tram,1,synthetic_gps
2026-05-29 18:40:50,45.743105,21.2483303,21.19,aem_complex,tram,1,synthetic_gps
2026-05-29 18:40:51,45.7431181,21.2483295,13.19,aem_complex,tram,1,synthetic_gps
2026-05-29 18:40:52,45.7430224,21.2483206,21.19,aem_complex,tram,1,synthetic_gps
2026-05-29 18:40:53,45.7430653,21.2482757,26.11,aem_complex,tram,1,synthetic_gps
2026-05-29 18:40:54,45.7430902,21.2482687,18.11,aem_complex,tram,1,synthetic_gps
2026-05-29 18:40:55,45.7431864,21.2482504,24.35,aem_complex,tram,1,synthetic_gps
2026-05-29 18:40:56,45.7431448,21.2482802,31.23,aem_complex,tram,1,synthetic_gps
2026-05-29 18:40:57,45.7431411,21.248211,23.23,aem_complex,tram,1,synthetic_gps
2026-05-29 18:40:58,45.7431887,21.2482554,16.55,aem_complex,tram,1,synthetic_gps
2026-05-29 18:40:59,45.7431272,21.2481573,21.73,aem_complex,tram,1,synthetic_gps
2026-05-29 18:41:00,45.7430504,21.2481788,15.25,aem_complex,tram,1,synthetic_gps
2026-05-29 18:41:01,45.7431676,21.2481664,18.95,aem_complex,tram,1,synthetic_gps
2026-05-29 18:41:02,45.7431645,21.2480853,19.96,aem_complex,tram,1,synthetic_gps
2026-05-29 18:41:03,45.7431704,21.2481592,21.49,aem_complex,tram,1,synthetic_gps
2026-05-29 18:41:04,45.7432358,21.2481301,14.41,aem_complex,tram,1,synthetic_gps
2026-05-29 18:41:05,45.7431908,21.2480069,12.99,aem_complex,tram,1,synthetic_gps
2026-05-29 18:41:06,45.7431879,21.2480736,20.99,aem_complex,tram,1,synthetic_gps
2026-05-29 18:41:07,45.7431278,21.2480659,21.44,aem_complex,tram,1,synthetic_gps
2026-05-29 18:41:08,45.743163,21.2480394,18.75,aem_complex,tram,1,synthetic_gps
2026-05-29 18:41:09,45.74318,21.2479643,13.34,aem_complex,tram,1,synthetic_gps
2026-05-29 18:41:10,45.7432387,21.2480459,21.34,aem_complex,tram,1,synthetic_gps
2026-05-29 18:41:11,45.7431799,21.2480439,20.66,aem_complex,tram,1,synthetic_gps
2026-05-29 18:41:12,45.7432206,21.2479088,16.94,aem_complex,tram,1,synthetic_gps
2026-05-29 18:41:13,45.7432833,21.2479744,17.81,aem_complex,tram,1,synthetic_gps
2026-05-29 18:41:14,45.743401,21.2479665,16.85,aem_complex,tram,1,synthetic_gps
2026-05-29 18:41:15,45.7433562,21.2479485,18.63,aem_complex,tram,1,synthetic_gps
2026-05-29 18:41:16,45.7432741,21.2479979,26.63,aem_complex,tram,1,synthetic_gps
2026-05-29 18:41:17,45.7432608,21.247889,20.18,aem_complex,tram,1,synthetic_gps
2026-05-29 18:41:18,45.7433045,21.2478893,27.18,aem_complex,tram,1,synthetic_gps
2026-05-29 18:41:19,45.7433143,21.2478902,19.18,aem_complex,tram,1,synthetic_gps
2026-05-29 18:41:20,45.7432761,21.2478534,19.83,aem_complex,tram,1,synthetic_gps
2026-05-29 18:41:21,45.7432778,21.2477453,20.59,aem_complex,tram,1,synthetic_gps
2026-05-29 18:41:22,45.7433031,21.2478165,24.12,aem_complex,tram,1,synthetic_gps
2026-05-29 18:41:23,45.7433726,21.2477731,19.88,aem_complex,tram,1,synthetic_gps
2026-05-29 18:41:24,45.7434072,21.2477416,21.83,aem_complex,tram,1,synthetic_gps
2026-05-29 18:41:25,45.7433339,21.2477887,15.14,aem_complex,tram,1,synthetic_gps
2026-05-29 18:41:26,45.7433153,21.2477964,23.07,aem_complex,tram,1,synthetic_gps
2026-05-29 18:41:27,45.7432792,21.2476983,20.1,aem_complex,tram,1,synthetic_gps
2026-05-29 18:41:28,45.7434277,21.2477356,12.48,aem_complex,tram,1,synthetic_gps
2026-05-29 18:41:29,45.7433807,21.2477052,19.62,aem_complex,tram,1,synthetic_gps
2026-05-29 18:41:30,45.7433438,21.2476948,11.62,aem_complex,tram,1,synthetic_gps
2026-05-29 18:41:31,45.7434944,21.2476686,19.04,aem_complex,tram,1,synthetic_gps
2026-05-29 18:41:32,45.7433713,21.247654,17.86,aem_complex,tram,1,synthetic_gps
2026-05-29 18:41:33,45.7434601,21.2476962,25.86,aem_complex,tram,1,synthetic_gps
2026-05-29 18:41:34,45.7434315,21.2476278,17.86,aem_complex,tram,1,synthetic_gps
2026-05-29 18:41:35,45.7433523,21.2476219,18.86,aem_complex,tram,1,synthetic_gps
2026-05-29 18:41:36,45.7433463,21.2476036,11.77,aem_complex,tram,1,synthetic_gps
2026-05-29 18:41:37,45.7434099,21.2475055,19.77,aem_complex,tram,1,synthetic_gps
2026-05-29 18:41:38,45.743387,21.2475971,27.77,aem_complex,tram,1,synthetic_gps
2026-05-29 18:41:39,45.7434491,21.2475317,20.8,aem_complex,tram,1,synthetic_gps
2026-05-29 18:41:40,45.7433989,21.2475567,12.8,aem_complex,tram,1,synthetic_gps
2026-05-29 18:41:41,45.7434284,21.247509,15.75,aem_complex,tram,1,synthetic_gps
2026-05-29 18:41:42,45.7435031,21.2475162,17.95,aem_complex,tram,1,synthetic_gps
2026-05-29 18:41:43,45.7434716,21.2474248,15.13,aem_complex,tram,1,synthetic_gps
2026-05-29 18:41:44,45.7434023,21.2474988,11.79,aem_complex,tram,1,synthetic_gps
2026-05-29 18:41:45,45.7434923,21.2474392,14.22,aem_complex,tram,1,synthetic_gps
2026-05-29 18:41:46,45.7433711,21.2474557,22.22,aem_complex,tram,1,synthetic_gps
2026-05-29 18:41:47,45.7434651,21.2474513,30.22,aem_complex,tram,1,synthetic_gps
2026-05-29 18:41:48,45.7435771,21.2473561,27.2,aem_complex,tram,1,synthetic_gps
2026-05-29 18:41:49,45.7435307,21.2474812,19.2,aem_complex,tram,1,synthetic_gps
2026-05-29 18:41:50,45.7434957,21.2473903,27.2,aem_complex,tram,1,synthetic_gps
2026-05-29 18:41:51,45.7435542,21.2473284,19.2,aem_complex,tram,1,synthetic_gps
2026-05-29 18:41:52,45.7435354,21.2473463,11.36,aem_complex,tram,1,synthetic_gps
2026-05-29 18:41:53,45.7436241,21.2473003,19.36,aem_complex,tram,1,synthetic_gps
2026-05-29 18:41:54,45.7434542,21.2473934,20.74,aem_complex,tram,1,synthetic_gps
2026-05-29 18:41:55,45.7435295,21.2472327,12.86,aem_complex,tram,1,synthetic_gps
2026-05-29 18:41:56,45.743499,21.2473102,17.72,aem_complex,tram,1,synthetic_gps
2026-05-29 18:41:57,45.7435638,21.2472322,13.92,aem_complex,tram,1,synthetic_gps
2026-05-29 18:41:58,45.7435219,21.2472344,16.86,aem_complex,tram,1,synthetic_gps
2026-05-29 18:41:59,45.7435845,21.2472591,17.84,aem_complex,tram,1,synthetic_gps
2026-05-29 18:42:00,45.7435443,21.24714,9.84,aem_complex,tram,1,synthetic_gps
2026-05-29 18:42:01,45.7436248,21.2472812,1.84,aem_complex,tram,1,synthetic_gps
2026-05-29 18:42:02,45.7436133,21.2471614,0.8,aem_complex,tram,1,synthetic_gps
2026-05-29 18:42:03,45.7436505,21.2471198,1.26,aem_complex,tram,1,synthetic_gps
2026-05-29 18:42:04,45.7435733,21.2472136,0.33,aem_complex,tram,1,synthetic_gps
2026-05-29 18:42:05,45.7436697,21.2471826,1.5,aem_complex,tram,1,synthetic_gps
2026-05-29 18:42:06,45.7435288,21.2471255,1.8,aem_complex,tram,1,synthetic_gps
2026-05-29 18:42:07,45.7435461,21.2470263,2.59,aem_complex,tram,1,synthetic_gps
2026-05-29 18:42:08,45.7436989,21.2470633,0.48,aem_complex,tram,1,synthetic_gps
2026-05-29 18:42:09,45.7436437,21.247171,0.84,aem_complex,tram,1,synthetic_gps
2026-05-29 18:42:10,45.7436514,21.247057,1.56,aem_complex,tram,1,synthetic_gps
2026-05-29 18:42:11,45.7436748,21.2470091,0.85,aem_complex,tram,1,synthetic_gps
2026-05-29 18:42:12,45.7437413,21.2470334,1.61,aem_complex,tram,1,synthetic_gps
2026-05-29 18:42:13,45.7435573,21.2469923,1.31,aem_complex,tram,1,synthetic_gps
2026-05-29 18:42:14,45.7437099,21.2470211,0.11,aem_complex,tram,1,synthetic_gps
2026-05-29 18:42:15,45.7436257,21.2470046,0.39,aem_complex,tram,1,synthetic_gps
2026-05-29 18:42:16,45.7437354,21.2469426,2.02,aem_complex,tram,1,synthetic_gps
2026-05-29 18:42:17,45.7437612,21.2469528,1.4,aem_complex,tram,1,synthetic_gps
2026-05-29 18:42:18,45.7437921,21.2468764,9.4,aem_complex,tram,1,synthetic_gps
2026-05-29 18:42:19,45.743726,21.2469388,10.77,aem_complex,tram,1,synthetic_gps
2026-05-29 18:42:20,45.7437264,21.2468963,18.77,aem_complex,tram,1,synthetic_gps
2026-05-29 18:42:21,45.7437686,21.2469488,18.85,aem_complex,tram,1,synthetic_gps
2026-05-29 18:42:22,45.7438051,21.2469237,13.63,aem_complex,tram,1,synthetic_gps
2026-05-29 18:42:23,45.743748,21.2468918,15.95,aem_complex,tram,1,synthetic_gps
2026-05-29 18:42:24,45.7437008,21.2468624,22.95,aem_complex,tram,1,synthetic_gps
2026-05-29 18:42:25,45.743778,21.2468625,19.31,aem_complex,tram,1,synthetic_gps
2026-05-29 18:42:26,45.7437371,21.2467521,17.33,aem_complex,tram,1,synthetic_gps
2026-05-29 18:42:27,45.743789,21.2467955,16.64,aem_complex,tram,1,synthetic_gps
2026-05-29 18:42:28,45.7437919,21.2467329,8.64,aem_complex,tram,1,synthetic_gps
2026-05-29 18:42:29,45.7437797,21.2467368,16.64,aem_complex,tram,1,synthetic_gps
2026-05-29 18:42:30,45.7438781,21.2467832,22.25,aem_complex,tram,1,synthetic_gps
2026-05-29 18:42:31,45.7438357,21.2466873,20.95,aem_complex,tram,1,synthetic_gps
2026-05-29 18:42:32,45.7437574,21.2466466,15.01,aem_complex,tram,1,synthetic_gps
2026-05-29 18:42:33,45.743874,21.2466475,13.39,aem_complex,tram,1,synthetic_gps
2026-05-29 18:42:34,45.7438557,21.2466676,21.39,aem_complex,tram,1,synthetic_gps
2026-05-29 18:42:35,45.7437727,21.2466442,20.87,aem_complex,tram,1,synthetic_gps
2026-05-29 18:42:36,45.7438306,21.2465722,12.87,aem_complex,tram,1,synthetic_gps
2026-05-29 18:42:37,45.74387,21.2466084,16.96,aem_complex,tram,1,synthetic_gps
2026-05-29 18:42:38,45.7438855,21.2466175,24.96,aem_complex,tram,1,synthetic_gps
2026-05-29 18:42:39,45.7439523,21.2465858,32.96,aem_complex,tram,1,synthetic_gps
2026-05-29 18:42:40,45.743991,21.2465415,24.96,aem_complex,tram,1,synthetic_gps
2026-05-29 18:42:41,45.7439415,21.246617,20.56,aem_complex,tram,1,synthetic_gps
2026-05-29 18:42:42,45.7439257,21.2464719,12.92,aem_complex,tram,1,synthetic_gps
2026-05-29 18:42:43,45.7438971,21.2465258,15.02,aem_complex,tram,1,synthetic_gps
2026-05-29 18:42:44,45.7439026,21.2464695,23.02,aem_complex,tram,1,synthetic_gps
2026-05-29 18:42:45,45.7438413,21.2464742,29.81,aem_complex,tram,1,synthetic_gps
2026-05-29 18:42:46,45.7440094,21.2465125,23.17,aem_complex,tram,1,synthetic_gps
2026-05-29 18:42:47,45.7439855,21.246425,15.17,aem_complex,tram,1,synthetic_gps
2026-05-29 18:42:48,45.7439838,21.2464322,17.6,aem_complex,tram,1,synthetic_gps
2026-05-29 18:42:49,45.7439615,21.2465036,18.28,aem_complex,tram,1,synthetic_gps
2026-05-29 18:42:50,45.7439691,21.2463946,10.28,aem_complex,tram,1,synthetic_gps
2026-05-29 18:42:51,45.7439617,21.2463833,17.34,aem_complex,tram,1,synthetic_gps
2026-05-29 18:42:52,45.7439743,21.2463271,14.51,aem_complex,tram,1,synthetic_gps
2026-05-29 18:42:53,45.7439536,21.2463872,6.8,aem_complex,tram,1,synthetic_gps
2026-05-29 18:42:54,45.7440257,21.2463577,14.8,aem_complex,tram,1,synthetic_gps
2026-05-29 18:42:55,45.7440048,21.2462702,6.8,aem_complex,tram,1,synthetic_gps
2026-05-29 18:42:56,45.7440623,21.246339,11.5,aem_complex,tram,1,synthetic_gps
2026-05-29 18:42:57,45.743979,21.2463998,16.98,aem_complex,tram,1,synthetic_gps
2026-05-29 18:42:58,45.7439683,21.2462251,24.98,aem_complex,tram,1,synthetic_gps
2026-05-29 18:42:59,45.7440673,21.2462237,32.61,aem_complex,tram,1,synthetic_gps
2026-05-29 18:43:00,45.743994,21.2462284,24.61,aem_complex,tram,1,synthetic_gps
2026-05-29 18:43:01,45.7440143,21.246274,20.95,aem_complex,tram,1,synthetic_gps
2026-05-29 18:43:02,45.7440218,21.2461868,13.87,aem_complex,tram,1,synthetic_gps
2026-05-29 18:43:03,45.744053,21.2462323,17.97,aem_complex,tram,1,synthetic_gps
2026-05-29 18:43:04,45.7440669,21.2462375,11.25,aem_complex,tram,1,synthetic_gps
2026-05-29 18:43:05,45.74404,21.2461816,12.55,aem_complex,tram,1,synthetic_gps
2026-05-29 18:43:06,45.7441343,21.2462205,20.55,aem_complex,tram,1,synthetic_gps
2026-05-29 18:43:07,45.7440461,21.2461569,22.58,aem_complex,tram,1,synthetic_gps
2026-05-29 18:43:08,45.7441104,21.2461667,24.11,aem_complex,tram,1,synthetic_gps
2026-05-29 18:43:09,45.7440462,21.2460457,24.49,aem_complex,tram,1,synthetic_gps
2026-05-29 18:43:10,45.7440761,21.2461058,18.43,aem_complex,tram,1,synthetic_gps
2026-05-29 18:43:11,45.7440554,21.246019,10.43,aem_complex,tram,1,synthetic_gps
2026-05-29 18:43:12,45.7441457,21.2460423,18.43,aem_complex,tram,1,synthetic_gps
2026-05-29 18:43:13,45.7441221,21.246045,10.43,aem_complex,tram,1,synthetic_gps
2026-05-29 18:43:14,45.744072,21.245998,7.38,aem_complex,tram,1,synthetic_gps
2026-05-29 18:43:15,45.7441404,21.2459772,15.23,aem_complex,tram,1,synthetic_gps
2026-05-29 18:43:16,45.744099,21.2460285,21.26,aem_complex,tram,1,synthetic_gps
2026-05-29 18:43:17,45.7441566,21.2459113,23.11,aem_complex,tram,1,synthetic_gps
2026-05-29 18:43:18,45.7441425,21.2459717,15.11,aem_complex,tram,1,synthetic_gps
2026-05-29 18:43:19,45.7440773,21.2460085,20.88,aem_complex,tram,1,synthetic_gps
2026-05-29 18:43:20,45.7441961,21.2458784,18.0,aem_complex,tram,1,synthetic_gps
2026-05-29 18:43:21,45.7441748,21.2458678,19.58,aem_complex,tram,1,synthetic_gps
2026-05-29 18:43:22,45.7441658,21.2458894,26.84,aem_complex,tram,1,synthetic_gps
2026-05-29 18:43:23,45.7442173,21.2458436,20.19,aem_complex,tram,1,synthetic_gps
2026-05-29 18:43:24,45.7442189,21.2458745,24.75,aem_complex,tram,1,synthetic_gps
2026-05-29 18:43:25,45.7442231,21.2458228,16.89,aem_complex,tram,1,synthetic_gps
2026-05-29 18:43:26,45.7441455,21.24585,21.19,aem_complex,tram,1,synthetic_gps
2026-05-29 18:43:27,45.7442264,21.2457769,24.49,aem_complex,tram,1,synthetic_gps
2026-05-29 18:43:28,45.7442087,21.2458784,16.49,aem_complex,tram,1,synthetic_gps
2026-05-29 18:43:29,45.7443221,21.2458002,24.49,aem_complex,tram,1,synthetic_gps
2026-05-29 18:43:30,45.7441837,21.2457624,29.09,aem_complex,tram,1,synthetic_gps
2026-05-29 18:43:31,45.7443586,21.2456903,21.09,aem_complex,tram,1,synthetic_gps
2026-05-29 18:43:32,45.744304,21.2456835,24.19,aem_complex,tram,1,synthetic_gps
2026-05-29 18:43:33,45.744283,21.2456758,22.34,aem_complex,tram,1,synthetic_gps
2026-05-29 18:43:34,45.7442852,21.2457035,14.34,aem_complex,tram,1,synthetic_gps
2026-05-29 18:43:35,45.744305,21.2456303,22.34,aem_complex,tram,1,synthetic_gps
2026-05-29 18:43:36,45.7443235,21.2456591,30.34,aem_complex,tram,1,synthetic_gps
2026-05-29 18:43:37,45.7443236,21.245626,22.64,aem_complex,tram,1,synthetic_gps
2026-05-29 18:43:38,45.7442901,21.2456371,14.64,aem_complex,tram,1,synthetic_gps
2026-05-29 18:43:39,45.7443318,21.2455677,12.98,aem_complex,tram,1,synthetic_gps
2026-05-29 18:43:40,45.744321,21.2456724,12.34,aem_complex,tram,1,synthetic_gps
2026-05-29 18:43:41,45.7443927,21.2455844,20.18,aem_complex,tram,1,synthetic_gps
2026-05-29 18:43:42,45.74432,21.2455985,23.66,aem_complex,tram,1,synthetic_gps
2026-05-29 18:43:43,45.7443609,21.2455637,18.4,aem_complex,tram,1,synthetic_gps
2026-05-29 18:43:44,45.7443516,21.245545,10.4,aem_complex,tram,1,synthetic_gps
2026-05-29 18:43:45,45.7443789,21.2455145,14.3,aem_complex,tram,1,synthetic_gps
2026-05-29 18:43:46,45.7444725,21.2455178,12.61,aem_complex,tram,1,synthetic_gps
2026-05-29 18:43:47,45.7443529,21.2455056,7.71,aem_complex,tram,1,synthetic_gps
2026-05-29 18:43:48,45.7443998,21.245444,15.71,aem_complex,tram,1,synthetic_gps
2026-05-29 18:43:49,45.7443861,21.2454843,14.86,aem_complex,tram,1,synthetic_gps
2026-05-29 18:43:50,45.7443724,21.2453927,16.27,aem_complex,tram,1,synthetic_gps
2026-05-29 18:43:51,45.744492,21.2453989,13.57,aem_complex,tram,1,synthetic_gps
2026-05-29 18:43:52,45.7443335,21.2453573,18.23,aem_complex,tram,1,synthetic_gps
2026-05-29 18:43:53,45.7444555,21.2453802,18.29,aem_complex,tram,1,synthetic_gps
2026-05-29 18:43:54,45.744343,21.2453205,17.53,aem_complex,tram,1,synthetic_gps
2026-05-29 18:43:55,45.7444472,21.2453228,10.63,aem_complex,tram,1,synthetic_gps
2026-05-29 18:43:56,45.7444325,21.245424,18.63,aem_complex,tram,1,synthetic_gps
2026-05-29 18:43:57,45.7444025,21.2452985,13.98,aem_complex,tram,1,synthetic_gps
2026-05-29 18:43:58,45.7443458,21.2453386,21.98,aem_complex,tram,1,synthetic_gps
2026-05-29 18:43:59,45.7444763,21.2453182,19.67,aem_complex,tram,1,synthetic_gps
2026-05-29 18:44:00,45.7444552,21.2452537,18.4,aem_complex,tram,1,synthetic_gps
2026-05-29 18:44:01,45.7444286,21.2453353,14.03,aem_complex,tram,1,synthetic_gps
2026-05-29 18:44:02,45.7443964,21.2451907,21.15,aem_complex,tram,1,synthetic_gps
2026-05-29 18:44:03,45.7443968,21.2452676,23.38,aem_complex,tram,1,synthetic_gps
2026-05-29 18:44:04,45.744537,21.2451644,22.8,aem_complex,tram,1,synthetic_gps
2026-05-29 18:44:05,45.7445361,21.2451964,14.8,aem_complex,tram,1,synthetic_gps
2026-05-29 18:44:06,45.7444708,21.2452588,16.07,aem_complex,tram,1,synthetic_gps
2026-05-29 18:44:07,45.7444731,21.2452057,10.57,aem_complex,tram,1,synthetic_gps
2026-05-29 18:44:08,45.7444995,21.2450974,18.57,aem_complex,tram,1,synthetic_gps
2026-05-29 18:44:09,45.7445971,21.2450836,10.57,aem_complex,tram,1,synthetic_gps
2026-05-29 18:44:10,45.744562,21.245139,18.57,aem_complex,tram,1,synthetic_gps
2026-05-29 18:44:11,45.7446508,21.2450953,10.57,aem_complex,tram,1,synthetic_gps
2026-05-29 18:44:12,45.7446679,21.245097,18.57,aem_complex,tram,1,synthetic_gps
2026-05-29 18:44:13,45.7445921,21.2450594,23.95,aem_complex,tram,1,synthetic_gps
2026-05-29 18:44:14,45.7446036,21.2451137,19.83,aem_complex,tram,1,synthetic_gps
2026-05-29 18:44:15,45.7444883,21.2449886,21.23,aem_complex,tram,1,synthetic_gps
2026-05-29 18:44:16,45.7445547,21.2449747,19.58,aem_complex,tram,1,synthetic_gps
2026-05-29 18:44:17,45.7445759,21.2449969,24.34,aem_complex,tram,1,synthetic_gps
2026-05-29 18:44:18,45.7446713,21.2450002,25.3,aem_complex,tram,1,synthetic_gps
2026-05-29 18:44:19,45.7445743,21.2449306,17.3,aem_complex,tram,1,synthetic_gps
2026-05-29 18:44:20,45.7446892,21.2448107,13.75,aem_complex,tram,1,synthetic_gps
2026-05-29 18:44:21,45.7445916,21.2449544,17.29,aem_complex,tram,1,synthetic_gps
2026-05-29 18:44:22,45.744666,21.2449127,17.16,aem_complex,tram,1,synthetic_gps
2026-05-29 18:44:23,45.7446022,21.2448603,14.76,aem_complex,tram,1,synthetic_gps
2026-05-29 18:44:24,45.7446038,21.2448984,22.76,aem_complex,tram,1,synthetic_gps
2026-05-29 18:44:25,45.7447045,21.2449346,30.76,aem_complex,tram,1,synthetic_gps
2026-05-29 18:44:26,45.7445864,21.244876,22.76,aem_complex,tram,1,synthetic_gps
2026-05-29 18:44:27,45.7445899,21.2447838,20.96,aem_complex,tram,1,synthetic_gps
2026-05-29 18:44:28,45.7447262,21.2449445,22.28,aem_complex,tram,1,synthetic_gps
2026-05-29 18:44:29,45.7446431,21.2447541,14.28,aem_complex,tram,1,synthetic_gps
2026-05-29 18:44:30,45.7446537,21.2447921,17.9,aem_complex,tram,1,synthetic_gps
2026-05-29 18:44:31,45.744643,21.2447506,18.13,aem_complex,tram,1,synthetic_gps
2026-05-29 18:44:32,45.7446845,21.2447286,21.52,aem_complex,tram,1,synthetic_gps
2026-05-29 18:44:33,45.7446537,21.2447709,19.55,aem_complex,tram,1,synthetic_gps
2026-05-29 18:44:34,45.7447601,21.2447045,11.55,aem_complex,tram,1,synthetic_gps
2026-05-29 18:44:35,45.7445862,21.2448243,19.55,aem_complex,tram,1,synthetic_gps
2026-05-29 18:44:36,45.7446591,21.2446804,18.41,aem_complex,tram,1,synthetic_gps
2026-05-29 18:44:37,45.7447107,21.2446439,20.84,aem_complex,tram,1,synthetic_gps
2026-05-29 18:44:38,45.7447065,21.2446588,24.01,aem_complex,tram,1,synthetic_gps
2026-05-29 18:44:39,45.7448017,21.2446201,16.61,aem_complex,tram,1,synthetic_gps
2026-05-29 18:44:40,45.7447461,21.244579,13.38,aem_complex,tram,1,synthetic_gps
2026-05-29 18:44:41,45.7447403,21.2445696,21.38,aem_complex,tram,1,synthetic_gps
2026-05-29 18:44:42,45.7448154,21.2446095,13.38,aem_complex,tram,1,synthetic_gps
2026-05-29 18:44:43,45.7447692,21.2445075,8.12,aem_complex,tram,1,synthetic_gps
2026-05-29 18:44:44,45.7448146,21.2444755,16.12,aem_complex,tram,1,synthetic_gps
2026-05-29 18:44:45,45.7447791,21.2444371,9.72,aem_complex,tram,1,synthetic_gps
2026-05-29 18:44:46,45.7449323,21.2444881,17.72,aem_complex,tram,1,synthetic_gps
2026-05-29 18:44:47,45.7447859,21.2445947,9.72,aem_complex,tram,1,synthetic_gps
2026-05-29 18:44:48,45.7448472,21.2444897,17.72,aem_complex,tram,1,synthetic_gps
2026-05-29 18:44:49,45.744824,21.2444551,24.64,aem_complex,tram,1,synthetic_gps
2026-05-29 18:44:50,45.7448509,21.2444556,16.96,aem_complex,tram,1,synthetic_gps
2026-05-29 18:44:51,45.7448639,21.2444294,8.96,aem_complex,tram,1,synthetic_gps
2026-05-29 18:44:52,45.7449124,21.2444335,16.32,aem_complex,tram,1,synthetic_gps
2026-05-29 18:44:53,45.7448904,21.2443062,15.86,aem_complex,tram,1,synthetic_gps
2026-05-29 18:44:54,45.7448815,21.2444557,13.86,aem_complex,tram,1,synthetic_gps
2026-05-29 18:44:55,45.7448671,21.2444034,21.86,aem_complex,tram,1,synthetic_gps
2026-05-29 18:44:56,45.7448782,21.2443871,29.7,aem_complex,tram,1,synthetic_gps
2026-05-29 18:44:57,45.7448959,21.2442953,21.7,aem_complex,tram,1,synthetic_gps
2026-05-29 18:44:58,45.7448825,21.2443201,23.55,aem_complex,tram,1,synthetic_gps
2026-05-29 18:44:59,45.7449161,21.2443709,22.79,aem_complex,tram,1,synthetic_gps
2026-05-29 18:45:00,45.7449374,21.2443241,14.79,aem_complex,tram,1,synthetic_gps
2026-05-29 18:45:01,45.744942,21.2442585,6.79,aem_complex,tram,1,synthetic_gps
2026-05-29 18:45:02,45.7449742,21.2442004,1.05,aem_complex,tram,1,synthetic_gps
2026-05-29 18:45:03,45.7449625,21.2442357,1.04,aem_complex,tram,1,synthetic_gps
2026-05-29 18:45:04,45.7450086,21.2442358,0.37,aem_complex,tram,1,synthetic_gps
2026-05-29 18:45:05,45.7449361,21.2442157,0.15,aem_complex,tram,1,synthetic_gps
2026-05-29 18:45:06,45.7449377,21.2442158,2.55,aem_complex,tram,1,synthetic_gps
2026-05-29 18:45:07,45.7448947,21.2442215,0.7,aem_complex,tram,1,synthetic_gps
2026-05-29 18:45:08,45.7449502,21.2441764,1.27,aem_complex,tram,1,synthetic_gps
2026-05-29 18:45:09,45.7449464,21.244258,0.97,aem_complex,tram,1,synthetic_gps
2026-05-29 18:45:10,45.7449639,21.2442411,0.83,aem_complex,tram,1,synthetic_gps
2026-05-29 18:45:11,45.7449673,21.2441386,1.23,aem_complex,tram,1,synthetic_gps
2026-05-29 18:45:12,45.7449342,21.2441465,0.92,aem_complex,tram,1,synthetic_gps
2026-05-29 18:45:13,45.7449451,21.2440842,1.44,aem_complex,tram,1,synthetic_gps
2026-05-29 18:45:14,45.7450985,21.2440348,1.65,aem_complex,tram,1,synthetic_gps
2026-05-29 18:45:15,45.7450515,21.2440442,0.55,aem_complex,tram,1,synthetic_gps
2026-05-29 18:45:16,45.7449991,21.2440129,0.52,aem_complex,tram,1,synthetic_gps
2026-05-29 18:45:17,45.7449906,21.2440681,0.98,aem_complex,tram,1,synthetic_gps
2026-05-29 18:45:18,45.7450523,21.2440267,0.0,aem_complex,tram,1,synthetic_gps
2026-05-29 18:45:19,45.7450508,21.2439882,8.0,aem_complex,tram,1,synthetic_gps
2026-05-29 18:45:20,45.7450558,21.2440099,7.01,aem_complex,tram,1,synthetic_gps
2026-05-29 18:45:21,45.7450397,21.2439833,15.01,aem_complex,tram,1,synthetic_gps
2026-05-29 18:45:22,45.7451181,21.2439392,20.36,aem_complex,tram,1,synthetic_gps
2026-05-29 18:45:23,45.745116,21.2439097,23.94,aem_complex,tram,1,synthetic_gps
2026-05-29 18:45:24,45.7450152,21.2439011,23.41,aem_complex,tram,1,synthetic_gps
2026-05-29 18:45:25,45.7451597,21.2438472,18.78,aem_complex,tram,1,synthetic_gps
2026-05-29 18:45:26,45.7450321,21.2438702,26.78,aem_complex,tram,1,synthetic_gps
2026-05-29 18:45:27,45.7451432,21.2438136,18.78,aem_complex,tram,1,synthetic_gps
2026-05-29 18:45:28,45.7451449,21.2438267,15.0,aem_complex,tram,1,synthetic_gps
2026-05-29 18:45:29,45.745098,21.243837,23.0,aem_complex,tram,1,synthetic_gps
2026-05-29 18:45:30,45.7451389,21.2437761,15.4,aem_complex,tram,1,synthetic_gps
2026-05-29 18:45:31,45.7451582,21.2437856,7.4,aem_complex,tram,1,synthetic_gps
2026-05-29 18:45:32,45.7451824,21.2437981,15.4,aem_complex,tram,1,synthetic_gps
2026-05-29 18:45:33,45.7452116,21.2437686,7.4,aem_complex,tram,1,synthetic_gps
2026-05-29 18:45:34,45.7451952,21.2437476,15.4,aem_complex,tram,1,synthetic_gps
2026-05-29 18:45:35,45.7452168,21.2436782,20.91,aem_complex,tram,1,synthetic_gps
2026-05-29 18:45:36,45.7452166,21.2437265,26.33,aem_complex,tram,1,synthetic_gps
2026-05-29 18:45:37,45.7452281,21.2436784,23.63,aem_complex,tram,1,synthetic_gps
2026-05-29 18:45:38,45.745222,21.2437309,15.63,aem_complex,tram,1,synthetic_gps
2026-05-29 18:45:39,45.7452314,21.2436243,14.94,aem_complex,tram,1,synthetic_gps
2026-05-29 18:45:40,45.7452947,21.2436505,16.78,aem_complex,tram,1,synthetic_gps
2026-05-29 18:45:41,45.7452218,21.2436838,22.49,aem_complex,tram,1,synthetic_gps
2026-05-29 18:45:42,45.7451759,21.2435985,17.63,aem_complex,tram,1,synthetic_gps
2026-05-29 18:45:43,45.7452358,21.2436095,22.09,aem_complex,tram,1,synthetic_gps
2026-05-29 18:45:44,45.7451935,21.2436431,14.83,aem_complex,tram,1,synthetic_gps
2026-05-29 18:45:45,45.7452009,21.2435998,21.7,aem_complex,tram,1,synthetic_gps
2026-05-29 18:45:46,45.7453133,21.243582,13.7,aem_complex,tram,1,synthetic_gps
2026-05-29 18:45:47,45.7452245,21.2435138,21.7,aem_complex,tram,1,synthetic_gps
2026-05-29 18:45:48,45.7453399,21.2435272,29.7,aem_complex,tram,1,synthetic_gps
2026-05-29 18:45:49,45.7452278,21.2435537,24.8,aem_complex,tram,1,synthetic_gps
2026-05-29 18:45:50,45.7452513,21.2434721,16.8,aem_complex,tram,1,synthetic_gps
2026-05-29 18:45:51,45.7452589,21.2435003,16.14,aem_complex,tram,1,synthetic_gps
2026-05-29 18:45:52,45.7452981,21.2433962,16.9,aem_complex,tram,1,synthetic_gps
2026-05-29 18:45:53,45.7453678,21.2433694,14.75,aem_complex,tram,1,synthetic_gps
2026-05-29 18:45:54,45.7452323,21.2434065,22.31,aem_complex,tram,1,synthetic_gps
2026-05-29 18:45:55,45.7452496,21.2433557,29.73,aem_complex,tram,1,synthetic_gps
2026-05-29 18:45:56,45.7453496,21.2433781,21.73,aem_complex,tram,1,synthetic_gps
2026-05-29 18:45:57,45.7452696,21.2433205,26.31,aem_complex,tram,1,synthetic_gps
2026-05-29 18:45:58,45.7452804,21.2433854,18.31,aem_complex,tram,1,synthetic_gps
2026-05-29 18:45:59,45.7453453,21.2433341,17.6,aem_complex,tram,1,synthetic_gps
2026-05-29 18:46:00,45.745241,21.2432803,16.12,aem_complex,tram,1,synthetic_gps
2026-05-29 18:46:01,45.7454117,21.2433164,17.16,aem_complex,tram,1,synthetic_gps
2026-05-29 18:46:02,45.7454115,21.2432444,14.57,aem_complex,tram,1,synthetic_gps
2026-05-29 18:46:03,45.7453702,21.2433313,14.23,aem_complex,tram,1,synthetic_gps
2026-05-29 18:46:04,45.7453799,21.2432125,6.23,aem_complex,tram,1,synthetic_gps
2026-05-29 18:46:05,45.7453987,21.2432079,14.23,aem_complex,tram,1,synthetic_gps
2026-05-29 18:46:06,45.7454107,21.2432691,10.3,aem_complex,tram,1,synthetic_gps
2026-05-29 18:46:07,45.7454033,21.2432031,18.3,aem_complex,tram,1,synthetic_gps
2026-05-29 18:46:08,45.7454237,21.243225,13.72,aem_complex,tram,1,synthetic_gps
2026-05-29 18:46:09,45.7454106,21.2430889,21.26,aem_complex,tram,1,synthetic_gps
2026-05-29 18:46:10,45.7454831,21.2431957,13.26,aem_complex,tram,1,synthetic_gps
2026-05-29 18:46:11,45.7454099,21.2431616,10.98,aem_complex,tram,1,synthetic_gps
2026-05-29 18:46:12,45.7454192,21.2430514,13.22,aem_complex,tram,1,synthetic_gps
2026-05-29 18:46:13,45.7455691,21.2431484,18.76,aem_complex,tram,1,synthetic_gps
2026-05-29 18:46:14,45.7455309,21.243049,10.76,aem_complex,tram,1,synthetic_gps
2026-05-29 18:46:15,45.7454555,21.2431152,4.68,aem_complex,tram,1,synthetic_gps
2026-05-29 18:46:16,45.7454993,21.2430861,12.68,aem_complex,tram,1,synthetic_gps
2026-05-29 18:46:17,45.7455014,21.2430091,20.68,aem_complex,tram,1,synthetic_gps
2026-05-29 18:46:18,45.7454884,21.2429777,12.68,aem_complex,tram,1,synthetic_gps
2026-05-29 18:46:19,45.7454987,21.2429981,20.68,aem_complex,tram,1,synthetic_gps
2026-05-29 18:46:20,45.7455164,21.2430032,14.62,aem_complex,tram,1,synthetic_gps
2026-05-29 18:46:21,45.7455236,21.2430098,22.62,aem_complex,tram,1,synthetic_gps
2026-05-29 18:46:22,45.7455277,21.2428983,14.62,aem_complex,tram,1,synthetic_gps
2026-05-29 18:46:23,45.7456028,21.2429355,13.89,aem_complex,tram,1,synthetic_gps
2026-05-29 18:46:24,45.7455797,21.2429068,5.89,aem_complex,tram,1,synthetic_gps
2026-05-29 18:46:25,45.745538,21.2429053,13.89,aem_complex,tram,1,synthetic_gps
2026-05-29 18:46:26,45.7455231,21.2429345,21.89,aem_complex,tram,1,synthetic_gps
2026-05-29 18:46:27,45.7455571,21.2429304,23.26,aem_complex,tram,1,synthetic_gps
2026-05-29 18:46:28,45.7454523,21.2429592,23.07,aem_complex,tram,1,synthetic_gps
2026-05-29 18:46:29,45.7454817,21.242904,15.07,aem_complex,tram,1,synthetic_gps
2026-05-29 18:46:30,45.7455306,21.2428477,23.07,aem_complex,tram,1,synthetic_gps
2026-05-29 18:46:31,45.7456162,21.242862,16.01,aem_complex,tram,1,synthetic_gps
2026-05-29 18:46:32,45.7455269,21.2428279,16.49,aem_complex,tram,1,synthetic_gps
2026-05-29 18:46:33,45.7454906,21.2427764,13.01,aem_complex,tram,1,synthetic_gps
2026-05-29 18:46:34,45.7455805,21.2428256,5.15,aem_complex,tram,1,synthetic_gps
2026-05-29 18:46:35,45.7456055,21.242825,13.15,aem_complex,tram,1,synthetic_gps
2026-05-29 18:46:36,45.7455879,21.2428806,21.15,aem_complex,tram,1,synthetic_gps
2026-05-29 18:46:37,45.7455882,21.2427418,17.64,aem_complex,tram,1,synthetic_gps
2026-05-29 18:46:38,45.7455648,21.2427992,13.65,aem_complex,tram,1,synthetic_gps
2026-05-29 18:46:39,45.7455837,21.2427254,21.65,aem_complex,tram,1,synthetic_gps
2026-05-29 18:46:40,45.745665,21.2427581,22.39,aem_complex,tram,1,synthetic_gps
2026-05-29 18:46:41,45.745549,21.2426483,23.12,aem_complex,tram,1,synthetic_gps
2026-05-29 18:46:42,45.7455627,21.2427108,18.74,aem_complex,tram,1,synthetic_gps
2026-05-29 18:46:43,45.745549,21.2427004,13.85,aem_complex,tram,1,synthetic_gps
2026-05-29 18:46:44,45.7455063,21.2427514,18.23,aem_complex,tram,1,synthetic_gps
2026-05-29 18:46:45,45.7455443,21.2427796,26.23,aem_complex,tram,1,synthetic_gps
2026-05-29 18:46:46,45.7456104,21.2426999,18.23,aem_complex,tram,1,synthetic_gps
2026-05-29 18:46:47,45.7455722,21.242645,10.23,aem_complex,tram,1,synthetic_gps
2026-05-29 18:46:48,45.7455505,21.2427275,18.23,aem_complex,tram,1,synthetic_gps
2026-05-29 18:46:49,45.7457526,21.2426644,10.23,aem_complex,tram,1,synthetic_gps
2026-05-29 18:46:50,45.7456828,21.2426115,18.23,aem_complex,tram,1,synthetic_gps
2026-05-29 18:46:51,45.7456895,21.2426348,22.88,aem_complex,tram,1,synthetic_gps
2026-05-29 18:46:52,45.7456363,21.2426376,21.93,aem_complex,tram,1,synthetic_gps
2026-05-29 18:46:53,45.7457261,21.2426106,29.93,aem_complex,tram,1,synthetic_gps
2026-05-29 18:46:54,45.7457145,21.2426116,21.93,aem_complex,tram,1,synthetic_gps
2026-05-29 18:46:55,45.7456197,21.242678,14.57,aem_complex,tram,1,synthetic_gps
2026-05-29 18:46:56,45.7455174,21.2425486,19.78,aem_complex,tram,1,synthetic_gps
2026-05-29 18:46:57,45.7456498,21.2425105,14.2,aem_complex,tram,1,synthetic_gps
2026-05-29 18:46:58,45.7457268,21.2425644,22.2,aem_complex,tram,1,synthetic_gps
2026-05-29 18:46:59,45.7456361,21.2425171,20.28,aem_complex,tram,1,synthetic_gps
2026-05-29 18:47:00,45.7456586,21.2425681,12.28,aem_complex,tram,1,synthetic_gps
2026-05-29 18:47:01,45.7457045,21.2425103,7.26,aem_complex,tram,1,synthetic_gps
2026-05-29 18:47:02,45.7457,21.2424595,15.26,aem_complex,tram,1,synthetic_gps
2026-05-29 18:47:03,45.7456856,21.2425496,16.95,aem_complex,tram,1,synthetic_gps
2026-05-29 18:47:04,45.7456811,21.2425523,18.72,aem_complex,tram,1,synthetic_gps
2026-05-29 18:47:05,45.7456795,21.2424674,10.72,aem_complex,tram,1,synthetic_gps
2026-05-29 18:47:06,45.7456634,21.2425303,12.66,aem_complex,tram,1,synthetic_gps
2026-05-29 18:47:07,45.7457274,21.242393,11.17,aem_complex,tram,1,synthetic_gps
2026-05-29 18:47:08,45.7456779,21.2424628,18.02,aem_complex,tram,1,synthetic_gps
2026-05-29 18:47:09,45.7457856,21.2424404,13.11,aem_complex,tram,1,synthetic_gps
2026-05-29 18:47:10,45.7457767,21.2424068,20.47,aem_complex,tram,1,synthetic_gps
2026-05-29 18:47:11,45.7457057,21.2424357,20.68,aem_complex,tram,1,synthetic_gps
2026-05-29 18:47:12,45.7457574,21.2424058,21.54,aem_complex,tram,1,synthetic_gps
2026-05-29 18:47:13,45.7456174,21.2423749,14.25,aem_complex,tram,1,synthetic_gps
2026-05-29 18:47:14,45.7457868,21.242315,22.25,aem_complex,tram,1,synthetic_gps
2026-05-29 18:47:15,45.7457853,21.2424157,14.25,aem_complex,tram,1,synthetic_gps
2026-05-29 18:47:16,45.7457062,21.2423481,15.52,aem_complex,tram,1,synthetic_gps
2026-05-29 18:47:17,45.7457825,21.2423714,17.9,aem_complex,tram,1,synthetic_gps
2026-05-29 18:47:18,45.7456718,21.2423334,23.29,aem_complex,tram,1,synthetic_gps
2026-05-29 18:47:19,45.7456729,21.2423252,16.25,aem_complex,tram,1,synthetic_gps
2026-05-29 18:47:20,45.7458443,21.2423205,24.25,aem_complex,tram,1,synthetic_gps
2026-05-29 18:47:21,45.7457844,21.2423084,29.24,aem_complex,tram,1,synthetic_gps
2026-05-29 18:47:22,45.745795,21.242315,21.24,aem_complex,tram,1,synthetic_gps
2026-05-29 18:47:23,45.7457018,21.2423527,14.58,aem_complex,tram,1,synthetic_gps
2026-05-29 18:47:24,45.7457564,21.2422223,6.58,aem_complex,tram,1,synthetic_gps
2026-05-29 18:47:25,45.7457284,21.2422067,14.41,aem_complex,tram,1,synthetic_gps
2026-05-29 18:47:26,45.7458495,21.2421979,13.63,aem_complex,tram,1,synthetic_gps
2026-05-29 18:47:27,45.7457464,21.2423173,16.76,aem_complex,tram,1,synthetic_gps
2026-05-29 18:47:28,45.7459062,21.2422189,23.02,aem_complex,tram,1,synthetic_gps
2026-05-29 18:47:29,45.7459102,21.2421631,15.02,aem_complex,tram,1,synthetic_gps
2026-05-29 18:47:30,45.7457986,21.2421665,23.02,aem_complex,tram,1,synthetic_gps
2026-05-29 18:47:31,45.7459458,21.2422363,15.02,aem_complex,tram,1,synthetic_gps
2026-05-29 18:47:32,45.7458402,21.2421816,8.48,aem_complex,tram,1,synthetic_gps
2026-05-29 18:47:33,45.7458486,21.2421512,16.48,aem_complex,tram,1,synthetic_gps
2026-05-29 18:47:34,45.7457819,21.2421065,22.77,aem_complex,tram,1,synthetic_gps
2026-05-29 18:47:35,45.7457202,21.2420746,14.77,aem_complex,tram,1,synthetic_gps
2026-05-29 18:47:36,45.7459164,21.2421052,17.15,aem_complex,tram,1,synthetic_gps
2026-05-29 18:47:37,45.745772,21.2420412,17.43,aem_complex,tram,1,synthetic_gps
2026-05-29 18:47:38,45.7458979,21.2421046,15.28,aem_complex,tram,1,synthetic_gps
2026-05-29 18:47:39,45.745887,21.2421054,16.4,aem_complex,tram,1,synthetic_gps
2026-05-29 18:47:40,45.745852,21.2420963,21.02,aem_complex,tram,1,synthetic_gps
2026-05-29 18:47:41,45.7458704,21.2420528,13.02,aem_complex,tram,1,synthetic_gps
2026-05-29 18:47:42,45.7459412,21.2419708,5.02,aem_complex,tram,1,synthetic_gps
2026-05-29 18:47:43,45.7458051,21.2419772,13.02,aem_complex,tram,1,synthetic_gps
2026-05-29 18:47:44,45.7458673,21.2419976,6.18,aem_complex,tram,1,synthetic_gps
2026-05-29 18:47:45,45.7459194,21.2419676,11.27,aem_complex,tram,1,synthetic_gps
2026-05-29 18:47:46,45.7458184,21.242012,16.94,aem_complex,tram,1,synthetic_gps
2026-05-29 18:47:47,45.745876,21.2419466,22.52,aem_complex,tram,1,synthetic_gps
2026-05-29 18:47:48,45.7458582,21.2419205,14.52,aem_complex,tram,1,synthetic_gps
2026-05-29 18:47:49,45.7458998,21.2420115,22.52,aem_complex,tram,1,synthetic_gps
2026-05-29 18:47:50,45.7457856,21.2418892,22.49,aem_complex,tram,1,synthetic_gps
2026-05-29 18:47:51,45.7458313,21.2418747,14.49,aem_complex,tram,1,synthetic_gps
2026-05-29 18:47:52,45.7458113,21.2418832,14.4,aem_complex,tram,1,synthetic_gps
2026-05-29 18:47:53,45.7458998,21.2417773,19.86,aem_complex,tram,1,synthetic_gps
2026-05-29 18:47:54,45.745934,21.2419668,16.75,aem_complex,tram,1,synthetic_gps
2026-05-29 18:47:55,45.7459561,21.241894,8.75,aem_complex,tram,1,synthetic_gps
2026-05-29 18:47:56,45.745952,21.2418086,16.75,aem_complex,tram,1,synthetic_gps
2026-05-29 18:47:57,45.7458843,21.2419273,8.75,aem_complex,tram,1,synthetic_gps
2026-05-29 18:47:58,45.7460153,21.2418664,16.75,aem_complex,tram,1,synthetic_gps
2026-05-29 18:47:59,45.7458949,21.2418348,21.75,aem_complex,tram,1,synthetic_gps
2026-05-29 18:48:00,45.7458444,21.2418809,13.75,aem_complex,tram,1,synthetic_gps
2026-05-29 18:48:01,45.7459315,21.2418082,5.75,aem_complex,tram,1,synthetic_gps
2026-05-29 18:48:02,45.7459935,21.2418142,0.0,aem_complex,tram,1,synthetic_gps
2026-05-29 18:48:03,45.7459761,21.2418071,0.92,aem_complex,tram,1,synthetic_gps
2026-05-29 18:48:04,45.7459847,21.2417728,0.0,aem_complex,tram,1,synthetic_gps
2026-05-29 18:48:05,45.7460157,21.2418127,1.29,aem_complex,tram,1,synthetic_gps
2026-05-29 18:48:06,45.7459677,21.2417952,1.33,aem_complex,tram,1,synthetic_gps
2026-05-29 18:48:07,45.7459124,21.2417577,1.45,aem_complex,tram,1,synthetic_gps
2026-05-29 18:48:08,45.7460245,21.2417328,1.08,aem_complex,tram,1,synthetic_gps
2026-05-29 18:48:09,45.7459303,21.241693,1.43,aem_complex,tram,1,synthetic_gps
2026-05-29 18:48:10,45.7459061,21.2417051,0.29,aem_complex,tram,1,synthetic_gps
2026-05-29 18:48:11,45.7459826,21.2416627,0.71,aem_complex,tram,1,synthetic_gps
2026-05-29 18:48:12,45.7459839,21.2416183,1.94,aem_complex,tram,1,synthetic_gps
2026-05-29 18:48:13,45.7460771,21.2416111,0.23,aem_complex,tram,1,synthetic_gps
2026-05-29 18:48:14,45.7459597,21.2416572,1.57,aem_complex,tram,1,synthetic_gps
2026-05-29 18:48:15,45.7459986,21.2416764,1.98,aem_complex,tram,1,synthetic_gps
2026-05-29 18:48:16,45.7458977,21.2416578,2.02,aem_complex,tram,1,synthetic_gps
2026-05-29 18:48:17,45.7460065,21.2416749,0.51,aem_complex,tram,1,synthetic_gps
2026-05-29 18:48:18,45.7460476,21.2415693,8.51,aem_complex,tram,1,synthetic_gps
2026-05-29 18:48:19,45.7460408,21.2415818,16.51,aem_complex,tram,1,synthetic_gps
2026-05-29 18:48:20,45.7460603,21.2416104,20.61,aem_complex,tram,1,synthetic_gps
2026-05-29 18:48:21,45.7460265,21.2415886,28.08,aem_complex,tram,1,synthetic_gps
2026-05-29 18:48:22,45.7459866,21.2415904,20.08,aem_complex,tram,1,synthetic_gps
2026-05-29 18:48:23,45.7460553,21.2415745,17.81,aem_complex,tram,1,synthetic_gps
2026-05-29 18:48:24,45.7459527,21.2416084,22.49,aem_complex,tram,1,synthetic_gps
2026-05-29 18:48:25,45.7460123,21.2414863,14.49,aem_complex,tram,1,synthetic_gps
2026-05-29 18:48:26,45.7460758,21.2415255,7.4,aem_complex,tram,1,synthetic_gps
2026-05-29 18:48:27,45.7460349,21.2414973,9.02,aem_complex,tram,1,synthetic_gps
2026-05-29 18:48:28,45.7460873,21.2414428,7.55,aem_complex,tram,1,synthetic_gps
2026-05-29 18:48:29,45.746131,21.2414633,14.61,aem_complex,tram,1,synthetic_gps
2026-05-29 18:48:30,45.7460992,21.2415133,12.3,aem_complex,tram,1,synthetic_gps
2026-05-29 18:48:31,45.7460667,21.2414403,20.3,aem_complex,tram,1,synthetic_gps
2026-05-29 18:48:32,45.7461808,21.2414458,12.34,aem_complex,tram,1,synthetic_gps
2026-05-29 18:48:33,45.7460923,21.2414257,4.79,aem_complex,tram,1,synthetic_gps
2026-05-29 18:48:34,45.7460888,21.2414205,12.79,aem_complex,tram,1,synthetic_gps
2026-05-29 18:48:35,45.7460694,21.2413942,13.13,aem_complex,tram,1,synthetic_gps
2026-05-29 18:48:36,45.7462137,21.2413407,14.47,aem_complex,tram,1,synthetic_gps
2026-05-29 18:48:37,45.7461624,21.2413871,8.06,aem_complex,tram,1,synthetic_gps
2026-05-29 18:48:38,45.7460617,21.2413698,6.7,aem_complex,tram,1,synthetic_gps
2026-05-29 18:48:39,45.746146,21.2413374,14.7,aem_complex,tram,1,synthetic_gps
2026-05-29 18:48:40,45.7461472,21.2413573,21.9,aem_complex,tram,1,synthetic_gps
2026-05-29 18:48:41,45.7460755,21.2414147,21.62,aem_complex,tram,1,synthetic_gps
2026-05-29 18:48:42,45.7461041,21.2412464,21.19,aem_complex,tram,1,synthetic_gps
2026-05-29 18:48:43,45.746106,21.2412872,23.67,aem_complex,tram,1,synthetic_gps
2026-05-29 18:48:44,45.7461799,21.2413208,16.77,aem_complex,tram,1,synthetic_gps
2026-05-29 18:48:45,45.746195,21.2413292,9.03,aem_complex,tram,1,synthetic_gps
2026-05-29 18:48:46,45.7461105,21.2412746,17.03,aem_complex,tram,1,synthetic_gps
2026-05-29 18:48:47,45.7462009,21.2412247,9.03,aem_complex,tram,1,synthetic_gps
2026-05-29 18:48:48,45.7462485,21.241243,17.03,aem_complex,tram,1,synthetic_gps
2026-05-29 18:48:49,45.7462563,21.2412248,9.03,aem_complex,tram,1,synthetic_gps
2026-05-29 18:48:50,45.7460905,21.2412967,14.91,aem_complex,tram,1,synthetic_gps
2026-05-29 18:48:51,45.7461255,21.2411662,13.45,aem_complex,tram,1,synthetic_gps
2026-05-29 18:48:52,45.7461396,21.2411874,21.45,aem_complex,tram,1,synthetic_gps
2026-05-29 18:48:53,45.746142,21.2411917,24.48,aem_complex,tram,1,synthetic_gps
2026-05-29 18:48:54,45.746288,21.2412134,16.48,aem_complex,tram,1,synthetic_gps
2026-05-29 18:48:55,45.7461626,21.2411986,24.48,aem_complex,tram,1,synthetic_gps
2026-05-29 18:48:56,45.7461851,21.2412292,16.48,aem_complex,tram,1,synthetic_gps
2026-05-29 18:48:57,45.7462308,21.241083,16.92,aem_complex,tram,1,synthetic_gps
2026-05-29 18:48:58,45.746219,21.2411159,13.98,aem_complex,tram,1,synthetic_gps
2026-05-29 18:48:59,45.7462476,21.2411335,11.15,aem_complex,tram,1,synthetic_gps
2026-05-29 18:49:00,45.7462585,21.2410905,18.86,aem_complex,tram,1,synthetic_gps
2026-05-29 18:49:01,45.7462325,21.2411411,26.86,aem_complex,tram,1,synthetic_gps
2026-05-29 18:49:02,45.7462234,21.2411833,19.05,aem_complex,tram,1,synthetic_gps
2026-05-29 18:49:03,45.7462111,21.2410287,11.46,aem_complex,tram,1,synthetic_gps
2026-05-29 18:49:04,45.7462143,21.2410472,19.46,aem_complex,tram,1,synthetic_gps
2026-05-29 18:49:05,45.7461896,21.2410891,16.52,aem_complex,tram,1,synthetic_gps
2026-05-29 18:49:06,45.7462458,21.2410689,8.52,aem_complex,tram,1,synthetic_gps
2026-05-29 18:49:07,45.7461118,21.2410537,9.46,aem_complex,tram,1,synthetic_gps
2026-05-29 18:49:08,45.7461884,21.2410221,9.13,aem_complex,tram,1,synthetic_gps
2026-05-29 18:49:09,45.7462752,21.2410111,13.96,aem_complex,tram,1,synthetic_gps
2026-05-29 18:49:10,45.7462395,21.2410104,21.96,aem_complex,tram,1,synthetic_gps
2026-05-29 18:49:11,45.7462727,21.2410119,21.13,aem_complex,tram,1,synthetic_gps
2026-05-29 18:49:12,45.746154,21.2410067,13.13,aem_complex,tram,1,synthetic_gps
2026-05-29 18:49:13,45.7463255,21.2408917,21.13,aem_complex,tram,1,synthetic_gps
2026-05-29 18:49:14,45.7461895,21.2409438,16.15,aem_complex,tram,1,synthetic_gps
2026-05-29 18:49:15,45.7462403,21.2409607,24.15,aem_complex,tram,1,synthetic_gps
2026-05-29 18:49:16,45.7462851,21.2410307,27.17,aem_complex,tram,1,synthetic_gps
2026-05-29 18:49:17,45.7462865,21.2410223,19.17,aem_complex,tram,1,synthetic_gps
2026-05-29 18:49:18,45.7462178,21.2408983,27.17,aem_complex,tram,1,synthetic_gps
2026-05-29 18:49:19,45.7462507,21.2408671,19.17,aem_complex,tram,1,synthetic_gps
2026-05-29 18:49:20,45.7462691,21.240813,11.17,aem_complex,tram,1,synthetic_gps
2026-05-29 18:49:21,45.7462882,21.2408687,15.91,aem_complex,tram,1,synthetic_gps
2026-05-29 18:49:22,45.7463325,21.2408904,19.14,aem_complex,tram,1,synthetic_gps
2026-05-29 18:49:23,45.7462985,21.2407717,19.86,aem_complex,tram,1,synthetic_gps
2026-05-29 18:49:24,45.7463331,21.2407962,18.95,aem_complex,tram,1,synthetic_gps
2026-05-29 18:49:25,45.746259,21.2408646,26.95,aem_complex,tram,1,synthetic_gps
2026-05-29 18:49:26,45.7462716,21.2408152,18.95,aem_complex,tram,1,synthetic_gps
2026-05-29 18:49:27,45.7463042,21.24085,17.18,aem_complex,tram,1,synthetic_gps
2026-05-29 18:49:28,45.7463191,21.2408049,12.65,aem_complex,tram,1,synthetic_gps
2026-05-29 18:49:29,45.7463257,21.2407502,17.96,aem_complex,tram,1,synthetic_gps
2026-05-29 18:49:30,45.7463159,21.2407422,25.96,aem_complex,tram,1,synthetic_gps
2026-05-29 18:49:31,45.7464096,21.2407902,17.96,aem_complex,tram,1,synthetic_gps
2026-05-29 18:49:32,45.7463432,21.2407529,12.52,aem_complex,tram,1,synthetic_gps
2026-05-29 18:49:33,45.7463506,21.2406139,20.04,aem_complex,tram,1,synthetic_gps
2026-05-29 18:49:34,45.7463579,21.2407039,20.57,aem_complex,tram,1,synthetic_gps
2026-05-29 18:49:35,45.7464107,21.2406782,23.54,aem_complex,tram,1,synthetic_gps
2026-05-29 18:49:36,45.7463838,21.2407169,15.54,aem_complex,tram,1,synthetic_gps
2026-05-29 18:49:37,45.7464502,21.2406329,18.08,aem_complex,tram,1,synthetic_gps
2026-05-29 18:49:38,45.7463886,21.2406743,26.08,aem_complex,tram,1,synthetic_gps
2026-05-29 18:49:39,45.7463524,21.2407436,18.38,aem_complex,tram,1,synthetic_gps
2026-05-29 18:49:40,45.7462988,21.2406156,20.09,aem_complex,tram,1,synthetic_gps
2026-05-29 18:49:41,45.7463577,21.2406436,26.7,aem_complex,tram,1,synthetic_gps
2026-05-29 18:49:42,45.746431,21.2406505,19.3,aem_complex,tram,1,synthetic_gps
2026-05-29 18:49:43,45.7463764,21.2405351,22.61,aem_complex,tram,1,synthetic_gps
2026-05-29 18:49:44,45.7464467,21.2406592,14.61,aem_complex,tram,1,synthetic_gps
2026-05-29 18:49:45,45.7463616,21.2405901,22.61,aem_complex,tram,1,synthetic_gps
2026-05-29 18:49:46,45.7463899,21.2404592,14.61,aem_complex,tram,1,synthetic_gps
2026-05-29 18:49:47,45.746361,21.2405531,7.47,aem_complex,tram,1,synthetic_gps
2026-05-29 18:49:48,45.7465177,21.2405575,15.47,aem_complex,tram,1,synthetic_gps
2026-05-29 18:49:49,45.7464192,21.2405481,14.19,aem_complex,tram,1,synthetic_gps
2026-05-29 18:49:50,45.7464082,21.2405522,22.19,aem_complex,tram,1,synthetic_gps
2026-05-29 18:49:51,45.746405,21.2406084,17.58,aem_complex,tram,1,synthetic_gps
2026-05-29 18:49:52,45.7464887,21.2404981,9.58,aem_complex,tram,1,synthetic_gps
2026-05-29 18:49:53,45.7464753,21.2404525,17.58,aem_complex,tram,1,synthetic_gps
2026-05-29 18:49:54,45.7464711,21.2405175,23.51,aem_complex,tram,1,synthetic_gps
2026-05-29 18:49:55,45.7464658,21.2404996,31.51,aem_complex,tram,1,synthetic_gps
2026-05-29 18:49:56,45.7465024,21.2404426,23.51,aem_complex,tram,1,synthetic_gps
2026-05-29 18:49:57,45.7464462,21.2405136,15.51,aem_complex,tram,1,synthetic_gps
2026-05-29 18:49:58,45.7464319,21.2403556,13.95,aem_complex,tram,1,synthetic_gps
2026-05-29 18:49:59,45.7464897,21.2404073,21.95,aem_complex,tram,1,synthetic_gps
2026-05-29 18:50:00,45.7464542,21.2404527,20.78,aem_complex,tram,1,synthetic_gps
2026-05-29 18:50:01,45.7464996,21.2403803,19.15,aem_complex,tram,1,synthetic_gps
2026-05-29 18:50:02,45.7465029,21.240439,21.73,aem_complex,tram,1,synthetic_gps
2026-05-29 18:50:03,45.7465084,21.240354,13.73,aem_complex,tram,1,synthetic_gps
2026-05-29 18:50:04,45.7465032,21.2403194,21.73,aem_complex,tram,1,synthetic_gps
2026-05-29 18:50:05,45.7464733,21.2403912,13.73,aem_complex,tram,1,synthetic_gps
2026-05-29 18:50:06,45.7464686,21.2404037,21.73,aem_complex,tram,1,synthetic_gps
2026-05-29 18:50:07,45.746438,21.2404455,29.73,aem_complex,tram,1,synthetic_gps
2026-05-29 18:50:08,45.7464962,21.2403239,29.72,aem_complex,tram,1,synthetic_gps
2026-05-29 18:50:09,45.7465251,21.2403211,23.93,aem_complex,tram,1,synthetic_gps
2026-05-29 18:50:10,45.7464674,21.2402621,15.93,aem_complex,tram,1,synthetic_gps
2026-05-29 18:50:11,45.7465256,21.2403021,19.3,aem_complex,tram,1,synthetic_gps
2026-05-29 18:50:12,45.7465434,21.2402907,11.3,aem_complex,tram,1,synthetic_gps
2026-05-29 18:50:13,45.7465367,21.2403142,12.7,aem_complex,tram,1,synthetic_gps
2026-05-29 18:50:14,45.7465,21.2402608,11.79,aem_complex,tram,1,synthetic_gps
2026-05-29 18:50:15,45.7465668,21.2402276,19.35,aem_complex,tram,1,synthetic_gps
2026-05-29 18:50:16,45.7465905,21.240288,22.01,aem_complex,tram,1,synthetic_gps
2026-05-29 18:50:17,45.7465568,21.2402666,14.01,aem_complex,tram,1,synthetic_gps
2026-05-29 18:50:18,45.7465471,21.2402838,6.01,aem_complex,tram,1,synthetic_gps
2026-05-29 18:50:19,45.7464704,21.2401983,8.41,aem_complex,tram,1,synthetic_gps
2026-05-29 18:50:20,45.7466174,21.2401438,16.39,aem_complex,tram,1,synthetic_gps
2026-05-29 18:50:21,45.7465863,21.2402217,17.47,aem_complex,tram,1,synthetic_gps
2026-05-29 18:50:22,45.7465356,21.2401125,14.86,aem_complex,tram,1,synthetic_gps
2026-05-29 18:50:23,45.7465353,21.240086,17.1,aem_complex,tram,1,synthetic_gps
2026-05-29 18:50:24,45.7465729,21.2401468,9.1,aem_complex,tram,1,synthetic_gps
2026-05-29 18:50:25,45.746617,21.2401592,17.1,aem_complex,tram,1,synthetic_gps
2026-05-29 18:50:26,45.7465676,21.2400918,9.87,aem_complex,tram,1,synthetic_gps
2026-05-29 18:50:27,45.7466061,21.2401478,17.87,aem_complex,tram,1,synthetic_gps
2026-05-29 18:50:28,45.7466133,21.2400516,17.62,aem_complex,tram,1,synthetic_gps
2026-05-29 18:50:29,45.7466423,21.240015,16.79,aem_complex,tram,1,synthetic_gps
2026-05-29 18:50:30,45.7465663,21.2400612,17.18,aem_complex,tram,1,synthetic_gps
2026-05-29 18:50:31,45.7464865,21.2400213,21.85,aem_complex,tram,1,synthetic_gps
2026-05-29 18:50:32,45.7466414,21.2400255,23.56,aem_complex,tram,1,synthetic_gps
2026-05-29 18:50:33,45.7466323,21.2400591,20.41,aem_complex,tram,1,synthetic_gps
2026-05-29 18:50:34,45.7466408,21.2400435,21.07,aem_complex,tram,1,synthetic_gps
2026-05-29 18:50:35,45.7466476,21.2399966,25.45,aem_complex,tram,1,synthetic_gps
2026-05-29 18:50:36,45.7466584,21.2400365,22.16,aem_complex,tram,1,synthetic_gps
2026-05-29 18:50:37,45.7466763,21.239894,14.16,aem_complex,tram,1,synthetic_gps
2026-05-29 18:50:38,45.7466726,21.2400002,15.53,aem_complex,tram,1,synthetic_gps
2026-05-29 18:50:39,45.7465939,21.2399621,7.53,aem_complex,tram,1,synthetic_gps
2026-05-29 18:50:40,45.7466462,21.2399693,5.44,aem_complex,tram,1,synthetic_gps
2026-05-29 18:50:41,45.7465954,21.2399244,6.18,aem_complex,tram,1,synthetic_gps
2026-05-29 18:50:42,45.7466677,21.2398855,4.29,aem_complex,tram,1,synthetic_gps
2026-05-29 18:50:43,45.7466577,21.239874,9.11,aem_complex,tram,1,synthetic_gps
2026-05-29 18:50:44,45.746652,21.2399827,4.29,aem_complex,tram,1,synthetic_gps
2026-05-29 18:50:45,45.7466963,21.2399189,8.42,aem_complex,tram,1,synthetic_gps
2026-05-29 18:50:46,45.7466729,21.2399217,6.19,aem_complex,tram,1,synthetic_gps
2026-05-29 18:50:47,45.7466183,21.2398359,6.71,aem_complex,tram,1,synthetic_gps
2026-05-29 18:50:48,45.7466613,21.2398295,6.86,aem_complex,tram,1,synthetic_gps
2026-05-29 18:50:49,45.7466534,21.2398863,2.24,aem_complex,tram,1,synthetic_gps
2026-05-29 18:50:50,45.7466811,21.2398723,5.09,aem_complex,tram,1,synthetic_gps
2026-05-29 18:50:51,45.7467314,21.2398044,6.32,aem_complex,tram,1,synthetic_gps
2026-05-29 18:50:52,45.7467509,21.2398904,2.45,aem_complex,tram,1,synthetic_gps
2026-05-29 18:50:53,45.7467673,21.239844,8.94,aem_complex,tram,1,synthetic_gps
2026-05-29 18:50:54,45.7466853,21.2397853,13.29,aem_complex,tram,1,synthetic_gps
2026-05-29 18:50:55,45.7466479,21.2397133,5.29,aem_complex,tram,1,synthetic_gps
2026-05-29 18:50:56,45.7466253,21.2397337,5.69,aem_complex,tram,1,synthetic_gps
2026-05-29 18:50:57,45.7467443,21.2397298,7.56,aem_complex,tram,1,synthetic_gps
2026-05-29 18:50:58,45.7467788,21.2397783,8.01,aem_complex,tram,1,synthetic_gps
2026-05-29 18:50:59,45.7467767,21.2396996,7.62,aem_complex,tram,1,synthetic_gps
2026-05-29 18:51:00,45.7467201,21.2397593,0.41,aem_complex,tram,1,synthetic_gps
2026-05-29 18:51:01,45.7467424,21.2397166,0.09,aem_complex,tram,1,synthetic_gps
2026-05-29 18:51:02,45.7467562,21.2396389,0.57,aem_complex,tram,1,synthetic_gps
2026-05-29 18:51:03,45.7467022,21.2396693,0.6,aem_complex,tram,1,synthetic_gps
2026-05-29 18:51:04,45.7467839,21.2396254,0.93,aem_complex,tram,1,synthetic_gps
2026-05-29 18:51:05,45.7467524,21.2396098,0.64,aem_complex,tram,1,synthetic_gps
2026-05-29 18:51:06,45.7468062,21.2395816,0.89,aem_complex,tram,1,synthetic_gps
2026-05-29 18:51:07,45.7467757,21.2396413,0.0,aem_complex,tram,1,synthetic_gps
2026-05-29 18:51:08,45.7467519,21.2395705,0.6,aem_complex,tram,1,synthetic_gps
2026-05-29 18:51:09,45.7468373,21.2396248,0.36,aem_complex,tram,1,synthetic_gps
2026-05-29 18:51:10,45.7468163,21.2395632,0.4,aem_complex,tram,1,synthetic_gps
2026-05-29 18:51:11,45.7467118,21.2396719,0.34,aem_complex,tram,1,synthetic_gps
2026-05-29 18:51:12,45.7467015,21.2395755,0.5,aem_complex,tram,1,synthetic_gps
2026-05-29 18:51:13,45.7467523,21.2395384,0.12,aem_complex,tram,1,synthetic_gps
2026-05-29 18:51:14,45.74683,21.2394898,0.13,aem_complex,tram,1,synthetic_gps
2026-05-29 18:51:15,45.7467655,21.2394687,0.32,aem_complex,tram,1,synthetic_gps
2026-05-29 18:51:16,45.7468236,21.2395265,0.43,aem_complex,tram,1,synthetic_gps
2026-05-29 18:51:17,45.7468053,21.2395584,0.9,aem_complex,tram,1,synthetic_gps
2026-05-29 18:51:18,45.746891,21.2394995,6.05,aem_complex,tram,1,synthetic_gps
2026-05-29 18:51:19,45.7467822,21.2395061,5.13,aem_complex,tram,1,synthetic_gps
2026-05-29 18:51:20,45.7468319,21.239488,3.35,aem_complex,tram,1,synthetic_gps
2026-05-29 18:51:21,45.7468652,21.2394786,6.31,aem_complex,tram,1,synthetic_gps
2026-05-29 18:51:22,45.7467683,21.2395392,3.72,aem_complex,tram,1,synthetic_gps
2026-05-29 18:51:23,45.7468686,21.2394397,2.72,aem_complex,tram,1,synthetic_gps
2026-05-29 18:51:24,45.7468391,21.239444,5.12,aem_complex,tram,1,synthetic_gps
2026-05-29 18:51:25,45.7469119,21.2393849,1.72,aem_complex,tram,1,synthetic_gps
2026-05-29 18:51:26,45.7468695,21.2394822,5.55,aem_complex,tram,1,synthetic_gps
2026-05-29 18:51:27,45.7468088,21.2394245,0.0,aem_complex,tram,1,synthetic_gps
2026-05-29 18:51:28,45.7468664,21.2393425,8.0,aem_complex,tram,1,synthetic_gps
2026-05-29 18:51:29,45.7468978,21.2394196,6.52,aem_complex,tram,1,synthetic_gps
2026-05-29 18:51:30,45.7468327,21.2393854,5.91,aem_complex,tram,1,synthetic_gps
2026-05-29 18:51:31,45.7468554,21.2393654,12.81,aem_complex,tram,1,synthetic_gps
2026-05-29 18:51:32,45.7468451,21.2392792,6.12,aem_complex,tram,1,synthetic_gps
2026-05-29 18:51:33,45.7469382,21.2393194,4.36,aem_complex,tram,1,synthetic_gps
2026-05-29 18:51:34,45.7470567,21.2393034,5.22,aem_complex,tram,1,synthetic_gps
2026-05-29 18:51:35,45.7468129,21.2392971,3.61,aem_complex,tram,1,synthetic_gps
2026-05-29 18:51:36,45.746964,21.2392853,7.73,aem_complex,tram,1,synthetic_gps
2026-05-29 18:51:37,45.7469089,21.2392802,8.58,aem_complex,tram,1,synthetic_gps
2026-05-29 18:51:38,45.7469371,21.2391357,5.7,aem_complex,tram,1,synthetic_gps
2026-05-29 18:51:39,45.7469143,21.2392021,3.5,aem_complex,tram,1,synthetic_gps
2026-05-29 18:51:40,45.7470568,21.239239,6.03,aem_complex,tram,1,synthetic_gps
2026-05-29 18:51:41,45.7468883,21.239253,9.7,aem_complex,tram,1,synthetic_gps
2026-05-29 18:51:42,45.7468943,21.2392394,7.94,aem_complex,tram,1,synthetic_gps
2026-05-29 18:51:43,45.7469134,21.2391849,12.22,aem_complex,tram,1,synthetic_gps
2026-05-29 18:51:44,45.7469706,21.2391515,4.22,aem_complex,tram,1,synthetic_gps
2026-05-29 18:51:45,45.7469617,21.2391946,5.24,aem_complex,tram,1,synthetic_gps
2026-05-29 18:51:46,45.7469499,21.2392329,2.64,aem_complex,tram,1,synthetic_gps
2026-05-29 18:51:47,45.7469555,21.2391812,0.47,aem_complex,tram,1,synthetic_gps
2026-05-29 18:51:48,45.7469706,21.2391981,4.31,aem_complex,tram,1,synthetic_gps
2026-05-29 18:51:49,45.7469259,21.2390881,8.33,aem_complex,tram,1,synthetic_gps
2026-05-29 18:51:50,45.7469295,21.2391105,5.86,aem_complex,tram,1,synthetic_gps
2026-05-29 18:51:51,45.747042,21.2390752,8.64,aem_complex,tram,1,synthetic_gps
2026-05-29 18:51:52,45.746948,21.2391376,5.98,aem_complex,tram,1,synthetic_gps
2026-05-29 18:51:53,45.7470041,21.2391171,5.53,aem_complex,tram,1,synthetic_gps
2026-05-29 18:51:54,45.7469595,21.239152,8.81,aem_complex,tram,1,synthetic_gps
2026-05-29 18:51:55,45.7469804,21.2390558,10.24,aem_complex,tram,1,synthetic_gps
2026-05-29 18:51:56,45.7469551,21.2390064,10.79,aem_complex,tram,1,synthetic_gps
2026-05-29 18:51:57,45.7470077,21.2390915,6.72,aem_complex,tram,1,synthetic_gps
2026-05-29 18:51:58,45.7470103,21.2390286,3.48,aem_complex,tram,1,synthetic_gps
2026-05-29 18:51:59,45.7470154,21.2391404,1.4,aem_complex,tram,1,synthetic_gps
