timestamp,latitude,longitude,speed_kmh,route_id,transport_mode,is_peak_hour,source
2026-05-16 17:20:00,45.7469892,21.2390166,0.18,complex_giroc,bus,1,synthetic_gps
2026-05-16 17:20:01,45.7469338,21.2390528,0.53,complex_giroc,bus,1,synthetic_gps
2026-05-16 17:20:02,45.7470106,21.2390269,0.53,complex_giroc,bus,1,synthetic_gps
2026-05-16 17:20:03,45.7469579,21.2390757,0.0,complex_giroc,bus,1,synthetic_gps
2026-05-16 17:20:04,45.7468952,21.2390481,0.29,complex_giroc,bus,1,synthetic_gps
2026-05-16 17:20:05,45.7468835,21.2390537,0.23,complex_giroc,bus,1,synthetic_gps
2026-05-16 17:20:06,45.7469663,21.2390102,0.12,complex_giroc,bus,1,synthetic_gps
2026-05-16 17:20:07,45.7469815,21.2390524,0.48,complex_giroc,bus,1,synthetic_gps
2026-05-16 17:20:08,45.7469706,21.2390351,0.0,complex_giroc,bus,1,synthetic_gps
2026-05-16 17:20:09,45.7468306,21.2390124,0.24,complex_giroc,bus,1,synthetic_gps
2026-05-16 17:20:10,45.7469139,21.2391164,0.45,complex_giroc,bus,1,synthetic_gps
2026-05-16 17:20:11,45.7468731,21.2390545,0.53,complex_giroc,bus,1,synthetic_gps
2026-05-16 17:20:12,45.7468625,21.2390531,0.2,complex_giroc,bus,1,synthetic_gps
2026-05-16 17:20:13,45.7469393,21.2390853,0.23,complex_giroc,bus,1,synthetic_gps
2026-05-16 17:20:14,45.7468271,21.2390772,0.33,complex_giroc,bus,1,synthetic_gps
2026-05-16 17:20:15,45.7468,21.2391437,0.03,complex_giroc,bus,1,synthetic_gps
2026-05-16 17:20:16,45.7468261,21.2391423,0.07,complex_giroc,bus,1,synthetic_gps
2026-05-16 17:20:17,45.746841,21.2391547,0.24,complex_giroc,bus,1,synthetic_gps
2026-05-16 17:20:18,45.7468352,21.2390707,0.5,complex_giroc,bus,1,synthetic_gps
2026-05-16 17:20:19,45.7467597,21.2391031,0.7,complex_giroc,bus,1,synthetic_gps
2026-05-16 17:20:20,45.7468296,21.2391393,8.7,complex_giroc,bus,1,synthetic_gps
2026-05-16 17:20:21,45.7467107,21.239171,7.31,complex_giroc,bus,1,synthetic_gps
2026-05-16 17:20:22,45.7467481,21.2391387,6.71,complex_giroc,bus,1,synthetic_gps
2026-05-16 17:20:23,45.7467574,21.2391459,8.68,complex_giroc,bus,1,synthetic_gps
2026-05-16 17:20:24,45.7466379,21.23919,10.58,complex_giroc,bus,1,synthetic_gps
2026-05-16 17:20:25,45.746671,21.2391904,9.25,complex_giroc,bus,1,synthetic_gps
2026-05-16 17:20:26,45.7467548,21.2391992,5.67,complex_giroc,bus,1,synthetic_gps
2026-05-16 17:20:27,45.7466772,21.2392834,13.67,complex_giroc,bus,1,synthetic_gps
2026-05-16 17:20:28,45.7467423,21.239207,11.4,complex_giroc,bus,1,synthetic_gps
2026-05-16 17:20:29,45.7466757,21.2392062,10.48,complex_giroc,bus,1,synthetic_gps
2026-05-16 17:20:30,45.7466398,21.2392059,7.63,complex_giroc,bus,1,synthetic_gps
2026-05-16 17:20:31,45.7467353,21.2392777,11.11,complex_giroc,bus,1,synthetic_gps
2026-05-16 17:20:32,45.7466351,21.23932,9.12,complex_giroc,bus,1,synthetic_gps
2026-05-16 17:20:33,45.7466482,21.2393111,6.6,complex_giroc,bus,1,synthetic_gps
2026-05-16 17:20:34,45.7465467,21.2393373,7.68,complex_giroc,bus,1,synthetic_gps
2026-05-16 17:20:35,45.7466077,21.2393496,8.0,complex_giroc,bus,1,synthetic_gps
2026-05-16 17:20:36,45.7466648,21.2392774,5.18,complex_giroc,bus,1,synthetic_gps
2026-05-16 17:20:37,45.7466006,21.2392066,8.22,complex_giroc,bus,1,synthetic_gps
2026-05-16 17:20:38,45.7466289,21.239367,9.01,complex_giroc,bus,1,synthetic_gps
2026-05-16 17:20:39,45.7465747,21.2392573,10.98,complex_giroc,bus,1,synthetic_gps
2026-05-16 17:20:40,45.746568,21.2393239,11.38,complex_giroc,bus,1,synthetic_gps
2026-05-16 17:20:41,45.7465866,21.2393715,5.95,complex_giroc,bus,1,synthetic_gps
2026-05-16 17:20:42,45.7465033,21.2393014,3.91,complex_giroc,bus,1,synthetic_gps
2026-05-16 17:20:43,45.7464682,21.2393306,7.71,complex_giroc,bus,1,synthetic_gps
2026-05-16 17:20:44,45.7465527,21.2393389,13.46,complex_giroc,bus,1,synthetic_gps
2026-05-16 17:20:45,45.7465564,21.2394154,7.02,complex_giroc,bus,1,synthetic_gps
2026-05-16 17:20:46,45.7465273,21.2393582,5.57,complex_giroc,bus,1,synthetic_gps
2026-05-16 17:20:47,45.7464847,21.2393382,7.16,complex_giroc,bus,1,synthetic_gps
2026-05-16 17:20:48,45.7465809,21.2393716,9.31,complex_giroc,bus,1,synthetic_gps
2026-05-16 17:20:49,45.7463534,21.2394508,7.25,complex_giroc,bus,1,synthetic_gps
2026-05-16 17:20:50,45.7464104,21.2393555,10.78,complex_giroc,bus,1,synthetic_gps
2026-05-16 17:20:51,45.7464124,21.2394299,10.26,complex_giroc,bus,1,synthetic_gps
2026-05-16 17:20:52,45.7463489,21.2393918,13.26,complex_giroc,bus,1,synthetic_gps
2026-05-16 17:20:53,45.7464248,21.2394502,8.41,complex_giroc,bus,1,synthetic_gps
2026-05-16 17:20:54,45.7463821,21.2394307,8.8,complex_giroc,bus,1,synthetic_gps
2026-05-16 17:20:55,45.7464156,21.2393944,12.88,complex_giroc,bus,1,synthetic_gps
2026-05-16 17:20:56,45.746355,21.2394251,12.93,complex_giroc,bus,1,synthetic_gps
2026-05-16 17:20:57,45.7462992,21.2394457,7.49,complex_giroc,bus,1,synthetic_gps
2026-05-16 17:20:58,45.7464107,21.2395443,11.1,complex_giroc,bus,1,synthetic_gps
2026-05-16 17:20:59,45.7464008,21.2395052,15.09,complex_giroc,bus,1,synthetic_gps
2026-05-16 17:21:00,45.7463749,21.2393989,7.09,complex_giroc,bus,1,synthetic_gps
2026-05-16 17:21:01,45.746304,21.2394748,4.46,complex_giroc,bus,1,synthetic_gps
2026-05-16 17:21:02,45.7462927,21.2394975,9.63,complex_giroc,bus,1,synthetic_gps
2026-05-16 17:21:03,45.746308,21.2394109,5.18,complex_giroc,bus,1,synthetic_gps
2026-05-16 17:21:04,45.7462052,21.2394837,13.18,complex_giroc,bus,1,synthetic_gps
2026-05-16 17:21:05,45.7462796,21.2394921,5.43,complex_giroc,bus,1,synthetic_gps
2026-05-16 17:21:06,45.7462872,21.2395093,8.77,complex_giroc,bus,1,synthetic_gps
2026-05-16 17:21:07,45.7462573,21.2395815,10.8,complex_giroc,bus,1,synthetic_gps
2026-05-16 17:21:08,45.7462489,21.2395499,9.91,complex_giroc,bus,1,synthetic_gps
2026-05-16 17:21:09,45.7462792,21.2395173,10.99,complex_giroc,bus,1,synthetic_gps
2026-05-16 17:21:10,45.7462255,21.2395719,13.67,complex_giroc,bus,1,synthetic_gps
2026-05-16 17:21:11,45.7462419,21.2395952,10.57,complex_giroc,bus,1,synthetic_gps
2026-05-16 17:21:12,45.7461476,21.2395676,10.16,complex_giroc,bus,1,synthetic_gps
2026-05-16 17:21:13,45.7461686,21.2394743,8.01,complex_giroc,bus,1,synthetic_gps
2026-05-16 17:21:14,45.7462111,21.2396457,9.14,complex_giroc,bus,1,synthetic_gps
2026-05-16 17:21:15,45.7461706,21.2397026,2.07,complex_giroc,bus,1,synthetic_gps
2026-05-16 17:21:16,45.7461275,21.2395706,9.93,complex_giroc,bus,1,synthetic_gps
2026-05-16 17:21:17,45.746183,21.2395918,8.02,complex_giroc,bus,1,synthetic_gps
2026-05-16 17:21:18,45.7461033,21.2396156,8.82,complex_giroc,bus,1,synthetic_gps
2026-05-16 17:21:19,45.7460629,21.2396605,11.37,complex_giroc,bus,1,synthetic_gps
2026-05-16 17:21:20,45.746096,21.2395894,12.65,complex_giroc,bus,1,synthetic_gps
2026-05-16 17:21:21,45.7460633,21.2395585,4.65,complex_giroc,bus,1,synthetic_gps
2026-05-16 17:21:22,45.7460221,21.2395916,6.76,complex_giroc,bus,1,synthetic_gps
2026-05-16 17:21:23,45.7460412,21.2396769,10.59,complex_giroc,bus,1,synthetic_gps
2026-05-16 17:21:24,45.7460741,21.2395975,14.72,complex_giroc,bus,1,synthetic_gps
2026-05-16 17:21:25,45.746013,21.2395692,7.83,complex_giroc,bus,1,synthetic_gps
2026-05-16 17:21:26,45.7461498,21.2396466,7.41,complex_giroc,bus,1,synthetic_gps
2026-05-16 17:21:27,45.7460516,21.2396518,7.27,complex_giroc,bus,1,synthetic_gps
2026-05-16 17:21:28,45.7460389,21.23965,8.5,complex_giroc,bus,1,synthetic_gps
2026-05-16 17:21:29,45.746078,21.2397224,12.19,complex_giroc,bus,1,synthetic_gps
2026-05-16 17:21:30,45.7459996,21.2397098,6.73,complex_giroc,bus,1,synthetic_gps
2026-05-16 17:21:31,45.7459246,21.2397572,14.73,complex_giroc,bus,1,synthetic_gps
2026-05-16 17:21:32,45.7460384,21.2396493,22.73,complex_giroc,bus,1,synthetic_gps
2026-05-16 17:21:33,45.7459956,21.2397229,30.73,complex_giroc,bus,1,synthetic_gps
2026-05-16 17:21:34,45.7459532,21.2396837,22.73,complex_giroc,bus,1,synthetic_gps
2026-05-16 17:21:35,45.745906,21.2396756,30.48,complex_giroc,bus,1,synthetic_gps
2026-05-16 17:21:36,45.7459735,21.2397415,22.48,complex_giroc,bus,1,synthetic_gps
2026-05-16 17:21:37,45.7459633,21.2397185,30.48,complex_giroc,bus,1,synthetic_gps
2026-05-16 17:21:38,45.7460168,21.239675,22.91,complex_giroc,bus,1,synthetic_gps
2026-05-16 17:21:39,45.7459502,21.2397401,30.91,complex_giroc,bus,1,synthetic_gps
2026-05-16 17:21:40,45.7459689,21.2396643,23.32,complex_giroc,bus,1,synthetic_gps
2026-05-16 17:21:41,45.7458936,21.2397701,31.32,complex_giroc,bus,1,synthetic_gps
2026-05-16 17:21:42,45.7458648,21.2397278,25.84,complex_giroc,bus,1,synthetic_gps
2026-05-16 17:21:43,45.7459069,21.2398157,17.84,complex_giroc,bus,1,synthetic_gps
2026-05-16 17:21:44,45.7457969,21.2397614,25.84,complex_giroc,bus,1,synthetic_gps
2026-05-16 17:21:45,45.7459049,21.2398237,17.84,complex_giroc,bus,1,synthetic_gps
2026-05-16 17:21:46,45.7458576,21.2398154,25.84,complex_giroc,bus,1,synthetic_gps
2026-05-16 17:21:47,45.7458589,21.2398454,26.31,complex_giroc,bus,1,synthetic_gps
2026-05-16 17:21:48,45.7458578,21.2398122,19.34,complex_giroc,bus,1,synthetic_gps
2026-05-16 17:21:49,45.7457921,21.2399145,27.34,complex_giroc,bus,1,synthetic_gps
2026-05-16 17:21:50,45.7458572,21.2397868,27.23,complex_giroc,bus,1,synthetic_gps
2026-05-16 17:21:51,45.7458168,21.239872,35.23,complex_giroc,bus,1,synthetic_gps
2026-05-16 17:21:52,45.7458559,21.2398689,27.23,complex_giroc,bus,1,synthetic_gps
2026-05-16 17:21:53,45.7457505,21.239847,27.35,complex_giroc,bus,1,synthetic_gps
2026-05-16 17:21:54,45.7456698,21.2399029,21.44,complex_giroc,bus,1,synthetic_gps
2026-05-16 17:21:55,45.7455976,21.2398112,29.44,complex_giroc,bus,1,synthetic_gps
2026-05-16 17:21:56,45.745788,21.2399272,21.44,complex_giroc,bus,1,synthetic_gps
2026-05-16 17:21:57,45.7457074,21.2399383,25.24,complex_giroc,bus,1,synthetic_gps
2026-05-16 17:21:58,45.7457156,21.2399307,32.51,complex_giroc,bus,1,synthetic_gps
2026-05-16 17:21:59,45.7456478,21.2399485,28.41,complex_giroc,bus,1,synthetic_gps
2026-05-16 17:22:00,45.7457096,21.2398631,36.41,complex_giroc,bus,1,synthetic_gps
2026-05-16 17:22:01,45.7456543,21.2399671,30.57,complex_giroc,bus,1,synthetic_gps
2026-05-16 17:22:02,45.7457115,21.2399403,31.34,complex_giroc,bus,1,synthetic_gps
2026-05-16 17:22:03,45.7457048,21.2399537,23.34,complex_giroc,bus,1,synthetic_gps
2026-05-16 17:22:04,45.7456613,21.2399832,26.79,complex_giroc,bus,1,synthetic_gps
2026-05-16 17:22:05,45.7457022,21.23996,25.51,complex_giroc,bus,1,synthetic_gps
2026-05-16 17:22:06,45.7455846,21.239981,20.04,complex_giroc,bus,1,synthetic_gps
2026-05-16 17:22:07,45.7455791,21.2399841,28.04,complex_giroc,bus,1,synthetic_gps
2026-05-16 17:22:08,45.745577,21.2399103,30.46,complex_giroc,bus,1,synthetic_gps
2026-05-16 17:22:09,45.7456756,21.2399826,36.02,complex_giroc,bus,1,synthetic_gps
2026-05-16 17:22:10,45.7455549,21.2400687,29.49,complex_giroc,bus,1,synthetic_gps
2026-05-16 17:22:11,45.7455575,21.2400133,21.49,complex_giroc,bus,1,synthetic_gps
2026-05-16 17:22:12,45.7455406,21.2399622,21.19,complex_giroc,bus,1,synthetic_gps
2026-05-16 17:22:13,45.7455758,21.2400128,29.19,complex_giroc,bus,1,synthetic_gps
2026-05-16 17:22:14,45.7455087,21.2400232,21.19,complex_giroc,bus,1,synthetic_gps
2026-05-16 17:22:15,45.7454483,21.2400053,29.19,complex_giroc,bus,1,synthetic_gps
2026-05-16 17:22:16,45.7455392,21.2400769,29.45,complex_giroc,bus,1,synthetic_gps
2026-05-16 17:22:17,45.7454293,21.2399017,26.2,complex_giroc,bus,1,synthetic_gps
2026-05-16 17:22:18,45.7454632,21.240111,28.85,complex_giroc,bus,1,synthetic_gps
2026-05-16 17:22:19,45.7454769,21.2400683,35.5,complex_giroc,bus,1,synthetic_gps
2026-05-16 17:22:20,45.745504,21.2400693,27.5,complex_giroc,bus,1,synthetic_gps
2026-05-16 17:22:21,45.7454918,21.2401219,23.43,complex_giroc,bus,1,synthetic_gps
2026-05-16 17:22:22,45.745417,21.2401491,31.43,complex_giroc,bus,1,synthetic_gps
2026-05-16 17:22:23,45.7454136,21.2400952,23.43,complex_giroc,bus,1,synthetic_gps
2026-05-16 17:22:24,45.7454206,21.2401637,31.43,complex_giroc,bus,1,synthetic_gps
2026-05-16 17:22:25,45.745377,21.2400966,39.43,complex_giroc,bus,1,synthetic_gps
2026-05-16 17:22:26,45.7453188,21.2401277,31.43,complex_giroc,bus,1,synthetic_gps
2026-05-16 17:22:27,45.7453459,21.2401872,29.45,complex_giroc,bus,1,synthetic_gps
2026-05-16 17:22:28,45.7453868,21.2401576,21.45,complex_giroc,bus,1,synthetic_gps
2026-05-16 17:22:29,45.7454325,21.2401349,29.45,complex_giroc,bus,1,synthetic_gps
2026-05-16 17:22:30,45.7454034,21.2401548,21.45,complex_giroc,bus,1,synthetic_gps
2026-05-16 17:22:31,45.7453794,21.2401917,13.45,complex_giroc,bus,1,synthetic_gps
2026-05-16 17:22:32,45.7452629,21.2401225,5.45,complex_giroc,bus,1,synthetic_gps
2026-05-16 17:22:33,45.7453245,21.2401311,1.16,complex_giroc,bus,1,synthetic_gps
2026-05-16 17:22:34,45.7453535,21.2402066,0.81,complex_giroc,bus,1,synthetic_gps
2026-05-16 17:22:35,45.7453098,21.2402723,0.0,complex_giroc,bus,1,synthetic_gps
2026-05-16 17:22:36,45.7452572,21.2402103,0.21,complex_giroc,bus,1,synthetic_gps
2026-05-16 17:22:37,45.7453281,21.24016,0.04,complex_giroc,bus,1,synthetic_gps
2026-05-16 17:22:38,45.7452521,21.2401707,2.24,complex_giroc,bus,1,synthetic_gps
2026-05-16 17:22:39,45.7453115,21.2402567,0.59,complex_giroc,bus,1,synthetic_gps
2026-05-16 17:22:40,45.7452115,21.2402635,1.55,complex_giroc,bus,1,synthetic_gps
2026-05-16 17:22:41,45.7452369,21.2402945,1.78,complex_giroc,bus,1,synthetic_gps
2026-05-16 17:22:42,45.7452366,21.2402465,1.31,complex_giroc,bus,1,synthetic_gps
2026-05-16 17:22:43,45.7452945,21.2402653,0.26,complex_giroc,bus,1,synthetic_gps
2026-05-16 17:22:44,45.7452135,21.2402247,2.16,complex_giroc,bus,1,synthetic_gps
2026-05-16 17:22:45,45.7451617,21.2402961,0.64,complex_giroc,bus,1,synthetic_gps
2026-05-16 17:22:46,45.7451673,21.2402654,1.45,complex_giroc,bus,1,synthetic_gps
2026-05-16 17:22:47,45.7451791,21.2403008,1.34,complex_giroc,bus,1,synthetic_gps
2026-05-16 17:22:48,45.7451657,21.2403459,1.22,complex_giroc,bus,1,synthetic_gps
2026-05-16 17:22:49,45.7451897,21.240408,0.38,complex_giroc,bus,1,synthetic_gps
2026-05-16 17:22:50,45.7450991,21.2402781,8.38,complex_giroc,bus,1,synthetic_gps
2026-05-16 17:22:51,45.7451375,21.2403092,16.38,complex_giroc,bus,1,synthetic_gps
2026-05-16 17:22:52,45.7450387,21.2403473,24.38,complex_giroc,bus,1,synthetic_gps
2026-05-16 17:22:53,45.7450538,21.2403748,16.38,complex_giroc,bus,1,synthetic_gps
2026-05-16 17:22:54,45.7451122,21.2403359,24.38,complex_giroc,bus,1,synthetic_gps
2026-05-16 17:22:55,45.7450389,21.2403098,29.82,complex_giroc,bus,1,synthetic_gps
2026-05-16 17:22:56,45.745036,21.240384,27.23,complex_giroc,bus,1,synthetic_gps
2026-05-16 17:22:57,45.7449998,21.2403244,19.23,complex_giroc,bus,1,synthetic_gps
2026-05-16 17:22:58,45.7450362,21.2403161,16.26,complex_giroc,bus,1,synthetic_gps
2026-05-16 17:22:59,45.7450628,21.2403651,24.26,complex_giroc,bus,1,synthetic_gps
2026-05-16 17:23:00,45.7451221,21.2404099,16.26,complex_giroc,bus,1,synthetic_gps
2026-05-16 17:23:01,45.7450606,21.2403624,24.26,complex_giroc,bus,1,synthetic_gps
2026-05-16 17:23:02,45.7450046,21.2403906,16.26,complex_giroc,bus,1,synthetic_gps
2026-05-16 17:23:03,45.7449293,21.2404876,24.26,complex_giroc,bus,1,synthetic_gps
2026-05-16 17:23:04,45.7449475,21.2403763,32.26,complex_giroc,bus,1,synthetic_gps
2026-05-16 17:23:05,45.7449763,21.2403811,24.26,complex_giroc,bus,1,synthetic_gps
2026-05-16 17:23:06,45.7449878,21.2403236,29.91,complex_giroc,bus,1,synthetic_gps
2026-05-16 17:23:07,45.7450062,21.2404076,27.96,complex_giroc,bus,1,synthetic_gps
2026-05-16 17:23:08,45.7449528,21.2404865,28.45,complex_giroc,bus,1,synthetic_gps
2026-05-16 17:23:09,45.7449194,21.2403983,32.7,complex_giroc,bus,1,synthetic_gps
2026-05-16 17:23:10,45.7449467,21.240561,24.7,complex_giroc,bus,1,synthetic_gps
2026-05-16 17:23:11,45.7449408,21.2404331,16.7,complex_giroc,bus,1,synthetic_gps
2026-05-16 17:23:12,45.7448599,21.240457,24.7,complex_giroc,bus,1,synthetic_gps
2026-05-16 17:23:13,45.7448368,21.2404443,32.7,complex_giroc,bus,1,synthetic_gps
2026-05-16 17:23:14,45.7448675,21.2404509,24.7,complex_giroc,bus,1,synthetic_gps
2026-05-16 17:23:15,45.7449083,21.2404877,32.7,complex_giroc,bus,1,synthetic_gps
2026-05-16 17:23:16,45.7448576,21.2404681,40.7,complex_giroc,bus,1,synthetic_gps
2026-05-16 17:23:17,45.7447704,21.2404608,36.5,complex_giroc,bus,1,synthetic_gps
2026-05-16 17:23:18,45.7447624,21.24051,28.5,complex_giroc,bus,1,synthetic_gps
2026-05-16 17:23:19,45.7447932,21.2405283,31.48,complex_giroc,bus,1,synthetic_gps
2026-05-16 17:23:20,45.7447607,21.240519,25.83,complex_giroc,bus,1,synthetic_gps
2026-05-16 17:23:21,45.744791,21.2405325,24.19,complex_giroc,bus,1,synthetic_gps
2026-05-16 17:23:22,45.7447738,21.2405731,28.22,complex_giroc,bus,1,synthetic_gps
2026-05-16 17:23:23,45.7447243,21.2406215,31.64,complex_giroc,bus,1,synthetic_gps
2026-05-16 17:23:24,45.7448324,21.2405845,23.64,complex_giroc,bus,1,synthetic_gps
2026-05-16 17:23:25,45.7446907,21.2405822,31.64,complex_giroc,bus,1,synthetic_gps
2026-05-16 17:23:26,45.7447306,21.2404873,23.64,complex_giroc,bus,1,synthetic_gps
2026-05-16 17:23:27,45.7446814,21.2406127,31.64,complex_giroc,bus,1,synthetic_gps
2026-05-16 17:23:28,45.7446679,21.240581,33.12,complex_giroc,bus,1,synthetic_gps
2026-05-16 17:23:29,45.7447592,21.240637,26.98,complex_giroc,bus,1,synthetic_gps
2026-05-16 17:23:30,45.7446894,21.2405886,34.98,complex_giroc,bus,1,synthetic_gps
2026-05-16 17:23:31,45.7446027,21.2406721,26.98,complex_giroc,bus,1,synthetic_gps
2026-05-16 17:23:32,45.7446257,21.240578,18.98,complex_giroc,bus,1,synthetic_gps
2026-05-16 17:23:33,45.7446483,21.2405852,15.36,complex_giroc,bus,1,synthetic_gps
2026-05-16 17:23:34,45.7446889,21.2406771,20.85,complex_giroc,bus,1,synthetic_gps
2026-05-16 17:23:35,45.7446659,21.2406474,28.85,complex_giroc,bus,1,synthetic_gps
2026-05-16 17:23:36,45.7446752,21.2406004,25.72,complex_giroc,bus,1,synthetic_gps
2026-05-16 17:23:37,45.7445333,21.2406676,28.26,complex_giroc,bus,1,synthetic_gps
2026-05-16 17:23:38,45.744661,21.2406568,36.26,complex_giroc,bus,1,synthetic_gps
2026-05-16 17:23:39,45.7446015,21.2407022,28.26,complex_giroc,bus,1,synthetic_gps
2026-05-16 17:23:40,45.7445217,21.2406873,31.26,complex_giroc,bus,1,synthetic_gps
2026-05-16 17:23:41,45.7445962,21.2406445,23.26,complex_giroc,bus,1,synthetic_gps
2026-05-16 17:23:42,45.7446378,21.2406937,15.26,complex_giroc,bus,1,synthetic_gps
2026-05-16 17:23:43,45.7445063,21.2407627,23.26,complex_giroc,bus,1,synthetic_gps
2026-05-16 17:23:44,45.7445425,21.240721,18.45,complex_giroc,bus,1,synthetic_gps
2026-05-16 17:23:45,45.7445321,21.240667,21.24,complex_giroc,bus,1,synthetic_gps
2026-05-16 17:23:46,45.744467,21.2407257,29.24,complex_giroc,bus,1,synthetic_gps
2026-05-16 17:23:47,45.7444575,21.240757,37.24,complex_giroc,bus,1,synthetic_gps
2026-05-16 17:23:48,45.7445178,21.2407664,29.24,complex_giroc,bus,1,synthetic_gps
2026-05-16 17:23:49,45.7445193,21.2407826,31.08,complex_giroc,bus,1,synthetic_gps
2026-05-16 17:23:50,45.7444756,21.24079,23.08,complex_giroc,bus,1,synthetic_gps
2026-05-16 17:23:51,45.7444783,21.240743,31.08,complex_giroc,bus,1,synthetic_gps
2026-05-16 17:23:52,45.7443758,21.2407223,24.31,complex_giroc,bus,1,synthetic_gps
2026-05-16 17:23:53,45.7444121,21.2408678,32.31,complex_giroc,bus,1,synthetic_gps
2026-05-16 17:23:54,45.7445243,21.2408528,24.31,complex_giroc,bus,1,synthetic_gps
2026-05-16 17:23:55,45.7444362,21.2408032,18.91,complex_giroc,bus,1,synthetic_gps
2026-05-16 17:23:56,45.7444471,21.2408863,11.6,complex_giroc,bus,1,synthetic_gps
2026-05-16 17:23:57,45.7443911,21.240809,19.6,complex_giroc,bus,1,synthetic_gps
2026-05-16 17:23:58,45.7444216,21.2407974,11.6,complex_giroc,bus,1,synthetic_gps
2026-05-16 17:23:59,45.7443882,21.2408221,19.6,complex_giroc,bus,1,synthetic_gps
2026-05-16 17:24:00,45.7443468,21.2408648,27.6,complex_giroc,bus,1,synthetic_gps
2026-05-16 17:24:01,45.7443881,21.2408051,19.6,complex_giroc,bus,1,synthetic_gps
2026-05-16 17:24:02,45.7443779,21.2407908,27.6,complex_giroc,bus,1,synthetic_gps
2026-05-16 17:24:03,45.7443132,21.2408789,33.27,complex_giroc,bus,1,synthetic_gps
2026-05-16 17:24:04,45.7443115,21.2408077,27.3,complex_giroc,bus,1,synthetic_gps
2026-05-16 17:24:05,45.744313,21.2408849,35.3,complex_giroc,bus,1,synthetic_gps
2026-05-16 17:24:06,45.7442259,21.2408377,32.76,complex_giroc,bus,1,synthetic_gps
2026-05-16 17:24:07,45.7442995,21.2409,24.92,complex_giroc,bus,1,synthetic_gps
2026-05-16 17:24:08,45.7443255,21.2408932,32.92,complex_giroc,bus,1,synthetic_gps
2026-05-16 17:24:09,45.7442756,21.2408546,25.92,complex_giroc,bus,1,synthetic_gps
2026-05-16 17:24:10,45.7442317,21.2408543,33.92,complex_giroc,bus,1,synthetic_gps
2026-05-16 17:24:11,45.7442169,21.240937,33.28,complex_giroc,bus,1,synthetic_gps
2026-05-16 17:24:12,45.7442093,21.2408933,25.28,complex_giroc,bus,1,synthetic_gps
2026-05-16 17:24:13,45.7442444,21.2409064,23.48,complex_giroc,bus,1,synthetic_gps
2026-05-16 17:24:14,45.7442108,21.24101,16.43,complex_giroc,bus,1,synthetic_gps
2026-05-16 17:24:15,45.7441858,21.2409326,24.43,complex_giroc,bus,1,synthetic_gps
2026-05-16 17:24:16,45.7441943,21.2409501,30.53,complex_giroc,bus,1,synthetic_gps
2026-05-16 17:24:17,45.7441866,21.2409748,28.94,complex_giroc,bus,1,synthetic_gps
2026-05-16 17:24:18,45.7441473,21.2409658,20.94,complex_giroc,bus,1,synthetic_gps
2026-05-16 17:24:19,45.7441404,21.2410199,23.33,complex_giroc,bus,1,synthetic_gps
2026-05-16 17:24:20,45.7441426,21.2409715,19.26,complex_giroc,bus,1,synthetic_gps
2026-05-16 17:24:21,45.7441965,21.2409852,20.82,complex_giroc,bus,1,synthetic_gps
2026-05-16 17:24:22,45.7441268,21.2409633,15.49,complex_giroc,bus,1,synthetic_gps
2026-05-16 17:24:23,45.7441021,21.2409962,23.49,complex_giroc,bus,1,synthetic_gps
2026-05-16 17:24:24,45.7441399,21.2409757,30.69,complex_giroc,bus,1,synthetic_gps
2026-05-16 17:24:25,45.744063,21.2409953,22.69,complex_giroc,bus,1,synthetic_gps
2026-05-16 17:24:26,45.7439868,21.2409905,29.66,complex_giroc,bus,1,synthetic_gps
2026-05-16 17:24:27,45.7441327,21.241042,21.66,complex_giroc,bus,1,synthetic_gps
2026-05-16 17:24:28,45.7439776,21.2410201,29.66,complex_giroc,bus,1,synthetic_gps
2026-05-16 17:24:29,45.744022,21.2411039,24.98,complex_giroc,bus,1,synthetic_gps
2026-05-16 17:24:30,45.7440144,21.24118,16.98,complex_giroc,bus,1,synthetic_gps
2026-05-16 17:24:31,45.7440623,21.2410491,21.49,complex_giroc,bus,1,synthetic_gps
2026-05-16 17:24:32,45.7440325,21.2410138,28.88,complex_giroc,bus,1,synthetic_gps
2026-05-16 17:24:33,45.743993,21.2410409,24.16,complex_giroc,bus,1,synthetic_gps
2026-05-16 17:24:34,45.744036,21.2410505,24.22,complex_giroc,bus,1,synthetic_gps
2026-05-16 17:24:35,45.7439769,21.2411067,28.76,complex_giroc,bus,1,synthetic_gps
2026-05-16 17:24:36,45.7440366,21.2411348,31.63,complex_giroc,bus,1,synthetic_gps
2026-05-16 17:24:37,45.7439655,21.2410931,23.63,complex_giroc,bus,1,synthetic_gps
2026-05-16 17:24:38,45.7439641,21.2411288,27.3,complex_giroc,bus,1,synthetic_gps
2026-05-16 17:24:39,45.7439171,21.2411523,27.24,complex_giroc,bus,1,synthetic_gps
2026-05-16 17:24:40,45.7438655,21.2412556,19.24,complex_giroc,bus,1,synthetic_gps
2026-05-16 17:24:41,45.7439068,21.2411933,27.24,complex_giroc,bus,1,synthetic_gps
2026-05-16 17:24:42,45.743902,21.2411734,27.73,complex_giroc,bus,1,synthetic_gps
2026-05-16 17:24:43,45.7438363,21.2412114,19.73,complex_giroc,bus,1,synthetic_gps
2026-05-16 17:24:44,45.7438331,21.2412512,14.01,complex_giroc,bus,1,synthetic_gps
2026-05-16 17:24:45,45.7438425,21.2411887,21.73,complex_giroc,bus,1,synthetic_gps
2026-05-16 17:24:46,45.7439258,21.2412339,16.13,complex_giroc,bus,1,synthetic_gps
2026-05-16 17:24:47,45.743863,21.2411691,20.15,complex_giroc,bus,1,synthetic_gps
2026-05-16 17:24:48,45.743933,21.2411888,28.15,complex_giroc,bus,1,synthetic_gps
2026-05-16 17:24:49,45.7438327,21.2412667,27.77,complex_giroc,bus,1,synthetic_gps
2026-05-16 17:24:50,45.743769,21.2412364,23.6,complex_giroc,bus,1,synthetic_gps
2026-05-16 17:24:51,45.7437684,21.2412539,18.63,complex_giroc,bus,1,synthetic_gps
2026-05-16 17:24:52,45.7437499,21.2412063,26.63,complex_giroc,bus,1,synthetic_gps
2026-05-16 17:24:53,45.7437523,21.2412836,23.65,complex_giroc,bus,1,synthetic_gps
2026-05-16 17:24:54,45.743762,21.2411897,24.81,complex_giroc,bus,1,synthetic_gps
2026-05-16 17:24:55,45.7437805,21.2412731,18.56,complex_giroc,bus,1,synthetic_gps
2026-05-16 17:24:56,45.743629,21.2412774,26.56,complex_giroc,bus,1,synthetic_gps
2026-05-16 17:24:57,45.7437571,21.2412694,33.48,complex_giroc,bus,1,synthetic_gps
2026-05-16 17:24:58,45.7436707,21.2412225,25.48,complex_giroc,bus,1,synthetic_gps
2026-05-16 17:24:59,45.7437365,21.2412003,29.4,complex_giroc,bus,1,synthetic_gps
2026-05-16 17:25:00,45.7437771,21.241348,21.4,complex_giroc,bus,1,synthetic_gps
2026-05-16 17:25:01,45.7437249,21.2413187,13.4,complex_giroc,bus,1,synthetic_gps
2026-05-16 17:25:02,45.7437035,21.2413655,5.4,complex_giroc,bus,1,synthetic_gps
2026-05-16 17:25:03,45.7436753,21.2413328,0.69,complex_giroc,bus,1,synthetic_gps
2026-05-16 17:25:04,45.7436976,21.241362,1.31,complex_giroc,bus,1,synthetic_gps
2026-05-16 17:25:05,45.7436524,21.2414055,0.73,complex_giroc,bus,1,synthetic_gps
2026-05-16 17:25:06,45.7436252,21.2413417,0.47,complex_giroc,bus,1,synthetic_gps
2026-05-16 17:25:07,45.7436496,21.2413462,1.4,complex_giroc,bus,1,synthetic_gps
2026-05-16 17:25:08,45.7435734,21.2413443,1.14,complex_giroc,bus,1,synthetic_gps
2026-05-16 17:25:09,45.7436237,21.2412995,1.22,complex_giroc,bus,1,synthetic_gps
2026-05-16 17:25:10,45.7435936,21.2413018,1.66,complex_giroc,bus,1,synthetic_gps
2026-05-16 17:25:11,45.7435435,21.2413662,1.44,complex_giroc,bus,1,synthetic_gps
2026-05-16 17:25:12,45.7436118,21.2414004,0.0,complex_giroc,bus,1,synthetic_gps
2026-05-16 17:25:13,45.743633,21.2413986,1.62,complex_giroc,bus,1,synthetic_gps
2026-05-16 17:25:14,45.7436041,21.2414189,1.5,complex_giroc,bus,1,synthetic_gps
2026-05-16 17:25:15,45.7435723,21.2414615,1.08,complex_giroc,bus,1,synthetic_gps
2026-05-16 17:25:16,45.7435261,21.2414137,1.56,complex_giroc,bus,1,synthetic_gps
2026-05-16 17:25:17,45.743567,21.2414529,1.18,complex_giroc,bus,1,synthetic_gps
2026-05-16 17:25:18,45.7434628,21.2414127,2.19,complex_giroc,bus,1,synthetic_gps
2026-05-16 17:25:19,45.7435597,21.2414578,0.71,complex_giroc,bus,1,synthetic_gps
2026-05-16 17:25:20,45.7435174,21.2414615,8.71,complex_giroc,bus,1,synthetic_gps
2026-05-16 17:25:21,45.7435417,21.2414742,16.71,complex_giroc,bus,1,synthetic_gps
2026-05-16 17:25:22,45.74356,21.2415709,24.71,complex_giroc,bus,1,synthetic_gps
2026-05-16 17:25:23,45.7434702,21.2415692,29.93,complex_giroc,bus,1,synthetic_gps
2026-05-16 17:25:24,45.7435391,21.241446,22.46,complex_giroc,bus,1,synthetic_gps
2026-05-16 17:25:25,45.7434427,21.2415459,24.31,complex_giroc,bus,1,synthetic_gps
2026-05-16 17:25:26,45.7434621,21.2415263,28.5,complex_giroc,bus,1,synthetic_gps
2026-05-16 17:25:27,45.7435069,21.2414429,23.35,complex_giroc,bus,1,synthetic_gps
2026-05-16 17:25:28,45.7435006,21.2415442,20.51,complex_giroc,bus,1,synthetic_gps
2026-05-16 17:25:29,45.7433495,21.2414676,21.29,complex_giroc,bus,1,synthetic_gps
2026-05-16 17:25:30,45.7434413,21.2415008,27.23,complex_giroc,bus,1,synthetic_gps
2026-05-16 17:25:31,45.7434016,21.2415435,29.07,complex_giroc,bus,1,synthetic_gps
2026-05-16 17:25:32,45.7433576,21.2415559,21.07,complex_giroc,bus,1,synthetic_gps
2026-05-16 17:25:33,45.7434339,21.2415264,25.92,complex_giroc,bus,1,synthetic_gps
2026-05-16 17:25:34,45.7433319,21.241595,22.97,complex_giroc,bus,1,synthetic_gps
2026-05-16 17:25:35,45.7432271,21.2416156,28.06,complex_giroc,bus,1,synthetic_gps
2026-05-16 17:25:36,45.7433353,21.2415349,24.86,complex_giroc,bus,1,synthetic_gps
2026-05-16 17:25:37,45.7433043,21.2415955,26.55,complex_giroc,bus,1,synthetic_gps
2026-05-16 17:25:38,45.7432706,21.2415777,18.73,complex_giroc,bus,1,synthetic_gps
2026-05-16 17:25:39,45.7431837,21.2415937,23.63,complex_giroc,bus,1,synthetic_gps
2026-05-16 17:25:40,45.7431599,21.2414939,16.17,complex_giroc,bus,1,synthetic_gps
2026-05-16 17:25:41,45.7432809,21.2415901,24.17,complex_giroc,bus,1,synthetic_gps
2026-05-16 17:25:42,45.7432705,21.2416403,25.83,complex_giroc,bus,1,synthetic_gps
2026-05-16 17:25:43,45.7431695,21.2416403,31.29,complex_giroc,bus,1,synthetic_gps
2026-05-16 17:25:44,45.7432423,21.2416892,35.49,complex_giroc,bus,1,synthetic_gps
2026-05-16 17:25:45,45.743256,21.2416117,27.49,complex_giroc,bus,1,synthetic_gps
2026-05-16 17:25:46,45.7431731,21.2416269,24.39,complex_giroc,bus,1,synthetic_gps
2026-05-16 17:25:47,45.7432417,21.2416613,25.13,complex_giroc,bus,1,synthetic_gps
2026-05-16 17:25:48,45.7432083,21.2417265,17.13,complex_giroc,bus,1,synthetic_gps
2026-05-16 17:25:49,45.7431668,21.2416428,19.56,complex_giroc,bus,1,synthetic_gps
2026-05-16 17:25:50,45.7430583,21.2417577,27.56,complex_giroc,bus,1,synthetic_gps
2026-05-16 17:25:51,45.7430812,21.2417065,19.6,complex_giroc,bus,1,synthetic_gps
2026-05-16 17:25:52,45.7431638,21.2416807,27.6,complex_giroc,bus,1,synthetic_gps
2026-05-16 17:25:53,45.7431901,21.2417874,20.13,complex_giroc,bus,1,synthetic_gps
2026-05-16 17:25:54,45.7431212,21.2418052,28.13,complex_giroc,bus,1,synthetic_gps
2026-05-16 17:25:55,45.7430713,21.2417076,28.87,complex_giroc,bus,1,synthetic_gps
2026-05-16 17:25:56,45.7431221,21.2417664,31.1,complex_giroc,bus,1,synthetic_gps
2026-05-16 17:25:57,45.7430447,21.2417081,25.0,complex_giroc,bus,1,synthetic_gps
2026-05-16 17:25:58,45.7430345,21.2417437,17.0,complex_giroc,bus,1,synthetic_gps
2026-05-16 17:25:59,45.7430804,21.2418032,19.91,complex_giroc,bus,1,synthetic_gps
2026-05-16 17:26:00,45.7430355,21.2417788,27.24,complex_giroc,bus,1,synthetic_gps
2026-05-16 17:26:01,45.7430519,21.2417608,22.12,complex_giroc,bus,1,synthetic_gps
2026-05-16 17:26:02,45.7430641,21.2418185,28.89,complex_giroc,bus,1,synthetic_gps
2026-05-16 17:26:03,45.7430223,21.2417736,30.22,complex_giroc,bus,1,synthetic_gps
2026-05-16 17:26:04,45.7430133,21.2418665,22.22,complex_giroc,bus,1,synthetic_gps
2026-05-16 17:26:05,45.7430129,21.2417549,21.66,complex_giroc,bus,1,synthetic_gps
2026-05-16 17:26:06,45.7430868,21.2417539,18.91,complex_giroc,bus,1,synthetic_gps
2026-05-16 17:26:07,45.7430321,21.2418366,26.91,complex_giroc,bus,1,synthetic_gps
2026-05-16 17:26:08,45.7429376,21.2418552,34.91,complex_giroc,bus,1,synthetic_gps
2026-05-16 17:26:09,45.742925,21.2418209,40.58,complex_giroc,bus,1,synthetic_gps
2026-05-16 17:26:10,45.7428666,21.241786,32.58,complex_giroc,bus,1,synthetic_gps
2026-05-16 17:26:11,45.7428982,21.2418858,31.77,complex_giroc,bus,1,synthetic_gps
2026-05-16 17:26:12,45.7428844,21.241808,39.77,complex_giroc,bus,1,synthetic_gps
2026-05-16 17:26:13,45.7429934,21.2418231,37.39,complex_giroc,bus,1,synthetic_gps
2026-05-16 17:26:14,45.7428105,21.2418704,29.39,complex_giroc,bus,1,synthetic_gps
2026-05-16 17:26:15,45.7428911,21.2417939,22.9,complex_giroc,bus,1,synthetic_gps
2026-05-16 17:26:16,45.7429216,21.2419213,30.88,complex_giroc,bus,1,synthetic_gps
2026-05-16 17:26:17,45.7429271,21.2418286,32.2,complex_giroc,bus,1,synthetic_gps
2026-05-16 17:26:18,45.7428683,21.2419677,24.2,complex_giroc,bus,1,synthetic_gps
2026-05-16 17:26:19,45.7428532,21.241891,32.2,complex_giroc,bus,1,synthetic_gps
2026-05-16 17:26:20,45.7427866,21.2419638,39.42,complex_giroc,bus,1,synthetic_gps
2026-05-16 17:26:21,45.7428576,21.2419679,31.42,complex_giroc,bus,1,synthetic_gps
2026-05-16 17:26:22,45.7428518,21.2419427,23.42,complex_giroc,bus,1,synthetic_gps
2026-05-16 17:26:23,45.7428024,21.2419409,31.42,complex_giroc,bus,1,synthetic_gps
2026-05-16 17:26:24,45.7427749,21.2419779,34.67,complex_giroc,bus,1,synthetic_gps
2026-05-16 17:26:25,45.7428109,21.2419419,26.67,complex_giroc,bus,1,synthetic_gps
2026-05-16 17:26:26,45.7428216,21.2420029,18.67,complex_giroc,bus,1,synthetic_gps
2026-05-16 17:26:27,45.7427565,21.2419808,26.67,complex_giroc,bus,1,synthetic_gps
2026-05-16 17:26:28,45.7427335,21.242022,29.89,complex_giroc,bus,1,synthetic_gps
2026-05-16 17:26:29,45.7427788,21.2419806,28.27,complex_giroc,bus,1,synthetic_gps
2026-05-16 17:26:30,45.7426876,21.2419537,28.3,complex_giroc,bus,1,synthetic_gps
2026-05-16 17:26:31,45.7426793,21.242002,22.39,complex_giroc,bus,1,synthetic_gps
2026-05-16 17:26:32,45.742685,21.2420157,14.39,complex_giroc,bus,1,synthetic_gps
2026-05-16 17:26:33,45.7426991,21.2420079,13.25,complex_giroc,bus,1,synthetic_gps
2026-05-16 17:26:34,45.7426909,21.2420847,21.25,complex_giroc,bus,1,synthetic_gps
2026-05-16 17:26:35,45.7427081,21.241926,14.12,complex_giroc,bus,1,synthetic_gps
2026-05-16 17:26:36,45.7425965,21.2420385,22.12,complex_giroc,bus,1,synthetic_gps
2026-05-16 17:26:37,45.7426443,21.2421115,22.38,complex_giroc,bus,1,synthetic_gps
2026-05-16 17:26:38,45.7426446,21.2421042,30.38,complex_giroc,bus,1,synthetic_gps
2026-05-16 17:26:39,45.7426022,21.2421316,38.38,complex_giroc,bus,1,synthetic_gps
2026-05-16 17:26:40,45.7426246,21.2420763,30.38,complex_giroc,bus,1,synthetic_gps
2026-05-16 17:26:41,45.7426246,21.2421072,33.98,complex_giroc,bus,1,synthetic_gps
2026-05-16 17:26:42,45.7425881,21.2421495,25.98,complex_giroc,bus,1,synthetic_gps
2026-05-16 17:26:43,45.7426115,21.2421211,19.84,complex_giroc,bus,1,synthetic_gps
2026-05-16 17:26:44,45.7426345,21.2420533,27.84,complex_giroc,bus,1,synthetic_gps
2026-05-16 17:26:45,45.7425362,21.2420739,19.84,complex_giroc,bus,1,synthetic_gps
2026-05-16 17:26:46,45.742625,21.242114,27.84,complex_giroc,bus,1,synthetic_gps
2026-05-16 17:26:47,45.742516,21.2421187,35.84,complex_giroc,bus,1,synthetic_gps
2026-05-16 17:26:48,45.742531,21.2421182,27.84,complex_giroc,bus,1,synthetic_gps
2026-05-16 17:26:49,45.7424677,21.2421267,30.66,complex_giroc,bus,1,synthetic_gps
2026-05-16 17:26:50,45.7424653,21.2422084,23.94,complex_giroc,bus,1,synthetic_gps
2026-05-16 17:26:51,45.7424901,21.2421092,31.94,complex_giroc,bus,1,synthetic_gps
2026-05-16 17:26:52,45.7426169,21.2421513,23.94,complex_giroc,bus,1,synthetic_gps
2026-05-16 17:26:53,45.7424709,21.2421671,29.86,complex_giroc,bus,1,synthetic_gps
2026-05-16 17:26:54,45.7424871,21.2421391,31.68,complex_giroc,bus,1,synthetic_gps
2026-05-16 17:26:55,45.7424602,21.2421807,39.68,complex_giroc,bus,1,synthetic_gps
2026-05-16 17:26:56,45.7424704,21.2422068,31.68,complex_giroc,bus,1,synthetic_gps
2026-05-16 17:26:57,45.7423931,21.2421441,23.68,complex_giroc,bus,1,synthetic_gps
2026-05-16 17:26:58,45.7423584,21.2421827,15.68,complex_giroc,bus,1,synthetic_gps
2026-05-16 17:26:59,45.7424088,21.2423188,23.68,complex_giroc,bus,1,synthetic_gps
2026-05-16 17:27:00,45.7424052,21.2422198,22.96,complex_giroc,bus,1,synthetic_gps
2026-05-16 17:27:01,45.7424302,21.2422327,23.59,complex_giroc,bus,1,synthetic_gps
2026-05-16 17:27:02,45.7423446,21.242241,18.04,complex_giroc,bus,1,synthetic_gps
2026-05-16 17:27:03,45.7423094,21.2423121,12.53,complex_giroc,bus,1,synthetic_gps
2026-05-16 17:27:04,45.7423943,21.2422535,20.53,complex_giroc,bus,1,synthetic_gps
2026-05-16 17:27:05,45.7422192,21.2422301,28.53,complex_giroc,bus,1,synthetic_gps
2026-05-16 17:27:06,45.7423386,21.2423678,36.53,complex_giroc,bus,1,synthetic_gps
2026-05-16 17:27:07,45.7422542,21.2423236,44.53,complex_giroc,bus,1,synthetic_gps
2026-05-16 17:27:08,45.7422192,21.2422472,39.45,complex_giroc,bus,1,synthetic_gps
2026-05-16 17:27:09,45.7422708,21.2422703,31.45,complex_giroc,bus,1,synthetic_gps
2026-05-16 17:27:10,45.7422868,21.2422837,23.45,complex_giroc,bus,1,synthetic_gps
2026-05-16 17:27:11,45.7423757,21.2422839,17.88,complex_giroc,bus,1,synthetic_gps
2026-05-16 17:27:12,45.7422056,21.2423012,25.88,complex_giroc,bus,1,synthetic_gps
2026-05-16 17:27:13,45.7422091,21.2423748,17.88,complex_giroc,bus,1,synthetic_gps
2026-05-16 17:27:14,45.7422043,21.2423257,22.99,complex_giroc,bus,1,synthetic_gps
2026-05-16 17:27:15,45.7422413,21.2423695,14.99,complex_giroc,bus,1,synthetic_gps
2026-05-16 17:27:16,45.742303,21.2423786,22.99,complex_giroc,bus,1,synthetic_gps
2026-05-16 17:27:17,45.7421887,21.2423463,30.99,complex_giroc,bus,1,synthetic_gps
2026-05-16 17:27:18,45.7422385,21.2423911,22.99,complex_giroc,bus,1,synthetic_gps
2026-05-16 17:27:19,45.742198,21.2423531,14.99,complex_giroc,bus,1,synthetic_gps
2026-05-16 17:27:20,45.7422925,21.2424299,22.99,complex_giroc,bus,1,synthetic_gps
2026-05-16 17:27:21,45.7421794,21.2424397,20.73,complex_giroc,bus,1,synthetic_gps
2026-05-16 17:27:22,45.742083,21.2424078,28.73,complex_giroc,bus,1,synthetic_gps
2026-05-16 17:27:23,45.742176,21.2423396,25.11,complex_giroc,bus,1,synthetic_gps
2026-05-16 17:27:24,45.7421001,21.2424243,33.11,complex_giroc,bus,1,synthetic_gps
2026-05-16 17:27:25,45.7421871,21.2424181,28.57,complex_giroc,bus,1,synthetic_gps
2026-05-16 17:27:26,45.7420671,21.2425171,34.45,complex_giroc,bus,1,synthetic_gps
2026-05-16 17:27:27,45.7421211,21.2424932,26.72,complex_giroc,bus,1,synthetic_gps
2026-05-16 17:27:28,45.7421258,21.2425187,34.72,complex_giroc,bus,1,synthetic_gps
2026-05-16 17:27:29,45.742087,21.2424071,26.72,complex_giroc,bus,1,synthetic_gps
2026-05-16 17:27:30,45.7419668,21.242447,18.72,complex_giroc,bus,1,synthetic_gps
2026-05-16 17:27:31,45.7420395,21.2424834,10.72,complex_giroc,bus,1,synthetic_gps
2026-05-16 17:27:32,45.7420576,21.242471,2.72,complex_giroc,bus,1,synthetic_gps
2026-05-16 17:27:33,45.7419976,21.2425208,1.21,complex_giroc,bus,1,synthetic_gps
2026-05-16 17:27:34,45.7420584,21.2424681,0.06,complex_giroc,bus,1,synthetic_gps
2026-05-16 17:27:35,45.742037,21.2425167,1.39,complex_giroc,bus,1,synthetic_gps
2026-05-16 17:27:36,45.741984,21.2424905,1.36,complex_giroc,bus,1,synthetic_gps
2026-05-16 17:27:37,45.7419971,21.2425054,0.55,complex_giroc,bus,1,synthetic_gps
2026-05-16 17:27:38,45.7419402,21.2426603,0.57,complex_giroc,bus,1,synthetic_gps
2026-05-16 17:27:39,45.7420096,21.242556,0.96,complex_giroc,bus,1,synthetic_gps
2026-05-16 17:27:40,45.7419263,21.2425233,0.83,complex_giroc,bus,1,synthetic_gps
2026-05-16 17:27:41,45.7419758,21.2425517,1.07,complex_giroc,bus,1,synthetic_gps
2026-05-16 17:27:42,45.7418913,21.2425377,1.03,complex_giroc,bus,1,synthetic_gps
2026-05-16 17:27:43,45.7418806,21.2425042,0.96,complex_giroc,bus,1,synthetic_gps
2026-05-16 17:27:44,45.7418851,21.2425308,1.42,complex_giroc,bus,1,synthetic_gps
2026-05-16 17:27:45,45.7418783,21.2426077,1.53,complex_giroc,bus,1,synthetic_gps
2026-05-16 17:27:46,45.7418399,21.2425645,1.83,complex_giroc,bus,1,synthetic_gps
2026-05-16 17:27:47,45.7418729,21.242689,1.39,complex_giroc,bus,1,synthetic_gps
2026-05-16 17:27:48,45.7419525,21.2425999,0.62,complex_giroc,bus,1,synthetic_gps
2026-05-16 17:27:49,45.7417644,21.2426533,1.67,complex_giroc,bus,1,synthetic_gps
2026-05-16 17:27:50,45.741835,21.2426589,9.67,complex_giroc,bus,1,synthetic_gps
2026-05-16 17:27:51,45.7417723,21.2427236,17.67,complex_giroc,bus,1,synthetic_gps
2026-05-16 17:27:52,45.7417996,21.2426671,25.67,complex_giroc,bus,1,synthetic_gps
2026-05-16 17:27:53,45.7417607,21.2426555,33.67,complex_giroc,bus,1,synthetic_gps
2026-05-16 17:27:54,45.7417826,21.2426916,40.11,complex_giroc,bus,1,synthetic_gps
2026-05-16 17:27:55,45.7418053,21.2426834,32.11,complex_giroc,bus,1,synthetic_gps
2026-05-16 17:27:56,45.7417891,21.2427328,24.11,complex_giroc,bus,1,synthetic_gps
2026-05-16 17:27:57,45.7417231,21.2427606,27.09,complex_giroc,bus,1,synthetic_gps
2026-05-16 17:27:58,45.7417148,21.2427678,29.17,complex_giroc,bus,1,synthetic_gps
2026-05-16 17:27:59,45.7417072,21.2427709,21.17,complex_giroc,bus,1,synthetic_gps
2026-05-16 17:28:00,45.7417162,21.2427293,16.62,complex_giroc,bus,1,synthetic_gps
2026-05-16 17:28:01,45.7416836,21.2427356,24.62,complex_giroc,bus,1,synthetic_gps
2026-05-16 17:28:02,45.7416064,21.2428299,24.31,complex_giroc,bus,1,synthetic_gps
2026-05-16 17:28:03,45.7416883,21.2428561,16.31,complex_giroc,bus,1,synthetic_gps
2026-05-16 17:28:04,45.7415963,21.2428206,24.31,complex_giroc,bus,1,synthetic_gps
2026-05-16 17:28:05,45.741668,21.2428364,32.31,complex_giroc,bus,1,synthetic_gps
2026-05-16 17:28:06,45.7416656,21.242898,26.28,complex_giroc,bus,1,synthetic_gps
2026-05-16 17:28:07,45.7415832,21.2427445,26.82,complex_giroc,bus,1,synthetic_gps
2026-05-16 17:28:08,45.7417116,21.2429137,18.82,complex_giroc,bus,1,synthetic_gps
2026-05-16 17:28:09,45.7416064,21.2429633,26.33,complex_giroc,bus,1,synthetic_gps
2026-05-16 17:28:10,45.7415798,21.24286,18.33,complex_giroc,bus,1,synthetic_gps
2026-05-16 17:28:11,45.741672,21.2428245,14.12,complex_giroc,bus,1,synthetic_gps
2026-05-16 17:28:12,45.7416563,21.2429425,22.12,complex_giroc,bus,1,synthetic_gps
2026-05-16 17:28:13,45.74152,21.2428664,27.84,complex_giroc,bus,1,synthetic_gps
2026-05-16 17:28:14,45.7415077,21.2429131,19.84,complex_giroc,bus,1,synthetic_gps
2026-05-16 17:28:15,45.7415625,21.2430135,11.84,complex_giroc,bus,1,synthetic_gps
2026-05-16 17:28:16,45.7415397,21.2429835,16.2,complex_giroc,bus,1,synthetic_gps
2026-05-16 17:28:17,45.7414762,21.242912,24.2,complex_giroc,bus,1,synthetic_gps
2026-05-16 17:28:18,45.7415806,21.2429389,28.11,complex_giroc,bus,1,synthetic_gps
2026-05-16 17:28:19,45.7414999,21.2428986,33.67,complex_giroc,bus,1,synthetic_gps
2026-05-16 17:28:20,45.74144,21.2428834,25.67,complex_giroc,bus,1,synthetic_gps
2026-05-16 17:28:21,45.7413929,21.2429162,33.67,complex_giroc,bus,1,synthetic_gps
2026-05-16 17:28:22,45.7414283,21.2430735,25.67,complex_giroc,bus,1,synthetic_gps
2026-05-16 17:28:23,45.7414726,21.2430645,33.67,complex_giroc,bus,1,synthetic_gps
2026-05-16 17:28:24,45.741417,21.243035,26.48,complex_giroc,bus,1,synthetic_gps
2026-05-16 17:28:25,45.7413798,21.2430787,18.48,complex_giroc,bus,1,synthetic_gps
2026-05-16 17:28:26,45.7414329,21.2430445,26.48,complex_giroc,bus,1,synthetic_gps
2026-05-16 17:28:27,45.7413466,21.2430496,25.82,complex_giroc,bus,1,synthetic_gps
2026-05-16 17:28:28,45.7413963,21.2430289,33.52,complex_giroc,bus,1,synthetic_gps
2026-05-16 17:28:29,45.7412959,21.2431145,25.52,complex_giroc,bus,1,synthetic_gps
2026-05-16 17:28:30,45.741402,21.2430026,17.52,complex_giroc,bus,1,synthetic_gps
2026-05-16 17:28:31,45.7413732,21.2430464,21.21,complex_giroc,bus,1,synthetic_gps
2026-05-16 17:28:32,45.7414097,21.2430266,27.9,complex_giroc,bus,1,synthetic_gps
2026-05-16 17:28:33,45.7413315,21.2430907,30.12,complex_giroc,bus,1,synthetic_gps
2026-05-16 17:28:34,45.7412745,21.2432136,38.12,complex_giroc,bus,1,synthetic_gps
2026-05-16 17:28:35,45.7412794,21.2431922,35.51,complex_giroc,bus,1,synthetic_gps
2026-05-16 17:28:36,45.7412004,21.2432517,27.51,complex_giroc,bus,1,synthetic_gps
2026-05-16 17:28:37,45.7413021,21.2430922,19.51,complex_giroc,bus,1,synthetic_gps
2026-05-16 17:28:38,45.741297,21.2432214,27.5,complex_giroc,bus,1,synthetic_gps
2026-05-16 17:28:39,45.7412356,21.2431927,35.5,complex_giroc,bus,1,synthetic_gps
2026-05-16 17:28:40,45.741212,21.2431432,27.5,complex_giroc,bus,1,synthetic_gps
2026-05-16 17:28:41,45.7412238,21.2432672,29.02,complex_giroc,bus,1,synthetic_gps
2026-05-16 17:28:42,45.7411846,21.2432381,31.5,complex_giroc,bus,1,synthetic_gps
2026-05-16 17:28:43,45.7412019,21.2431815,39.5,complex_giroc,bus,1,synthetic_gps
2026-05-16 17:28:44,45.7411706,21.2432755,31.5,complex_giroc,bus,1,synthetic_gps
2026-05-16 17:28:45,45.7412546,21.2432823,23.5,complex_giroc,bus,1,synthetic_gps
2026-05-16 17:28:46,45.7410853,21.2432271,31.5,complex_giroc,bus,1,synthetic_gps
2026-05-16 17:28:47,45.7410023,21.2432877,29.89,complex_giroc,bus,1,synthetic_gps
2026-05-16 17:28:48,45.741229,21.2432952,21.89,complex_giroc,bus,1,synthetic_gps
2026-05-16 17:28:49,45.7411301,21.2432782,27.2,complex_giroc,bus,1,synthetic_gps
2026-05-16 17:28:50,45.7410951,21.2432593,19.2,complex_giroc,bus,1,synthetic_gps
2026-05-16 17:28:51,45.7410805,21.243323,27.2,complex_giroc,bus,1,synthetic_gps
2026-05-16 17:28:52,45.7411408,21.2433369,19.2,complex_giroc,bus,1,synthetic_gps
2026-05-16 17:28:53,45.7410411,21.2433513,27.2,complex_giroc,bus,1,synthetic_gps
2026-05-16 17:28:54,45.7410486,21.2433524,29.63,complex_giroc,bus,1,synthetic_gps
2026-05-16 17:28:55,45.740996,21.2433235,34.26,complex_giroc,bus,1,synthetic_gps
2026-05-16 17:28:56,45.7410102,21.2434013,31.18,complex_giroc,bus,1,synthetic_gps
2026-05-16 17:28:57,45.7409688,21.2434018,23.18,complex_giroc,bus,1,synthetic_gps
2026-05-16 17:28:58,45.7410543,21.2434249,16.58,complex_giroc,bus,1,synthetic_gps
2026-05-16 17:28:59,45.7409713,21.2434551,24.58,complex_giroc,bus,1,synthetic_gps
2026-05-16 17:29:00,45.7410074,21.243496,18.01,complex_giroc,bus,1,synthetic_gps
2026-05-16 17:29:01,45.7409919,21.2433664,22.99,complex_giroc,bus,1,synthetic_gps
2026-05-16 17:29:02,45.7408524,21.2434087,22.69,complex_giroc,bus,1,synthetic_gps
2026-05-16 17:29:03,45.7409661,21.2434203,14.69,complex_giroc,bus,1,synthetic_gps
2026-05-16 17:29:04,45.7409608,21.2434919,11.08,complex_giroc,bus,1,synthetic_gps
2026-05-16 17:29:05,45.7409631,21.2434662,19.08,complex_giroc,bus,1,synthetic_gps
2026-05-16 17:29:06,45.7409202,21.2435336,25.6,complex_giroc,bus,1,synthetic_gps
2026-05-16 17:29:07,45.7408543,21.2435304,18.6,complex_giroc,bus,1,synthetic_gps
2026-05-16 17:29:08,45.7408798,21.2435407,26.6,complex_giroc,bus,1,synthetic_gps
2026-05-16 17:29:09,45.7408952,21.243547,18.6,complex_giroc,bus,1,synthetic_gps
2026-05-16 17:29:10,45.7408919,21.2435063,26.6,complex_giroc,bus,1,synthetic_gps
2026-05-16 17:29:11,45.7409365,21.2436054,34.6,complex_giroc,bus,1,synthetic_gps
2026-05-16 17:29:12,45.7408354,21.2434351,26.6,complex_giroc,bus,1,synthetic_gps
2026-05-16 17:29:13,45.740902,21.2436076,23.94,complex_giroc,bus,1,synthetic_gps
2026-05-16 17:29:14,45.7408377,21.2435974,22.74,complex_giroc,bus,1,synthetic_gps
2026-05-16 17:29:15,45.7408092,21.2434397,25.36,complex_giroc,bus,1,synthetic_gps
2026-05-16 17:29:16,45.7407863,21.2437099,17.36,complex_giroc,bus,1,synthetic_gps
2026-05-16 17:29:17,45.7407731,21.2435842,22.03,complex_giroc,bus,1,synthetic_gps
2026-05-16 17:29:18,45.7407043,21.2436848,28.62,complex_giroc,bus,1,synthetic_gps
2026-05-16 17:29:19,45.7407379,21.2435952,24.13,complex_giroc,bus,1,synthetic_gps
2026-05-16 17:29:20,45.7407401,21.2436229,30.67,complex_giroc,bus,1,synthetic_gps
2026-05-16 17:29:21,45.7407418,21.243579,22.67,complex_giroc,bus,1,synthetic_gps
2026-05-16 17:29:22,45.7407237,21.2436755,15.76,complex_giroc,bus,1,synthetic_gps
2026-05-16 17:29:23,45.7406875,21.2437274,23.76,complex_giroc,bus,1,synthetic_gps
2026-05-16 17:29:24,45.7407308,21.2436533,31.76,complex_giroc,bus,1,synthetic_gps
2026-05-16 17:29:25,45.7406025,21.2437241,25.64,complex_giroc,bus,1,synthetic_gps
2026-05-16 17:29:26,45.7405961,21.2437673,28.8,complex_giroc,bus,1,synthetic_gps
2026-05-16 17:29:27,45.7406689,21.2436178,31.69,complex_giroc,bus,1,synthetic_gps
2026-05-16 17:29:28,45.7406654,21.2437408,28.5,complex_giroc,bus,1,synthetic_gps
2026-05-16 17:29:29,45.7406303,21.2437389,30.23,complex_giroc,bus,1,synthetic_gps
2026-05-16 17:29:30,45.7406402,21.2437108,38.2,complex_giroc,bus,1,synthetic_gps
2026-05-16 17:29:31,45.7405607,21.2437299,30.2,complex_giroc,bus,1,synthetic_gps
2026-05-16 17:29:32,45.7405569,21.2437761,22.2,complex_giroc,bus,1,synthetic_gps
2026-05-16 17:29:33,45.7405296,21.2437843,30.2,complex_giroc,bus,1,synthetic_gps
2026-05-16 17:29:34,45.7405461,21.2438457,30.15,complex_giroc,bus,1,synthetic_gps
2026-05-16 17:29:35,45.7405055,21.2437805,26.53,complex_giroc,bus,1,synthetic_gps
2026-05-16 17:29:36,45.7405464,21.2437958,34.53,complex_giroc,bus,1,synthetic_gps
2026-05-16 17:29:37,45.7405328,21.2437729,26.53,complex_giroc,bus,1,synthetic_gps
2026-05-16 17:29:38,45.7405082,21.2438435,31.73,complex_giroc,bus,1,synthetic_gps
2026-05-16 17:29:39,45.7404998,21.2437841,25.28,complex_giroc,bus,1,synthetic_gps
2026-05-16 17:29:40,45.7405508,21.2438721,17.28,complex_giroc,bus,1,synthetic_gps
2026-05-16 17:29:41,45.7404685,21.2438456,25.28,complex_giroc,bus,1,synthetic_gps
2026-05-16 17:29:42,45.7404794,21.2438795,31.36,complex_giroc,bus,1,synthetic_gps
2026-05-16 17:29:43,45.7403862,21.2438766,23.36,complex_giroc,bus,1,synthetic_gps
2026-05-16 17:29:44,45.7404785,21.2439202,31.36,complex_giroc,bus,1,synthetic_gps
2026-05-16 17:29:45,45.7404937,21.2439427,27.7,complex_giroc,bus,1,synthetic_gps
2026-05-16 17:29:46,45.7404818,21.2438984,32.14,complex_giroc,bus,1,synthetic_gps
2026-05-16 17:29:47,45.7404081,21.2439794,25.87,complex_giroc,bus,1,synthetic_gps
2026-05-16 17:29:48,45.7403852,21.2438849,17.87,complex_giroc,bus,1,synthetic_gps
2026-05-16 17:29:49,45.740349,21.2439322,25.87,complex_giroc,bus,1,synthetic_gps
2026-05-16 17:29:50,45.7403579,21.2440091,20.61,complex_giroc,bus,1,synthetic_gps
2026-05-16 17:29:51,45.7404771,21.2439598,28.61,complex_giroc,bus,1,synthetic_gps
2026-05-16 17:29:52,45.7403205,21.2440445,28.76,complex_giroc,bus,1,synthetic_gps
2026-05-16 17:29:53,45.7404467,21.2440071,20.76,complex_giroc,bus,1,synthetic_gps
2026-05-16 17:29:54,45.740392,21.2440298,25.64,complex_giroc,bus,1,synthetic_gps
2026-05-16 17:29:55,45.740315,21.2440384,27.95,complex_giroc,bus,1,synthetic_gps
2026-05-16 17:29:56,45.7403878,21.2441091,31.24,complex_giroc,bus,1,synthetic_gps
2026-05-16 17:29:57,45.7402998,21.2440661,23.24,complex_giroc,bus,1,synthetic_gps
2026-05-16 17:29:58,45.7402461,21.2441036,20.55,complex_giroc,bus,1,synthetic_gps
2026-05-16 17:29:59,45.7401905,21.2440417,28.55,complex_giroc,bus,1,synthetic_gps
2026-05-16 17:30:00,45.7402407,21.2440622,20.55,complex_giroc,bus,1,synthetic_gps
2026-05-16 17:30:01,45.740236,21.2440859,12.55,complex_giroc,bus,1,synthetic_gps
2026-05-16 17:30:02,45.7402896,21.2440817,4.55,complex_giroc,bus,1,synthetic_gps
2026-05-16 17:30:03,45.7402423,21.2440828,0.46,complex_giroc,bus,1,synthetic_gps
2026-05-16 17:30:04,45.7402737,21.2441736,1.06,complex_giroc,bus,1,synthetic_gps
2026-05-16 17:30:05,45.7402111,21.2441403,1.54,complex_giroc,bus,1,synthetic_gps
2026-05-16 17:30:06,45.740168,21.2442492,0.44,complex_giroc,bus,1,synthetic_gps
2026-05-16 17:30:07,45.7401701,21.244101,0.37,complex_giroc,bus,1,synthetic_gps
2026-05-16 17:30:08,45.7401799,21.2441287,1.51,complex_giroc,bus,1,synthetic_gps
2026-05-16 17:30:09,45.7401064,21.2440537,1.0,complex_giroc,bus,1,synthetic_gps
2026-05-16 17:30:10,45.7400577,21.2442157,1.15,complex_giroc,bus,1,synthetic_gps
2026-05-16 17:30:11,45.7401597,21.2441851,0.05,complex_giroc,bus,1,synthetic_gps
2026-05-16 17:30:12,45.7401013,21.2442039,0.34,complex_giroc,bus,1,synthetic_gps
2026-05-16 17:30:13,45.7400632,21.2442878,1.69,complex_giroc,bus,1,synthetic_gps
2026-05-16 17:30:14,45.7399963,21.2442096,0.5,complex_giroc,bus,1,synthetic_gps
2026-05-16 17:30:15,45.7400501,21.2442368,2.62,complex_giroc,bus,1,synthetic_gps
2026-05-16 17:30:16,45.7400633,21.2442155,1.38,complex_giroc,bus,1,synthetic_gps
2026-05-16 17:30:17,45.7400929,21.244248,1.07,complex_giroc,bus,1,synthetic_gps
2026-05-16 17:30:18,45.740003,21.2442605,0.77,complex_giroc,bus,1,synthetic_gps
2026-05-16 17:30:19,45.7400089,21.2443381,1.14,complex_giroc,bus,1,synthetic_gps
2026-05-16 17:30:20,45.7400533,21.2442206,9.14,complex_giroc,bus,1,synthetic_gps
2026-05-16 17:30:21,45.7400472,21.2442649,17.14,complex_giroc,bus,1,synthetic_gps
2026-05-16 17:30:22,45.7399373,21.244345,25.14,complex_giroc,bus,1,synthetic_gps
2026-05-16 17:30:23,45.7398844,21.2443446,18.46,complex_giroc,bus,1,synthetic_gps
2026-05-16 17:30:24,45.7398897,21.2444109,23.79,complex_giroc,bus,1,synthetic_gps
2026-05-16 17:30:25,45.7400079,21.2443266,31.79,complex_giroc,bus,1,synthetic_gps
2026-05-16 17:30:26,45.7400112,21.2442272,23.79,complex_giroc,bus,1,synthetic_gps
2026-05-16 17:30:27,45.7399876,21.2442903,27.4,complex_giroc,bus,1,synthetic_gps
2026-05-16 17:30:28,45.7399135,21.2443837,30.1,complex_giroc,bus,1,synthetic_gps
2026-05-16 17:30:29,45.7398824,21.2443767,27.68,complex_giroc,bus,1,synthetic_gps
2026-05-16 17:30:30,45.7398491,21.2444248,20.91,complex_giroc,bus,1,synthetic_gps
2026-05-16 17:30:31,45.7398485,21.2444299,28.91,complex_giroc,bus,1,synthetic_gps
2026-05-16 17:30:32,45.7398866,21.2443509,20.91,complex_giroc,bus,1,synthetic_gps
2026-05-16 17:30:33,45.7398377,21.2444942,28.91,complex_giroc,bus,1,synthetic_gps
2026-05-16 17:30:34,45.7398234,21.244421,20.91,complex_giroc,bus,1,synthetic_gps
2026-05-16 17:30:35,45.7397737,21.2444394,28.91,complex_giroc,bus,1,synthetic_gps
2026-05-16 17:30:36,45.7399053,21.2445324,32.03,complex_giroc,bus,1,synthetic_gps
2026-05-16 17:30:37,45.7397958,21.2444593,24.03,complex_giroc,bus,1,synthetic_gps
2026-05-16 17:30:38,45.7398124,21.2443998,16.03,complex_giroc,bus,1,synthetic_gps
2026-05-16 17:30:39,45.7398346,21.2444777,22.09,complex_giroc,bus,1,synthetic_gps
2026-05-16 17:30:40,45.7397148,21.2445519,26.57,complex_giroc,bus,1,synthetic_gps
2026-05-16 17:30:41,45.7397758,21.2445173,34.44,complex_giroc,bus,1,synthetic_gps
2026-05-16 17:30:42,45.7397189,21.2445367,30.56,complex_giroc,bus,1,synthetic_gps
2026-05-16 17:30:43,45.7397126,21.2445706,35.08,complex_giroc,bus,1,synthetic_gps
2026-05-16 17:30:44,45.7397948,21.2446612,27.08,complex_giroc,bus,1,synthetic_gps
2026-05-16 17:30:45,45.7397909,21.2446384,19.08,complex_giroc,bus,1,synthetic_gps
2026-05-16 17:30:46,45.7396962,21.244592,25.32,complex_giroc,bus,1,synthetic_gps
2026-05-16 17:30:47,45.7396649,21.2446161,17.32,complex_giroc,bus,1,synthetic_gps
2026-05-16 17:30:48,45.7397109,21.2445872,24.06,complex_giroc,bus,1,synthetic_gps
2026-05-16 17:30:49,45.7396341,21.2446224,32.06,complex_giroc,bus,1,synthetic_gps
2026-05-16 17:30:50,45.7396672,21.2446325,40.06,complex_giroc,bus,1,synthetic_gps
2026-05-16 17:30:51,45.7395933,21.2446919,32.06,complex_giroc,bus,1,synthetic_gps
2026-05-16 17:30:52,45.7396363,21.2446606,38.48,complex_giroc,bus,1,synthetic_gps
2026-05-16 17:30:53,45.7396354,21.2446821,30.48,complex_giroc,bus,1,synthetic_gps
2026-05-16 17:30:54,45.7396072,21.2446306,25.8,complex_giroc,bus,1,synthetic_gps
2026-05-16 17:30:55,45.7395986,21.2446346,21.07,complex_giroc,bus,1,synthetic_gps
2026-05-16 17:30:56,45.7396507,21.244687,29.07,complex_giroc,bus,1,synthetic_gps
2026-05-16 17:30:57,45.7395894,21.2446821,37.07,complex_giroc,bus,1,synthetic_gps
2026-05-16 17:30:58,45.7395458,21.2447475,40.11,complex_giroc,bus,1,synthetic_gps
2026-05-16 17:30:59,45.7395522,21.2448029,32.11,complex_giroc,bus,1,synthetic_gps
2026-05-16 17:31:00,45.7395946,21.2447627,26.13,complex_giroc,bus,1,synthetic_gps
2026-05-16 17:31:01,45.7394975,21.2447005,18.13,complex_giroc,bus,1,synthetic_gps
2026-05-16 17:31:02,45.7395391,21.2447648,26.13,complex_giroc,bus,1,synthetic_gps
2026-05-16 17:31:03,45.739408,21.2447366,23.38,complex_giroc,bus,1,synthetic_gps
2026-05-16 17:31:04,45.7394029,21.2447006,29.7,complex_giroc,bus,1,synthetic_gps
2026-05-16 17:31:05,45.739479,21.2447989,28.73,complex_giroc,bus,1,synthetic_gps
2026-05-16 17:31:06,45.7394701,21.244862,20.73,complex_giroc,bus,1,synthetic_gps
2026-05-16 17:31:07,45.7394294,21.2447608,28.73,complex_giroc,bus,1,synthetic_gps
2026-05-16 17:31:08,45.7394449,21.2448211,20.73,complex_giroc,bus,1,synthetic_gps
2026-05-16 17:31:09,45.7394675,21.2447626,20.08,complex_giroc,bus,1,synthetic_gps
2026-05-16 17:31:10,45.7394796,21.2448064,12.08,complex_giroc,bus,1,synthetic_gps
2026-05-16 17:31:11,45.7394138,21.2448294,8.4,complex_giroc,bus,1,synthetic_gps
2026-05-16 17:31:12,45.7394513,21.2448979,16.4,complex_giroc,bus,1,synthetic_gps
2026-05-16 17:31:13,45.7392895,21.2448222,8.4,complex_giroc,bus,1,synthetic_gps
2026-05-16 17:31:14,45.7394016,21.2448845,16.4,complex_giroc,bus,1,synthetic_gps
2026-05-16 17:31:15,45.7393406,21.2449028,24.4,complex_giroc,bus,1,synthetic_gps
2026-05-16 17:31:16,45.7393995,21.2448573,17.36,complex_giroc,bus,1,synthetic_gps
2026-05-16 17:31:17,45.7393417,21.244967,21.52,complex_giroc,bus,1,synthetic_gps
2026-05-16 17:31:18,45.739225,21.2449013,26.89,complex_giroc,bus,1,synthetic_gps
2026-05-16 17:31:19,45.7393029,21.2449793,18.96,complex_giroc,bus,1,synthetic_gps
2026-05-16 17:31:20,45.7394258,21.2449701,13.43,complex_giroc,bus,1,synthetic_gps
2026-05-16 17:31:21,45.7393754,21.2450421,21.43,complex_giroc,bus,1,synthetic_gps
2026-05-16 17:31:22,45.739201,21.2449361,23.3,complex_giroc,bus,1,synthetic_gps
2026-05-16 17:31:23,45.7392269,21.2450525,31.3,complex_giroc,bus,1,synthetic_gps
2026-05-16 17:31:24,45.7391825,21.2449552,28.62,complex_giroc,bus,1,synthetic_gps
2026-05-16 17:31:25,45.7392209,21.2449587,33.5,complex_giroc,bus,1,synthetic_gps
2026-05-16 17:31:26,45.7391969,21.2450868,25.5,complex_giroc,bus,1,synthetic_gps
2026-05-16 17:31:27,45.7391921,21.2449474,33.5,complex_giroc,bus,1,synthetic_gps
2026-05-16 17:31:28,45.7392321,21.2450073,31.9,complex_giroc,bus,1,synthetic_gps
2026-05-16 17:31:29,45.7392099,21.2451105,30.16,complex_giroc,bus,1,synthetic_gps
2026-05-16 17:31:30,45.7392162,21.2450997,22.16,complex_giroc,bus,1,synthetic_gps
2026-05-16 17:31:31,45.7392087,21.2450573,25.8,complex_giroc,bus,1,synthetic_gps
2026-05-16 17:31:32,45.7391667,21.2450171,20.98,complex_giroc,bus,1,synthetic_gps
2026-05-16 17:31:33,45.7391347,21.2451368,22.64,complex_giroc,bus,1,synthetic_gps
2026-05-16 17:31:34,45.7391065,21.2451017,30.64,complex_giroc,bus,1,synthetic_gps
2026-05-16 17:31:35,45.7390302,21.2451254,27.46,complex_giroc,bus,1,synthetic_gps
2026-05-16 17:31:36,45.7390539,21.2450764,35.46,complex_giroc,bus,1,synthetic_gps
2026-05-16 17:31:37,45.7389876,21.2451711,34.06,complex_giroc,bus,1,synthetic_gps
2026-05-16 17:31:38,45.7390434,21.2452003,26.06,complex_giroc,bus,1,synthetic_gps
2026-05-16 17:31:39,45.7390598,21.2451419,30.21,complex_giroc,bus,1,synthetic_gps
2026-05-16 17:31:40,45.7390831,21.2451364,22.21,complex_giroc,bus,1,synthetic_gps
2026-05-16 17:31:41,45.7390471,21.2452,30.21,complex_giroc,bus,1,synthetic_gps
2026-05-16 17:31:42,45.7390094,21.2451954,37.22,complex_giroc,bus,1,synthetic_gps
2026-05-16 17:31:43,45.7390204,21.2452458,29.22,complex_giroc,bus,1,synthetic_gps
2026-05-16 17:31:44,45.7390019,21.2451968,22.55,complex_giroc,bus,1,synthetic_gps
2026-05-16 17:31:45,45.7389863,21.2452086,30.55,complex_giroc,bus,1,synthetic_gps
2026-05-16 17:31:46,45.7390485,21.2452497,22.55,complex_giroc,bus,1,synthetic_gps
2026-05-16 17:31:47,45.7389924,21.2452614,14.55,complex_giroc,bus,1,synthetic_gps
2026-05-16 17:31:48,45.7389618,21.2453234,9.93,complex_giroc,bus,1,synthetic_gps
2026-05-16 17:31:49,45.7389782,21.2452121,17.93,complex_giroc,bus,1,synthetic_gps
2026-05-16 17:31:50,45.7388437,21.2452519,15.32,complex_giroc,bus,1,synthetic_gps
2026-05-16 17:31:51,45.7389608,21.2453596,8.5,complex_giroc,bus,1,synthetic_gps
2026-05-16 17:31:52,45.7389472,21.2453207,16.5,complex_giroc,bus,1,synthetic_gps
2026-05-16 17:31:53,45.738912,21.2453073,24.5,complex_giroc,bus,1,synthetic_gps
2026-05-16 17:31:54,45.7389445,21.2453826,16.5,complex_giroc,bus,1,synthetic_gps
2026-05-16 17:31:55,45.7388799,21.2453443,24.5,complex_giroc,bus,1,synthetic_gps
2026-05-16 17:31:56,45.7388685,21.2453232,21.2,complex_giroc,bus,1,synthetic_gps
2026-05-16 17:31:57,45.7388136,21.2454429,29.2,complex_giroc,bus,1,synthetic_gps
2026-05-16 17:31:58,45.7388674,21.2454444,25.39,complex_giroc,bus,1,synthetic_gps
2026-05-16 17:31:59,45.7388517,21.2453941,17.39,complex_giroc,bus,1,synthetic_gps
2026-05-16 17:32:00,45.738893,21.2454398,25.39,complex_giroc,bus,1,synthetic_gps
2026-05-16 17:32:01,45.7388518,21.2454324,26.97,complex_giroc,bus,1,synthetic_gps
2026-05-16 17:32:02,45.738818,21.2454437,34.97,complex_giroc,bus,1,synthetic_gps
2026-05-16 17:32:03,45.7388459,21.2454573,26.97,complex_giroc,bus,1,synthetic_gps
2026-05-16 17:32:04,45.7387131,21.2454165,18.97,complex_giroc,bus,1,synthetic_gps
2026-05-16 17:32:05,45.73875,21.2453905,26.97,complex_giroc,bus,1,synthetic_gps
2026-05-16 17:32:06,45.7387621,21.2454592,23.86,complex_giroc,bus,1,synthetic_gps
2026-05-16 17:32:07,45.7386014,21.2454279,16.0,complex_giroc,bus,1,synthetic_gps
2026-05-16 17:32:08,45.7387289,21.2455468,15.16,complex_giroc,bus,1,synthetic_gps
2026-05-16 17:32:09,45.7386741,21.245546,14.99,complex_giroc,bus,1,synthetic_gps
2026-05-16 17:32:10,45.7386534,21.2453969,22.99,complex_giroc,bus,1,synthetic_gps
2026-05-16 17:32:11,45.7387196,21.2455283,21.65,complex_giroc,bus,1,synthetic_gps
2026-05-16 17:32:12,45.7387429,21.2454704,25.32,complex_giroc,bus,1,synthetic_gps
2026-05-16 17:32:13,45.7386616,21.2455092,33.32,complex_giroc,bus,1,synthetic_gps
2026-05-16 17:32:14,45.7386837,21.2455369,32.86,complex_giroc,bus,1,synthetic_gps
2026-05-16 17:32:15,45.7387078,21.2455483,24.86,complex_giroc,bus,1,synthetic_gps
2026-05-16 17:32:16,45.7386509,21.2455369,16.86,complex_giroc,bus,1,synthetic_gps
2026-05-16 17:32:17,45.7385834,21.2455998,24.86,complex_giroc,bus,1,synthetic_gps
2026-05-16 17:32:18,45.7385312,21.2455731,32.86,complex_giroc,bus,1,synthetic_gps
2026-05-16 17:32:19,45.7385339,21.2456454,26.0,complex_giroc,bus,1,synthetic_gps
2026-05-16 17:32:20,45.7385377,21.2455483,18.76,complex_giroc,bus,1,synthetic_gps
2026-05-16 17:32:21,45.7386075,21.2456277,12.21,complex_giroc,bus,1,synthetic_gps
2026-05-16 17:32:22,45.7385829,21.2455966,20.21,complex_giroc,bus,1,synthetic_gps
2026-05-16 17:32:23,45.7385824,21.2456678,24.88,complex_giroc,bus,1,synthetic_gps
2026-05-16 17:32:24,45.7385348,21.2456644,18.48,complex_giroc,bus,1,synthetic_gps
2026-05-16 17:32:25,45.7385183,21.2457121,26.48,complex_giroc,bus,1,synthetic_gps
2026-05-16 17:32:26,45.738521,21.2456349,18.48,complex_giroc,bus,1,synthetic_gps
2026-05-16 17:32:27,45.7384709,21.2456354,26.48,complex_giroc,bus,1,synthetic_gps
2026-05-16 17:32:28,45.7384355,21.2456822,34.48,complex_giroc,bus,1,synthetic_gps
2026-05-16 17:32:29,45.7384701,21.245713,26.48,complex_giroc,bus,1,synthetic_gps
2026-05-16 17:32:30,45.7384284,21.2456682,18.48,complex_giroc,bus,1,synthetic_gps
2026-05-16 17:32:31,45.7384258,21.2456944,10.48,complex_giroc,bus,1,synthetic_gps
2026-05-16 17:32:32,45.7385405,21.245743,2.48,complex_giroc,bus,1,synthetic_gps
2026-05-16 17:32:33,45.7384484,21.2457903,0.93,complex_giroc,bus,1,synthetic_gps
2026-05-16 17:32:34,45.7384104,21.2456553,0.61,complex_giroc,bus,1,synthetic_gps
2026-05-16 17:32:35,45.7384144,21.2457581,1.05,complex_giroc,bus,1,synthetic_gps
2026-05-16 17:32:36,45.7384248,21.2457813,0.79,complex_giroc,bus,1,synthetic_gps
2026-05-16 17:32:37,45.7383606,21.2458178,1.26,complex_giroc,bus,1,synthetic_gps
2026-05-16 17:32:38,45.7383495,21.2458581,0.43,complex_giroc,bus,1,synthetic_gps
2026-05-16 17:32:39,45.7383479,21.2457657,1.26,complex_giroc,bus,1,synthetic_gps
2026-05-16 17:32:40,45.7383469,21.2458481,0.61,complex_giroc,bus,1,synthetic_gps
2026-05-16 17:32:41,45.7383032,21.2457708,1.04,complex_giroc,bus,1,synthetic_gps
2026-05-16 17:32:42,45.7382885,21.2457967,0.82,complex_giroc,bus,1,synthetic_gps
2026-05-16 17:32:43,45.7382694,21.2458763,0.64,complex_giroc,bus,1,synthetic_gps
2026-05-16 17:32:44,45.7382979,21.2458435,1.61,complex_giroc,bus,1,synthetic_gps
2026-05-16 17:32:45,45.7382214,21.2458747,0.54,complex_giroc,bus,1,synthetic_gps
2026-05-16 17:32:46,45.7382497,21.245946,0.3,complex_giroc,bus,1,synthetic_gps
2026-05-16 17:32:47,45.738229,21.2459349,0.35,complex_giroc,bus,1,synthetic_gps
2026-05-16 17:32:48,45.7382646,21.2459681,1.73,complex_giroc,bus,1,synthetic_gps
2026-05-16 17:32:49,45.7382672,21.2459175,0.86,complex_giroc,bus,1,synthetic_gps
2026-05-16 17:32:50,45.738157,21.2459295,8.86,complex_giroc,bus,1,synthetic_gps
2026-05-16 17:32:51,45.7381926,21.2459627,16.86,complex_giroc,bus,1,synthetic_gps
2026-05-16 17:32:52,45.7381796,21.2459913,24.86,complex_giroc,bus,1,synthetic_gps
2026-05-16 17:32:53,45.7382083,21.2459707,24.71,complex_giroc,bus,1,synthetic_gps
2026-05-16 17:32:54,45.7381338,21.2460679,16.71,complex_giroc,bus,1,synthetic_gps
2026-05-16 17:32:55,45.7381936,21.2460173,24.71,complex_giroc,bus,1,synthetic_gps
2026-05-16 17:32:56,45.7381456,21.2459585,19.46,complex_giroc,bus,1,synthetic_gps
2026-05-16 17:32:57,45.738118,21.2459836,27.46,complex_giroc,bus,1,synthetic_gps
2026-05-16 17:32:58,45.7380586,21.2461061,35.46,complex_giroc,bus,1,synthetic_gps
2026-05-16 17:32:59,45.738065,21.2460003,33.33,complex_giroc,bus,1,synthetic_gps
2026-05-16 17:33:00,45.7380852,21.2460083,25.33,complex_giroc,bus,1,synthetic_gps
2026-05-16 17:33:01,45.7380506,21.2461331,33.33,complex_giroc,bus,1,synthetic_gps
2026-05-16 17:33:02,45.7380559,21.2460598,26.41,complex_giroc,bus,1,synthetic_gps
2026-05-16 17:33:03,45.7380868,21.2461085,21.01,complex_giroc,bus,1,synthetic_gps
2026-05-16 17:33:04,45.7380396,21.2461071,17.25,complex_giroc,bus,1,synthetic_gps
2026-05-16 17:33:05,45.7379663,21.2461237,19.74,complex_giroc,bus,1,synthetic_gps
2026-05-16 17:33:06,45.7379716,21.2461969,21.82,complex_giroc,bus,1,synthetic_gps
2026-05-16 17:33:07,45.7379741,21.246228,29.82,complex_giroc,bus,1,synthetic_gps
2026-05-16 17:33:08,45.7379664,21.2460616,35.5,complex_giroc,bus,1,synthetic_gps
2026-05-16 17:33:09,45.7379885,21.2461626,27.5,complex_giroc,bus,1,synthetic_gps
2026-05-16 17:33:10,45.7379431,21.2461574,35.33,complex_giroc,bus,1,synthetic_gps
2026-05-16 17:33:11,45.737943,21.2460705,27.33,complex_giroc,bus,1,synthetic_gps
2026-05-16 17:33:12,45.7380138,21.2461329,21.7,complex_giroc,bus,1,synthetic_gps
2026-05-16 17:33:13,45.7379457,21.2462116,13.7,complex_giroc,bus,1,synthetic_gps
2026-05-16 17:33:14,45.7379016,21.2462044,14.55,complex_giroc,bus,1,synthetic_gps
2026-05-16 17:33:15,45.7379581,21.2463214,17.78,complex_giroc,bus,1,synthetic_gps
2026-05-16 17:33:16,45.7378898,21.2462125,25.78,complex_giroc,bus,1,synthetic_gps
2026-05-16 17:33:17,45.7378737,21.2461937,17.78,complex_giroc,bus,1,synthetic_gps
2026-05-16 17:33:18,45.7379737,21.2461386,18.6,complex_giroc,bus,1,synthetic_gps
2026-05-16 17:33:19,45.7378861,21.2462688,18.92,complex_giroc,bus,1,synthetic_gps
2026-05-16 17:33:20,45.7378762,21.246279,16.42,complex_giroc,bus,1,synthetic_gps
2026-05-16 17:33:21,45.7379028,21.2462415,24.42,complex_giroc,bus,1,synthetic_gps
2026-05-16 17:33:22,45.7377606,21.2462126,16.42,complex_giroc,bus,1,synthetic_gps
2026-05-16 17:33:23,45.7378184,21.2463087,20.02,complex_giroc,bus,1,synthetic_gps
2026-05-16 17:33:24,45.7377879,21.2463719,28.02,complex_giroc,bus,1,synthetic_gps
2026-05-16 17:33:25,45.7377519,21.2462813,20.02,complex_giroc,bus,1,synthetic_gps
2026-05-16 17:33:26,45.7377408,21.2463568,28.02,complex_giroc,bus,1,synthetic_gps
2026-05-16 17:33:27,45.7378015,21.2463692,30.23,complex_giroc,bus,1,synthetic_gps
2026-05-16 17:33:28,45.7377944,21.2463168,22.23,complex_giroc,bus,1,synthetic_gps
2026-05-16 17:33:29,45.7377285,21.2463546,26.77,complex_giroc,bus,1,synthetic_gps
2026-05-16 17:33:30,45.7377503,21.2464602,34.77,complex_giroc,bus,1,synthetic_gps
2026-05-16 17:33:31,45.7377369,21.2463731,26.77,complex_giroc,bus,1,synthetic_gps
2026-05-16 17:33:32,45.7377011,21.2464444,34.77,complex_giroc,bus,1,synthetic_gps
2026-05-16 17:33:33,45.7377362,21.2464051,26.77,complex_giroc,bus,1,synthetic_gps
2026-05-16 17:33:34,45.7376464,21.2464023,26.64,complex_giroc,bus,1,synthetic_gps
2026-05-16 17:33:35,45.7377266,21.2464134,32.6,complex_giroc,bus,1,synthetic_gps
2026-05-16 17:33:36,45.7376514,21.2464722,24.6,complex_giroc,bus,1,synthetic_gps
2026-05-16 17:33:37,45.7375624,21.2464796,16.6,complex_giroc,bus,1,synthetic_gps
2026-05-16 17:33:38,45.7376332,21.2464157,24.6,complex_giroc,bus,1,synthetic_gps
2026-05-16 17:33:39,45.7376419,21.2464553,16.6,complex_giroc,bus,1,synthetic_gps
2026-05-16 17:33:40,45.7376074,21.2463253,18.48,complex_giroc,bus,1,synthetic_gps
2026-05-16 17:33:41,45.7376112,21.2465807,26.48,complex_giroc,bus,1,synthetic_gps
2026-05-16 17:33:42,45.7376167,21.2465007,18.48,complex_giroc,bus,1,synthetic_gps
2026-05-16 17:33:43,45.7375791,21.2464983,13.69,complex_giroc,bus,1,synthetic_gps
2026-05-16 17:33:44,45.7375622,21.2465126,11.02,complex_giroc,bus,1,synthetic_gps
2026-05-16 17:33:45,45.7376013,21.2465536,19.02,complex_giroc,bus,1,synthetic_gps
2026-05-16 17:33:46,45.7375495,21.2466109,27.02,complex_giroc,bus,1,synthetic_gps
2026-05-16 17:33:47,45.7374173,21.2465547,21.15,complex_giroc,bus,1,synthetic_gps
2026-05-16 17:33:48,45.737511,21.2465862,29.15,complex_giroc,bus,1,synthetic_gps
2026-05-16 17:33:49,45.737522,21.2465381,26.17,complex_giroc,bus,1,synthetic_gps
2026-05-16 17:33:50,45.7374521,21.2465479,33.41,complex_giroc,bus,1,synthetic_gps
2026-05-16 17:33:51,45.7375319,21.2465399,37.41,complex_giroc,bus,1,synthetic_gps
2026-05-16 17:33:52,45.7374655,21.2466224,31.14,complex_giroc,bus,1,synthetic_gps
2026-05-16 17:33:53,45.737395,21.246632,25.48,complex_giroc,bus,1,synthetic_gps
2026-05-16 17:33:54,45.737429,21.246635,28.81,complex_giroc,bus,1,synthetic_gps
2026-05-16 17:33:55,45.7374595,21.2464994,25.74,complex_giroc,bus,1,synthetic_gps
2026-05-16 17:33:56,45.7374034,21.2466229,33.74,complex_giroc,bus,1,synthetic_gps
2026-05-16 17:33:57,45.7373629,21.2466574,26.18,complex_giroc,bus,1,synthetic_gps
2026-05-16 17:33:58,45.7374023,21.2466499,27.08,complex_giroc,bus,1,synthetic_gps
2026-05-16 17:33:59,45.7373962,21.2467352,35.08,complex_giroc,bus,1,synthetic_gps
2026-05-16 17:34:00,45.7373473,21.2467227,27.08,complex_giroc,bus,1,synthetic_gps
2026-05-16 17:34:01,45.7374265,21.2466813,24.93,complex_giroc,bus,1,synthetic_gps
2026-05-16 17:34:02,45.7373489,21.2467245,29.03,complex_giroc,bus,1,synthetic_gps
2026-05-16 17:34:03,45.7374046,21.2467745,30.18,complex_giroc,bus,1,synthetic_gps
2026-05-16 17:34:04,45.7373018,21.2467529,29.15,complex_giroc,bus,1,synthetic_gps
2026-05-16 17:34:05,45.7373142,21.2468113,36.61,complex_giroc,bus,1,synthetic_gps
2026-05-16 17:34:06,45.7373215,21.2468442,28.61,complex_giroc,bus,1,synthetic_gps
2026-05-16 17:34:07,45.7372934,21.2467569,27.85,complex_giroc,bus,1,synthetic_gps
2026-05-16 17:34:08,45.7372521,21.2467515,19.85,complex_giroc,bus,1,synthetic_gps
2026-05-16 17:34:09,45.7371372,21.246795,12.56,complex_giroc,bus,1,synthetic_gps
2026-05-16 17:34:10,45.7372036,21.2467438,19.4,complex_giroc,bus,1,synthetic_gps
2026-05-16 17:34:11,45.7372211,21.246818,23.59,complex_giroc,bus,1,synthetic_gps
2026-05-16 17:34:12,45.7372359,21.2467825,18.68,complex_giroc,bus,1,synthetic_gps
2026-05-16 17:34:13,45.7372394,21.2468088,26.68,complex_giroc,bus,1,synthetic_gps
2026-05-16 17:34:14,45.7371797,21.2468948,18.68,complex_giroc,bus,1,synthetic_gps
2026-05-16 17:34:15,45.7371929,21.2468411,26.54,complex_giroc,bus,1,synthetic_gps
2026-05-16 17:34:16,45.7371834,21.2469154,34.16,complex_giroc,bus,1,synthetic_gps
2026-05-16 17:34:17,45.7371851,21.2468329,40.01,complex_giroc,bus,1,synthetic_gps
2026-05-16 17:34:18,45.7371158,21.246898,32.01,complex_giroc,bus,1,synthetic_gps
2026-05-16 17:34:19,45.7371646,21.2468899,24.01,complex_giroc,bus,1,synthetic_gps
2026-05-16 17:34:20,45.7371817,21.2469416,28.88,complex_giroc,bus,1,synthetic_gps
2026-05-16 17:34:21,45.7370692,21.2470282,24.88,complex_giroc,bus,1,synthetic_gps
2026-05-16 17:34:22,45.7371583,21.2469,16.88,complex_giroc,bus,1,synthetic_gps
2026-05-16 17:34:23,45.7369909,21.2468334,24.88,complex_giroc,bus,1,synthetic_gps
2026-05-16 17:34:24,45.7371135,21.2469701,32.88,complex_giroc,bus,1,synthetic_gps
2026-05-16 17:34:25,45.7371108,21.2469956,24.88,complex_giroc,bus,1,synthetic_gps
2026-05-16 17:34:26,45.7371159,21.2469369,32.88,complex_giroc,bus,1,synthetic_gps
2026-05-16 17:34:27,45.7369771,21.2469962,24.88,complex_giroc,bus,1,synthetic_gps
2026-05-16 17:34:28,45.7369829,21.2471333,32.88,complex_giroc,bus,1,synthetic_gps
2026-05-16 17:34:29,45.7370003,21.2470822,40.88,complex_giroc,bus,1,synthetic_gps
2026-05-16 17:34:30,45.7370574,21.247047,34.57,complex_giroc,bus,1,synthetic_gps
2026-05-16 17:34:31,45.7369381,21.2470809,29.33,complex_giroc,bus,1,synthetic_gps
2026-05-16 17:34:32,45.7369412,21.2471122,31.08,complex_giroc,bus,1,synthetic_gps
2026-05-16 17:34:33,45.7369734,21.2470376,23.08,complex_giroc,bus,1,synthetic_gps
2026-05-16 17:34:34,45.7369844,21.2471627,30.53,complex_giroc,bus,1,synthetic_gps
2026-05-16 17:34:35,45.7369701,21.2471047,24.53,complex_giroc,bus,1,synthetic_gps
2026-05-16 17:34:36,45.7369517,21.246954,20.99,complex_giroc,bus,1,synthetic_gps
2026-05-16 17:34:37,45.736881,21.2471189,28.99,complex_giroc,bus,1,synthetic_gps
2026-05-16 17:34:38,45.7369026,21.2471325,24.81,complex_giroc,bus,1,synthetic_gps
2026-05-16 17:34:39,45.7369276,21.2471905,28.74,complex_giroc,bus,1,synthetic_gps
2026-05-16 17:34:40,45.7368613,21.2472252,34.95,complex_giroc,bus,1,synthetic_gps
2026-05-16 17:34:41,45.7368036,21.2471513,42.95,complex_giroc,bus,1,synthetic_gps
2026-05-16 17:34:42,45.7368992,21.2471243,34.95,complex_giroc,bus,1,synthetic_gps
2026-05-16 17:34:43,45.7369212,21.2471331,26.95,complex_giroc,bus,1,synthetic_gps
2026-05-16 17:34:44,45.7368284,21.2471745,34.95,complex_giroc,bus,1,synthetic_gps
2026-05-16 17:34:45,45.73685,21.247125,26.95,complex_giroc,bus,1,synthetic_gps
2026-05-16 17:34:46,45.7368022,21.247221,25.74,complex_giroc,bus,1,synthetic_gps
2026-05-16 17:34:47,45.7368874,21.2472187,25.03,complex_giroc,bus,1,synthetic_gps
2026-05-16 17:34:48,45.7367292,21.2472803,28.98,complex_giroc,bus,1,synthetic_gps
2026-05-16 17:34:49,45.7367872,21.2471777,25.88,complex_giroc,bus,1,synthetic_gps
2026-05-16 17:34:50,45.7367542,21.2472536,33.88,complex_giroc,bus,1,synthetic_gps
2026-05-16 17:34:51,45.7367739,21.2472282,33.75,complex_giroc,bus,1,synthetic_gps
2026-05-16 17:34:52,45.7367735,21.2472717,25.75,complex_giroc,bus,1,synthetic_gps
2026-05-16 17:34:53,45.7366415,21.2473404,27.27,complex_giroc,bus,1,synthetic_gps
2026-05-16 17:34:54,45.736711,21.2473179,19.27,complex_giroc,bus,1,synthetic_gps
2026-05-16 17:34:55,45.7367023,21.247384,27.27,complex_giroc,bus,1,synthetic_gps
2026-05-16 17:34:56,45.7366882,21.2473213,21.81,complex_giroc,bus,1,synthetic_gps
2026-05-16 17:34:57,45.7366354,21.2473335,27.08,complex_giroc,bus,1,synthetic_gps
2026-05-16 17:34:58,45.736574,21.2473875,26.22,complex_giroc,bus,1,synthetic_gps
2026-05-16 17:34:59,45.7367137,21.2474252,23.27,complex_giroc,bus,1,synthetic_gps
2026-05-16 17:35:00,45.7367204,21.247382,15.27,complex_giroc,bus,1,synthetic_gps
2026-05-16 17:35:01,45.7366731,21.2473945,7.27,complex_giroc,bus,1,synthetic_gps
2026-05-16 17:35:02,45.7365357,21.2474289,0.58,complex_giroc,bus,1,synthetic_gps
2026-05-16 17:35:03,45.7365452,21.2473888,0.46,complex_giroc,bus,1,synthetic_gps
2026-05-16 17:35:04,45.7366454,21.2474104,1.09,complex_giroc,bus,1,synthetic_gps
2026-05-16 17:35:05,45.736645,21.247463,1.18,complex_giroc,bus,1,synthetic_gps
2026-05-16 17:35:06,45.7366288,21.2474128,0.81,complex_giroc,bus,1,synthetic_gps
2026-05-16 17:35:07,45.7365987,21.2474439,0.75,complex_giroc,bus,1,synthetic_gps
2026-05-16 17:35:08,45.736596,21.2474316,1.79,complex_giroc,bus,1,synthetic_gps
2026-05-16 17:35:09,45.7365271,21.2474487,1.41,complex_giroc,bus,1,synthetic_gps
2026-05-16 17:35:10,45.7365092,21.2474677,1.3,complex_giroc,bus,1,synthetic_gps
2026-05-16 17:35:11,45.7365016,21.2474296,0.54,complex_giroc,bus,1,synthetic_gps
2026-05-16 17:35:12,45.7365388,21.2475497,1.46,complex_giroc,bus,1,synthetic_gps
2026-05-16 17:35:13,45.7365337,21.2475681,1.21,complex_giroc,bus,1,synthetic_gps
2026-05-16 17:35:14,45.7364919,21.2475268,0.33,complex_giroc,bus,1,synthetic_gps
2026-05-16 17:35:15,45.7364338,21.2474844,0.09,complex_giroc,bus,1,synthetic_gps
2026-05-16 17:35:16,45.736473,21.2475901,0.72,complex_giroc,bus,1,synthetic_gps
2026-05-16 17:35:17,45.7363411,21.2475632,1.05,complex_giroc,bus,1,synthetic_gps
2026-05-16 17:35:18,45.736408,21.2475602,1.29,complex_giroc,bus,1,synthetic_gps
2026-05-16 17:35:19,45.7363859,21.247559,0.48,complex_giroc,bus,1,synthetic_gps
2026-05-16 17:35:20,45.7364583,21.2475253,8.48,complex_giroc,bus,1,synthetic_gps
2026-05-16 17:35:21,45.7363911,21.2476244,16.48,complex_giroc,bus,1,synthetic_gps
2026-05-16 17:35:22,45.7364349,21.2476068,24.48,complex_giroc,bus,1,synthetic_gps
2026-05-16 17:35:23,45.7363554,21.2477065,16.48,complex_giroc,bus,1,synthetic_gps
2026-05-16 17:35:24,45.7363978,21.2476583,24.48,complex_giroc,bus,1,synthetic_gps
2026-05-16 17:35:25,45.7362937,21.2475609,16.48,complex_giroc,bus,1,synthetic_gps
2026-05-16 17:35:26,45.7363693,21.2476705,24.48,complex_giroc,bus,1,synthetic_gps
2026-05-16 17:35:27,45.736256,21.2476983,24.38,complex_giroc,bus,1,synthetic_gps
2026-05-16 17:35:28,45.7363808,21.2476506,22.41,complex_giroc,bus,1,synthetic_gps
2026-05-16 17:35:29,45.7363339,21.2476139,21.59,complex_giroc,bus,1,synthetic_gps
2026-05-16 17:35:30,45.7362538,21.2476742,13.59,complex_giroc,bus,1,synthetic_gps
2026-05-16 17:35:31,45.7362733,21.2476409,21.49,complex_giroc,bus,1,synthetic_gps
2026-05-16 17:35:32,45.7362206,21.2477322,29.49,complex_giroc,bus,1,synthetic_gps
2026-05-16 17:35:33,45.7363113,21.2477576,21.49,complex_giroc,bus,1,synthetic_gps
2026-05-16 17:35:34,45.7362006,21.2477808,29.49,complex_giroc,bus,1,synthetic_gps
2026-05-16 17:35:35,45.7362217,21.2477281,37.49,complex_giroc,bus,1,synthetic_gps
2026-05-16 17:35:36,45.7361355,21.2476749,32.84,complex_giroc,bus,1,synthetic_gps
2026-05-16 17:35:37,45.7362,21.2477922,25.52,complex_giroc,bus,1,synthetic_gps
2026-05-16 17:35:38,45.7362047,21.2476866,29.68,complex_giroc,bus,1,synthetic_gps
2026-05-16 17:35:39,45.7361152,21.2477255,26.62,complex_giroc,bus,1,synthetic_gps
2026-05-16 17:35:40,45.7361964,21.24784,21.52,complex_giroc,bus,1,synthetic_gps
2026-05-16 17:35:41,45.7361636,21.2478886,29.52,complex_giroc,bus,1,synthetic_gps
2026-05-16 17:35:42,45.7361368,21.2477514,21.52,complex_giroc,bus,1,synthetic_gps
2026-05-16 17:35:43,45.7361363,21.2478169,26.71,complex_giroc,bus,1,synthetic_gps
2026-05-16 17:35:44,45.7360516,21.2478427,30.97,complex_giroc,bus,1,synthetic_gps
2026-05-16 17:35:45,45.7359993,21.2478999,22.97,complex_giroc,bus,1,synthetic_gps
2026-05-16 17:35:46,45.7360084,21.247883,18.51,complex_giroc,bus,1,synthetic_gps
2026-05-16 17:35:47,45.7360181,21.2478639,21.24,complex_giroc,bus,1,synthetic_gps
2026-05-16 17:35:48,45.7360595,21.2479124,20.47,complex_giroc,bus,1,synthetic_gps
2026-05-16 17:35:49,45.7360924,21.2479331,28.47,complex_giroc,bus,1,synthetic_gps
2026-05-16 17:35:50,45.736044,21.2479203,21.0,complex_giroc,bus,1,synthetic_gps
2026-05-16 17:35:51,45.7359868,21.2478993,28.59,complex_giroc,bus,1,synthetic_gps
2026-05-16 17:35:52,45.7360554,21.2480035,36.59,complex_giroc,bus,1,synthetic_gps
2026-05-16 17:35:53,45.7360006,21.2480328,28.59,complex_giroc,bus,1,synthetic_gps
2026-05-16 17:35:54,45.7360398,21.2480014,30.81,complex_giroc,bus,1,synthetic_gps
2026-05-16 17:35:55,45.7359642,21.2479352,22.81,complex_giroc,bus,1,synthetic_gps
2026-05-16 17:35:56,45.7359389,21.2479584,14.81,complex_giroc,bus,1,synthetic_gps
2026-05-16 17:35:57,45.7358625,21.2479259,16.09,complex_giroc,bus,1,synthetic_gps
2026-05-16 17:35:58,45.7358582,21.2479533,10.36,complex_giroc,bus,1,synthetic_gps
2026-05-16 17:35:59,45.7359341,21.2479983,7.75,complex_giroc,bus,1,synthetic_gps
2026-05-16 17:36:00,45.7358247,21.2480291,15.75,complex_giroc,bus,1,synthetic_gps
2026-05-16 17:36:01,45.735806,21.2480115,23.75,complex_giroc,bus,1,synthetic_gps
2026-05-16 17:36:02,45.7358458,21.2480612,31.75,complex_giroc,bus,1,synthetic_gps
2026-05-16 17:36:03,45.7358386,21.2480421,23.75,complex_giroc,bus,1,synthetic_gps
2026-05-16 17:36:04,45.73587,21.2481462,22.38,complex_giroc,bus,1,synthetic_gps
2026-05-16 17:36:05,45.7357703,21.2481249,30.38,complex_giroc,bus,1,synthetic_gps
2026-05-16 17:36:06,45.7358409,21.2480936,22.72,complex_giroc,bus,1,synthetic_gps
2026-05-16 17:36:07,45.735839,21.24813,14.72,complex_giroc,bus,1,synthetic_gps
2026-05-16 17:36:08,45.7358173,21.2481574,22.72,complex_giroc,bus,1,synthetic_gps
2026-05-16 17:36:09,45.7357256,21.2481774,19.06,complex_giroc,bus,1,synthetic_gps
2026-05-16 17:36:10,45.7357558,21.2481668,27.06,complex_giroc,bus,1,synthetic_gps
2026-05-16 17:36:11,45.7357427,21.2482452,19.06,complex_giroc,bus,1,synthetic_gps
2026-05-16 17:36:12,45.7355484,21.2481972,27.06,complex_giroc,bus,1,synthetic_gps
2026-05-16 17:36:13,45.7356245,21.2481893,32.82,complex_giroc,bus,1,synthetic_gps
2026-05-16 17:36:14,45.7356613,21.2482201,29.38,complex_giroc,bus,1,synthetic_gps
2026-05-16 17:36:15,45.7357132,21.2482192,24.04,complex_giroc,bus,1,synthetic_gps
2026-05-16 17:36:16,45.7355438,21.2482202,32.04,complex_giroc,bus,1,synthetic_gps
2026-05-16 17:36:17,45.7357151,21.248303,27.6,complex_giroc,bus,1,synthetic_gps
2026-05-16 17:36:18,45.7356426,21.2481824,19.6,complex_giroc,bus,1,synthetic_gps
2026-05-16 17:36:19,45.7356213,21.2482851,13.44,complex_giroc,bus,1,synthetic_gps
2026-05-16 17:36:20,45.7356046,21.2481802,21.44,complex_giroc,bus,1,synthetic_gps
2026-05-16 17:36:21,45.7355833,21.2482482,21.6,complex_giroc,bus,1,synthetic_gps
2026-05-16 17:36:22,45.7355622,21.2482632,17.44,complex_giroc,bus,1,synthetic_gps
2026-05-16 17:36:23,45.7354824,21.2483034,25.44,complex_giroc,bus,1,synthetic_gps
2026-05-16 17:36:24,45.7356306,21.2483281,24.06,complex_giroc,bus,1,synthetic_gps
2026-05-16 17:36:25,45.7354819,21.2483897,20.37,complex_giroc,bus,1,synthetic_gps
2026-05-16 17:36:26,45.7354941,21.248361,25.24,complex_giroc,bus,1,synthetic_gps
2026-05-16 17:36:27,45.7354956,21.2483199,17.34,complex_giroc,bus,1,synthetic_gps
2026-05-16 17:36:28,45.735494,21.2483406,25.34,complex_giroc,bus,1,synthetic_gps
2026-05-16 17:36:29,45.7355018,21.2482931,33.34,complex_giroc,bus,1,synthetic_gps
2026-05-16 17:36:30,45.7354352,21.2483739,25.34,complex_giroc,bus,1,synthetic_gps
2026-05-16 17:36:31,45.7354324,21.248427,17.34,complex_giroc,bus,1,synthetic_gps
2026-05-16 17:36:32,45.735435,21.2484417,16.94,complex_giroc,bus,1,synthetic_gps
2026-05-16 17:36:33,45.7353865,21.2483495,17.55,complex_giroc,bus,1,synthetic_gps
2026-05-16 17:36:34,45.735456,21.2484483,25.55,complex_giroc,bus,1,synthetic_gps
2026-05-16 17:36:35,45.7354183,21.2484329,22.47,complex_giroc,bus,1,synthetic_gps
2026-05-16 17:36:36,45.7353724,21.2483654,27.62,complex_giroc,bus,1,synthetic_gps
2026-05-16 17:36:37,45.7354527,21.2484589,24.25,complex_giroc,bus,1,synthetic_gps
2026-05-16 17:36:38,45.735326,21.2483382,28.6,complex_giroc,bus,1,synthetic_gps
2026-05-16 17:36:39,45.7353951,21.2485284,33.64,complex_giroc,bus,1,synthetic_gps
2026-05-16 17:36:40,45.7353359,21.2484425,25.64,complex_giroc,bus,1,synthetic_gps
2026-05-16 17:36:41,45.7352751,21.2483597,33.64,complex_giroc,bus,1,synthetic_gps
2026-05-16 17:36:42,45.735359,21.2484496,25.64,complex_giroc,bus,1,synthetic_gps
2026-05-16 17:36:43,45.7352816,21.2484379,29.38,complex_giroc,bus,1,synthetic_gps
2026-05-16 17:36:44,45.7352531,21.2485467,23.11,complex_giroc,bus,1,synthetic_gps
2026-05-16 17:36:45,45.7352316,21.2485402,30.83,complex_giroc,bus,1,synthetic_gps
2026-05-16 17:36:46,45.7352061,21.2484485,38.83,complex_giroc,bus,1,synthetic_gps
2026-05-16 17:36:47,45.7352018,21.2485492,30.83,complex_giroc,bus,1,synthetic_gps
2026-05-16 17:36:48,45.7352019,21.2485023,22.83,complex_giroc,bus,1,synthetic_gps
2026-05-16 17:36:49,45.7352353,21.248511,18.84,complex_giroc,bus,1,synthetic_gps
2026-05-16 17:36:50,45.7352283,21.2485914,26.84,complex_giroc,bus,1,synthetic_gps
2026-05-16 17:36:51,45.735259,21.2485723,34.84,complex_giroc,bus,1,synthetic_gps
2026-05-16 17:36:52,45.7351784,21.2486527,28.57,complex_giroc,bus,1,synthetic_gps
2026-05-16 17:36:53,45.7350824,21.2486793,35.97,complex_giroc,bus,1,synthetic_gps
2026-05-16 17:36:54,45.7351975,21.2486569,29.67,complex_giroc,bus,1,synthetic_gps
2026-05-16 17:36:55,45.7350489,21.2486076,25.56,complex_giroc,bus,1,synthetic_gps
2026-05-16 17:36:56,45.7351557,21.2486542,17.56,complex_giroc,bus,1,synthetic_gps
2026-05-16 17:36:57,45.7350644,21.2485862,25.56,complex_giroc,bus,1,synthetic_gps
2026-05-16 17:36:58,45.7350701,21.2486597,32.2,complex_giroc,bus,1,synthetic_gps
2026-05-16 17:36:59,45.7350909,21.2486971,28.92,complex_giroc,bus,1,synthetic_gps
2026-05-16 17:37:00,45.7350828,21.2486406,33.03,complex_giroc,bus,1,synthetic_gps
2026-05-16 17:37:01,45.7350994,21.2486828,25.03,complex_giroc,bus,1,synthetic_gps
2026-05-16 17:37:02,45.7350223,21.2487256,17.03,complex_giroc,bus,1,synthetic_gps
2026-05-16 17:37:03,45.7350102,21.2486236,17.65,complex_giroc,bus,1,synthetic_gps
2026-05-16 17:37:04,45.7350223,21.2487478,21.6,complex_giroc,bus,1,synthetic_gps
2026-05-16 17:37:05,45.7349944,21.2487362,21.53,complex_giroc,bus,1,synthetic_gps
2026-05-16 17:37:06,45.7349777,21.248798,29.53,complex_giroc,bus,1,synthetic_gps
2026-05-16 17:37:07,45.7349305,21.2487653,32.44,complex_giroc,bus,1,synthetic_gps
2026-05-16 17:37:08,45.7349521,21.2487717,32.46,complex_giroc,bus,1,synthetic_gps
2026-05-16 17:37:09,45.7349238,21.2488648,24.46,complex_giroc,bus,1,synthetic_gps
2026-05-16 17:37:10,45.7350558,21.2488228,26.42,complex_giroc,bus,1,synthetic_gps
2026-05-16 17:37:11,45.7349887,21.2488508,27.15,complex_giroc,bus,1,synthetic_gps
2026-05-16 17:37:12,45.7349537,21.2488019,32.01,complex_giroc,bus,1,synthetic_gps
2026-05-16 17:37:13,45.7349141,21.2487269,27.03,complex_giroc,bus,1,synthetic_gps
2026-05-16 17:37:14,45.734938,21.2487724,30.8,complex_giroc,bus,1,synthetic_gps
2026-05-16 17:37:15,45.7348461,21.2488529,38.8,complex_giroc,bus,1,synthetic_gps
2026-05-16 17:37:16,45.7349537,21.2488088,30.8,complex_giroc,bus,1,synthetic_gps
2026-05-16 17:37:17,45.734845,21.2488362,22.8,complex_giroc,bus,1,synthetic_gps
2026-05-16 17:37:18,45.7349159,21.2488661,30.8,complex_giroc,bus,1,synthetic_gps
2026-05-16 17:37:19,45.7348226,21.248964,31.34,complex_giroc,bus,1,synthetic_gps
2026-05-16 17:37:20,45.7348736,21.2488627,31.45,complex_giroc,bus,1,synthetic_gps
2026-05-16 17:37:21,45.734717,21.2488612,23.63,complex_giroc,bus,1,synthetic_gps
2026-05-16 17:37:22,45.7347033,21.2489135,15.63,complex_giroc,bus,1,synthetic_gps
2026-05-16 17:37:23,45.7348273,21.2488924,16.1,complex_giroc,bus,1,synthetic_gps
2026-05-16 17:37:24,45.7347421,21.2489252,24.1,complex_giroc,bus,1,synthetic_gps
2026-05-16 17:37:25,45.7346549,21.2489094,17.21,complex_giroc,bus,1,synthetic_gps
2026-05-16 17:37:26,45.7347486,21.2489367,25.21,complex_giroc,bus,1,synthetic_gps
2026-05-16 17:37:27,45.7348163,21.2489789,33.21,complex_giroc,bus,1,synthetic_gps
2026-05-16 17:37:28,45.7346438,21.2489044,25.21,complex_giroc,bus,1,synthetic_gps
2026-05-16 17:37:29,45.7346194,21.2490406,31.91,complex_giroc,bus,1,synthetic_gps
2026-05-16 17:37:30,45.7347233,21.2489397,23.91,complex_giroc,bus,1,synthetic_gps
2026-05-16 17:37:31,45.7347442,21.2490134,15.91,complex_giroc,bus,1,synthetic_gps
2026-05-16 17:37:32,45.7347271,21.2490725,7.91,complex_giroc,bus,1,synthetic_gps
2026-05-16 17:37:33,45.7346759,21.2490602,0.91,complex_giroc,bus,1,synthetic_gps
2026-05-16 17:37:34,45.7346591,21.2490489,1.05,complex_giroc,bus,1,synthetic_gps
2026-05-16 17:37:35,45.7347139,21.2490927,0.37,complex_giroc,bus,1,synthetic_gps
2026-05-16 17:37:36,45.7345199,21.2490694,0.26,complex_giroc,bus,1,synthetic_gps
2026-05-16 17:37:37,45.7346002,21.24904,0.92,complex_giroc,bus,1,synthetic_gps
2026-05-16 17:37:38,45.7345717,21.2491381,1.33,complex_giroc,bus,1,synthetic_gps
2026-05-16 17:37:39,45.734528,21.249153,0.31,complex_giroc,bus,1,synthetic_gps
2026-05-16 17:37:40,45.7344968,21.2491381,1.05,complex_giroc,bus,1,synthetic_gps
2026-05-16 17:37:41,45.734573,21.2491114,0.84,complex_giroc,bus,1,synthetic_gps
2026-05-16 17:37:42,45.7345416,21.2490903,0.59,complex_giroc,bus,1,synthetic_gps
2026-05-16 17:37:43,45.7345774,21.2491551,0.42,complex_giroc,bus,1,synthetic_gps
2026-05-16 17:37:44,45.7345269,21.2491258,1.58,complex_giroc,bus,1,synthetic_gps
2026-05-16 17:37:45,45.7345009,21.249203,1.08,complex_giroc,bus,1,synthetic_gps
2026-05-16 17:37:46,45.7344341,21.2491791,1.55,complex_giroc,bus,1,synthetic_gps
2026-05-16 17:37:47,45.7344163,21.2491534,0.75,complex_giroc,bus,1,synthetic_gps
2026-05-16 17:37:48,45.7343809,21.2492416,1.48,complex_giroc,bus,1,synthetic_gps
2026-05-16 17:37:49,45.7344093,21.2491974,1.86,complex_giroc,bus,1,synthetic_gps
2026-05-16 17:37:50,45.7344318,21.249188,9.86,complex_giroc,bus,1,synthetic_gps
2026-05-16 17:37:51,45.7343551,21.2492527,17.86,complex_giroc,bus,1,synthetic_gps
2026-05-16 17:37:52,45.7344083,21.2493086,25.86,complex_giroc,bus,1,synthetic_gps
2026-05-16 17:37:53,45.7343779,21.2492389,18.37,complex_giroc,bus,1,synthetic_gps
2026-05-16 17:37:54,45.734409,21.249295,26.15,complex_giroc,bus,1,synthetic_gps
2026-05-16 17:37:55,45.7343366,21.2493303,19.36,complex_giroc,bus,1,synthetic_gps
2026-05-16 17:37:56,45.7343949,21.2493193,17.28,complex_giroc,bus,1,synthetic_gps
2026-05-16 17:37:57,45.7343061,21.2493021,25.28,complex_giroc,bus,1,synthetic_gps
2026-05-16 17:37:58,45.7343654,21.2493566,30.06,complex_giroc,bus,1,synthetic_gps
2026-05-16 17:37:59,45.7343366,21.2493527,22.06,complex_giroc,bus,1,synthetic_gps
2026-05-16 17:38:00,45.73428,21.2493494,30.06,complex_giroc,bus,1,synthetic_gps
2026-05-16 17:38:01,45.7342748,21.249343,30.79,complex_giroc,bus,1,synthetic_gps
2026-05-16 17:38:02,45.7342603,21.2493417,32.25,complex_giroc,bus,1,synthetic_gps
2026-05-16 17:38:03,45.7342607,21.2494071,30.2,complex_giroc,bus,1,synthetic_gps
2026-05-16 17:38:04,45.7342538,21.2493889,22.2,complex_giroc,bus,1,synthetic_gps
2026-05-16 17:38:05,45.7341875,21.2493801,19.37,complex_giroc,bus,1,synthetic_gps
2026-05-16 17:38:06,45.7342031,21.2493479,22.69,complex_giroc,bus,1,synthetic_gps
2026-05-16 17:38:07,45.7342336,21.2493499,30.69,complex_giroc,bus,1,synthetic_gps
2026-05-16 17:38:08,45.7341545,21.2494059,31.08,complex_giroc,bus,1,synthetic_gps
2026-05-16 17:38:09,45.7342001,21.2493986,23.08,complex_giroc,bus,1,synthetic_gps
2026-05-16 17:38:10,45.7341693,21.2494413,31.08,complex_giroc,bus,1,synthetic_gps
2026-05-16 17:38:11,45.7341333,21.2494274,23.08,complex_giroc,bus,1,synthetic_gps
2026-05-16 17:38:12,45.7341258,21.2494906,31.08,complex_giroc,bus,1,synthetic_gps
2026-05-16 17:38:13,45.7341326,21.2495163,23.08,complex_giroc,bus,1,synthetic_gps
2026-05-16 17:38:14,45.7341878,21.2494638,31.08,complex_giroc,bus,1,synthetic_gps
2026-05-16 17:38:15,45.7341336,21.2495072,33.3,complex_giroc,bus,1,synthetic_gps
2026-05-16 17:38:16,45.7341103,21.2494766,25.3,complex_giroc,bus,1,synthetic_gps
2026-05-16 17:38:17,45.7340891,21.2495257,33.3,complex_giroc,bus,1,synthetic_gps
2026-05-16 17:38:18,45.7340658,21.2496065,25.3,complex_giroc,bus,1,synthetic_gps
2026-05-16 17:38:19,45.7340611,21.249475,21.86,complex_giroc,bus,1,synthetic_gps
2026-05-16 17:38:20,45.7341062,21.2496423,29.86,complex_giroc,bus,1,synthetic_gps
2026-05-16 17:38:21,45.7340016,21.249568,21.86,complex_giroc,bus,1,synthetic_gps
2026-05-16 17:38:22,45.7340062,21.2496269,13.86,complex_giroc,bus,1,synthetic_gps
2026-05-16 17:38:23,45.7339531,21.2495907,21.86,complex_giroc,bus,1,synthetic_gps
2026-05-16 17:38:24,45.7339602,21.2495627,18.75,complex_giroc,bus,1,synthetic_gps
2026-05-16 17:38:25,45.7339747,21.2495788,26.75,complex_giroc,bus,1,synthetic_gps
2026-05-16 17:38:26,45.7339809,21.2495836,25.07,complex_giroc,bus,1,synthetic_gps
2026-05-16 17:38:27,45.7340134,21.2496845,26.03,complex_giroc,bus,1,synthetic_gps
2026-05-16 17:38:28,45.7339552,21.2496178,19.72,complex_giroc,bus,1,synthetic_gps
2026-05-16 17:38:29,45.7339049,21.2496243,15.41,complex_giroc,bus,1,synthetic_gps
2026-05-16 17:38:30,45.7339675,21.2496476,23.41,complex_giroc,bus,1,synthetic_gps
2026-05-16 17:38:31,45.7339173,21.2496206,24.88,complex_giroc,bus,1,synthetic_gps
2026-05-16 17:38:32,45.7338806,21.249632,17.02,complex_giroc,bus,1,synthetic_gps
2026-05-16 17:38:33,45.7338539,21.249646,16.14,complex_giroc,bus,1,synthetic_gps
2026-05-16 17:38:34,45.733849,21.2497353,15.52,complex_giroc,bus,1,synthetic_gps
2026-05-16 17:38:35,45.7338759,21.2496915,23.52,complex_giroc,bus,1,synthetic_gps
2026-05-16 17:38:36,45.7338559,21.2496832,31.45,complex_giroc,bus,1,synthetic_gps
2026-05-16 17:38:37,45.7337394,21.2497686,32.49,complex_giroc,bus,1,synthetic_gps
2026-05-16 17:38:38,45.733818,21.2497773,35.97,complex_giroc,bus,1,synthetic_gps
2026-05-16 17:38:39,45.7338297,21.249682,38.63,complex_giroc,bus,1,synthetic_gps
2026-05-16 17:38:40,45.7337211,21.2498132,30.63,complex_giroc,bus,1,synthetic_gps
2026-05-16 17:38:41,45.7337109,21.2497515,33.39,complex_giroc,bus,1,synthetic_gps
2026-05-16 17:38:42,45.7337462,21.249717,25.39,complex_giroc,bus,1,synthetic_gps
2026-05-16 17:38:43,45.7338049,21.2498493,33.39,complex_giroc,bus,1,synthetic_gps
2026-05-16 17:38:44,45.7336917,21.2497891,25.39,complex_giroc,bus,1,synthetic_gps
2026-05-16 17:38:45,45.7336982,21.2499488,28.91,complex_giroc,bus,1,synthetic_gps
2026-05-16 17:38:46,45.733611,21.249892,24.52,complex_giroc,bus,1,synthetic_gps
2026-05-16 17:38:47,45.73369,21.2498282,32.52,complex_giroc,bus,1,synthetic_gps
2026-05-16 17:38:48,45.7337159,21.2499475,28.95,complex_giroc,bus,1,synthetic_gps
2026-05-16 17:38:49,45.7337048,21.2499045,35.45,complex_giroc,bus,1,synthetic_gps
2026-05-16 17:38:50,45.7336586,21.249846,27.45,complex_giroc,bus,1,synthetic_gps
2026-05-16 17:38:51,45.7336016,21.2499217,19.45,complex_giroc,bus,1,synthetic_gps
2026-05-16 17:38:52,45.7335958,21.2499652,12.82,complex_giroc,bus,1,synthetic_gps
2026-05-16 17:38:53,45.7335407,21.2499691,20.82,complex_giroc,bus,1,synthetic_gps
2026-05-16 17:38:54,45.7336243,21.2499265,28.82,complex_giroc,bus,1,synthetic_gps
2026-05-16 17:38:55,45.7335212,21.2498905,20.82,complex_giroc,bus,1,synthetic_gps
2026-05-16 17:38:56,45.7335506,21.2499359,28.82,complex_giroc,bus,1,synthetic_gps
2026-05-16 17:38:57,45.7334794,21.2500141,30.07,complex_giroc,bus,1,synthetic_gps
2026-05-16 17:38:58,45.7334323,21.2499528,22.34,complex_giroc,bus,1,synthetic_gps
2026-05-16 17:38:59,45.7335481,21.2499439,14.34,complex_giroc,bus,1,synthetic_gps
2026-05-16 17:39:00,45.7335318,21.2499172,22.34,complex_giroc,bus,1,synthetic_gps
2026-05-16 17:39:01,45.7335361,21.2500653,30.34,complex_giroc,bus,1,synthetic_gps
2026-05-16 17:39:02,45.7335025,21.2500788,23.28,complex_giroc,bus,1,synthetic_gps
2026-05-16 17:39:03,45.7334407,21.2499944,31.28,complex_giroc,bus,1,synthetic_gps
2026-05-16 17:39:04,45.7334571,21.2499877,32.27,complex_giroc,bus,1,synthetic_gps
2026-05-16 17:39:05,45.7334813,21.2500632,31.58,complex_giroc,bus,1,synthetic_gps
2026-05-16 17:39:06,45.7334775,21.2500953,23.58,complex_giroc,bus,1,synthetic_gps
2026-05-16 17:39:07,45.7334638,21.2500685,31.58,complex_giroc,bus,1,synthetic_gps
2026-05-16 17:39:08,45.7333582,21.2501243,29.5,complex_giroc,bus,1,synthetic_gps
2026-05-16 17:39:09,45.7334085,21.2500469,28.31,complex_giroc,bus,1,synthetic_gps
2026-05-16 17:39:10,45.733391,21.2501141,20.31,complex_giroc,bus,1,synthetic_gps
2026-05-16 17:39:11,45.7333946,21.2501088,17.82,complex_giroc,bus,1,synthetic_gps
2026-05-16 17:39:12,45.7332606,21.250059,9.82,complex_giroc,bus,1,synthetic_gps
2026-05-16 17:39:13,45.7332928,21.2500752,17.82,complex_giroc,bus,1,synthetic_gps
2026-05-16 17:39:14,45.7333174,21.2501231,9.82,complex_giroc,bus,1,synthetic_gps
2026-05-16 17:39:15,45.7333256,21.2501737,17.82,complex_giroc,bus,1,synthetic_gps
2026-05-16 17:39:16,45.7332247,21.2501993,17.88,complex_giroc,bus,1,synthetic_gps
2026-05-16 17:39:17,45.7332234,21.2501852,25.88,complex_giroc,bus,1,synthetic_gps
2026-05-16 17:39:18,45.7333892,21.2501604,26.09,complex_giroc,bus,1,synthetic_gps
2026-05-16 17:39:19,45.733199,21.2501675,34.09,complex_giroc,bus,1,synthetic_gps
2026-05-16 17:39:20,45.7332907,21.2501557,35.47,complex_giroc,bus,1,synthetic_gps
2026-05-16 17:39:21,45.7331707,21.2503099,36.97,complex_giroc,bus,1,synthetic_gps
2026-05-16 17:39:22,45.7332321,21.2502183,28.97,complex_giroc,bus,1,synthetic_gps
2026-05-16 17:39:23,45.7332454,21.2502321,27.91,complex_giroc,bus,1,synthetic_gps
2026-05-16 17:39:24,45.7331575,21.2502973,29.49,complex_giroc,bus,1,synthetic_gps
2026-05-16 17:39:25,45.7331469,21.2502689,37.49,complex_giroc,bus,1,synthetic_gps
2026-05-16 17:39:26,45.73322,21.2502011,29.49,complex_giroc,bus,1,synthetic_gps
2026-05-16 17:39:27,45.7331663,21.250288,24.19,complex_giroc,bus,1,synthetic_gps
2026-05-16 17:39:28,45.7331232,21.2502659,17.84,complex_giroc,bus,1,synthetic_gps
2026-05-16 17:39:29,45.7331373,21.2503357,25.84,complex_giroc,bus,1,synthetic_gps
2026-05-16 17:39:30,45.7331025,21.2502964,22.53,complex_giroc,bus,1,synthetic_gps
2026-05-16 17:39:31,45.7331276,21.2503739,30.46,complex_giroc,bus,1,synthetic_gps
2026-05-16 17:39:32,45.7330656,21.2503139,22.46,complex_giroc,bus,1,synthetic_gps
2026-05-16 17:39:33,45.7330425,21.2503905,22.63,complex_giroc,bus,1,synthetic_gps
2026-05-16 17:39:34,45.7329915,21.2504026,28.79,complex_giroc,bus,1,synthetic_gps
2026-05-16 17:39:35,45.7329874,21.2503877,24.71,complex_giroc,bus,1,synthetic_gps
2026-05-16 17:39:36,45.7330022,21.2504447,25.1,complex_giroc,bus,1,synthetic_gps
2026-05-16 17:39:37,45.7330214,21.2503814,20.37,complex_giroc,bus,1,synthetic_gps
2026-05-16 17:39:38,45.7330352,21.2504053,28.37,complex_giroc,bus,1,synthetic_gps
2026-05-16 17:39:39,45.7329341,21.2503873,20.37,complex_giroc,bus,1,synthetic_gps
2026-05-16 17:39:40,45.7329475,21.2504818,24.5,complex_giroc,bus,1,synthetic_gps
2026-05-16 17:39:41,45.7329174,21.2504358,30.17,complex_giroc,bus,1,synthetic_gps
2026-05-16 17:39:42,45.7329609,21.2505657,22.17,complex_giroc,bus,1,synthetic_gps
2026-05-16 17:39:43,45.7328624,21.2504822,14.17,complex_giroc,bus,1,synthetic_gps
2026-05-16 17:39:44,45.7329439,21.250475,22.17,complex_giroc,bus,1,synthetic_gps
2026-05-16 17:39:45,45.7329222,21.2504969,30.17,complex_giroc,bus,1,synthetic_gps
2026-05-16 17:39:46,45.7329091,21.250444,38.17,complex_giroc,bus,1,synthetic_gps
2026-05-16 17:39:47,45.7329217,21.2505541,30.17,complex_giroc,bus,1,synthetic_gps
2026-05-16 17:39:48,45.7328508,21.2505498,32.8,complex_giroc,bus,1,synthetic_gps
2026-05-16 17:39:49,45.732892,21.2505282,24.8,complex_giroc,bus,1,synthetic_gps
2026-05-16 17:39:50,45.7328418,21.2506004,32.8,complex_giroc,bus,1,synthetic_gps
2026-05-16 17:39:51,45.7327838,21.250561,24.8,complex_giroc,bus,1,synthetic_gps
2026-05-16 17:39:52,45.7329213,21.2504721,26.07,complex_giroc,bus,1,synthetic_gps
2026-05-16 17:39:53,45.7327857,21.2506387,23.69,complex_giroc,bus,1,synthetic_gps
2026-05-16 17:39:54,45.7328064,21.2505045,17.0,complex_giroc,bus,1,synthetic_gps
2026-05-16 17:39:55,45.7327647,21.2505315,25.0,complex_giroc,bus,1,synthetic_gps
2026-05-16 17:39:56,45.7328179,21.2505686,33.0,complex_giroc,bus,1,synthetic_gps
2026-05-16 17:39:57,45.7328851,21.2506766,41.0,complex_giroc,bus,1,synthetic_gps
2026-05-16 17:39:58,45.7327508,21.2506159,35.56,complex_giroc,bus,1,synthetic_gps
2026-05-16 17:39:59,45.7327208,21.2506544,29.05,complex_giroc,bus,1,synthetic_gps
2026-05-16 17:40:00,45.7326496,21.2506429,21.05,complex_giroc,bus,1,synthetic_gps
2026-05-16 17:40:01,45.7326974,21.2506792,13.05,complex_giroc,bus,1,synthetic_gps
2026-05-16 17:40:02,45.7327483,21.250699,5.05,complex_giroc,bus,1,synthetic_gps
2026-05-16 17:40:03,45.7327001,21.2506457,1.58,complex_giroc,bus,1,synthetic_gps
2026-05-16 17:40:04,45.7327094,21.25068,0.46,complex_giroc,bus,1,synthetic_gps
2026-05-16 17:40:05,45.7326358,21.2507256,0.06,complex_giroc,bus,1,synthetic_gps
2026-05-16 17:40:06,45.7326718,21.2507411,0.52,complex_giroc,bus,1,synthetic_gps
2026-05-16 17:40:07,45.7326592,21.250686,2.58,complex_giroc,bus,1,synthetic_gps
2026-05-16 17:40:08,45.7325615,21.2507158,0.01,complex_giroc,bus,1,synthetic_gps
2026-05-16 17:40:09,45.7325349,21.2506913,1.13,complex_giroc,bus,1,synthetic_gps
2026-05-16 17:40:10,45.7325968,21.2507317,0.57,complex_giroc,bus,1,synthetic_gps
2026-05-16 17:40:11,45.7325641,21.250807,0.58,complex_giroc,bus,1,synthetic_gps
2026-05-16 17:40:12,45.7325919,21.250728,0.24,complex_giroc,bus,1,synthetic_gps
2026-05-16 17:40:13,45.7325502,21.2508339,1.33,complex_giroc,bus,1,synthetic_gps
2026-05-16 17:40:14,45.7325058,21.2507631,0.28,complex_giroc,bus,1,synthetic_gps
2026-05-16 17:40:15,45.7324273,21.2508408,2.06,complex_giroc,bus,1,synthetic_gps
2026-05-16 17:40:16,45.7324735,21.2507679,0.28,complex_giroc,bus,1,synthetic_gps
2026-05-16 17:40:17,45.7324547,21.2508569,1.34,complex_giroc,bus,1,synthetic_gps
2026-05-16 17:40:18,45.7325062,21.2508938,0.06,complex_giroc,bus,1,synthetic_gps
2026-05-16 17:40:19,45.7324452,21.2508897,1.71,complex_giroc,bus,1,synthetic_gps
2026-05-16 17:40:20,45.7324173,21.2508847,9.71,complex_giroc,bus,1,synthetic_gps
2026-05-16 17:40:21,45.7324061,21.2509069,17.71,complex_giroc,bus,1,synthetic_gps
2026-05-16 17:40:22,45.7323895,21.2508464,25.71,complex_giroc,bus,1,synthetic_gps
2026-05-16 17:40:23,45.7323686,21.2509144,19.86,complex_giroc,bus,1,synthetic_gps
2026-05-16 17:40:24,45.7324693,21.2509154,19.43,complex_giroc,bus,1,synthetic_gps
2026-05-16 17:40:25,45.7323965,21.2510138,27.43,complex_giroc,bus,1,synthetic_gps
2026-05-16 17:40:26,45.7323108,21.2510134,30.27,complex_giroc,bus,1,synthetic_gps
2026-05-16 17:40:27,45.7323824,21.2509475,30.69,complex_giroc,bus,1,synthetic_gps
2026-05-16 17:40:28,45.7322724,21.2509955,32.64,complex_giroc,bus,1,synthetic_gps
2026-05-16 17:40:29,45.7323095,21.2509281,28.26,complex_giroc,bus,1,synthetic_gps
2026-05-16 17:40:30,45.7322715,21.2510189,20.26,complex_giroc,bus,1,synthetic_gps
2026-05-16 17:40:31,45.7323323,21.2509534,28.26,complex_giroc,bus,1,synthetic_gps
2026-05-16 17:40:32,45.7323659,21.2510723,20.26,complex_giroc,bus,1,synthetic_gps
2026-05-16 17:40:33,45.7323339,21.2510133,21.4,complex_giroc,bus,1,synthetic_gps
2026-05-16 17:40:34,45.7322841,21.2510782,29.4,complex_giroc,bus,1,synthetic_gps
2026-05-16 17:40:35,45.7322365,21.251026,21.4,complex_giroc,bus,1,synthetic_gps
2026-05-16 17:40:36,45.7322248,21.251074,20.11,complex_giroc,bus,1,synthetic_gps
2026-05-16 17:40:37,45.7322091,21.2510938,16.95,complex_giroc,bus,1,synthetic_gps
2026-05-16 17:40:38,45.7322041,21.2510971,11.78,complex_giroc,bus,1,synthetic_gps
2026-05-16 17:40:39,45.7321751,21.2510878,3.78,complex_giroc,bus,1,synthetic_gps
2026-05-16 17:40:40,45.7322369,21.2511085,11.78,complex_giroc,bus,1,synthetic_gps
2026-05-16 17:40:41,45.7322346,21.25103,19.78,complex_giroc,bus,1,synthetic_gps
2026-05-16 17:40:42,45.7321599,21.2511445,23.99,complex_giroc,bus,1,synthetic_gps
2026-05-16 17:40:43,45.7321583,21.2511155,19.59,complex_giroc,bus,1,synthetic_gps
2026-05-16 17:40:44,45.732134,21.2510597,26.11,complex_giroc,bus,1,synthetic_gps
2026-05-16 17:40:45,45.7321363,21.2511199,26.36,complex_giroc,bus,1,synthetic_gps
2026-05-16 17:40:46,45.7320987,21.2512276,24.65,complex_giroc,bus,1,synthetic_gps
2026-05-16 17:40:47,45.7321455,21.2511583,17.55,complex_giroc,bus,1,synthetic_gps
2026-05-16 17:40:48,45.7320397,21.2511327,15.3,complex_giroc,bus,1,synthetic_gps
2026-05-16 17:40:49,45.7320286,21.2512444,23.3,complex_giroc,bus,1,synthetic_gps
2026-05-16 17:40:50,45.7320281,21.251207,15.3,complex_giroc,bus,1,synthetic_gps
2026-05-16 17:40:51,45.7320151,21.2512374,16.63,complex_giroc,bus,1,synthetic_gps
2026-05-16 17:40:52,45.7320221,21.2512526,8.63,complex_giroc,bus,1,synthetic_gps
2026-05-16 17:40:53,45.7319704,21.2512387,16.63,complex_giroc,bus,1,synthetic_gps
2026-05-16 17:40:54,45.7320807,21.2512313,24.63,complex_giroc,bus,1,synthetic_gps
2026-05-16 17:40:55,45.7319755,21.2511707,31.13,complex_giroc,bus,1,synthetic_gps
2026-05-16 17:40:56,45.7319695,21.2512675,23.13,complex_giroc,bus,1,synthetic_gps
2026-05-16 17:40:57,45.7320214,21.2512636,15.13,complex_giroc,bus,1,synthetic_gps
2026-05-16 17:40:58,45.7319447,21.2513513,23.13,complex_giroc,bus,1,synthetic_gps
2026-05-16 17:40:59,45.7319599,21.2512446,31.13,complex_giroc,bus,1,synthetic_gps
2026-05-16 17:41:00,45.7320093,21.2513132,23.13,complex_giroc,bus,1,synthetic_gps
2026-05-16 17:41:01,45.7318792,21.2513586,15.13,complex_giroc,bus,1,synthetic_gps
2026-05-16 17:41:02,45.7318443,21.251319,11.55,complex_giroc,bus,1,synthetic_gps
2026-05-16 17:41:03,45.7318781,21.2513463,19.55,complex_giroc,bus,1,synthetic_gps
2026-05-16 17:41:04,45.7319162,21.2512701,27.55,complex_giroc,bus,1,synthetic_gps
2026-05-16 17:41:05,45.7317508,21.2513835,31.3,complex_giroc,bus,1,synthetic_gps
2026-05-16 17:41:06,45.731807,21.2513068,23.3,complex_giroc,bus,1,synthetic_gps
2026-05-16 17:41:07,45.7319022,21.2513628,27.47,complex_giroc,bus,1,synthetic_gps
2026-05-16 17:41:08,45.7318718,21.2513967,25.86,complex_giroc,bus,1,synthetic_gps
2026-05-16 17:41:09,45.7318434,21.2513678,22.5,complex_giroc,bus,1,synthetic_gps
2026-05-16 17:41:10,45.7318083,21.2515261,23.73,complex_giroc,bus,1,synthetic_gps
2026-05-16 17:41:11,45.7317775,21.251445,31.73,complex_giroc,bus,1,synthetic_gps
2026-05-16 17:41:12,45.7318275,21.2514206,39.73,complex_giroc,bus,1,synthetic_gps
2026-05-16 17:41:13,45.7317319,21.2514793,31.73,complex_giroc,bus,1,synthetic_gps
2026-05-16 17:41:14,45.7317723,21.251499,39.73,complex_giroc,bus,1,synthetic_gps
2026-05-16 17:41:15,45.7317725,21.2515645,31.73,complex_giroc,bus,1,synthetic_gps
2026-05-16 17:41:16,45.7317353,21.2514617,23.73,complex_giroc,bus,1,synthetic_gps
2026-05-16 17:41:17,45.7316649,21.2515124,31.73,complex_giroc,bus,1,synthetic_gps
2026-05-16 17:41:18,45.7316928,21.2515379,23.73,complex_giroc,bus,1,synthetic_gps
2026-05-16 17:41:19,45.7316629,21.2514671,26.6,complex_giroc,bus,1,synthetic_gps
2026-05-16 17:41:20,45.7316633,21.2515949,18.6,complex_giroc,bus,1,synthetic_gps
2026-05-16 17:41:21,45.7316433,21.2515967,26.6,complex_giroc,bus,1,synthetic_gps
2026-05-16 17:41:22,45.7316154,21.2515352,18.6,complex_giroc,bus,1,synthetic_gps
2026-05-16 17:41:23,45.731556,21.2515931,26.6,complex_giroc,bus,1,synthetic_gps
2026-05-16 17:41:24,45.7315631,21.2516069,18.6,complex_giroc,bus,1,synthetic_gps
2026-05-16 17:41:25,45.7316918,21.2515956,10.6,complex_giroc,bus,1,synthetic_gps
2026-05-16 17:41:26,45.7315331,21.2516049,18.6,complex_giroc,bus,1,synthetic_gps
2026-05-16 17:41:27,45.731617,21.2515452,13.7,complex_giroc,bus,1,synthetic_gps
2026-05-16 17:41:28,45.7315588,21.2516079,21.7,complex_giroc,bus,1,synthetic_gps
2026-05-16 17:41:29,45.7315022,21.2516663,29.0,complex_giroc,bus,1,synthetic_gps
2026-05-16 17:41:30,45.7315736,21.2515751,29.22,complex_giroc,bus,1,synthetic_gps
2026-05-16 17:41:31,45.731526,21.2516052,33.96,complex_giroc,bus,1,synthetic_gps
2026-05-16 17:41:32,45.7314165,21.2516171,25.96,complex_giroc,bus,1,synthetic_gps
2026-05-16 17:41:33,45.73154,21.251613,33.96,complex_giroc,bus,1,synthetic_gps
2026-05-16 17:41:34,45.7314863,21.251707,25.96,complex_giroc,bus,1,synthetic_gps
2026-05-16 17:41:35,45.7314302,21.2517188,25.03,complex_giroc,bus,1,synthetic_gps
2026-05-16 17:41:36,45.7314859,21.2516974,24.11,complex_giroc,bus,1,synthetic_gps
2026-05-16 17:41:37,45.7313325,21.2517502,31.04,complex_giroc,bus,1,synthetic_gps
2026-05-16 17:41:38,45.7313814,21.2517793,32.49,complex_giroc,bus,1,synthetic_gps
2026-05-16 17:41:39,45.7314054,21.2517352,30.54,complex_giroc,bus,1,synthetic_gps
2026-05-16 17:41:40,45.7314142,21.2517893,30.25,complex_giroc,bus,1,synthetic_gps
2026-05-16 17:41:41,45.7313539,21.251798,31.58,complex_giroc,bus,1,synthetic_gps
2026-05-16 17:41:42,45.7313791,21.251681,23.58,complex_giroc,bus,1,synthetic_gps
2026-05-16 17:41:43,45.7314008,21.25174,26.59,complex_giroc,bus,1,synthetic_gps
2026-05-16 17:41:44,45.731317,21.251815,28.9,complex_giroc,bus,1,synthetic_gps
2026-05-16 17:41:45,45.731358,21.2517778,36.9,complex_giroc,bus,1,synthetic_gps
2026-05-16 17:41:46,45.7313169,21.2518463,28.9,complex_giroc,bus,1,synthetic_gps
2026-05-16 17:41:47,45.7312722,21.2518221,30.32,complex_giroc,bus,1,synthetic_gps
2026-05-16 17:41:48,45.7312283,21.2518832,22.32,complex_giroc,bus,1,synthetic_gps
2026-05-16 17:41:49,45.7312015,21.2518789,14.51,complex_giroc,bus,1,synthetic_gps
2026-05-16 17:41:50,45.7312796,21.2519022,22.51,complex_giroc,bus,1,synthetic_gps
2026-05-16 17:41:51,45.7312633,21.2518875,30.51,complex_giroc,bus,1,synthetic_gps
2026-05-16 17:41:52,45.7312467,21.2518845,25.11,complex_giroc,bus,1,synthetic_gps
2026-05-16 17:41:53,45.731168,21.2518676,17.11,complex_giroc,bus,1,synthetic_gps
2026-05-16 17:41:54,45.7312775,21.2518768,25.11,complex_giroc,bus,1,synthetic_gps
2026-05-16 17:41:55,45.7312435,21.2518661,29.98,complex_giroc,bus,1,synthetic_gps
2026-05-16 17:41:56,45.7311476,21.2518703,37.98,complex_giroc,bus,1,synthetic_gps
2026-05-16 17:41:57,45.731148,21.2519821,29.98,complex_giroc,bus,1,synthetic_gps
2026-05-16 17:41:58,45.731182,21.2519604,21.98,complex_giroc,bus,1,synthetic_gps
2026-05-16 17:41:59,45.7311356,21.2520167,23.29,complex_giroc,bus,1,synthetic_gps
2026-05-16 17:42:00,45.7310791,21.2519821,31.29,complex_giroc,bus,1,synthetic_gps
2026-05-16 17:42:01,45.7310865,21.2519104,31.16,complex_giroc,bus,1,synthetic_gps
2026-05-16 17:42:02,45.7310706,21.2520066,33.07,complex_giroc,bus,1,synthetic_gps
2026-05-16 17:42:03,45.7310995,21.2519946,28.58,complex_giroc,bus,1,synthetic_gps
2026-05-16 17:42:04,45.7310866,21.2519763,33.48,complex_giroc,bus,1,synthetic_gps
2026-05-16 17:42:05,45.7311071,21.2520463,25.48,complex_giroc,bus,1,synthetic_gps
2026-05-16 17:42:06,45.7310477,21.2520108,31.51,complex_giroc,bus,1,synthetic_gps
2026-05-16 17:42:07,45.7310651,21.252011,36.89,complex_giroc,bus,1,synthetic_gps
2026-05-16 17:42:08,45.7310768,21.2520434,28.89,complex_giroc,bus,1,synthetic_gps
2026-05-16 17:42:09,45.7310093,21.2520783,20.89,complex_giroc,bus,1,synthetic_gps
2026-05-16 17:42:10,45.730911,21.2520808,17.84,complex_giroc,bus,1,synthetic_gps
2026-05-16 17:42:11,45.7309821,21.2520542,10.72,complex_giroc,bus,1,synthetic_gps
2026-05-16 17:42:12,45.7309244,21.2520972,6.7,complex_giroc,bus,1,synthetic_gps
2026-05-16 17:42:13,45.7309535,21.2521505,14.7,complex_giroc,bus,1,synthetic_gps
2026-05-16 17:42:14,45.7309513,21.2521234,14.6,complex_giroc,bus,1,synthetic_gps
2026-05-16 17:42:15,45.7309856,21.2521531,18.42,complex_giroc,bus,1,synthetic_gps
2026-05-16 17:42:16,45.7308456,21.2522046,13.33,complex_giroc,bus,1,synthetic_gps
2026-05-16 17:42:17,45.7308715,21.2521353,21.33,complex_giroc,bus,1,synthetic_gps
2026-05-16 17:42:18,45.7309366,21.2521364,21.4,complex_giroc,bus,1,synthetic_gps
2026-05-16 17:42:19,45.7308474,21.2521883,21.24,complex_giroc,bus,1,synthetic_gps
2026-05-16 17:42:20,45.7308611,21.2522008,26.48,complex_giroc,bus,1,synthetic_gps
2026-05-16 17:42:21,45.7308749,21.2522107,18.48,complex_giroc,bus,1,synthetic_gps
2026-05-16 17:42:22,45.7308851,21.2523124,10.48,complex_giroc,bus,1,synthetic_gps
2026-05-16 17:42:23,45.7307853,21.2521775,18.48,complex_giroc,bus,1,synthetic_gps
2026-05-16 17:42:24,45.7308095,21.2521936,26.48,complex_giroc,bus,1,synthetic_gps
2026-05-16 17:42:25,45.7307304,21.2522373,34.48,complex_giroc,bus,1,synthetic_gps
2026-05-16 17:42:26,45.7308379,21.2522348,41.48,complex_giroc,bus,1,synthetic_gps
2026-05-16 17:42:27,45.7307473,21.2521943,36.03,complex_giroc,bus,1,synthetic_gps
2026-05-16 17:42:28,45.7307563,21.2522565,28.03,complex_giroc,bus,1,synthetic_gps
2026-05-16 17:42:29,45.7307079,21.2522419,30.08,complex_giroc,bus,1,synthetic_gps
2026-05-16 17:42:30,45.7307618,21.2522526,22.08,complex_giroc,bus,1,synthetic_gps
2026-05-16 17:42:31,45.7307319,21.2523225,14.08,complex_giroc,bus,1,synthetic_gps
2026-05-16 17:42:32,45.7306227,21.2523449,6.08,complex_giroc,bus,1,synthetic_gps
2026-05-16 17:42:33,45.7306472,21.2523677,0.82,complex_giroc,bus,1,synthetic_gps
2026-05-16 17:42:34,45.7306715,21.2523302,2.58,complex_giroc,bus,1,synthetic_gps
2026-05-16 17:42:35,45.730607,21.2523445,0.8,complex_giroc,bus,1,synthetic_gps
2026-05-16 17:42:36,45.7306824,21.2524495,0.49,complex_giroc,bus,1,synthetic_gps
2026-05-16 17:42:37,45.730621,21.2522861,0.2,complex_giroc,bus,1,synthetic_gps
2026-05-16 17:42:38,45.7305991,21.2523493,1.05,complex_giroc,bus,1,synthetic_gps
2026-05-16 17:42:39,45.730551,21.2524272,0.88,complex_giroc,bus,1,synthetic_gps
2026-05-16 17:42:40,45.7306377,21.2524061,0.64,complex_giroc,bus,1,synthetic_gps
2026-05-16 17:42:41,45.7305354,21.2524134,1.05,complex_giroc,bus,1,synthetic_gps
2026-05-16 17:42:42,45.730556,21.2524068,0.99,complex_giroc,bus,1,synthetic_gps
2026-05-16 17:42:43,45.7305292,21.2524003,0.39,complex_giroc,bus,1,synthetic_gps
2026-05-16 17:42:44,45.7305496,21.2524135,0.68,complex_giroc,bus,1,synthetic_gps
2026-05-16 17:42:45,45.7304854,21.2524557,0.39,complex_giroc,bus,1,synthetic_gps
2026-05-16 17:42:46,45.7305013,21.2525039,2.02,complex_giroc,bus,1,synthetic_gps
2026-05-16 17:42:47,45.7304888,21.2524694,0.97,complex_giroc,bus,1,synthetic_gps
2026-05-16 17:42:48,45.7305013,21.2524814,1.43,complex_giroc,bus,1,synthetic_gps
2026-05-16 17:42:49,45.7305845,21.2524475,0.0,complex_giroc,bus,1,synthetic_gps
2026-05-16 17:42:50,45.7305043,21.252587,8.0,complex_giroc,bus,1,synthetic_gps
2026-05-16 17:42:51,45.7304508,21.2525626,16.0,complex_giroc,bus,1,synthetic_gps
2026-05-16 17:42:52,45.7305235,21.2525282,24.0,complex_giroc,bus,1,synthetic_gps
2026-05-16 17:42:53,45.7304249,21.2525545,26.5,complex_giroc,bus,1,synthetic_gps
2026-05-16 17:42:54,45.7304653,21.2526,21.36,complex_giroc,bus,1,synthetic_gps
2026-05-16 17:42:55,45.7303903,21.2525765,27.3,complex_giroc,bus,1,synthetic_gps
2026-05-16 17:42:56,45.7304073,21.2525375,35.3,complex_giroc,bus,1,synthetic_gps
2026-05-16 17:42:57,45.7303657,21.2525666,40.06,complex_giroc,bus,1,synthetic_gps
2026-05-16 17:42:58,45.7303128,21.2525969,33.54,complex_giroc,bus,1,synthetic_gps
2026-05-16 17:42:59,45.7303046,21.2526944,25.54,complex_giroc,bus,1,synthetic_gps
2026-05-16 17:43:00,45.7303528,21.2525704,17.54,complex_giroc,bus,1,synthetic_gps
2026-05-16 17:43:01,45.7303114,21.2526413,23.68,complex_giroc,bus,1,synthetic_gps
2026-05-16 17:43:02,45.7302993,21.2526046,21.72,complex_giroc,bus,1,synthetic_gps
2026-05-16 17:43:03,45.7303691,21.2526943,28.76,complex_giroc,bus,1,synthetic_gps
2026-05-16 17:43:04,45.7303493,21.2526357,29.28,complex_giroc,bus,1,synthetic_gps
2026-05-16 17:43:05,45.7303558,21.2526704,34.01,complex_giroc,bus,1,synthetic_gps
2026-05-16 17:43:06,45.7302945,21.2526496,38.8,complex_giroc,bus,1,synthetic_gps
2026-05-16 17:43:07,45.7302583,21.2526884,33.22,complex_giroc,bus,1,synthetic_gps
2026-05-16 17:43:08,45.7302593,21.2528264,25.22,complex_giroc,bus,1,synthetic_gps
2026-05-16 17:43:09,45.7302135,21.2526934,29.52,complex_giroc,bus,1,synthetic_gps
2026-05-16 17:43:10,45.7302281,21.2527221,37.52,complex_giroc,bus,1,synthetic_gps
2026-05-16 17:43:11,45.7301687,21.2527108,29.52,complex_giroc,bus,1,synthetic_gps
2026-05-16 17:43:12,45.7301569,21.2527232,26.6,complex_giroc,bus,1,synthetic_gps
2026-05-16 17:43:13,45.7301486,21.2526874,30.73,complex_giroc,bus,1,synthetic_gps
2026-05-16 17:43:14,45.7301738,21.252786,27.41,complex_giroc,bus,1,synthetic_gps
2026-05-16 17:43:15,45.7300945,21.2527634,21.23,complex_giroc,bus,1,synthetic_gps
2026-05-16 17:43:16,45.7302052,21.2528045,29.23,complex_giroc,bus,1,synthetic_gps
2026-05-16 17:43:17,45.7300153,21.2527026,37.23,complex_giroc,bus,1,synthetic_gps
2026-05-16 17:43:18,45.7301041,21.2528094,29.23,complex_giroc,bus,1,synthetic_gps
2026-05-16 17:43:19,45.7300705,21.2528141,21.89,complex_giroc,bus,1,synthetic_gps
2026-05-16 17:43:20,45.7300933,21.2528523,29.89,complex_giroc,bus,1,synthetic_gps
2026-05-16 17:43:21,45.7300415,21.2528048,30.99,complex_giroc,bus,1,synthetic_gps
2026-05-16 17:43:22,45.7301297,21.2528702,34.72,complex_giroc,bus,1,synthetic_gps
2026-05-16 17:43:23,45.7300347,21.2528891,33.98,complex_giroc,bus,1,synthetic_gps
2026-05-16 17:43:24,45.7301075,21.252842,25.98,complex_giroc,bus,1,synthetic_gps
2026-05-16 17:43:25,45.7299983,21.252854,28.66,complex_giroc,bus,1,synthetic_gps
2026-05-16 17:43:26,45.7300408,21.2528652,29.34,complex_giroc,bus,1,synthetic_gps
2026-05-16 17:43:27,45.7300022,21.2529306,36.55,complex_giroc,bus,1,synthetic_gps
2026-05-16 17:43:28,45.7300889,21.2528928,28.55,complex_giroc,bus,1,synthetic_gps
2026-05-16 17:43:29,45.7299452,21.2528988,33.47,complex_giroc,bus,1,synthetic_gps
2026-05-16 17:43:30,45.7299245,21.2530301,25.47,complex_giroc,bus,1,synthetic_gps
2026-05-16 17:43:31,45.7299609,21.2529269,33.47,complex_giroc,bus,1,synthetic_gps
2026-05-16 17:43:32,45.7299354,21.2529643,25.47,complex_giroc,bus,1,synthetic_gps
2026-05-16 17:43:33,45.7299704,21.2530337,33.47,complex_giroc,bus,1,synthetic_gps
2026-05-16 17:43:34,45.7299363,21.2529802,35.78,complex_giroc,bus,1,synthetic_gps
2026-05-16 17:43:35,45.7299412,21.2530344,27.78,complex_giroc,bus,1,synthetic_gps
2026-05-16 17:43:36,45.7297472,21.2529458,35.78,complex_giroc,bus,1,synthetic_gps
2026-05-16 17:43:37,45.7298604,21.2529735,27.78,complex_giroc,bus,1,synthetic_gps
2026-05-16 17:43:38,45.7298867,21.2530531,35.78,complex_giroc,bus,1,synthetic_gps
2026-05-16 17:43:39,45.7298135,21.2530633,32.54,complex_giroc,bus,1,synthetic_gps
2026-05-16 17:43:40,45.7297824,21.2530496,27.39,complex_giroc,bus,1,synthetic_gps
2026-05-16 17:43:41,45.729786,21.2529593,19.39,complex_giroc,bus,1,synthetic_gps
2026-05-16 17:43:42,45.7297762,21.2530138,27.39,complex_giroc,bus,1,synthetic_gps
2026-05-16 17:43:43,45.7297573,21.2530026,19.39,complex_giroc,bus,1,synthetic_gps
2026-05-16 17:43:44,45.7298304,21.2530276,27.39,complex_giroc,bus,1,synthetic_gps
2026-05-16 17:43:45,45.7297116,21.253024,24.11,complex_giroc,bus,1,synthetic_gps
2026-05-16 17:43:46,45.7297737,21.2530999,16.11,complex_giroc,bus,1,synthetic_gps
2026-05-16 17:43:47,45.7297341,21.2531111,14.22,complex_giroc,bus,1,synthetic_gps
2026-05-16 17:43:48,45.7296386,21.2531452,22.22,complex_giroc,bus,1,synthetic_gps
2026-05-16 17:43:49,45.729666,21.2531038,14.22,complex_giroc,bus,1,synthetic_gps
2026-05-16 17:43:50,45.7297115,21.2530448,22.22,complex_giroc,bus,1,synthetic_gps
2026-05-16 17:43:51,45.7296345,21.2531696,30.22,complex_giroc,bus,1,synthetic_gps
2026-05-16 17:43:52,45.7296977,21.2531025,36.35,complex_giroc,bus,1,synthetic_gps
2026-05-16 17:43:53,45.7296512,21.2531504,28.35,complex_giroc,bus,1,synthetic_gps
2026-05-16 17:43:54,45.7296321,21.2531423,28.27,complex_giroc,bus,1,synthetic_gps
2026-05-16 17:43:55,45.7296459,21.2531249,20.27,complex_giroc,bus,1,synthetic_gps
2026-05-16 17:43:56,45.7295386,21.2532172,15.82,complex_giroc,bus,1,synthetic_gps
2026-05-16 17:43:57,45.7295854,21.2531094,23.82,complex_giroc,bus,1,synthetic_gps
2026-05-16 17:43:58,45.729553,21.2531857,26.98,complex_giroc,bus,1,synthetic_gps
2026-05-16 17:43:59,45.7295134,21.2532134,34.98,complex_giroc,bus,1,synthetic_gps
2026-05-16 17:44:00,45.72957,21.2532996,26.98,complex_giroc,bus,1,synthetic_gps
2026-05-16 17:44:01,45.7294382,21.2532559,21.36,complex_giroc,bus,1,synthetic_gps
2026-05-16 17:44:02,45.7295767,21.2531386,21.81,complex_giroc,bus,1,synthetic_gps
2026-05-16 17:44:03,45.7294244,21.253176,29.81,complex_giroc,bus,1,synthetic_gps
2026-05-16 17:44:04,45.7295782,21.253245,21.81,complex_giroc,bus,1,synthetic_gps
2026-05-16 17:44:05,45.729463,21.2533386,13.81,complex_giroc,bus,1,synthetic_gps
2026-05-16 17:44:06,45.7294957,21.2532532,21.81,complex_giroc,bus,1,synthetic_gps
2026-05-16 17:44:07,45.7294449,21.2532903,13.81,complex_giroc,bus,1,synthetic_gps
2026-05-16 17:44:08,45.7294605,21.253282,21.81,complex_giroc,bus,1,synthetic_gps
2026-05-16 17:44:09,45.7293955,21.2532509,29.81,complex_giroc,bus,1,synthetic_gps
2026-05-16 17:44:10,45.7294413,21.253314,24.11,complex_giroc,bus,1,synthetic_gps
2026-05-16 17:44:11,45.7294734,21.2533361,27.62,complex_giroc,bus,1,synthetic_gps
2026-05-16 17:44:12,45.7293265,21.253393,31.2,complex_giroc,bus,1,synthetic_gps
2026-05-16 17:44:13,45.7293642,21.2533743,23.2,complex_giroc,bus,1,synthetic_gps
2026-05-16 17:44:14,45.7293453,21.2533327,29.42,complex_giroc,bus,1,synthetic_gps
2026-05-16 17:44:15,45.7293085,21.2533717,21.42,complex_giroc,bus,1,synthetic_gps
2026-05-16 17:44:16,45.7293583,21.253387,29.42,complex_giroc,bus,1,synthetic_gps
2026-05-16 17:44:17,45.7293009,21.2533909,21.42,complex_giroc,bus,1,synthetic_gps
2026-05-16 17:44:18,45.729355,21.2533114,29.27,complex_giroc,bus,1,synthetic_gps
2026-05-16 17:44:19,45.7292921,21.2533335,27.9,complex_giroc,bus,1,synthetic_gps
2026-05-16 17:44:20,45.7293721,21.2533432,26.63,complex_giroc,bus,1,synthetic_gps
2026-05-16 17:44:21,45.7292696,21.2533131,28.61,complex_giroc,bus,1,synthetic_gps
2026-05-16 17:44:22,45.7292515,21.2534296,24.18,complex_giroc,bus,1,synthetic_gps
2026-05-16 17:44:23,45.7292414,21.2534081,16.18,complex_giroc,bus,1,synthetic_gps
2026-05-16 17:44:24,45.7290775,21.2534134,24.18,complex_giroc,bus,1,synthetic_gps
2026-05-16 17:44:25,45.7292984,21.2534594,32.18,complex_giroc,bus,1,synthetic_gps
2026-05-16 17:44:26,45.7291896,21.2535109,24.79,complex_giroc,bus,1,synthetic_gps
2026-05-16 17:44:27,45.729233,21.2534516,32.79,complex_giroc,bus,1,synthetic_gps
2026-05-16 17:44:28,45.729133,21.2534581,32.91,complex_giroc,bus,1,synthetic_gps
2026-05-16 17:44:29,45.7291671,21.2535101,24.91,complex_giroc,bus,1,synthetic_gps
2026-05-16 17:44:30,45.7291415,21.2535589,32.91,complex_giroc,bus,1,synthetic_gps
2026-05-16 17:44:31,45.7290723,21.2535815,29.73,complex_giroc,bus,1,synthetic_gps
2026-05-16 17:44:32,45.7291109,21.2535664,21.73,complex_giroc,bus,1,synthetic_gps
2026-05-16 17:44:33,45.7292152,21.2535225,29.58,complex_giroc,bus,1,synthetic_gps
2026-05-16 17:44:34,45.7290928,21.2535561,21.58,complex_giroc,bus,1,synthetic_gps
2026-05-16 17:44:35,45.7290941,21.2535347,28.25,complex_giroc,bus,1,synthetic_gps
2026-05-16 17:44:36,45.7290555,21.2535104,20.25,complex_giroc,bus,1,synthetic_gps
2026-05-16 17:44:37,45.7289857,21.2535592,28.25,complex_giroc,bus,1,synthetic_gps
2026-05-16 17:44:38,45.7290942,21.2535613,36.25,complex_giroc,bus,1,synthetic_gps
2026-05-16 17:44:39,45.7290465,21.2535574,28.25,complex_giroc,bus,1,synthetic_gps
2026-05-16 17:44:40,45.7290564,21.2535878,20.25,complex_giroc,bus,1,synthetic_gps
2026-05-16 17:44:41,45.729023,21.2535675,12.25,complex_giroc,bus,1,synthetic_gps
2026-05-16 17:44:42,45.728907,21.2536035,20.25,complex_giroc,bus,1,synthetic_gps
2026-05-16 17:44:43,45.7289134,21.2536128,28.25,complex_giroc,bus,1,synthetic_gps
2026-05-16 17:44:44,45.7289843,21.2536706,27.25,complex_giroc,bus,1,synthetic_gps
2026-05-16 17:44:45,45.7290146,21.2536584,28.07,complex_giroc,bus,1,synthetic_gps
2026-05-16 17:44:46,45.7290138,21.253658,34.12,complex_giroc,bus,1,synthetic_gps
2026-05-16 17:44:47,45.7288684,21.2536379,38.99,complex_giroc,bus,1,synthetic_gps
2026-05-16 17:44:48,45.7289642,21.2536992,30.99,complex_giroc,bus,1,synthetic_gps
2026-05-16 17:44:49,45.7288988,21.2536981,32.26,complex_giroc,bus,1,synthetic_gps
2026-05-16 17:44:50,45.7288897,21.2537159,28.7,complex_giroc,bus,1,synthetic_gps
2026-05-16 17:44:51,45.72888,21.253727,22.68,complex_giroc,bus,1,synthetic_gps
2026-05-16 17:44:52,45.7289064,21.2537395,14.68,complex_giroc,bus,1,synthetic_gps
2026-05-16 17:44:53,45.728764,21.2537407,22.68,complex_giroc,bus,1,synthetic_gps
2026-05-16 17:44:54,45.7287989,21.2537194,14.68,complex_giroc,bus,1,synthetic_gps
2026-05-16 17:44:55,45.7287754,21.2537409,22.68,complex_giroc,bus,1,synthetic_gps
2026-05-16 17:44:56,45.7288496,21.2537352,30.36,complex_giroc,bus,1,synthetic_gps
2026-05-16 17:44:57,45.7287995,21.2537194,38.36,complex_giroc,bus,1,synthetic_gps
2026-05-16 17:44:58,45.7288192,21.2537943,30.36,complex_giroc,bus,1,synthetic_gps
2026-05-16 17:44:59,45.7288168,21.2538115,22.36,complex_giroc,bus,1,synthetic_gps
2026-05-16 17:45:00,45.728767,21.2538269,14.36,complex_giroc,bus,1,synthetic_gps
2026-05-16 17:45:01,45.7287445,21.2538643,6.36,complex_giroc,bus,1,synthetic_gps
2026-05-16 17:45:02,45.7288039,21.253836,0.95,complex_giroc,bus,1,synthetic_gps
2026-05-16 17:45:03,45.7287101,21.2538255,0.74,complex_giroc,bus,1,synthetic_gps
2026-05-16 17:45:04,45.7287432,21.253811,0.28,complex_giroc,bus,1,synthetic_gps
2026-05-16 17:45:05,45.7286638,21.2538521,0.03,complex_giroc,bus,1,synthetic_gps
2026-05-16 17:45:06,45.7286377,21.2538248,0.0,complex_giroc,bus,1,synthetic_gps
2026-05-16 17:45:07,45.7287131,21.2539164,0.0,complex_giroc,bus,1,synthetic_gps
2026-05-16 17:45:08,45.7287064,21.2538972,2.44,complex_giroc,bus,1,synthetic_gps
2026-05-16 17:45:09,45.7286587,21.2538848,1.17,complex_giroc,bus,1,synthetic_gps
2026-05-16 17:45:10,45.7286008,21.2538812,1.58,complex_giroc,bus,1,synthetic_gps
2026-05-16 17:45:11,45.7286198,21.2539572,0.72,complex_giroc,bus,1,synthetic_gps
2026-05-16 17:45:12,45.7285919,21.2539031,0.81,complex_giroc,bus,1,synthetic_gps
2026-05-16 17:45:13,45.7284765,21.2539157,1.09,complex_giroc,bus,1,synthetic_gps
2026-05-16 17:45:14,45.7285864,21.2539076,0.31,complex_giroc,bus,1,synthetic_gps
2026-05-16 17:45:15,45.7285749,21.2539794,0.72,complex_giroc,bus,1,synthetic_gps
2026-05-16 17:45:16,45.7285701,21.2539774,0.7,complex_giroc,bus,1,synthetic_gps
2026-05-16 17:45:17,45.7285596,21.2539477,0.36,complex_giroc,bus,1,synthetic_gps
2026-05-16 17:45:18,45.7285523,21.2540039,0.0,complex_giroc,bus,1,synthetic_gps
2026-05-16 17:45:19,45.7285759,21.2539429,1.34,complex_giroc,bus,1,synthetic_gps
2026-05-16 17:45:20,45.7284565,21.2538974,8.88,complex_giroc,bus,1,synthetic_gps
2026-05-16 17:45:21,45.728431,21.2540124,16.88,complex_giroc,bus,1,synthetic_gps
2026-05-16 17:45:22,45.7284605,21.254018,9.61,complex_giroc,bus,1,synthetic_gps
2026-05-16 17:45:23,45.7284428,21.2540201,12.36,complex_giroc,bus,1,synthetic_gps
2026-05-16 17:45:24,45.7283621,21.2540625,20.36,complex_giroc,bus,1,synthetic_gps
2026-05-16 17:45:25,45.7284243,21.2540503,28.36,complex_giroc,bus,1,synthetic_gps
2026-05-16 17:45:26,45.7284255,21.2541474,28.6,complex_giroc,bus,1,synthetic_gps
2026-05-16 17:45:27,45.7284143,21.254122,30.26,complex_giroc,bus,1,synthetic_gps
2026-05-16 17:45:28,45.7283783,21.2540483,38.26,complex_giroc,bus,1,synthetic_gps
2026-05-16 17:45:29,45.7283268,21.2541265,32.55,complex_giroc,bus,1,synthetic_gps
2026-05-16 17:45:30,45.7283879,21.2540156,24.55,complex_giroc,bus,1,synthetic_gps
2026-05-16 17:45:31,45.7283822,21.2540506,28.93,complex_giroc,bus,1,synthetic_gps
2026-05-16 17:45:32,45.728213,21.2541744,31.47,complex_giroc,bus,1,synthetic_gps
2026-05-16 17:45:33,45.7282972,21.254113,23.47,complex_giroc,bus,1,synthetic_gps
2026-05-16 17:45:34,45.7283668,21.2541481,19.28,complex_giroc,bus,1,synthetic_gps
2026-05-16 17:45:35,45.7282488,21.2541249,22.74,complex_giroc,bus,1,synthetic_gps
2026-05-16 17:45:36,45.7282614,21.2541531,14.74,complex_giroc,bus,1,synthetic_gps
2026-05-16 17:45:37,45.7282946,21.2541976,22.74,complex_giroc,bus,1,synthetic_gps
2026-05-16 17:45:38,45.7282908,21.2542045,14.74,complex_giroc,bus,1,synthetic_gps
2026-05-16 17:45:39,45.728311,21.2541182,22.74,complex_giroc,bus,1,synthetic_gps
2026-05-16 17:45:40,45.7282439,21.2541947,17.1,complex_giroc,bus,1,synthetic_gps
2026-05-16 17:45:41,45.7282031,21.2542262,19.63,complex_giroc,bus,1,synthetic_gps
2026-05-16 17:45:42,45.7281983,21.2543064,27.63,complex_giroc,bus,1,synthetic_gps
2026-05-16 17:45:43,45.7281666,21.2541869,26.06,complex_giroc,bus,1,synthetic_gps
2026-05-16 17:45:44,45.728148,21.2542825,23.68,complex_giroc,bus,1,synthetic_gps
2026-05-16 17:45:45,45.7282197,21.2541302,22.08,complex_giroc,bus,1,synthetic_gps
2026-05-16 17:45:46,45.728147,21.2542304,23.18,complex_giroc,bus,1,synthetic_gps
2026-05-16 17:45:47,45.7280669,21.2543144,15.81,complex_giroc,bus,1,synthetic_gps
2026-05-16 17:45:48,45.7281323,21.2543128,23.81,complex_giroc,bus,1,synthetic_gps
2026-05-16 17:45:49,45.7281066,21.2542451,27.96,complex_giroc,bus,1,synthetic_gps
2026-05-16 17:45:50,45.7281312,21.2543379,19.96,complex_giroc,bus,1,synthetic_gps
2026-05-16 17:45:51,45.7281335,21.2543076,24.68,complex_giroc,bus,1,synthetic_gps
2026-05-16 17:45:52,45.7280555,21.2543087,16.68,complex_giroc,bus,1,synthetic_gps
2026-05-16 17:45:53,45.7280037,21.2542517,24.68,complex_giroc,bus,1,synthetic_gps
2026-05-16 17:45:54,45.7279542,21.2542938,26.12,complex_giroc,bus,1,synthetic_gps
2026-05-16 17:45:55,45.7280119,21.2543114,34.12,complex_giroc,bus,1,synthetic_gps
2026-05-16 17:45:56,45.7280007,21.2543605,26.12,complex_giroc,bus,1,synthetic_gps
2026-05-16 17:45:57,45.7280086,21.254339,18.12,complex_giroc,bus,1,synthetic_gps
2026-05-16 17:45:58,45.7280502,21.254406,26.12,complex_giroc,bus,1,synthetic_gps
2026-05-16 17:45:59,45.7279901,21.2543142,33.15,complex_giroc,bus,1,synthetic_gps
2026-05-16 17:46:00,45.727979,21.2543091,25.15,complex_giroc,bus,1,synthetic_gps
2026-05-16 17:46:01,45.727921,21.2543165,24.68,complex_giroc,bus,1,synthetic_gps
2026-05-16 17:46:02,45.727944,21.2543703,24.48,complex_giroc,bus,1,synthetic_gps
2026-05-16 17:46:03,45.7279397,21.2545128,28.98,complex_giroc,bus,1,synthetic_gps
2026-05-16 17:46:04,45.7278476,21.2544756,20.98,complex_giroc,bus,1,synthetic_gps
2026-05-16 17:46:05,45.7279214,21.2545715,16.73,complex_giroc,bus,1,synthetic_gps
2026-05-16 17:46:06,45.7278684,21.2544064,24.73,complex_giroc,bus,1,synthetic_gps
2026-05-16 17:46:07,45.7278836,21.2544226,26.65,complex_giroc,bus,1,synthetic_gps
2026-05-16 17:46:08,45.7278361,21.2543432,28.19,complex_giroc,bus,1,synthetic_gps
2026-05-16 17:46:09,45.7278658,21.2544495,23.71,complex_giroc,bus,1,synthetic_gps
2026-05-16 17:46:10,45.7277945,21.254537,29.49,complex_giroc,bus,1,synthetic_gps
2026-05-16 17:46:11,45.7278593,21.254483,33.97,complex_giroc,bus,1,synthetic_gps
2026-05-16 17:46:12,45.7277896,21.2545644,25.97,complex_giroc,bus,1,synthetic_gps
2026-05-16 17:46:13,45.727788,21.2544837,33.97,complex_giroc,bus,1,synthetic_gps
2026-05-16 17:46:14,45.7278296,21.2545743,25.97,complex_giroc,bus,1,synthetic_gps
2026-05-16 17:46:15,45.7278258,21.2544726,33.97,complex_giroc,bus,1,synthetic_gps
2026-05-16 17:46:16,45.7277565,21.254651,37.61,complex_giroc,bus,1,synthetic_gps
2026-05-16 17:46:17,45.7277885,21.2545353,29.61,complex_giroc,bus,1,synthetic_gps
2026-05-16 17:46:18,45.7276999,21.2545772,35.61,complex_giroc,bus,1,synthetic_gps
2026-05-16 17:46:19,45.7277075,21.2545805,27.61,complex_giroc,bus,1,synthetic_gps
2026-05-16 17:46:20,45.7277263,21.2546192,35.61,complex_giroc,bus,1,synthetic_gps
2026-05-16 17:46:21,45.7276938,21.2546531,35.45,complex_giroc,bus,1,synthetic_gps
2026-05-16 17:46:22,45.7276551,21.2546012,27.45,complex_giroc,bus,1,synthetic_gps
2026-05-16 17:46:23,45.7277012,21.2545578,19.45,complex_giroc,bus,1,synthetic_gps
2026-05-16 17:46:24,45.7276282,21.2546943,15.81,complex_giroc,bus,1,synthetic_gps
2026-05-16 17:46:25,45.7277159,21.2546224,23.81,complex_giroc,bus,1,synthetic_gps
2026-05-16 17:46:26,45.7276719,21.2546472,21.06,complex_giroc,bus,1,synthetic_gps
2026-05-16 17:46:27,45.7275996,21.2546143,29.06,complex_giroc,bus,1,synthetic_gps
2026-05-16 17:46:28,45.7276217,21.2546922,37.06,complex_giroc,bus,1,synthetic_gps
2026-05-16 17:46:29,45.7275806,21.2546806,38.75,complex_giroc,bus,1,synthetic_gps
2026-05-16 17:46:30,45.7275398,21.2546917,30.75,complex_giroc,bus,1,synthetic_gps
2026-05-16 17:46:31,45.7276065,21.2546913,38.75,complex_giroc,bus,1,synthetic_gps
2026-05-16 17:46:32,45.7274652,21.2547456,30.75,complex_giroc,bus,1,synthetic_gps
2026-05-16 17:46:33,45.7275318,21.254717,36.62,complex_giroc,bus,1,synthetic_gps
2026-05-16 17:46:34,45.7275234,21.2547666,36.17,complex_giroc,bus,1,synthetic_gps
2026-05-16 17:46:35,45.7274625,21.2547034,31.9,complex_giroc,bus,1,synthetic_gps
2026-05-16 17:46:36,45.7275754,21.2547305,30.85,complex_giroc,bus,1,synthetic_gps
2026-05-16 17:46:37,45.7274799,21.2547846,22.85,complex_giroc,bus,1,synthetic_gps
2026-05-16 17:46:38,45.7275351,21.2547201,30.85,complex_giroc,bus,1,synthetic_gps
2026-05-16 17:46:39,45.7274769,21.2548275,30.77,complex_giroc,bus,1,synthetic_gps
2026-05-16 17:46:40,45.7274261,21.2548,22.77,complex_giroc,bus,1,synthetic_gps
2026-05-16 17:46:41,45.7274393,21.254746,30.77,complex_giroc,bus,1,synthetic_gps
2026-05-16 17:46:42,45.7274041,21.2547861,22.77,complex_giroc,bus,1,synthetic_gps
2026-05-16 17:46:43,45.7274091,21.2547687,25.45,complex_giroc,bus,1,synthetic_gps
2026-05-16 17:46:44,45.7274035,21.2548736,26.93,complex_giroc,bus,1,synthetic_gps
2026-05-16 17:46:45,45.7273258,21.2548516,34.53,complex_giroc,bus,1,synthetic_gps
2026-05-16 17:46:46,45.7274209,21.2548325,26.53,complex_giroc,bus,1,synthetic_gps
2026-05-16 17:46:47,45.7273342,21.2549568,18.53,complex_giroc,bus,1,synthetic_gps
2026-05-16 17:46:48,45.7272817,21.254801,22.06,complex_giroc,bus,1,synthetic_gps
2026-05-16 17:46:49,45.7272896,21.2548509,30.06,complex_giroc,bus,1,synthetic_gps
2026-05-16 17:46:50,45.727444,21.2548958,23.4,complex_giroc,bus,1,synthetic_gps
2026-05-16 17:46:51,45.7273494,21.2549139,17.98,complex_giroc,bus,1,synthetic_gps
2026-05-16 17:46:52,45.7273067,21.2549142,25.98,complex_giroc,bus,1,synthetic_gps
2026-05-16 17:46:53,45.7272648,21.2549185,17.98,complex_giroc,bus,1,synthetic_gps
2026-05-16 17:46:54,45.727303,21.2548917,17.3,complex_giroc,bus,1,synthetic_gps
2026-05-16 17:46:55,45.7273095,21.2550146,25.3,complex_giroc,bus,1,synthetic_gps
2026-05-16 17:46:56,45.7271993,21.2549742,33.3,complex_giroc,bus,1,synthetic_gps
2026-05-16 17:46:57,45.7271411,21.254952,27.22,complex_giroc,bus,1,synthetic_gps
2026-05-16 17:46:58,45.7272152,21.2549289,33.48,complex_giroc,bus,1,synthetic_gps
2026-05-16 17:46:59,45.7273109,21.2548576,25.48,complex_giroc,bus,1,synthetic_gps
2026-05-16 17:47:00,45.7272337,21.2549816,26.75,complex_giroc,bus,1,synthetic_gps
2026-05-16 17:47:01,45.7271719,21.2549866,18.75,complex_giroc,bus,1,synthetic_gps
2026-05-16 17:47:02,45.7271722,21.2550713,15.78,complex_giroc,bus,1,synthetic_gps
2026-05-16 17:47:03,45.7271625,21.2549269,23.78,complex_giroc,bus,1,synthetic_gps
2026-05-16 17:47:04,45.727151,21.255005,26.44,complex_giroc,bus,1,synthetic_gps
2026-05-16 17:47:05,45.7271302,21.2549086,23.26,complex_giroc,bus,1,synthetic_gps
2026-05-16 17:47:06,45.7270323,21.2550671,20.25,complex_giroc,bus,1,synthetic_gps
2026-05-16 17:47:07,45.7270691,21.2550458,28.25,complex_giroc,bus,1,synthetic_gps
2026-05-16 17:47:08,45.7271044,21.2550283,31.42,complex_giroc,bus,1,synthetic_gps
2026-05-16 17:47:09,45.7269717,21.2551155,36.42,complex_giroc,bus,1,synthetic_gps
2026-05-16 17:47:10,45.7271554,21.2551349,28.42,complex_giroc,bus,1,synthetic_gps
2026-05-16 17:47:11,45.7270425,21.2550927,31.19,complex_giroc,bus,1,synthetic_gps
2026-05-16 17:47:12,45.726968,21.2551134,28.63,complex_giroc,bus,1,synthetic_gps
2026-05-16 17:47:13,45.7270963,21.2550961,36.63,complex_giroc,bus,1,synthetic_gps
2026-05-16 17:47:14,45.7269039,21.2551634,28.63,complex_giroc,bus,1,synthetic_gps
2026-05-16 17:47:15,45.7270269,21.2551,32.18,complex_giroc,bus,1,synthetic_gps
2026-05-16 17:47:16,45.7270118,21.2550941,24.18,complex_giroc,bus,1,synthetic_gps
2026-05-16 17:47:17,45.7269716,21.2551933,16.18,complex_giroc,bus,1,synthetic_gps
2026-05-16 17:47:18,45.7269362,21.2551727,20.09,complex_giroc,bus,1,synthetic_gps
2026-05-16 17:47:19,45.7269822,21.2551869,25.7,complex_giroc,bus,1,synthetic_gps
2026-05-16 17:47:20,45.7269282,21.2551568,27.41,complex_giroc,bus,1,synthetic_gps
2026-05-16 17:47:21,45.7269262,21.2551438,22.65,complex_giroc,bus,1,synthetic_gps
2026-05-16 17:47:22,45.7268567,21.2552058,14.65,complex_giroc,bus,1,synthetic_gps
2026-05-16 17:47:23,45.7268964,21.255163,22.65,complex_giroc,bus,1,synthetic_gps
2026-05-16 17:47:24,45.7268028,21.2552636,26.84,complex_giroc,bus,1,synthetic_gps
2026-05-16 17:47:25,45.7268734,21.2552426,34.84,complex_giroc,bus,1,synthetic_gps
2026-05-16 17:47:26,45.726902,21.2552818,41.48,complex_giroc,bus,1,synthetic_gps
2026-05-16 17:47:27,45.726826,21.2552356,33.48,complex_giroc,bus,1,synthetic_gps
2026-05-16 17:47:28,45.7268757,21.2553565,25.48,complex_giroc,bus,1,synthetic_gps
2026-05-16 17:47:29,45.7268078,21.2552358,17.48,complex_giroc,bus,1,synthetic_gps
2026-05-16 17:47:30,45.7268646,21.2552753,9.48,complex_giroc,bus,1,synthetic_gps
2026-05-16 17:47:31,45.7267534,21.2552585,1.48,complex_giroc,bus,1,synthetic_gps
2026-05-16 17:47:32,45.726807,21.2552608,1.21,complex_giroc,bus,1,synthetic_gps
2026-05-16 17:47:33,45.7267536,21.2552812,0.36,complex_giroc,bus,1,synthetic_gps
2026-05-16 17:47:34,45.7267011,21.2553255,0.64,complex_giroc,bus,1,synthetic_gps
2026-05-16 17:47:35,45.7267682,21.2553843,2.18,complex_giroc,bus,1,synthetic_gps
2026-05-16 17:47:36,45.7267248,21.2553163,1.83,complex_giroc,bus,1,synthetic_gps
2026-05-16 17:47:37,45.7266469,21.2553334,0.05,complex_giroc,bus,1,synthetic_gps
2026-05-16 17:47:38,45.7266607,21.2553911,1.8,complex_giroc,bus,1,synthetic_gps
2026-05-16 17:47:39,45.7266202,21.255353,1.62,complex_giroc,bus,1,synthetic_gps
2026-05-16 17:47:40,45.7266113,21.2553463,0.49,complex_giroc,bus,1,synthetic_gps
2026-05-16 17:47:41,45.7266681,21.2553676,0.58,complex_giroc,bus,1,synthetic_gps
2026-05-16 17:47:42,45.7265673,21.2554068,1.15,complex_giroc,bus,1,synthetic_gps
2026-05-16 17:47:43,45.7265066,21.2554817,0.29,complex_giroc,bus,1,synthetic_gps
2026-05-16 17:47:44,45.7266318,21.2554654,0.14,complex_giroc,bus,1,synthetic_gps
2026-05-16 17:47:45,45.7265918,21.2554616,1.07,complex_giroc,bus,1,synthetic_gps
2026-05-16 17:47:46,45.7266051,21.2554826,1.89,complex_giroc,bus,1,synthetic_gps
2026-05-16 17:47:47,45.726593,21.2554275,0.96,complex_giroc,bus,1,synthetic_gps
2026-05-16 17:47:48,45.7264736,21.2555392,1.5,complex_giroc,bus,1,synthetic_gps
2026-05-16 17:47:49,45.7264069,21.2553956,0.16,complex_giroc,bus,1,synthetic_gps
2026-05-16 17:47:50,45.7266032,21.2554359,8.16,complex_giroc,bus,1,synthetic_gps
2026-05-16 17:47:51,45.7265055,21.2554822,16.16,complex_giroc,bus,1,synthetic_gps
2026-05-16 17:47:52,45.726513,21.2555147,24.16,complex_giroc,bus,1,synthetic_gps
2026-05-16 17:47:53,45.7264752,21.2554955,25.5,complex_giroc,bus,1,synthetic_gps
2026-05-16 17:47:54,45.7264922,21.2554614,31.82,complex_giroc,bus,1,synthetic_gps
2026-05-16 17:47:55,45.7264485,21.2555086,23.82,complex_giroc,bus,1,synthetic_gps
2026-05-16 17:47:56,45.7265751,21.2555363,25.28,complex_giroc,bus,1,synthetic_gps
2026-05-16 17:47:57,45.7264386,21.2556268,17.28,complex_giroc,bus,1,synthetic_gps
2026-05-16 17:47:58,45.7263819,21.2555107,9.89,complex_giroc,bus,1,synthetic_gps
2026-05-16 17:47:59,45.7263945,21.2555893,17.89,complex_giroc,bus,1,synthetic_gps
2026-05-16 17:48:00,45.7263529,21.2555996,25.89,complex_giroc,bus,1,synthetic_gps
2026-05-16 17:48:01,45.7263878,21.255501,19.03,complex_giroc,bus,1,synthetic_gps
2026-05-16 17:48:02,45.726361,21.2555228,25.14,complex_giroc,bus,1,synthetic_gps
2026-05-16 17:48:03,45.7262861,21.2555638,22.89,complex_giroc,bus,1,synthetic_gps
2026-05-16 17:48:04,45.7263554,21.2556513,16.95,complex_giroc,bus,1,synthetic_gps
2026-05-16 17:48:05,45.7263296,21.2556347,24.95,complex_giroc,bus,1,synthetic_gps
2026-05-16 17:48:06,45.7263728,21.2556942,32.95,complex_giroc,bus,1,synthetic_gps
2026-05-16 17:48:07,45.7262394,21.2556258,24.95,complex_giroc,bus,1,synthetic_gps
2026-05-16 17:48:08,45.7262797,21.2557435,27.42,complex_giroc,bus,1,synthetic_gps
2026-05-16 17:48:09,45.7262498,21.2556275,29.48,complex_giroc,bus,1,synthetic_gps
2026-05-16 17:48:10,45.7262731,21.2556246,25.49,complex_giroc,bus,1,synthetic_gps
2026-05-16 17:48:11,45.7262417,21.2556913,17.49,complex_giroc,bus,1,synthetic_gps
2026-05-16 17:48:12,45.7262605,21.2556369,9.49,complex_giroc,bus,1,synthetic_gps
2026-05-16 17:48:13,45.7262048,21.2556649,17.49,complex_giroc,bus,1,synthetic_gps
2026-05-16 17:48:14,45.7261548,21.2557952,25.49,complex_giroc,bus,1,synthetic_gps
2026-05-16 17:48:15,45.726233,21.255676,32.46,complex_giroc,bus,1,synthetic_gps
2026-05-16 17:48:16,45.7262604,21.2558171,24.46,complex_giroc,bus,1,synthetic_gps
2026-05-16 17:48:17,45.7261749,21.2557626,18.89,complex_giroc,bus,1,synthetic_gps
2026-05-16 17:48:18,45.7262057,21.2557657,12.42,complex_giroc,bus,1,synthetic_gps
2026-05-16 17:48:19,45.7260741,21.2557919,20.42,complex_giroc,bus,1,synthetic_gps
2026-05-16 17:48:20,45.7261414,21.2558623,28.42,complex_giroc,bus,1,synthetic_gps
2026-05-16 17:48:21,45.7261526,21.2557082,30.24,complex_giroc,bus,1,synthetic_gps
2026-05-16 17:48:22,45.7260555,21.2557929,22.24,complex_giroc,bus,1,synthetic_gps
2026-05-16 17:48:23,45.7261328,21.2557987,28.84,complex_giroc,bus,1,synthetic_gps
2026-05-16 17:48:24,45.7260265,21.2557965,30.76,complex_giroc,bus,1,synthetic_gps
2026-05-16 17:48:25,45.7260783,21.255896,22.76,complex_giroc,bus,1,synthetic_gps
2026-05-16 17:48:26,45.7260473,21.2557534,30.76,complex_giroc,bus,1,synthetic_gps
2026-05-16 17:48:27,45.7260632,21.2557987,27.93,complex_giroc,bus,1,synthetic_gps
2026-05-16 17:48:28,45.7260127,21.2558638,19.93,complex_giroc,bus,1,synthetic_gps
2026-05-16 17:48:29,45.7260489,21.2558269,27.93,complex_giroc,bus,1,synthetic_gps
2026-05-16 17:48:30,45.7260433,21.2559345,19.93,complex_giroc,bus,1,synthetic_gps
2026-05-16 17:48:31,45.7259663,21.2558667,27.93,complex_giroc,bus,1,synthetic_gps
2026-05-16 17:48:32,45.7259628,21.2558876,28.88,complex_giroc,bus,1,synthetic_gps
2026-05-16 17:48:33,45.7259364,21.2559988,20.88,complex_giroc,bus,1,synthetic_gps
2026-05-16 17:48:34,45.725956,21.2559203,12.88,complex_giroc,bus,1,synthetic_gps
2026-05-16 17:48:35,45.725877,21.255906,20.88,complex_giroc,bus,1,synthetic_gps
2026-05-16 17:48:36,45.7258796,21.2559038,28.88,complex_giroc,bus,1,synthetic_gps
2026-05-16 17:48:37,45.7258841,21.2559321,20.88,complex_giroc,bus,1,synthetic_gps
2026-05-16 17:48:38,45.7259119,21.2559745,12.88,complex_giroc,bus,1,synthetic_gps
2026-05-16 17:48:39,45.7258193,21.2559708,20.88,complex_giroc,bus,1,synthetic_gps
2026-05-16 17:48:40,45.7258811,21.25592,12.88,complex_giroc,bus,1,synthetic_gps
2026-05-16 17:48:41,45.7258278,21.2559232,20.88,complex_giroc,bus,1,synthetic_gps
2026-05-16 17:48:42,45.7258095,21.2560587,13.91,complex_giroc,bus,1,synthetic_gps
2026-05-16 17:48:43,45.7258434,21.2560538,20.37,complex_giroc,bus,1,synthetic_gps
2026-05-16 17:48:44,45.725792,21.2559314,28.37,complex_giroc,bus,1,synthetic_gps
2026-05-16 17:48:45,45.7257636,21.2559973,34.27,complex_giroc,bus,1,synthetic_gps
2026-05-16 17:48:46,45.725751,21.256075,26.27,complex_giroc,bus,1,synthetic_gps
2026-05-16 17:48:47,45.7258051,21.2560409,23.52,complex_giroc,bus,1,synthetic_gps
2026-05-16 17:48:48,45.7257438,21.2560673,29.84,complex_giroc,bus,1,synthetic_gps
2026-05-16 17:48:49,45.725792,21.256063,33.35,complex_giroc,bus,1,synthetic_gps
2026-05-16 17:48:50,45.7256703,21.2561162,25.35,complex_giroc,bus,1,synthetic_gps
2026-05-16 17:48:51,45.7257498,21.2561484,33.35,complex_giroc,bus,1,synthetic_gps
2026-05-16 17:48:52,45.725657,21.2561719,30.25,complex_giroc,bus,1,synthetic_gps
2026-05-16 17:48:53,45.7256975,21.2560969,22.25,complex_giroc,bus,1,synthetic_gps
2026-05-16 17:48:54,45.7256882,21.2561298,26.62,complex_giroc,bus,1,synthetic_gps
2026-05-16 17:48:55,45.725688,21.2561125,28.2,complex_giroc,bus,1,synthetic_gps
2026-05-16 17:48:56,45.7256481,21.2560983,20.2,complex_giroc,bus,1,synthetic_gps
2026-05-16 17:48:57,45.7255987,21.2562093,12.27,complex_giroc,bus,1,synthetic_gps
2026-05-16 17:48:58,45.725642,21.2561545,9.04,complex_giroc,bus,1,synthetic_gps
2026-05-16 17:48:59,45.7255864,21.2561806,9.85,complex_giroc,bus,1,synthetic_gps
2026-05-16 17:49:00,45.7255676,21.2561929,17.85,complex_giroc,bus,1,synthetic_gps
2026-05-16 17:49:01,45.7255595,21.2561256,25.85,complex_giroc,bus,1,synthetic_gps
2026-05-16 17:49:02,45.7256277,21.256161,32.18,complex_giroc,bus,1,synthetic_gps
2026-05-16 17:49:03,45.7255566,21.2562058,30.52,complex_giroc,bus,1,synthetic_gps
2026-05-16 17:49:04,45.7255586,21.2562764,38.52,complex_giroc,bus,1,synthetic_gps
2026-05-16 17:49:05,45.7255521,21.2561444,30.52,complex_giroc,bus,1,synthetic_gps
2026-05-16 17:49:06,45.7255058,21.2562376,22.52,complex_giroc,bus,1,synthetic_gps
2026-05-16 17:49:07,45.725529,21.256317,14.52,complex_giroc,bus,1,synthetic_gps
2026-05-16 17:49:08,45.7254413,21.2562887,22.52,complex_giroc,bus,1,synthetic_gps
2026-05-16 17:49:09,45.7254561,21.2562233,27.59,complex_giroc,bus,1,synthetic_gps
2026-05-16 17:49:10,45.7254337,21.2562632,19.59,complex_giroc,bus,1,synthetic_gps
2026-05-16 17:49:11,45.7254602,21.2563592,27.59,complex_giroc,bus,1,synthetic_gps
2026-05-16 17:49:12,45.7255156,21.2562967,35.59,complex_giroc,bus,1,synthetic_gps
2026-05-16 17:49:13,45.7254929,21.2563675,27.59,complex_giroc,bus,1,synthetic_gps
2026-05-16 17:49:14,45.725407,21.2563607,34.34,complex_giroc,bus,1,synthetic_gps
2026-05-16 17:49:15,45.7253679,21.2563358,26.34,complex_giroc,bus,1,synthetic_gps
2026-05-16 17:49:16,45.7254464,21.2563054,32.36,complex_giroc,bus,1,synthetic_gps
2026-05-16 17:49:17,45.7254201,21.2563319,24.36,complex_giroc,bus,1,synthetic_gps
2026-05-16 17:49:18,45.7254151,21.2563338,18.09,complex_giroc,bus,1,synthetic_gps
2026-05-16 17:49:19,45.7252885,21.2564015,17.64,complex_giroc,bus,1,synthetic_gps
2026-05-16 17:49:20,45.7253321,21.2564436,25.64,complex_giroc,bus,1,synthetic_gps
2026-05-16 17:49:21,45.7252806,21.256424,22.26,complex_giroc,bus,1,synthetic_gps
2026-05-16 17:49:22,45.725263,21.2563498,30.26,complex_giroc,bus,1,synthetic_gps
2026-05-16 17:49:23,45.7253422,21.2563226,36.35,complex_giroc,bus,1,synthetic_gps
2026-05-16 17:49:24,45.7253781,21.2563563,28.35,complex_giroc,bus,1,synthetic_gps
2026-05-16 17:49:25,45.7252506,21.2564212,29.12,complex_giroc,bus,1,synthetic_gps
2026-05-16 17:49:26,45.7252177,21.2564544,32.4,complex_giroc,bus,1,synthetic_gps
2026-05-16 17:49:27,45.7252801,21.2563958,40.4,complex_giroc,bus,1,synthetic_gps
2026-05-16 17:49:28,45.7251661,21.2564262,32.4,complex_giroc,bus,1,synthetic_gps
2026-05-16 17:49:29,45.7252949,21.2565006,24.89,complex_giroc,bus,1,synthetic_gps
2026-05-16 17:49:30,45.7252449,21.2565097,32.89,complex_giroc,bus,1,synthetic_gps
2026-05-16 17:49:31,45.7251661,21.256505,24.89,complex_giroc,bus,1,synthetic_gps
2026-05-16 17:49:32,45.7251509,21.2565652,26.44,complex_giroc,bus,1,synthetic_gps
2026-05-16 17:49:33,45.7251664,21.2564206,27.07,complex_giroc,bus,1,synthetic_gps
2026-05-16 17:49:34,45.7251572,21.2565443,28.95,complex_giroc,bus,1,synthetic_gps
2026-05-16 17:49:35,45.7251773,21.2565766,20.95,complex_giroc,bus,1,synthetic_gps
2026-05-16 17:49:36,45.7250965,21.2564796,27.46,complex_giroc,bus,1,synthetic_gps
2026-05-16 17:49:37,45.7251613,21.2565087,19.47,complex_giroc,bus,1,synthetic_gps
2026-05-16 17:49:38,45.7251043,21.2565812,16.8,complex_giroc,bus,1,synthetic_gps
2026-05-16 17:49:39,45.7250995,21.2566125,24.53,complex_giroc,bus,1,synthetic_gps
2026-05-16 17:49:40,45.7250975,21.2565802,16.9,complex_giroc,bus,1,synthetic_gps
2026-05-16 17:49:41,45.7250785,21.2565791,17.93,complex_giroc,bus,1,synthetic_gps
2026-05-16 17:49:42,45.7250625,21.2565556,24.53,complex_giroc,bus,1,synthetic_gps
2026-05-16 17:49:43,45.7250365,21.2566531,28.78,complex_giroc,bus,1,synthetic_gps
2026-05-16 17:49:44,45.7250474,21.2565441,20.78,complex_giroc,bus,1,synthetic_gps
2026-05-16 17:49:45,45.7250185,21.2566314,12.78,complex_giroc,bus,1,synthetic_gps
2026-05-16 17:49:46,45.7250397,21.2565909,20.78,complex_giroc,bus,1,synthetic_gps
2026-05-16 17:49:47,45.725058,21.25666,20.79,complex_giroc,bus,1,synthetic_gps
2026-05-16 17:49:48,45.7249719,21.2566018,23.1,complex_giroc,bus,1,synthetic_gps
2026-05-16 17:49:49,45.7249745,21.2566108,26.44,complex_giroc,bus,1,synthetic_gps
2026-05-16 17:49:50,45.7249066,21.2566814,22.64,complex_giroc,bus,1,synthetic_gps
2026-05-16 17:49:51,45.7248894,21.2567128,18.08,complex_giroc,bus,1,synthetic_gps
2026-05-16 17:49:52,45.7248017,21.2566592,26.08,complex_giroc,bus,1,synthetic_gps
2026-05-16 17:49:53,45.724883,21.2567125,21.17,complex_giroc,bus,1,synthetic_gps
2026-05-16 17:49:54,45.724955,21.2566862,28.62,complex_giroc,bus,1,synthetic_gps
2026-05-16 17:49:55,45.7249006,21.2567504,36.29,complex_giroc,bus,1,synthetic_gps
2026-05-16 17:49:56,45.7248705,21.2567983,28.29,complex_giroc,bus,1,synthetic_gps
2026-05-16 17:49:57,45.7248398,21.2567152,20.29,complex_giroc,bus,1,synthetic_gps
2026-05-16 17:49:58,45.7248662,21.2567647,28.29,complex_giroc,bus,1,synthetic_gps
2026-05-16 17:49:59,45.7248719,21.2566816,20.29,complex_giroc,bus,1,synthetic_gps
2026-05-16 17:50:00,45.724818,21.2568135,12.29,complex_giroc,bus,1,synthetic_gps
2026-05-16 17:50:01,45.7247576,21.2567084,4.29,complex_giroc,bus,1,synthetic_gps
2026-05-16 17:50:02,45.7248272,21.2568034,0.92,complex_giroc,bus,1,synthetic_gps
2026-05-16 17:50:03,45.7247476,21.2567737,1.94,complex_giroc,bus,1,synthetic_gps
2026-05-16 17:50:04,45.7247462,21.2567062,1.62,complex_giroc,bus,1,synthetic_gps
2026-05-16 17:50:05,45.7247707,21.2567799,1.19,complex_giroc,bus,1,synthetic_gps
2026-05-16 17:50:06,45.7247693,21.2568047,0.88,complex_giroc,bus,1,synthetic_gps
2026-05-16 17:50:07,45.7247475,21.2566976,1.22,complex_giroc,bus,1,synthetic_gps
2026-05-16 17:50:08,45.72473,21.256834,2.04,complex_giroc,bus,1,synthetic_gps
2026-05-16 17:50:09,45.7247385,21.2568694,1.13,complex_giroc,bus,1,synthetic_gps
2026-05-16 17:50:10,45.7246986,21.2568617,0.1,complex_giroc,bus,1,synthetic_gps
2026-05-16 17:50:11,45.7248088,21.2568791,0.46,complex_giroc,bus,1,synthetic_gps
2026-05-16 17:50:12,45.7245899,21.2569578,1.31,complex_giroc,bus,1,synthetic_gps
2026-05-16 17:50:13,45.7246321,21.2568576,0.32,complex_giroc,bus,1,synthetic_gps
2026-05-16 17:50:14,45.7245996,21.2568059,0.84,complex_giroc,bus,1,synthetic_gps
2026-05-16 17:50:15,45.7246623,21.2568969,0.53,complex_giroc,bus,1,synthetic_gps
2026-05-16 17:50:16,45.7246276,21.2569472,0.0,complex_giroc,bus,1,synthetic_gps
2026-05-16 17:50:17,45.7246252,21.256913,0.88,complex_giroc,bus,1,synthetic_gps
2026-05-16 17:50:18,45.7245933,21.2570332,0.67,complex_giroc,bus,1,synthetic_gps
2026-05-16 17:50:19,45.724479,21.2568821,0.98,complex_giroc,bus,1,synthetic_gps
2026-05-16 17:50:20,45.7245301,21.2569926,8.98,complex_giroc,bus,1,synthetic_gps
2026-05-16 17:50:21,45.7246017,21.2569375,16.98,complex_giroc,bus,1,synthetic_gps
2026-05-16 17:50:22,45.7245414,21.2569981,24.98,complex_giroc,bus,1,synthetic_gps
2026-05-16 17:50:23,45.7244611,21.257004,32.98,complex_giroc,bus,1,synthetic_gps
2026-05-16 17:50:24,45.7244384,21.2570814,24.98,complex_giroc,bus,1,synthetic_gps
2026-05-16 17:50:25,45.7244464,21.2570342,17.87,complex_giroc,bus,1,synthetic_gps
2026-05-16 17:50:26,45.7244753,21.2570123,25.87,complex_giroc,bus,1,synthetic_gps
2026-05-16 17:50:27,45.7244474,21.2569809,24.16,complex_giroc,bus,1,synthetic_gps
2026-05-16 17:50:28,45.7244983,21.2570319,32.16,complex_giroc,bus,1,synthetic_gps
2026-05-16 17:50:29,45.7243926,21.2569816,24.16,complex_giroc,bus,1,synthetic_gps
2026-05-16 17:50:30,45.7244302,21.257034,27.98,complex_giroc,bus,1,synthetic_gps
2026-05-16 17:50:31,45.7244106,21.2570096,19.98,complex_giroc,bus,1,synthetic_gps
2026-05-16 17:50:32,45.724394,21.2570248,14.93,complex_giroc,bus,1,synthetic_gps
2026-05-16 17:50:33,45.7243789,21.257148,22.93,complex_giroc,bus,1,synthetic_gps
2026-05-16 17:50:34,45.7243602,21.257116,23.8,complex_giroc,bus,1,synthetic_gps
2026-05-16 17:50:35,45.7244034,21.2570869,22.14,complex_giroc,bus,1,synthetic_gps
2026-05-16 17:50:36,45.7243739,21.2571428,17.59,complex_giroc,bus,1,synthetic_gps
2026-05-16 17:50:37,45.7243839,21.257064,25.59,complex_giroc,bus,1,synthetic_gps
2026-05-16 17:50:38,45.724358,21.2570571,30.42,complex_giroc,bus,1,synthetic_gps
2026-05-16 17:50:39,45.7243399,21.257132,29.9,complex_giroc,bus,1,synthetic_gps
2026-05-16 17:50:40,45.7243071,21.2571624,37.81,complex_giroc,bus,1,synthetic_gps
2026-05-16 17:50:41,45.7242277,21.2571084,29.81,complex_giroc,bus,1,synthetic_gps
2026-05-16 17:50:42,45.7242656,21.2570999,30.49,complex_giroc,bus,1,synthetic_gps
2026-05-16 17:50:43,45.7243379,21.2571755,22.49,complex_giroc,bus,1,synthetic_gps
2026-05-16 17:50:44,45.7242859,21.2571469,27.12,complex_giroc,bus,1,synthetic_gps
2026-05-16 17:50:45,45.7242411,21.2571791,25.31,complex_giroc,bus,1,synthetic_gps
2026-05-16 17:50:46,45.7243097,21.2571558,31.9,complex_giroc,bus,1,synthetic_gps
2026-05-16 17:50:47,45.7241397,21.2571988,23.9,complex_giroc,bus,1,synthetic_gps
2026-05-16 17:50:48,45.7242191,21.257073,17.41,complex_giroc,bus,1,synthetic_gps
2026-05-16 17:50:49,45.7241558,21.2572055,9.41,complex_giroc,bus,1,synthetic_gps
2026-05-16 17:50:50,45.724261,21.2572111,14.0,complex_giroc,bus,1,synthetic_gps
2026-05-16 17:50:51,45.7241961,21.2572495,6.0,complex_giroc,bus,1,synthetic_gps
2026-05-16 17:50:52,45.7241341,21.2572059,14.0,complex_giroc,bus,1,synthetic_gps
2026-05-16 17:50:53,45.7241303,21.2572393,22.0,complex_giroc,bus,1,synthetic_gps
2026-05-16 17:50:54,45.7240998,21.2572429,17.57,complex_giroc,bus,1,synthetic_gps
2026-05-16 17:50:55,45.7241918,21.2572348,25.57,complex_giroc,bus,1,synthetic_gps
2026-05-16 17:50:56,45.7242086,21.2572982,18.88,complex_giroc,bus,1,synthetic_gps
2026-05-16 17:50:57,45.724101,21.257233,11.7,complex_giroc,bus,1,synthetic_gps
2026-05-16 17:50:58,45.7241136,21.2572846,19.43,complex_giroc,bus,1,synthetic_gps
2026-05-16 17:50:59,45.7240689,21.2572668,27.43,complex_giroc,bus,1,synthetic_gps
2026-05-16 17:51:00,45.7240463,21.2572669,33.16,complex_giroc,bus,1,synthetic_gps
2026-05-16 17:51:01,45.7240075,21.2572762,25.16,complex_giroc,bus,1,synthetic_gps
2026-05-16 17:51:02,45.7240443,21.257296,25.07,complex_giroc,bus,1,synthetic_gps
2026-05-16 17:51:03,45.7240197,21.2572243,33.07,complex_giroc,bus,1,synthetic_gps
2026-05-16 17:51:04,45.7239697,21.2572742,25.07,complex_giroc,bus,1,synthetic_gps
2026-05-16 17:51:05,45.7239932,21.2573097,33.07,complex_giroc,bus,1,synthetic_gps
2026-05-16 17:51:06,45.7239746,21.2572636,25.07,complex_giroc,bus,1,synthetic_gps
2026-05-16 17:51:07,45.7240136,21.2572879,25.09,complex_giroc,bus,1,synthetic_gps
2026-05-16 17:51:08,45.7240096,21.2572888,26.71,complex_giroc,bus,1,synthetic_gps
2026-05-16 17:51:09,45.7239965,21.2572913,34.71,complex_giroc,bus,1,synthetic_gps
2026-05-16 17:51:10,45.7239204,21.2573724,33.71,complex_giroc,bus,1,synthetic_gps
2026-05-16 17:51:11,45.7240205,21.2574064,25.71,complex_giroc,bus,1,synthetic_gps
2026-05-16 17:51:12,45.7239489,21.2572923,24.59,complex_giroc,bus,1,synthetic_gps
2026-05-16 17:51:13,45.7239162,21.257387,32.59,complex_giroc,bus,1,synthetic_gps
2026-05-16 17:51:14,45.7239159,21.2574149,30.84,complex_giroc,bus,1,synthetic_gps
2026-05-16 17:51:15,45.7238883,21.2574497,22.84,complex_giroc,bus,1,synthetic_gps
2026-05-16 17:51:16,45.723875,21.2573507,30.84,complex_giroc,bus,1,synthetic_gps
2026-05-16 17:51:17,45.7239149,21.2574399,38.84,complex_giroc,bus,1,synthetic_gps
2026-05-16 17:51:18,45.7239346,21.2574119,39.16,complex_giroc,bus,1,synthetic_gps
2026-05-16 17:51:19,45.7238001,21.2573391,31.16,complex_giroc,bus,1,synthetic_gps
2026-05-16 17:51:20,45.7237749,21.2574586,39.16,complex_giroc,bus,1,synthetic_gps
2026-05-16 17:51:21,45.7238493,21.2574283,31.35,complex_giroc,bus,1,synthetic_gps
2026-05-16 17:51:22,45.7237975,21.257529,34.41,complex_giroc,bus,1,synthetic_gps
2026-05-16 17:51:23,45.7237457,21.2573799,41.87,complex_giroc,bus,1,synthetic_gps
2026-05-16 17:51:24,45.7237453,21.2574618,33.87,complex_giroc,bus,1,synthetic_gps
2026-05-16 17:51:25,45.7238283,21.257439,25.87,complex_giroc,bus,1,synthetic_gps
2026-05-16 17:51:26,45.7236988,21.2574549,32.05,complex_giroc,bus,1,synthetic_gps
2026-05-16 17:51:27,45.7237106,21.2574743,26.75,complex_giroc,bus,1,synthetic_gps
2026-05-16 17:51:28,45.7237431,21.2574596,18.75,complex_giroc,bus,1,synthetic_gps
2026-05-16 17:51:29,45.7236738,21.2575309,10.75,complex_giroc,bus,1,synthetic_gps
2026-05-16 17:51:30,45.7236721,21.2575494,18.75,complex_giroc,bus,1,synthetic_gps
2026-05-16 17:51:31,45.7236293,21.2575041,10.86,complex_giroc,bus,1,synthetic_gps
2026-05-16 17:51:32,45.7236532,21.2575701,18.86,complex_giroc,bus,1,synthetic_gps
2026-05-16 17:51:33,45.7236263,21.2575445,26.86,complex_giroc,bus,1,synthetic_gps
2026-05-16 17:51:34,45.7236053,21.2575717,34.86,complex_giroc,bus,1,synthetic_gps
2026-05-16 17:51:35,45.7237337,21.2575275,26.86,complex_giroc,bus,1,synthetic_gps
2026-05-16 17:51:36,45.7236136,21.2576304,27.9,complex_giroc,bus,1,synthetic_gps
2026-05-16 17:51:37,45.7235389,21.2576075,19.9,complex_giroc,bus,1,synthetic_gps
2026-05-16 17:51:38,45.7236043,21.2575132,25.46,complex_giroc,bus,1,synthetic_gps
2026-05-16 17:51:39,45.7235909,21.25765,33.38,complex_giroc,bus,1,synthetic_gps
2026-05-16 17:51:40,45.7236526,21.2576273,31.42,complex_giroc,bus,1,synthetic_gps
2026-05-16 17:51:41,45.7236525,21.2576625,26.43,complex_giroc,bus,1,synthetic_gps
2026-05-16 17:51:42,45.7235433,21.2575687,18.43,complex_giroc,bus,1,synthetic_gps
2026-05-16 17:51:43,45.7235669,21.2576006,11.65,complex_giroc,bus,1,synthetic_gps
2026-05-16 17:51:44,45.7235712,21.2576323,19.65,complex_giroc,bus,1,synthetic_gps
2026-05-16 17:51:45,45.7235537,21.2576323,27.65,complex_giroc,bus,1,synthetic_gps
2026-05-16 17:51:46,45.7234966,21.2575779,35.65,complex_giroc,bus,1,synthetic_gps
2026-05-16 17:51:47,45.7235189,21.2577104,31.73,complex_giroc,bus,1,synthetic_gps
2026-05-16 17:51:48,45.7234816,21.2577285,23.73,complex_giroc,bus,1,synthetic_gps
2026-05-16 17:51:49,45.7234998,21.2576395,31.73,complex_giroc,bus,1,synthetic_gps
2026-05-16 17:51:50,45.7234625,21.2576773,24.34,complex_giroc,bus,1,synthetic_gps
2026-05-16 17:51:51,45.7234347,21.2576348,18.65,complex_giroc,bus,1,synthetic_gps
2026-05-16 17:51:52,45.7234878,21.2576688,26.65,complex_giroc,bus,1,synthetic_gps
2026-05-16 17:51:53,45.7234289,21.2576444,18.65,complex_giroc,bus,1,synthetic_gps
2026-05-16 17:51:54,45.7235178,21.257753,12.77,complex_giroc,bus,1,synthetic_gps
2026-05-16 17:51:55,45.7233846,21.2577202,20.77,complex_giroc,bus,1,synthetic_gps
2026-05-16 17:51:56,45.723378,21.2576511,28.77,complex_giroc,bus,1,synthetic_gps
2026-05-16 17:51:57,45.7233847,21.2577718,28.47,complex_giroc,bus,1,synthetic_gps
2026-05-16 17:51:58,45.7233046,21.2576613,24.34,complex_giroc,bus,1,synthetic_gps
2026-05-16 17:51:59,45.7233085,21.2576959,20.76,complex_giroc,bus,1,synthetic_gps
2026-05-16 17:52:00,45.7233207,21.2577959,12.76,complex_giroc,bus,1,synthetic_gps
2026-05-16 17:52:01,45.7232775,21.25767,20.76,complex_giroc,bus,1,synthetic_gps
2026-05-16 17:52:02,45.723317,21.2577548,28.76,complex_giroc,bus,1,synthetic_gps
2026-05-16 17:52:03,45.723313,21.2578164,27.21,complex_giroc,bus,1,synthetic_gps
2026-05-16 17:52:04,45.7233525,21.257831,19.21,complex_giroc,bus,1,synthetic_gps
2026-05-16 17:52:05,45.7232292,21.2577598,27.21,complex_giroc,bus,1,synthetic_gps
2026-05-16 17:52:06,45.7233098,21.25773,28.07,complex_giroc,bus,1,synthetic_gps
2026-05-16 17:52:07,45.7232409,21.2578449,29.49,complex_giroc,bus,1,synthetic_gps
2026-05-16 17:52:08,45.7232447,21.2577827,21.49,complex_giroc,bus,1,synthetic_gps
2026-05-16 17:52:09,45.7232162,21.2578091,21.98,complex_giroc,bus,1,synthetic_gps
2026-05-16 17:52:10,45.7232652,21.2577958,29.35,complex_giroc,bus,1,synthetic_gps
2026-05-16 17:52:11,45.7231737,21.2578096,35.27,complex_giroc,bus,1,synthetic_gps
2026-05-16 17:52:12,45.7231323,21.257853,27.27,complex_giroc,bus,1,synthetic_gps
2026-05-16 17:52:13,45.7232262,21.2578631,27.47,complex_giroc,bus,1,synthetic_gps
2026-05-16 17:52:14,45.723126,21.2578066,22.82,complex_giroc,bus,1,synthetic_gps
2026-05-16 17:52:15,45.7231636,21.2577652,27.34,complex_giroc,bus,1,synthetic_gps
2026-05-16 17:52:16,45.7231412,21.2578621,20.52,complex_giroc,bus,1,synthetic_gps
2026-05-16 17:52:17,45.7231128,21.2578171,20.29,complex_giroc,bus,1,synthetic_gps
2026-05-16 17:52:18,45.7231192,21.2578399,28.29,complex_giroc,bus,1,synthetic_gps
2026-05-16 17:52:19,45.7230664,21.2578155,25.8,complex_giroc,bus,1,synthetic_gps
2026-05-16 17:52:20,45.7230677,21.2578396,33.8,complex_giroc,bus,1,synthetic_gps
2026-05-16 17:52:21,45.7231494,21.2579458,37.83,complex_giroc,bus,1,synthetic_gps
2026-05-16 17:52:22,45.7231028,21.25791,32.78,complex_giroc,bus,1,synthetic_gps
2026-05-16 17:52:23,45.7231163,21.2579718,24.78,complex_giroc,bus,1,synthetic_gps
2026-05-16 17:52:24,45.7230907,21.2579331,25.69,complex_giroc,bus,1,synthetic_gps
2026-05-16 17:52:25,45.7230863,21.2579047,23.41,complex_giroc,bus,1,synthetic_gps
2026-05-16 17:52:26,45.7230453,21.2578883,31.41,complex_giroc,bus,1,synthetic_gps
2026-05-16 17:52:27,45.7230393,21.2579479,34.0,complex_giroc,bus,1,synthetic_gps
2026-05-16 17:52:28,45.7229971,21.257928,28.86,complex_giroc,bus,1,synthetic_gps
2026-05-16 17:52:29,45.7230635,21.2580391,36.86,complex_giroc,bus,1,synthetic_gps
2026-05-16 17:52:30,45.7229452,21.2579276,28.86,complex_giroc,bus,1,synthetic_gps
2026-05-16 17:52:31,45.7229876,21.2579019,20.86,complex_giroc,bus,1,synthetic_gps
2026-05-16 17:52:32,45.7229678,21.257916,12.86,complex_giroc,bus,1,synthetic_gps
2026-05-16 17:52:33,45.7228424,21.2580163,4.86,complex_giroc,bus,1,synthetic_gps
2026-05-16 17:52:34,45.7229982,21.2579507,0.66,complex_giroc,bus,1,synthetic_gps
2026-05-16 17:52:35,45.7229367,21.2579326,1.28,complex_giroc,bus,1,synthetic_gps
2026-05-16 17:52:36,45.7228976,21.2580088,0.67,complex_giroc,bus,1,synthetic_gps
2026-05-16 17:52:37,45.7228596,21.2580436,2.41,complex_giroc,bus,1,synthetic_gps
2026-05-16 17:52:38,45.7227974,21.2579879,1.16,complex_giroc,bus,1,synthetic_gps
2026-05-16 17:52:39,45.722773,21.2579883,0.72,complex_giroc,bus,1,synthetic_gps
2026-05-16 17:52:40,45.7228399,21.2580395,1.12,complex_giroc,bus,1,synthetic_gps
2026-05-16 17:52:41,45.7228813,21.2581185,1.89,complex_giroc,bus,1,synthetic_gps
2026-05-16 17:52:42,45.7228106,21.2580137,1.32,complex_giroc,bus,1,synthetic_gps
2026-05-16 17:52:43,45.7228911,21.2580899,1.59,complex_giroc,bus,1,synthetic_gps
2026-05-16 17:52:44,45.7227431,21.2580235,0.0,complex_giroc,bus,1,synthetic_gps
2026-05-16 17:52:45,45.7227994,21.2580165,1.57,complex_giroc,bus,1,synthetic_gps
2026-05-16 17:52:46,45.7227055,21.2581032,1.19,complex_giroc,bus,1,synthetic_gps
2026-05-16 17:52:47,45.7227913,21.2581547,1.63,complex_giroc,bus,1,synthetic_gps
2026-05-16 17:52:48,45.7227295,21.2581309,0.0,complex_giroc,bus,1,synthetic_gps
2026-05-16 17:52:49,45.7227482,21.2581492,0.51,complex_giroc,bus,1,synthetic_gps
2026-05-16 17:52:50,45.7227968,21.2580632,8.51,complex_giroc,bus,1,synthetic_gps
2026-05-16 17:52:51,45.7226679,21.2581576,7.61,complex_giroc,bus,1,synthetic_gps
2026-05-16 17:52:52,45.7226618,21.2581367,10.06,complex_giroc,bus,1,synthetic_gps
2026-05-16 17:52:53,45.7226132,21.2581625,18.06,complex_giroc,bus,1,synthetic_gps
2026-05-16 17:52:54,45.7227299,21.2581776,26.06,complex_giroc,bus,1,synthetic_gps
2026-05-16 17:52:55,45.7226694,21.2580512,32.09,complex_giroc,bus,1,synthetic_gps
2026-05-16 17:52:56,45.7226819,21.2581651,33.23,complex_giroc,bus,1,synthetic_gps
2026-05-16 17:52:57,45.7226493,21.2581821,32.59,complex_giroc,bus,1,synthetic_gps
2026-05-16 17:52:58,45.7225966,21.2581893,38.47,complex_giroc,bus,1,synthetic_gps
2026-05-16 17:52:59,45.7226383,21.2581329,30.47,complex_giroc,bus,1,synthetic_gps
2026-05-16 17:53:00,45.7225679,21.2581181,22.67,complex_giroc,bus,1,synthetic_gps
2026-05-16 17:53:01,45.7225964,21.2582328,14.67,complex_giroc,bus,1,synthetic_gps
2026-05-16 17:53:02,45.7225126,21.2583466,22.67,complex_giroc,bus,1,synthetic_gps
2026-05-16 17:53:03,45.7226608,21.2581887,20.28,complex_giroc,bus,1,synthetic_gps
2026-05-16 17:53:04,45.7225092,21.2582354,28.28,complex_giroc,bus,1,synthetic_gps
2026-05-16 17:53:05,45.7225602,21.258201,20.28,complex_giroc,bus,1,synthetic_gps
2026-05-16 17:53:06,45.7225889,21.2581471,26.83,complex_giroc,bus,1,synthetic_gps
2026-05-16 17:53:07,45.72249,21.2583172,33.71,complex_giroc,bus,1,synthetic_gps
2026-05-16 17:53:08,45.7225224,21.2582797,30.07,complex_giroc,bus,1,synthetic_gps
2026-05-16 17:53:09,45.7224848,21.2582724,27.86,complex_giroc,bus,1,synthetic_gps
2026-05-16 17:53:10,45.7224992,21.2582957,32.49,complex_giroc,bus,1,synthetic_gps
2026-05-16 17:53:11,45.7225607,21.2583118,35.88,complex_giroc,bus,1,synthetic_gps
2026-05-16 17:53:12,45.7224024,21.2582615,35.9,complex_giroc,bus,1,synthetic_gps
2026-05-16 17:53:13,45.7225008,21.2583288,27.9,complex_giroc,bus,1,synthetic_gps
2026-05-16 17:53:14,45.7225042,21.2582273,35.9,complex_giroc,bus,1,synthetic_gps
2026-05-16 17:53:15,45.7223782,21.2583616,27.9,complex_giroc,bus,1,synthetic_gps
2026-05-16 17:53:16,45.7224583,21.2583198,28.9,complex_giroc,bus,1,synthetic_gps
2026-05-16 17:53:17,45.7224139,21.258296,36.36,complex_giroc,bus,1,synthetic_gps
2026-05-16 17:53:18,45.7223919,21.2583524,28.36,complex_giroc,bus,1,synthetic_gps
2026-05-16 17:53:19,45.7223246,21.2583255,31.63,complex_giroc,bus,1,synthetic_gps
2026-05-16 17:53:20,45.7223771,21.2583461,23.63,complex_giroc,bus,1,synthetic_gps
2026-05-16 17:53:21,45.7224062,21.2584107,31.63,complex_giroc,bus,1,synthetic_gps
2026-05-16 17:53:22,45.7224122,21.2584447,30.23,complex_giroc,bus,1,synthetic_gps
2026-05-16 17:53:23,45.7223514,21.2584186,27.47,complex_giroc,bus,1,synthetic_gps
2026-05-16 17:53:24,45.7222861,21.2583648,34.96,complex_giroc,bus,1,synthetic_gps
2026-05-16 17:53:25,45.7223581,21.2584122,31.48,complex_giroc,bus,1,synthetic_gps
2026-05-16 17:53:26,45.7223532,21.2584474,30.52,complex_giroc,bus,1,synthetic_gps
2026-05-16 17:53:27,45.7222607,21.2583769,22.52,complex_giroc,bus,1,synthetic_gps
2026-05-16 17:53:28,45.7223056,21.2584077,30.5,complex_giroc,bus,1,synthetic_gps
2026-05-16 17:53:29,45.7222246,21.2584794,28.28,complex_giroc,bus,1,synthetic_gps
2026-05-16 17:53:30,45.7222499,21.2584484,20.28,complex_giroc,bus,1,synthetic_gps
2026-05-16 17:53:31,45.7222537,21.258462,28.28,complex_giroc,bus,1,synthetic_gps
2026-05-16 17:53:32,45.7221879,21.2584944,20.28,complex_giroc,bus,1,synthetic_gps
2026-05-16 17:53:33,45.7222463,21.2584846,23.61,complex_giroc,bus,1,synthetic_gps
2026-05-16 17:53:34,45.7222124,21.2584201,15.61,complex_giroc,bus,1,synthetic_gps
2026-05-16 17:53:35,45.7222266,21.2584213,10.15,complex_giroc,bus,1,synthetic_gps
2026-05-16 17:53:36,45.7221818,21.2585264,18.15,complex_giroc,bus,1,synthetic_gps
2026-05-16 17:53:37,45.7221218,21.2583903,26.15,complex_giroc,bus,1,synthetic_gps
2026-05-16 17:53:38,45.7221502,21.2584207,18.56,complex_giroc,bus,1,synthetic_gps
2026-05-16 17:53:39,45.7221559,21.2585842,26.56,complex_giroc,bus,1,synthetic_gps
2026-05-16 17:53:40,45.7221898,21.2585323,34.56,complex_giroc,bus,1,synthetic_gps
2026-05-16 17:53:41,45.7220344,21.2585151,26.56,complex_giroc,bus,1,synthetic_gps
2026-05-16 17:53:42,45.7220955,21.258521,34.56,complex_giroc,bus,1,synthetic_gps
2026-05-16 17:53:43,45.7220598,21.2585271,26.56,complex_giroc,bus,1,synthetic_gps
2026-05-16 17:53:44,45.7220916,21.2585841,25.38,complex_giroc,bus,1,synthetic_gps
2026-05-16 17:53:45,45.7220955,21.2585078,25.24,complex_giroc,bus,1,synthetic_gps
2026-05-16 17:53:46,45.7221103,21.2585526,23.8,complex_giroc,bus,1,synthetic_gps
2026-05-16 17:53:47,45.7221129,21.2586306,18.29,complex_giroc,bus,1,synthetic_gps
2026-05-16 17:53:48,45.7220497,21.2585381,26.29,complex_giroc,bus,1,synthetic_gps
2026-05-16 17:53:49,45.7219445,21.2585691,32.19,complex_giroc,bus,1,synthetic_gps
2026-05-16 17:53:50,45.7219974,21.2585172,36.12,complex_giroc,bus,1,synthetic_gps
2026-05-16 17:53:51,45.7219762,21.2586384,28.12,complex_giroc,bus,1,synthetic_gps
2026-05-16 17:53:52,45.7218963,21.2585737,20.12,complex_giroc,bus,1,synthetic_gps
2026-05-16 17:53:53,45.7220153,21.2585779,28.12,complex_giroc,bus,1,synthetic_gps
2026-05-16 17:53:54,45.7219419,21.2585972,35.63,complex_giroc,bus,1,synthetic_gps
2026-05-16 17:53:55,45.72192,21.2585729,32.67,complex_giroc,bus,1,synthetic_gps
2026-05-16 17:53:56,45.7219089,21.258553,24.67,complex_giroc,bus,1,synthetic_gps
2026-05-16 17:53:57,45.7219043,21.2586308,16.67,complex_giroc,bus,1,synthetic_gps
2026-05-16 17:53:58,45.7218929,21.258676,22.87,complex_giroc,bus,1,synthetic_gps
2026-05-16 17:53:59,45.7218942,21.2587394,30.87,complex_giroc,bus,1,synthetic_gps
2026-05-16 17:54:00,45.7219279,21.2586649,22.87,complex_giroc,bus,1,synthetic_gps
2026-05-16 17:54:01,45.7218446,21.2586961,14.87,complex_giroc,bus,1,synthetic_gps
2026-05-16 17:54:02,45.7219317,21.258731,19.62,complex_giroc,bus,1,synthetic_gps
2026-05-16 17:54:03,45.7219179,21.2587468,27.28,complex_giroc,bus,1,synthetic_gps
2026-05-16 17:54:04,45.7217685,21.2587062,35.28,complex_giroc,bus,1,synthetic_gps
2026-05-16 17:54:05,45.721771,21.258628,35.9,complex_giroc,bus,1,synthetic_gps
2026-05-16 17:54:06,45.7217626,21.2586554,27.9,complex_giroc,bus,1,synthetic_gps
2026-05-16 17:54:07,45.7217839,21.2587091,19.9,complex_giroc,bus,1,synthetic_gps
2026-05-16 17:54:08,45.7217928,21.2587259,24.27,complex_giroc,bus,1,synthetic_gps
2026-05-16 17:54:09,45.721833,21.2586656,17.25,complex_giroc,bus,1,synthetic_gps
2026-05-16 17:54:10,45.7218435,21.2587237,20.79,complex_giroc,bus,1,synthetic_gps
2026-05-16 17:54:11,45.7217259,21.2588767,28.79,complex_giroc,bus,1,synthetic_gps
2026-05-16 17:54:12,45.7217327,21.2588751,27.5,complex_giroc,bus,1,synthetic_gps
2026-05-16 17:54:13,45.7216937,21.2587151,19.5,complex_giroc,bus,1,synthetic_gps
2026-05-16 17:54:14,45.7217638,21.2588379,27.5,complex_giroc,bus,1,synthetic_gps
2026-05-16 17:54:15,45.7216826,21.2588293,19.5,complex_giroc,bus,1,synthetic_gps
2026-05-16 17:54:16,45.7216721,21.2587372,18.81,complex_giroc,bus,1,synthetic_gps
2026-05-16 17:54:17,45.7216949,21.2588145,26.81,complex_giroc,bus,1,synthetic_gps
2026-05-16 17:54:18,45.721699,21.2587573,34.81,complex_giroc,bus,1,synthetic_gps
2026-05-16 17:54:19,45.7216382,21.2588387,30.91,complex_giroc,bus,1,synthetic_gps
2026-05-16 17:54:20,45.7216047,21.2587752,23.44,complex_giroc,bus,1,synthetic_gps
2026-05-16 17:54:21,45.7217221,21.2588491,23.28,complex_giroc,bus,1,synthetic_gps
2026-05-16 17:54:22,45.7216908,21.2588209,20.83,complex_giroc,bus,1,synthetic_gps
2026-05-16 17:54:23,45.7216141,21.2588204,15.87,complex_giroc,bus,1,synthetic_gps
2026-05-16 17:54:24,45.7215839,21.258832,10.32,complex_giroc,bus,1,synthetic_gps
2026-05-16 17:54:25,45.7215493,21.2588893,18.32,complex_giroc,bus,1,synthetic_gps
2026-05-16 17:54:26,45.721647,21.2588532,13.96,complex_giroc,bus,1,synthetic_gps
2026-05-16 17:54:27,45.7215848,21.2589051,11.23,complex_giroc,bus,1,synthetic_gps
2026-05-16 17:54:28,45.7215253,21.2588176,12.97,complex_giroc,bus,1,synthetic_gps
2026-05-16 17:54:29,45.7214882,21.2589394,20.79,complex_giroc,bus,1,synthetic_gps
2026-05-16 17:54:30,45.7214944,21.2588809,18.78,complex_giroc,bus,1,synthetic_gps
2026-05-16 17:54:31,45.7214898,21.2588999,17.56,complex_giroc,bus,1,synthetic_gps
2026-05-16 17:54:32,45.7215117,21.2588057,25.56,complex_giroc,bus,1,synthetic_gps
2026-05-16 17:54:33,45.7214765,21.2588835,33.55,complex_giroc,bus,1,synthetic_gps
2026-05-16 17:54:34,45.7215007,21.2589853,33.92,complex_giroc,bus,1,synthetic_gps
2026-05-16 17:54:35,45.7214108,21.2588753,29.98,complex_giroc,bus,1,synthetic_gps
2026-05-16 17:54:36,45.7214288,21.2588958,30.33,complex_giroc,bus,1,synthetic_gps
2026-05-16 17:54:37,45.7215335,21.2589114,38.33,complex_giroc,bus,1,synthetic_gps
2026-05-16 17:54:38,45.7214289,21.2589907,34.1,complex_giroc,bus,1,synthetic_gps
2026-05-16 17:54:39,45.7214021,21.2589937,26.1,complex_giroc,bus,1,synthetic_gps
2026-05-16 17:54:40,45.7214207,21.2589429,24.2,complex_giroc,bus,1,synthetic_gps
2026-05-16 17:54:41,45.7214384,21.2589832,32.2,complex_giroc,bus,1,synthetic_gps
2026-05-16 17:54:42,45.7213913,21.2589809,40.2,complex_giroc,bus,1,synthetic_gps
2026-05-16 17:54:43,45.7213773,21.2589898,38.16,complex_giroc,bus,1,synthetic_gps
2026-05-16 17:54:44,45.7213092,21.2590545,30.16,complex_giroc,bus,1,synthetic_gps
2026-05-16 17:54:45,45.7213479,21.2589492,24.2,complex_giroc,bus,1,synthetic_gps
2026-05-16 17:54:46,45.7213595,21.2590684,23.84,complex_giroc,bus,1,synthetic_gps
2026-05-16 17:54:47,45.7213496,21.2589938,19.14,complex_giroc,bus,1,synthetic_gps
2026-05-16 17:54:48,45.7213439,21.259014,12.71,complex_giroc,bus,1,synthetic_gps
2026-05-16 17:54:49,45.721221,21.2590136,16.58,complex_giroc,bus,1,synthetic_gps
2026-05-16 17:54:50,45.7213176,21.2589936,10.96,complex_giroc,bus,1,synthetic_gps
2026-05-16 17:54:51,45.7211807,21.258981,18.96,complex_giroc,bus,1,synthetic_gps
2026-05-16 17:54:52,45.7213206,21.2590556,18.75,complex_giroc,bus,1,synthetic_gps
2026-05-16 17:54:53,45.7211736,21.2590503,21.11,complex_giroc,bus,1,synthetic_gps
2026-05-16 17:54:54,45.7213084,21.2591105,29.11,complex_giroc,bus,1,synthetic_gps
2026-05-16 17:54:55,45.7212457,21.2590887,23.92,complex_giroc,bus,1,synthetic_gps
2026-05-16 17:54:56,45.7212537,21.2591048,28.59,complex_giroc,bus,1,synthetic_gps
2026-05-16 17:54:57,45.7212388,21.2590909,36.59,complex_giroc,bus,1,synthetic_gps
2026-05-16 17:54:58,45.7212151,21.2590565,28.59,complex_giroc,bus,1,synthetic_gps
2026-05-16 17:54:59,45.7211146,21.2592442,27.51,complex_giroc,bus,1,synthetic_gps
2026-05-16 17:55:00,45.7211995,21.2591948,19.51,complex_giroc,bus,1,synthetic_gps
2026-05-16 17:55:01,45.7210578,21.2590375,11.51,complex_giroc,bus,1,synthetic_gps
2026-05-16 17:55:02,45.7211485,21.259207,3.51,complex_giroc,bus,1,synthetic_gps
2026-05-16 17:55:03,45.7211631,21.2591784,0.0,complex_giroc,bus,1,synthetic_gps
2026-05-16 17:55:04,45.7211665,21.2591056,0.45,complex_giroc,bus,1,synthetic_gps
2026-05-16 17:55:05,45.7211471,21.2590798,1.26,complex_giroc,bus,1,synthetic_gps
2026-05-16 17:55:06,45.7211133,21.2591952,0.1,complex_giroc,bus,1,synthetic_gps
2026-05-16 17:55:07,45.7210267,21.2591548,1.6,complex_giroc,bus,1,synthetic_gps
2026-05-16 17:55:08,45.7211162,21.2592109,1.88,complex_giroc,bus,1,synthetic_gps
2026-05-16 17:55:09,45.7210822,21.2591917,1.05,complex_giroc,bus,1,synthetic_gps
2026-05-16 17:55:10,45.7210877,21.2591634,0.71,complex_giroc,bus,1,synthetic_gps
2026-05-16 17:55:11,45.7209691,21.2592041,1.33,complex_giroc,bus,1,synthetic_gps
2026-05-16 17:55:12,45.7211307,21.2591638,1.31,complex_giroc,bus,1,synthetic_gps
2026-05-16 17:55:13,45.7209968,21.2591268,1.18,complex_giroc,bus,1,synthetic_gps
2026-05-16 17:55:14,45.7209446,21.2591921,1.84,complex_giroc,bus,1,synthetic_gps
2026-05-16 17:55:15,45.7210224,21.259149,1.34,complex_giroc,bus,1,synthetic_gps
2026-05-16 17:55:16,45.720937,21.2592148,0.73,complex_giroc,bus,1,synthetic_gps
2026-05-16 17:55:17,45.7209833,21.2592754,1.35,complex_giroc,bus,1,synthetic_gps
2026-05-16 17:55:18,45.7209334,21.2592304,0.5,complex_giroc,bus,1,synthetic_gps
2026-05-16 17:55:19,45.7209378,21.2592435,1.33,complex_giroc,bus,1,synthetic_gps
2026-05-16 17:55:20,45.7209865,21.2592656,9.33,complex_giroc,bus,1,synthetic_gps
2026-05-16 17:55:21,45.7208786,21.2592505,17.33,complex_giroc,bus,1,synthetic_gps
2026-05-16 17:55:22,45.7208992,21.2593352,25.33,complex_giroc,bus,1,synthetic_gps
2026-05-16 17:55:23,45.7209384,21.2592945,28.14,complex_giroc,bus,1,synthetic_gps
2026-05-16 17:55:24,45.7208441,21.2593013,27.84,complex_giroc,bus,1,synthetic_gps
2026-05-16 17:55:25,45.7208971,21.2592754,29.3,complex_giroc,bus,1,synthetic_gps
2026-05-16 17:55:26,45.7208683,21.2592535,29.8,complex_giroc,bus,1,synthetic_gps
2026-05-16 17:55:27,45.7207818,21.2592731,21.8,complex_giroc,bus,1,synthetic_gps
2026-05-16 17:55:28,45.7208624,21.2593133,29.26,complex_giroc,bus,1,synthetic_gps
2026-05-16 17:55:29,45.7208467,21.2593502,21.26,complex_giroc,bus,1,synthetic_gps
2026-05-16 17:55:30,45.7208745,21.2593505,25.41,complex_giroc,bus,1,synthetic_gps
2026-05-16 17:55:31,45.720819,21.2593601,24.63,complex_giroc,bus,1,synthetic_gps
2026-05-16 17:55:32,45.7208185,21.2593751,25.91,complex_giroc,bus,1,synthetic_gps
2026-05-16 17:55:33,45.7206758,21.2593515,21.15,complex_giroc,bus,1,synthetic_gps
2026-05-16 17:55:34,45.7207481,21.2593353,14.97,complex_giroc,bus,1,synthetic_gps
2026-05-16 17:55:35,45.720757,21.2594025,20.35,complex_giroc,bus,1,synthetic_gps
2026-05-16 17:55:36,45.7207486,21.2594307,14.94,complex_giroc,bus,1,synthetic_gps
2026-05-16 17:55:37,45.7206469,21.2594219,22.94,complex_giroc,bus,1,synthetic_gps
2026-05-16 17:55:38,45.7206436,21.2595453,14.94,complex_giroc,bus,1,synthetic_gps
2026-05-16 17:55:39,45.7206835,21.2593969,6.94,complex_giroc,bus,1,synthetic_gps
2026-05-16 17:55:40,45.7207309,21.2593824,14.94,complex_giroc,bus,1,synthetic_gps
2026-05-16 17:55:41,45.7206266,21.2594556,22.94,complex_giroc,bus,1,synthetic_gps
2026-05-16 17:55:42,45.7207118,21.259461,14.94,complex_giroc,bus,1,synthetic_gps
2026-05-16 17:55:43,45.7206137,21.2594072,13.14,complex_giroc,bus,1,synthetic_gps
2026-05-16 17:55:44,45.7206299,21.259463,21.14,complex_giroc,bus,1,synthetic_gps
2026-05-16 17:55:45,45.7206347,21.2594585,19.41,complex_giroc,bus,1,synthetic_gps
2026-05-16 17:55:46,45.7207003,21.2594459,24.17,complex_giroc,bus,1,synthetic_gps
2026-05-16 17:55:47,45.7205909,21.259425,18.25,complex_giroc,bus,1,synthetic_gps
2026-05-16 17:55:48,45.7205341,21.2594888,21.88,complex_giroc,bus,1,synthetic_gps
2026-05-16 17:55:49,45.7205872,21.2594817,29.88,complex_giroc,bus,1,synthetic_gps
2026-05-16 17:55:50,45.7204786,21.2595005,24.24,complex_giroc,bus,1,synthetic_gps
2026-05-16 17:55:51,45.7206109,21.259516,21.09,complex_giroc,bus,1,synthetic_gps
2026-05-16 17:55:52,45.7205087,21.259507,13.09,complex_giroc,bus,1,synthetic_gps
2026-05-16 17:55:53,45.7205381,21.2595116,21.09,complex_giroc,bus,1,synthetic_gps
2026-05-16 17:55:54,45.7204907,21.2594352,23.36,complex_giroc,bus,1,synthetic_gps
2026-05-16 17:55:55,45.7205042,21.2595567,15.36,complex_giroc,bus,1,synthetic_gps
2026-05-16 17:55:56,45.7204965,21.2595019,21.32,complex_giroc,bus,1,synthetic_gps
2026-05-16 17:55:57,45.7204788,21.2595097,25.85,complex_giroc,bus,1,synthetic_gps
2026-05-16 17:55:58,45.7204163,21.2594896,33.85,complex_giroc,bus,1,synthetic_gps
2026-05-16 17:55:59,45.7204277,21.2595647,36.38,complex_giroc,bus,1,synthetic_gps
2026-05-16 17:56:00,45.7203712,21.2596019,28.38,complex_giroc,bus,1,synthetic_gps
2026-05-16 17:56:01,45.7204262,21.2596555,20.38,complex_giroc,bus,1,synthetic_gps
2026-05-16 17:56:02,45.7204808,21.2596448,12.38,complex_giroc,bus,1,synthetic_gps
2026-05-16 17:56:03,45.7203136,21.2596567,20.38,complex_giroc,bus,1,synthetic_gps
2026-05-16 17:56:04,45.7204268,21.2595899,17.13,complex_giroc,bus,1,synthetic_gps
2026-05-16 17:56:05,45.7204664,21.2594983,25.13,complex_giroc,bus,1,synthetic_gps
2026-05-16 17:56:06,45.7203394,21.2596571,33.13,complex_giroc,bus,1,synthetic_gps
2026-05-16 17:56:07,45.7202878,21.2596812,25.13,complex_giroc,bus,1,synthetic_gps
2026-05-16 17:56:08,45.7203356,21.2596953,18.39,complex_giroc,bus,1,synthetic_gps
2026-05-16 17:56:09,45.7203891,21.2595464,26.39,complex_giroc,bus,1,synthetic_gps
2026-05-16 17:56:10,45.7202628,21.259718,18.8,complex_giroc,bus,1,synthetic_gps
2026-05-16 17:56:11,45.7203198,21.2596267,26.8,complex_giroc,bus,1,synthetic_gps
2026-05-16 17:56:12,45.7202873,21.2598097,34.8,complex_giroc,bus,1,synthetic_gps
2026-05-16 17:56:13,45.720291,21.259697,26.8,complex_giroc,bus,1,synthetic_gps
2026-05-16 17:56:14,45.7203009,21.2597122,18.8,complex_giroc,bus,1,synthetic_gps
2026-05-16 17:56:15,45.7202561,21.2596345,24.22,complex_giroc,bus,1,synthetic_gps
2026-05-16 17:56:16,45.7202689,21.2597208,16.61,complex_giroc,bus,1,synthetic_gps
2026-05-16 17:56:17,45.7201946,21.2597328,23.38,complex_giroc,bus,1,synthetic_gps
2026-05-16 17:56:18,45.7201769,21.2597157,18.64,complex_giroc,bus,1,synthetic_gps
2026-05-16 17:56:19,45.7201299,21.2597165,25.15,complex_giroc,bus,1,synthetic_gps
2026-05-16 17:56:20,45.7201651,21.2597706,22.72,complex_giroc,bus,1,synthetic_gps
2026-05-16 17:56:21,45.7202297,21.2597369,30.3,complex_giroc,bus,1,synthetic_gps
2026-05-16 17:56:22,45.7201776,21.2597424,25.33,complex_giroc,bus,1,synthetic_gps
2026-05-16 17:56:23,45.7201507,21.2598102,17.33,complex_giroc,bus,1,synthetic_gps
2026-05-16 17:56:24,45.7201725,21.2597392,13.92,complex_giroc,bus,1,synthetic_gps
2026-05-16 17:56:25,45.7201714,21.2597518,21.92,complex_giroc,bus,1,synthetic_gps
2026-05-16 17:56:26,45.7201207,21.2597107,22.67,complex_giroc,bus,1,synthetic_gps
2026-05-16 17:56:27,45.7201459,21.2598316,22.06,complex_giroc,bus,1,synthetic_gps
2026-05-16 17:56:28,45.7200934,21.2598086,26.17,complex_giroc,bus,1,synthetic_gps
2026-05-16 17:56:29,45.7201235,21.2598136,18.17,complex_giroc,bus,1,synthetic_gps
2026-05-16 17:56:30,45.7200629,21.2598267,10.17,complex_giroc,bus,1,synthetic_gps
2026-05-16 17:56:31,45.7200573,21.259858,3.12,complex_giroc,bus,1,synthetic_gps
2026-05-16 17:56:32,45.7200318,21.2599282,9.25,complex_giroc,bus,1,synthetic_gps
2026-05-16 17:56:33,45.7200258,21.2597703,11.66,complex_giroc,bus,1,synthetic_gps
2026-05-16 17:56:34,45.7199548,21.2598661,10.46,complex_giroc,bus,1,synthetic_gps
2026-05-16 17:56:35,45.7201313,21.2598504,16.49,complex_giroc,bus,1,synthetic_gps
2026-05-16 17:56:36,45.7200242,21.2598447,8.49,complex_giroc,bus,1,synthetic_gps
2026-05-16 17:56:37,45.7199873,21.2598636,14.9,complex_giroc,bus,1,synthetic_gps
2026-05-16 17:56:38,45.7200197,21.2598822,11.3,complex_giroc,bus,1,synthetic_gps
2026-05-16 17:56:39,45.7199532,21.2598765,3.94,complex_giroc,bus,1,synthetic_gps
2026-05-16 17:56:40,45.7199395,21.2599087,6.49,complex_giroc,bus,1,synthetic_gps
2026-05-16 17:56:41,45.7199779,21.2598888,5.2,complex_giroc,bus,1,synthetic_gps
2026-05-16 17:56:42,45.7199832,21.2598978,11.51,complex_giroc,bus,1,synthetic_gps
2026-05-16 17:56:43,45.7198871,21.2598567,11.67,complex_giroc,bus,1,synthetic_gps
2026-05-16 17:56:44,45.7199429,21.2599089,10.77,complex_giroc,bus,1,synthetic_gps
2026-05-16 17:56:45,45.7198894,21.2599282,10.55,complex_giroc,bus,1,synthetic_gps
2026-05-16 17:56:46,45.7199359,21.2600204,11.4,complex_giroc,bus,1,synthetic_gps
2026-05-16 17:56:47,45.7198446,21.2599872,7.79,complex_giroc,bus,1,synthetic_gps
2026-05-16 17:56:48,45.7198644,21.2599246,13.11,complex_giroc,bus,1,synthetic_gps
2026-05-16 17:56:49,45.7198989,21.2599404,5.11,complex_giroc,bus,1,synthetic_gps
2026-05-16 17:56:50,45.7198393,21.2600419,13.11,complex_giroc,bus,1,synthetic_gps
2026-05-16 17:56:51,45.7197487,21.2599841,7.51,complex_giroc,bus,1,synthetic_gps
2026-05-16 17:56:52,45.7198131,21.259998,2.49,complex_giroc,bus,1,synthetic_gps
2026-05-16 17:56:53,45.719813,21.2599373,4.24,complex_giroc,bus,1,synthetic_gps
2026-05-16 17:56:54,45.7197222,21.2599691,8.17,complex_giroc,bus,1,synthetic_gps
2026-05-16 17:56:55,45.7197975,21.2600197,5.01,complex_giroc,bus,1,synthetic_gps
2026-05-16 17:56:56,45.7197357,21.2600411,9.85,complex_giroc,bus,1,synthetic_gps
2026-05-16 17:56:57,45.7197526,21.2601557,12.33,complex_giroc,bus,1,synthetic_gps
2026-05-16 17:56:58,45.7197224,21.2600471,7.61,complex_giroc,bus,1,synthetic_gps
2026-05-16 17:56:59,45.7197104,21.2599975,8.04,complex_giroc,bus,1,synthetic_gps
2026-05-16 17:57:00,45.7197327,21.260104,9.83,complex_giroc,bus,1,synthetic_gps
2026-05-16 17:57:01,45.7198163,21.2600456,10.04,complex_giroc,bus,1,synthetic_gps
2026-05-16 17:57:02,45.7196947,21.260091,13.2,complex_giroc,bus,1,synthetic_gps
2026-05-16 17:57:03,45.7197339,21.2600509,10.47,complex_giroc,bus,1,synthetic_gps
2026-05-16 17:57:04,45.71974,21.2600323,9.83,complex_giroc,bus,1,synthetic_gps
2026-05-16 17:57:05,45.719685,21.2600881,2.91,complex_giroc,bus,1,synthetic_gps
2026-05-16 17:57:06,45.7196863,21.260052,2.05,complex_giroc,bus,1,synthetic_gps
2026-05-16 17:57:07,45.7196445,21.2601206,8.95,complex_giroc,bus,1,synthetic_gps
2026-05-16 17:57:08,45.7196482,21.2600432,11.69,complex_giroc,bus,1,synthetic_gps
2026-05-16 17:57:09,45.7195578,21.2600905,11.87,complex_giroc,bus,1,synthetic_gps
2026-05-16 17:57:10,45.7195202,21.260142,8.48,complex_giroc,bus,1,synthetic_gps
2026-05-16 17:57:11,45.719545,21.2601655,14.69,complex_giroc,bus,1,synthetic_gps
2026-05-16 17:57:12,45.7196181,21.2601848,8.77,complex_giroc,bus,1,synthetic_gps
2026-05-16 17:57:13,45.7195684,21.2602127,0.77,complex_giroc,bus,1,synthetic_gps
2026-05-16 17:57:14,45.71956,21.2601825,8.77,complex_giroc,bus,1,synthetic_gps
2026-05-16 17:57:15,45.7195123,21.2601345,13.37,complex_giroc,bus,1,synthetic_gps
2026-05-16 17:57:16,45.7195222,21.2601809,6.87,complex_giroc,bus,1,synthetic_gps
2026-05-16 17:57:17,45.7194986,21.2601643,9.42,complex_giroc,bus,1,synthetic_gps
2026-05-16 17:57:18,45.7194789,21.2601743,13.25,complex_giroc,bus,1,synthetic_gps
2026-05-16 17:57:19,45.7194869,21.2601567,9.25,complex_giroc,bus,1,synthetic_gps
2026-05-16 17:57:20,45.7195432,21.2601267,9.06,complex_giroc,bus,1,synthetic_gps
2026-05-16 17:57:21,45.7194334,21.2602472,11.12,complex_giroc,bus,1,synthetic_gps
2026-05-16 17:57:22,45.7194322,21.2602032,9.07,complex_giroc,bus,1,synthetic_gps
2026-05-16 17:57:23,45.7193923,21.2602133,8.47,complex_giroc,bus,1,synthetic_gps
2026-05-16 17:57:24,45.7194372,21.2602112,6.65,complex_giroc,bus,1,synthetic_gps
2026-05-16 17:57:25,45.7193573,21.2601747,6.61,complex_giroc,bus,1,synthetic_gps
2026-05-16 17:57:26,45.719316,21.2602131,12.29,complex_giroc,bus,1,synthetic_gps
2026-05-16 17:57:27,45.7193885,21.2601974,4.29,complex_giroc,bus,1,synthetic_gps
2026-05-16 17:57:28,45.7193921,21.2602957,10.53,complex_giroc,bus,1,synthetic_gps
2026-05-16 17:57:29,45.7193642,21.2601514,12.3,complex_giroc,bus,1,synthetic_gps
2026-05-16 17:57:30,45.7193339,21.2602916,4.3,complex_giroc,bus,1,synthetic_gps
2026-05-16 17:57:31,45.7192779,21.2602962,0.38,complex_giroc,bus,1,synthetic_gps
2026-05-16 17:57:32,45.7193396,21.2602532,0.13,complex_giroc,bus,1,synthetic_gps
2026-05-16 17:57:33,45.719255,21.2602664,0.53,complex_giroc,bus,1,synthetic_gps
2026-05-16 17:57:34,45.7193682,21.2603365,0.62,complex_giroc,bus,1,synthetic_gps
2026-05-16 17:57:35,45.7192895,21.2602206,0.09,complex_giroc,bus,1,synthetic_gps
2026-05-16 17:57:36,45.7193043,21.2604026,0.31,complex_giroc,bus,1,synthetic_gps
2026-05-16 17:57:37,45.7193012,21.2603092,0.26,complex_giroc,bus,1,synthetic_gps
2026-05-16 17:57:38,45.7193084,21.2603104,0.52,complex_giroc,bus,1,synthetic_gps
2026-05-16 17:57:39,45.7192129,21.260419,0.26,complex_giroc,bus,1,synthetic_gps
2026-05-16 17:57:40,45.7191534,21.2603439,0.33,complex_giroc,bus,1,synthetic_gps
2026-05-16 17:57:41,45.7192002,21.2603179,0.21,complex_giroc,bus,1,synthetic_gps
2026-05-16 17:57:42,45.7191553,21.260423,0.45,complex_giroc,bus,1,synthetic_gps
2026-05-16 17:57:43,45.7192324,21.260445,0.45,complex_giroc,bus,1,synthetic_gps
2026-05-16 17:57:44,45.7192444,21.2603082,0.18,complex_giroc,bus,1,synthetic_gps
2026-05-16 17:57:45,45.7191211,21.2604172,0.33,complex_giroc,bus,1,synthetic_gps
2026-05-16 17:57:46,45.719211,21.2603917,0.28,complex_giroc,bus,1,synthetic_gps
2026-05-16 17:57:47,45.719181,21.2603763,0.08,complex_giroc,bus,1,synthetic_gps
2026-05-16 17:57:48,45.7192558,21.2604107,0.4,complex_giroc,bus,1,synthetic_gps
2026-05-16 17:57:49,45.7191068,21.2603945,0.23,complex_giroc,bus,1,synthetic_gps
2026-05-16 17:57:50,45.7191403,21.2603975,8.19,complex_giroc,bus,1,synthetic_gps
2026-05-16 17:57:51,45.7190713,21.2604469,9.33,complex_giroc,bus,1,synthetic_gps
2026-05-16 17:57:52,45.7190955,21.2604551,10.06,complex_giroc,bus,1,synthetic_gps
2026-05-16 17:57:53,45.7190447,21.2604173,6.13,complex_giroc,bus,1,synthetic_gps
2026-05-16 17:57:54,45.7190367,21.2604783,14.13,complex_giroc,bus,1,synthetic_gps
2026-05-16 17:57:55,45.7190542,21.2604799,11.09,complex_giroc,bus,1,synthetic_gps
2026-05-16 17:57:56,45.7190731,21.2604795,4.32,complex_giroc,bus,1,synthetic_gps
2026-05-16 17:57:57,45.7190556,21.2605201,1.93,complex_giroc,bus,1,synthetic_gps
2026-05-16 17:57:58,45.7190478,21.2605066,4.52,complex_giroc,bus,1,synthetic_gps
2026-05-16 17:57:59,45.7189762,21.2605724,9.02,complex_giroc,bus,1,synthetic_gps
