timestamp,latitude,longitude,speed_kmh,route_id,transport_mode,is_peak_hour,source
2026-05-15 11:44:00,45.747486,21.2199544,1.45,bega_parcuri,walking,0,synthetic_gps
2026-05-15 11:44:01,45.7474524,21.220016,1.49,bega_parcuri,walking,0,synthetic_gps
2026-05-15 11:44:02,45.7474868,21.2200517,1.44,bega_parcuri,walking,0,synthetic_gps
2026-05-15 11:44:03,45.7474603,21.2200298,1.64,bega_parcuri,walking,0,synthetic_gps
2026-05-15 11:44:04,45.7475035,21.2200831,1.25,bega_parcuri,walking,0,synthetic_gps
2026-05-15 11:44:05,45.7474482,21.2200674,1.21,bega_parcuri,walking,0,synthetic_gps
2026-05-15 11:44:06,45.7475041,21.2200818,2.21,bega_parcuri,walking,0,synthetic_gps
2026-05-15 11:44:07,45.7474477,21.2200934,1.28,bega_parcuri,walking,0,synthetic_gps
2026-05-15 11:44:08,45.7475069,21.2201255,1.07,bega_parcuri,walking,0,synthetic_gps
2026-05-15 11:44:09,45.7474587,21.2201032,1.8,bega_parcuri,walking,0,synthetic_gps
2026-05-15 11:44:10,45.7474866,21.2201782,1.32,bega_parcuri,walking,0,synthetic_gps
2026-05-15 11:44:11,45.7475096,21.2201308,1.67,bega_parcuri,walking,0,synthetic_gps
2026-05-15 11:44:12,45.7475088,21.2201098,1.79,bega_parcuri,walking,0,synthetic_gps
2026-05-15 11:44:13,45.747484,21.2201632,1.54,bega_parcuri,walking,0,synthetic_gps
2026-05-15 11:44:14,45.7474763,21.2201345,1.14,bega_parcuri,walking,0,synthetic_gps
2026-05-15 11:44:15,45.7474347,21.2201755,1.87,bega_parcuri,walking,0,synthetic_gps
2026-05-15 11:44:16,45.7475217,21.2201779,1.51,bega_parcuri,walking,0,synthetic_gps
2026-05-15 11:44:17,45.7475348,21.2202371,1.77,bega_parcuri,walking,0,synthetic_gps
2026-05-15 11:44:18,45.7474673,21.2201934,1.74,bega_parcuri,walking,0,synthetic_gps
2026-05-15 11:44:19,45.7474978,21.2202141,1.76,bega_parcuri,walking,0,synthetic_gps
2026-05-15 11:44:20,45.7474655,21.2202357,1.43,bega_parcuri,walking,0,synthetic_gps
2026-05-15 11:44:21,45.7475223,21.2202507,1.49,bega_parcuri,walking,0,synthetic_gps
2026-05-15 11:44:22,45.7475002,21.2202652,1.46,bega_parcuri,walking,0,synthetic_gps
2026-05-15 11:44:23,45.7474744,21.2202602,1.39,bega_parcuri,walking,0,synthetic_gps
2026-05-15 11:44:24,45.7474413,21.2203004,0.89,bega_parcuri,walking,0,synthetic_gps
2026-05-15 11:44:25,45.7475285,21.2202525,1.3,bega_parcuri,walking,0,synthetic_gps
2026-05-15 11:44:26,45.7474553,21.2203002,1.55,bega_parcuri,walking,0,synthetic_gps
2026-05-15 11:44:27,45.7475053,21.2202828,1.2,bega_parcuri,walking,0,synthetic_gps
2026-05-15 11:44:28,45.7474961,21.2203555,2.04,bega_parcuri,walking,0,synthetic_gps
2026-05-15 11:44:29,45.7474825,21.2203259,1.72,bega_parcuri,walking,0,synthetic_gps
2026-05-15 11:44:30,45.7474576,21.2203696,1.79,bega_parcuri,walking,0,synthetic_gps
2026-05-15 11:44:31,45.7474835,21.2203825,1.33,bega_parcuri,walking,0,synthetic_gps
2026-05-15 11:44:32,45.7475237,21.2204003,1.1,bega_parcuri,walking,0,synthetic_gps
2026-05-15 11:44:33,45.747476,21.2204745,1.33,bega_parcuri,walking,0,synthetic_gps
2026-05-15 11:44:34,45.7474963,21.2203892,1.36,bega_parcuri,walking,0,synthetic_gps
2026-05-15 11:44:35,45.7474638,21.2204,1.84,bega_parcuri,walking,0,synthetic_gps
2026-05-15 11:44:36,45.7474854,21.2203849,1.52,bega_parcuri,walking,0,synthetic_gps
2026-05-15 11:44:37,45.7474615,21.2204286,0.12,bega_parcuri,walking,0,synthetic_gps
2026-05-15 11:44:38,45.7474927,21.2204137,1.96,bega_parcuri,walking,0,synthetic_gps
2026-05-15 11:44:39,45.7474888,21.220483,1.95,bega_parcuri,walking,0,synthetic_gps
2026-05-15 11:44:40,45.7474703,21.220505,1.85,bega_parcuri,walking,0,synthetic_gps
2026-05-15 11:44:41,45.7474727,21.220489,1.62,bega_parcuri,walking,0,synthetic_gps
2026-05-15 11:44:42,45.7474481,21.2205224,1.39,bega_parcuri,walking,0,synthetic_gps
2026-05-15 11:44:43,45.7475345,21.2205159,1.36,bega_parcuri,walking,0,synthetic_gps
2026-05-15 11:44:44,45.7474135,21.2205692,1.63,bega_parcuri,walking,0,synthetic_gps
2026-05-15 11:44:45,45.7474576,21.2205039,1.38,bega_parcuri,walking,0,synthetic_gps
2026-05-15 11:44:46,45.7474725,21.2205298,1.03,bega_parcuri,walking,0,synthetic_gps
2026-05-15 11:44:47,45.7474431,21.2205569,1.58,bega_parcuri,walking,0,synthetic_gps
2026-05-15 11:44:48,45.7474683,21.2205641,1.77,bega_parcuri,walking,0,synthetic_gps
2026-05-15 11:44:49,45.7474815,21.2205897,1.15,bega_parcuri,walking,0,synthetic_gps
2026-05-15 11:44:50,45.7474066,21.2206027,1.12,bega_parcuri,walking,0,synthetic_gps
2026-05-15 11:44:51,45.7474189,21.2206014,1.36,bega_parcuri,walking,0,synthetic_gps
2026-05-15 11:44:52,45.7474377,21.2206363,1.71,bega_parcuri,walking,0,synthetic_gps
2026-05-15 11:44:53,45.7474678,21.220632,1.66,bega_parcuri,walking,0,synthetic_gps
2026-05-15 11:44:54,45.7474552,21.2206733,1.57,bega_parcuri,walking,0,synthetic_gps
2026-05-15 11:44:55,45.7474512,21.2207067,1.35,bega_parcuri,walking,0,synthetic_gps
2026-05-15 11:44:56,45.7474786,21.2206992,1.49,bega_parcuri,walking,0,synthetic_gps
2026-05-15 11:44:57,45.7474732,21.2207036,1.34,bega_parcuri,walking,0,synthetic_gps
2026-05-15 11:44:58,45.7474431,21.220668,1.77,bega_parcuri,walking,0,synthetic_gps
2026-05-15 11:44:59,45.7474801,21.2207012,1.48,bega_parcuri,walking,0,synthetic_gps
2026-05-15 11:45:00,45.7474345,21.220768,1.67,bega_parcuri,walking,0,synthetic_gps
2026-05-15 11:45:01,45.7474812,21.2207291,1.56,bega_parcuri,walking,0,synthetic_gps
2026-05-15 11:45:02,45.7474408,21.2207849,1.42,bega_parcuri,walking,0,synthetic_gps
2026-05-15 11:45:03,45.7474833,21.2207613,1.4,bega_parcuri,walking,0,synthetic_gps
2026-05-15 11:45:04,45.7474548,21.2207946,1.24,bega_parcuri,walking,0,synthetic_gps
2026-05-15 11:45:05,45.747453,21.2208009,1.53,bega_parcuri,walking,0,synthetic_gps
2026-05-15 11:45:06,45.7474278,21.2207625,1.7,bega_parcuri,walking,0,synthetic_gps
2026-05-15 11:45:07,45.7474676,21.2208088,1.56,bega_parcuri,walking,0,synthetic_gps
2026-05-15 11:45:08,45.7474287,21.220829,0.34,bega_parcuri,walking,0,synthetic_gps
2026-05-15 11:45:09,45.7474413,21.2207991,0.19,bega_parcuri,walking,0,synthetic_gps
2026-05-15 11:45:10,45.7474773,21.2208403,1.69,bega_parcuri,walking,0,synthetic_gps
2026-05-15 11:45:11,45.7474206,21.220848,1.59,bega_parcuri,walking,0,synthetic_gps
2026-05-15 11:45:12,45.7474511,21.2208556,1.22,bega_parcuri,walking,0,synthetic_gps
2026-05-15 11:45:13,45.7474081,21.2209237,1.4,bega_parcuri,walking,0,synthetic_gps
2026-05-15 11:45:14,45.7474254,21.2208804,1.22,bega_parcuri,walking,0,synthetic_gps
2026-05-15 11:45:15,45.7474366,21.220865,4.13,bega_parcuri,walking,0,synthetic_gps
2026-05-15 11:45:16,45.7474692,21.2209032,4.52,bega_parcuri,walking,0,synthetic_gps
2026-05-15 11:45:17,45.7474279,21.2209167,4.08,bega_parcuri,walking,0,synthetic_gps
2026-05-15 11:45:18,45.7474334,21.2209207,3.96,bega_parcuri,walking,0,synthetic_gps
2026-05-15 11:45:19,45.7474649,21.2209435,4.27,bega_parcuri,walking,0,synthetic_gps
2026-05-15 11:45:20,45.7473908,21.220993,4.01,bega_parcuri,walking,0,synthetic_gps
2026-05-15 11:45:21,45.7474313,21.2209815,4.11,bega_parcuri,walking,0,synthetic_gps
2026-05-15 11:45:22,45.747451,21.2209634,4.96,bega_parcuri,walking,0,synthetic_gps
2026-05-15 11:45:23,45.7474185,21.2210117,4.76,bega_parcuri,walking,0,synthetic_gps
2026-05-15 11:45:24,45.7474115,21.2210183,3.43,bega_parcuri,walking,0,synthetic_gps
2026-05-15 11:45:25,45.7474017,21.2210196,3.91,bega_parcuri,walking,0,synthetic_gps
2026-05-15 11:45:26,45.7474389,21.2209923,4.26,bega_parcuri,walking,0,synthetic_gps
2026-05-15 11:45:27,45.747377,21.2210519,5.2,bega_parcuri,walking,0,synthetic_gps
2026-05-15 11:45:28,45.7474094,21.2210284,4.09,bega_parcuri,walking,0,synthetic_gps
2026-05-15 11:45:29,45.747448,21.2210739,3.75,bega_parcuri,walking,0,synthetic_gps
2026-05-15 11:45:30,45.7474414,21.2211037,4.43,bega_parcuri,walking,0,synthetic_gps
2026-05-15 11:45:31,45.747417,21.2211108,4.28,bega_parcuri,walking,0,synthetic_gps
2026-05-15 11:45:32,45.7474349,21.2211368,3.7,bega_parcuri,walking,0,synthetic_gps
2026-05-15 11:45:33,45.7473589,21.2211052,3.43,bega_parcuri,walking,0,synthetic_gps
2026-05-15 11:45:34,45.7474017,21.2211555,5.36,bega_parcuri,walking,0,synthetic_gps
2026-05-15 11:45:35,45.7474096,21.2211739,3.98,bega_parcuri,walking,0,synthetic_gps
2026-05-15 11:45:36,45.747386,21.2211819,3.37,bega_parcuri,walking,0,synthetic_gps
2026-05-15 11:45:37,45.7474037,21.2211705,5.37,bega_parcuri,walking,0,synthetic_gps
2026-05-15 11:45:38,45.7474116,21.2211675,4.68,bega_parcuri,walking,0,synthetic_gps
2026-05-15 11:45:39,45.7473561,21.2211667,4.71,bega_parcuri,walking,0,synthetic_gps
2026-05-15 11:45:40,45.747413,21.2211633,3.92,bega_parcuri,walking,0,synthetic_gps
2026-05-15 11:45:41,45.7473867,21.2212011,4.59,bega_parcuri,walking,0,synthetic_gps
2026-05-15 11:45:42,45.7474378,21.2212551,3.8,bega_parcuri,walking,0,synthetic_gps
2026-05-15 11:45:43,45.7473923,21.2212739,4.31,bega_parcuri,walking,0,synthetic_gps
2026-05-15 11:45:44,45.7474216,21.2212834,4.39,bega_parcuri,walking,0,synthetic_gps
2026-05-15 11:45:45,45.7474068,21.221262,3.45,bega_parcuri,walking,0,synthetic_gps
2026-05-15 11:45:46,45.7474527,21.2213135,4.46,bega_parcuri,walking,0,synthetic_gps
2026-05-15 11:45:47,45.7474185,21.2213095,6.23,bega_parcuri,walking,0,synthetic_gps
2026-05-15 11:45:48,45.7474161,21.221276,3.97,bega_parcuri,walking,0,synthetic_gps
2026-05-15 11:45:49,45.7474118,21.2213193,5.87,bega_parcuri,walking,0,synthetic_gps
2026-05-15 11:45:50,45.7473828,21.2213485,5.37,bega_parcuri,walking,0,synthetic_gps
2026-05-15 11:45:51,45.7474273,21.2213475,5.07,bega_parcuri,walking,0,synthetic_gps
2026-05-15 11:45:52,45.7473708,21.2213578,5.73,bega_parcuri,walking,0,synthetic_gps
2026-05-15 11:45:53,45.7473538,21.2213682,4.89,bega_parcuri,walking,0,synthetic_gps
2026-05-15 11:45:54,45.7473709,21.2213656,4.36,bega_parcuri,walking,0,synthetic_gps
2026-05-15 11:45:55,45.7473973,21.2214162,5.5,bega_parcuri,walking,0,synthetic_gps
2026-05-15 11:45:56,45.747381,21.2213963,5.79,bega_parcuri,walking,0,synthetic_gps
2026-05-15 11:45:57,45.7474306,21.2214203,4.0,bega_parcuri,walking,0,synthetic_gps
2026-05-15 11:45:58,45.7474162,21.2214546,3.24,bega_parcuri,walking,0,synthetic_gps
2026-05-15 11:45:59,45.7473948,21.2214311,5.44,bega_parcuri,walking,0,synthetic_gps
2026-05-15 11:46:00,45.7473695,21.2214783,4.73,bega_parcuri,walking,0,synthetic_gps
2026-05-15 11:46:01,45.7473145,21.2214874,4.69,bega_parcuri,walking,0,synthetic_gps
2026-05-15 11:46:02,45.7474068,21.2215436,4.41,bega_parcuri,walking,0,synthetic_gps
2026-05-15 11:46:03,45.7473649,21.2214982,4.49,bega_parcuri,walking,0,synthetic_gps
2026-05-15 11:46:04,45.7474253,21.2214467,5.2,bega_parcuri,walking,0,synthetic_gps
2026-05-15 11:46:05,45.7473699,21.2214959,4.62,bega_parcuri,walking,0,synthetic_gps
2026-05-15 11:46:06,45.7474168,21.2215412,4.41,bega_parcuri,walking,0,synthetic_gps
2026-05-15 11:46:07,45.7474105,21.2215175,5.0,bega_parcuri,walking,0,synthetic_gps
2026-05-15 11:46:08,45.7473751,21.2214925,5.33,bega_parcuri,walking,0,synthetic_gps
2026-05-15 11:46:09,45.7473809,21.2215469,5.05,bega_parcuri,walking,0,synthetic_gps
2026-05-15 11:46:10,45.747407,21.2215592,4.01,bega_parcuri,walking,0,synthetic_gps
2026-05-15 11:46:11,45.7474113,21.2215592,4.73,bega_parcuri,walking,0,synthetic_gps
2026-05-15 11:46:12,45.7473737,21.2216497,4.5,bega_parcuri,walking,0,synthetic_gps
2026-05-15 11:46:13,45.747399,21.2216288,4.77,bega_parcuri,walking,0,synthetic_gps
2026-05-15 11:46:14,45.7473757,21.2216272,5.37,bega_parcuri,walking,0,synthetic_gps
2026-05-15 11:46:15,45.7474014,21.2216672,4.37,bega_parcuri,walking,0,synthetic_gps
2026-05-15 11:46:16,45.7473592,21.2216293,0.58,bega_parcuri,walking,0,synthetic_gps
2026-05-15 11:46:17,45.747376,21.2216796,4.3,bega_parcuri,walking,0,synthetic_gps
2026-05-15 11:46:18,45.7473703,21.2216671,3.31,bega_parcuri,walking,0,synthetic_gps
2026-05-15 11:46:19,45.7473985,21.2216934,4.03,bega_parcuri,walking,0,synthetic_gps
2026-05-15 11:46:20,45.7473795,21.2216725,5.96,bega_parcuri,walking,0,synthetic_gps
2026-05-15 11:46:21,45.7474312,21.2217153,4.97,bega_parcuri,walking,0,synthetic_gps
2026-05-15 11:46:22,45.7473638,21.2217449,4.76,bega_parcuri,walking,0,synthetic_gps
2026-05-15 11:46:23,45.7473688,21.2217627,5.57,bega_parcuri,walking,0,synthetic_gps
2026-05-15 11:46:24,45.7473385,21.2217959,4.35,bega_parcuri,walking,0,synthetic_gps
2026-05-15 11:46:25,45.7473944,21.221724,5.18,bega_parcuri,walking,0,synthetic_gps
2026-05-15 11:46:26,45.7473672,21.2217921,3.65,bega_parcuri,walking,0,synthetic_gps
2026-05-15 11:46:27,45.7473864,21.2218003,3.7,bega_parcuri,walking,0,synthetic_gps
2026-05-15 11:46:28,45.7473849,21.221838,4.07,bega_parcuri,walking,0,synthetic_gps
2026-05-15 11:46:29,45.7473756,21.2218192,5.07,bega_parcuri,walking,0,synthetic_gps
2026-05-15 11:46:30,45.7473646,21.2218201,4.29,bega_parcuri,walking,0,synthetic_gps
2026-05-15 11:46:31,45.7473744,21.2217679,4.55,bega_parcuri,walking,0,synthetic_gps
2026-05-15 11:46:32,45.747397,21.2218701,1.21,bega_parcuri,walking,0,synthetic_gps
2026-05-15 11:46:33,45.7473842,21.2218272,4.06,bega_parcuri,walking,0,synthetic_gps
2026-05-15 11:46:34,45.7473447,21.2218307,5.3,bega_parcuri,walking,0,synthetic_gps
2026-05-15 11:46:35,45.7473673,21.2218359,3.71,bega_parcuri,walking,0,synthetic_gps
2026-05-15 11:46:36,45.7473455,21.2218725,5.33,bega_parcuri,walking,0,synthetic_gps
2026-05-15 11:46:37,45.7473999,21.2219028,3.78,bega_parcuri,walking,0,synthetic_gps
2026-05-15 11:46:38,45.7474045,21.2218915,4.79,bega_parcuri,walking,0,synthetic_gps
2026-05-15 11:46:39,45.7473703,21.2219461,4.0,bega_parcuri,walking,0,synthetic_gps
2026-05-15 11:46:40,45.7473826,21.2219029,5.67,bega_parcuri,walking,0,synthetic_gps
2026-05-15 11:46:41,45.7473593,21.2219006,3.25,bega_parcuri,walking,0,synthetic_gps
2026-05-15 11:46:42,45.7473162,21.2219902,3.68,bega_parcuri,walking,0,synthetic_gps
2026-05-15 11:46:43,45.7473962,21.2219463,3.09,bega_parcuri,walking,0,synthetic_gps
2026-05-15 11:46:44,45.7473924,21.2219957,4.97,bega_parcuri,walking,0,synthetic_gps
2026-05-15 11:46:45,45.7473759,21.2220159,4.15,bega_parcuri,walking,0,synthetic_gps
2026-05-15 11:46:46,45.7473377,21.222036,5.33,bega_parcuri,walking,0,synthetic_gps
2026-05-15 11:46:47,45.7473523,21.2219737,5.09,bega_parcuri,walking,0,synthetic_gps
2026-05-15 11:46:48,45.747411,21.2220038,3.23,bega_parcuri,walking,0,synthetic_gps
2026-05-15 11:46:49,45.7473321,21.2220843,4.01,bega_parcuri,walking,0,synthetic_gps
2026-05-15 11:46:50,45.7473648,21.2220984,4.66,bega_parcuri,walking,0,synthetic_gps
2026-05-15 11:46:51,45.74734,21.2220651,6.05,bega_parcuri,walking,0,synthetic_gps
2026-05-15 11:46:52,45.747364,21.2221182,5.4,bega_parcuri,walking,0,synthetic_gps
2026-05-15 11:46:53,45.74732,21.2220673,5.4,bega_parcuri,walking,0,synthetic_gps
2026-05-15 11:46:54,45.747338,21.2220635,4.51,bega_parcuri,walking,0,synthetic_gps
2026-05-15 11:46:55,45.7473432,21.2221137,4.75,bega_parcuri,walking,0,synthetic_gps
2026-05-15 11:46:56,45.7473484,21.2221347,4.94,bega_parcuri,walking,0,synthetic_gps
2026-05-15 11:46:57,45.7473671,21.2221676,4.54,bega_parcuri,walking,0,synthetic_gps
2026-05-15 11:46:58,45.7473834,21.2221563,5.42,bega_parcuri,walking,0,synthetic_gps
2026-05-15 11:46:59,45.7473642,21.2221367,4.09,bega_parcuri,walking,0,synthetic_gps
2026-05-15 11:47:00,45.7473158,21.2221597,5.12,bega_parcuri,walking,0,synthetic_gps
2026-05-15 11:47:01,45.7473316,21.2222157,4.07,bega_parcuri,walking,0,synthetic_gps
2026-05-15 11:47:02,45.7473788,21.2222048,3.95,bega_parcuri,walking,0,synthetic_gps
2026-05-15 11:47:03,45.7473747,21.2222667,4.4,bega_parcuri,walking,0,synthetic_gps
2026-05-15 11:47:04,45.7473747,21.2222789,4.09,bega_parcuri,walking,0,synthetic_gps
2026-05-15 11:47:05,45.7473243,21.2222671,6.33,bega_parcuri,walking,0,synthetic_gps
2026-05-15 11:47:06,45.747356,21.2222773,4.39,bega_parcuri,walking,0,synthetic_gps
2026-05-15 11:47:07,45.7473415,21.2222514,4.68,bega_parcuri,walking,0,synthetic_gps
2026-05-15 11:47:08,45.7473385,21.2223091,4.88,bega_parcuri,walking,0,synthetic_gps
2026-05-15 11:47:09,45.7472872,21.222327,4.7,bega_parcuri,walking,0,synthetic_gps
2026-05-15 11:47:10,45.7473944,21.2223091,4.58,bega_parcuri,walking,0,synthetic_gps
2026-05-15 11:47:11,45.7473996,21.2222841,4.81,bega_parcuri,walking,0,synthetic_gps
2026-05-15 11:47:12,45.7472848,21.2223297,3.67,bega_parcuri,walking,0,synthetic_gps
2026-05-15 11:47:13,45.7473141,21.2223541,4.14,bega_parcuri,walking,0,synthetic_gps
2026-05-15 11:47:14,45.7473955,21.2223488,5.21,bega_parcuri,walking,0,synthetic_gps
2026-05-15 11:47:15,45.7473886,21.2223305,4.12,bega_parcuri,walking,0,synthetic_gps
2026-05-15 11:47:16,45.7473671,21.2223424,4.1,bega_parcuri,walking,0,synthetic_gps
2026-05-15 11:47:17,45.74735,21.2223798,4.08,bega_parcuri,walking,0,synthetic_gps
2026-05-15 11:47:18,45.7473573,21.2224167,3.08,bega_parcuri,walking,0,synthetic_gps
2026-05-15 11:47:19,45.7473881,21.2224129,4.11,bega_parcuri,walking,0,synthetic_gps
2026-05-15 11:47:20,45.7473014,21.2223938,3.39,bega_parcuri,walking,0,synthetic_gps
2026-05-15 11:47:21,45.7473338,21.2223964,4.42,bega_parcuri,walking,0,synthetic_gps
2026-05-15 11:47:22,45.7473355,21.2224438,5.03,bega_parcuri,walking,0,synthetic_gps
2026-05-15 11:47:23,45.7473179,21.2224313,3.54,bega_parcuri,walking,0,synthetic_gps
2026-05-15 11:47:24,45.7473687,21.2224875,4.74,bega_parcuri,walking,0,synthetic_gps
2026-05-15 11:47:25,45.7473661,21.22247,2.99,bega_parcuri,walking,0,synthetic_gps
2026-05-15 11:47:26,45.7473471,21.2225187,3.46,bega_parcuri,walking,0,synthetic_gps
2026-05-15 11:47:27,45.7473266,21.2224985,4.92,bega_parcuri,walking,0,synthetic_gps
2026-05-15 11:47:28,45.7473356,21.2225187,3.74,bega_parcuri,walking,0,synthetic_gps
2026-05-15 11:47:29,45.7473398,21.2226065,4.61,bega_parcuri,walking,0,synthetic_gps
2026-05-15 11:47:30,45.7473276,21.2224839,4.62,bega_parcuri,walking,0,synthetic_gps
2026-05-15 11:47:31,45.7473461,21.2225308,4.68,bega_parcuri,walking,0,synthetic_gps
2026-05-15 11:47:32,45.7473237,21.2225587,5.36,bega_parcuri,walking,0,synthetic_gps
2026-05-15 11:47:33,45.7472849,21.2225841,5.47,bega_parcuri,walking,0,synthetic_gps
2026-05-15 11:47:34,45.7473334,21.22257,5.12,bega_parcuri,walking,0,synthetic_gps
2026-05-15 11:47:35,45.7473397,21.2225951,5.98,bega_parcuri,walking,0,synthetic_gps
2026-05-15 11:47:36,45.7473619,21.2225976,3.61,bega_parcuri,walking,0,synthetic_gps
2026-05-15 11:47:37,45.7473186,21.2226321,4.42,bega_parcuri,walking,0,synthetic_gps
2026-05-15 11:47:38,45.7473753,21.2226254,5.19,bega_parcuri,walking,0,synthetic_gps
2026-05-15 11:47:39,45.7472648,21.2226487,5.13,bega_parcuri,walking,0,synthetic_gps
2026-05-15 11:47:40,45.7473097,21.2226349,5.4,bega_parcuri,walking,0,synthetic_gps
2026-05-15 11:47:41,45.7473165,21.2226641,4.0,bega_parcuri,walking,0,synthetic_gps
2026-05-15 11:47:42,45.7473248,21.2226736,4.39,bega_parcuri,walking,0,synthetic_gps
2026-05-15 11:47:43,45.7472784,21.2226661,5.23,bega_parcuri,walking,0,synthetic_gps
2026-05-15 11:47:44,45.7474141,21.2227051,4.68,bega_parcuri,walking,0,synthetic_gps
2026-05-15 11:47:45,45.747279,21.2227301,0.53,bega_parcuri,walking,0,synthetic_gps
2026-05-15 11:47:46,45.7473109,21.2227111,4.54,bega_parcuri,walking,0,synthetic_gps
2026-05-15 11:47:47,45.7472633,21.2227952,4.93,bega_parcuri,walking,0,synthetic_gps
2026-05-15 11:47:48,45.7473312,21.2227945,4.77,bega_parcuri,walking,0,synthetic_gps
2026-05-15 11:47:49,45.7473291,21.2227968,4.55,bega_parcuri,walking,0,synthetic_gps
2026-05-15 11:47:50,45.7472654,21.2227762,4.08,bega_parcuri,walking,0,synthetic_gps
2026-05-15 11:47:51,45.7472994,21.2227658,3.78,bega_parcuri,walking,0,synthetic_gps
2026-05-15 11:47:52,45.7473139,21.2228335,5.09,bega_parcuri,walking,0,synthetic_gps
2026-05-15 11:47:53,45.7472959,21.2228668,4.27,bega_parcuri,walking,0,synthetic_gps
2026-05-15 11:47:54,45.7473209,21.2228331,5.91,bega_parcuri,walking,0,synthetic_gps
2026-05-15 11:47:55,45.7473387,21.2228045,4.8,bega_parcuri,walking,0,synthetic_gps
2026-05-15 11:47:56,45.7472841,21.2228433,4.13,bega_parcuri,walking,0,synthetic_gps
2026-05-15 11:47:57,45.7472908,21.2229027,3.8,bega_parcuri,walking,0,synthetic_gps
2026-05-15 11:47:58,45.7473539,21.2229118,2.99,bega_parcuri,walking,0,synthetic_gps
2026-05-15 11:47:59,45.7473342,21.2228906,4.8,bega_parcuri,walking,0,synthetic_gps
2026-05-15 11:48:00,45.747294,21.2228956,5.19,bega_parcuri,walking,0,synthetic_gps
2026-05-15 11:48:01,45.7473153,21.2229315,5.52,bega_parcuri,walking,0,synthetic_gps
2026-05-15 11:48:02,45.7472764,21.2228874,4.95,bega_parcuri,walking,0,synthetic_gps
2026-05-15 11:48:03,45.747319,21.2229406,3.51,bega_parcuri,walking,0,synthetic_gps
2026-05-15 11:48:04,45.7472903,21.2229611,3.27,bega_parcuri,walking,0,synthetic_gps
2026-05-15 11:48:05,45.7473175,21.2229322,3.94,bega_parcuri,walking,0,synthetic_gps
2026-05-15 11:48:06,45.7472943,21.2229789,4.55,bega_parcuri,walking,0,synthetic_gps
2026-05-15 11:48:07,45.7473123,21.2230005,4.29,bega_parcuri,walking,0,synthetic_gps
2026-05-15 11:48:08,45.7473415,21.2229612,4.23,bega_parcuri,walking,0,synthetic_gps
2026-05-15 11:48:09,45.7472801,21.2229818,4.92,bega_parcuri,walking,0,synthetic_gps
2026-05-15 11:48:10,45.7473056,21.2230541,4.51,bega_parcuri,walking,0,synthetic_gps
2026-05-15 11:48:11,45.7473092,21.2230166,4.99,bega_parcuri,walking,0,synthetic_gps
2026-05-15 11:48:12,45.7473192,21.2230244,5.02,bega_parcuri,walking,0,synthetic_gps
2026-05-15 11:48:13,45.7473231,21.2230658,4.47,bega_parcuri,walking,0,synthetic_gps
2026-05-15 11:48:14,45.7473015,21.2230483,3.28,bega_parcuri,walking,0,synthetic_gps
2026-05-15 11:48:15,45.7472926,21.2230583,4.38,bega_parcuri,walking,0,synthetic_gps
2026-05-15 11:48:16,45.7472547,21.2231004,4.5,bega_parcuri,walking,0,synthetic_gps
2026-05-15 11:48:17,45.7473258,21.2231021,3.69,bega_parcuri,walking,0,synthetic_gps
2026-05-15 11:48:18,45.7473098,21.2231103,4.96,bega_parcuri,walking,0,synthetic_gps
2026-05-15 11:48:19,45.7472954,21.223154,2.75,bega_parcuri,walking,0,synthetic_gps
2026-05-15 11:48:20,45.747334,21.2231662,5.2,bega_parcuri,walking,0,synthetic_gps
2026-05-15 11:48:21,45.7473101,21.2232014,6.16,bega_parcuri,walking,0,synthetic_gps
2026-05-15 11:48:22,45.747315,21.2231368,5.27,bega_parcuri,walking,0,synthetic_gps
2026-05-15 11:48:23,45.7472686,21.2231772,4.07,bega_parcuri,walking,0,synthetic_gps
2026-05-15 11:48:24,45.7473282,21.2232347,4.66,bega_parcuri,walking,0,synthetic_gps
2026-05-15 11:48:25,45.7472656,21.2231715,4.63,bega_parcuri,walking,0,synthetic_gps
2026-05-15 11:48:26,45.747301,21.223203,5.11,bega_parcuri,walking,0,synthetic_gps
2026-05-15 11:48:27,45.7472904,21.2232631,3.8,bega_parcuri,walking,0,synthetic_gps
2026-05-15 11:48:28,45.7472676,21.2231851,4.36,bega_parcuri,walking,0,synthetic_gps
2026-05-15 11:48:29,45.7472765,21.22329,5.71,bega_parcuri,walking,0,synthetic_gps
2026-05-15 11:48:30,45.7473021,21.2232631,4.62,bega_parcuri,walking,0,synthetic_gps
2026-05-15 11:48:31,45.7473091,21.2232565,5.71,bega_parcuri,walking,0,synthetic_gps
2026-05-15 11:48:32,45.7473005,21.2232792,5.25,bega_parcuri,walking,0,synthetic_gps
2026-05-15 11:48:33,45.7472643,21.2232858,0.42,bega_parcuri,walking,0,synthetic_gps
2026-05-15 11:48:34,45.7472638,21.2232735,4.76,bega_parcuri,walking,0,synthetic_gps
2026-05-15 11:48:35,45.7472418,21.2233532,4.98,bega_parcuri,walking,0,synthetic_gps
2026-05-15 11:48:36,45.747238,21.2233214,4.68,bega_parcuri,walking,0,synthetic_gps
2026-05-15 11:48:37,45.7472679,21.2233343,5.27,bega_parcuri,walking,0,synthetic_gps
2026-05-15 11:48:38,45.7472948,21.2233549,4.63,bega_parcuri,walking,0,synthetic_gps
2026-05-15 11:48:39,45.7472872,21.223375,4.49,bega_parcuri,walking,0,synthetic_gps
2026-05-15 11:48:40,45.7472857,21.223427,4.74,bega_parcuri,walking,0,synthetic_gps
2026-05-15 11:48:41,45.7472596,21.2234442,4.36,bega_parcuri,walking,0,synthetic_gps
2026-05-15 11:48:42,45.7473035,21.2234204,5.1,bega_parcuri,walking,0,synthetic_gps
2026-05-15 11:48:43,45.7473178,21.2234296,4.67,bega_parcuri,walking,0,synthetic_gps
2026-05-15 11:48:44,45.7472526,21.2233573,4.38,bega_parcuri,walking,0,synthetic_gps
2026-05-15 11:48:45,45.7472401,21.2234596,3.46,bega_parcuri,walking,0,synthetic_gps
2026-05-15 11:48:46,45.7473009,21.223437,5.43,bega_parcuri,walking,0,synthetic_gps
2026-05-15 11:48:47,45.7472968,21.2234244,4.74,bega_parcuri,walking,0,synthetic_gps
2026-05-15 11:48:48,45.7472509,21.2234847,3.63,bega_parcuri,walking,0,synthetic_gps
2026-05-15 11:48:49,45.7472853,21.2234889,5.23,bega_parcuri,walking,0,synthetic_gps
2026-05-15 11:48:50,45.7472979,21.2235378,4.5,bega_parcuri,walking,0,synthetic_gps
2026-05-15 11:48:51,45.7472785,21.2235104,5.0,bega_parcuri,walking,0,synthetic_gps
2026-05-15 11:48:52,45.7472589,21.2235449,5.41,bega_parcuri,walking,0,synthetic_gps
2026-05-15 11:48:53,45.7472712,21.2235387,4.48,bega_parcuri,walking,0,synthetic_gps
2026-05-15 11:48:54,45.747231,21.2235715,3.99,bega_parcuri,walking,0,synthetic_gps
2026-05-15 11:48:55,45.7472301,21.2235635,4.61,bega_parcuri,walking,0,synthetic_gps
2026-05-15 11:48:56,45.7472827,21.2235276,3.63,bega_parcuri,walking,0,synthetic_gps
2026-05-15 11:48:57,45.7472928,21.2235994,5.0,bega_parcuri,walking,0,synthetic_gps
2026-05-15 11:48:58,45.7472444,21.2236422,3.83,bega_parcuri,walking,0,synthetic_gps
2026-05-15 11:48:59,45.7472526,21.2235992,4.53,bega_parcuri,walking,0,synthetic_gps
2026-05-15 11:49:00,45.747269,21.223643,4.91,bega_parcuri,walking,0,synthetic_gps
2026-05-15 11:49:01,45.7472478,21.2236593,3.65,bega_parcuri,walking,0,synthetic_gps
2026-05-15 11:49:02,45.7472414,21.2236355,3.67,bega_parcuri,walking,0,synthetic_gps
2026-05-15 11:49:03,45.7472929,21.2236556,3.7,bega_parcuri,walking,0,synthetic_gps
2026-05-15 11:49:04,45.7472532,21.2236743,3.34,bega_parcuri,walking,0,synthetic_gps
2026-05-15 11:49:05,45.7472162,21.2236781,3.98,bega_parcuri,walking,0,synthetic_gps
2026-05-15 11:49:06,45.7472317,21.2236777,4.74,bega_parcuri,walking,0,synthetic_gps
2026-05-15 11:49:07,45.7472483,21.2237433,4.96,bega_parcuri,walking,0,synthetic_gps
2026-05-15 11:49:08,45.7473097,21.223722,4.83,bega_parcuri,walking,0,synthetic_gps
2026-05-15 11:49:09,45.747271,21.2237436,3.79,bega_parcuri,walking,0,synthetic_gps
2026-05-15 11:49:10,45.747232,21.2237685,5.2,bega_parcuri,walking,0,synthetic_gps
2026-05-15 11:49:11,45.7472966,21.2237365,4.92,bega_parcuri,walking,0,synthetic_gps
2026-05-15 11:49:12,45.747235,21.2237922,4.91,bega_parcuri,walking,0,synthetic_gps
2026-05-15 11:49:13,45.7472177,21.2238128,5.43,bega_parcuri,walking,0,synthetic_gps
2026-05-15 11:49:14,45.7472266,21.2237827,5.14,bega_parcuri,walking,0,synthetic_gps
2026-05-15 11:49:15,45.7472294,21.2237631,5.14,bega_parcuri,walking,0,synthetic_gps
2026-05-15 11:49:16,45.7472544,21.2238279,4.33,bega_parcuri,walking,0,synthetic_gps
2026-05-15 11:49:17,45.7472559,21.2238081,4.94,bega_parcuri,walking,0,synthetic_gps
2026-05-15 11:49:18,45.747245,21.2238048,4.12,bega_parcuri,walking,0,synthetic_gps
2026-05-15 11:49:19,45.747222,21.2238419,3.89,bega_parcuri,walking,0,synthetic_gps
2026-05-15 11:49:20,45.7472302,21.2238756,4.8,bega_parcuri,walking,0,synthetic_gps
2026-05-15 11:49:21,45.7472716,21.223875,4.4,bega_parcuri,walking,0,synthetic_gps
2026-05-15 11:49:22,45.7472304,21.2239487,3.29,bega_parcuri,walking,0,synthetic_gps
2026-05-15 11:49:23,45.7472323,21.223878,4.94,bega_parcuri,walking,0,synthetic_gps
2026-05-15 11:49:24,45.7472339,21.2239296,5.0,bega_parcuri,walking,0,synthetic_gps
2026-05-15 11:49:25,45.7472759,21.2239279,5.52,bega_parcuri,walking,0,synthetic_gps
2026-05-15 11:49:26,45.74725,21.223959,3.9,bega_parcuri,walking,0,synthetic_gps
2026-05-15 11:49:27,45.7472297,21.2239887,4.82,bega_parcuri,walking,0,synthetic_gps
2026-05-15 11:49:28,45.7472226,21.2239516,3.48,bega_parcuri,walking,0,synthetic_gps
2026-05-15 11:49:29,45.7472036,21.2240013,4.83,bega_parcuri,walking,0,synthetic_gps
2026-05-15 11:49:30,45.7472413,21.223987,5.06,bega_parcuri,walking,0,synthetic_gps
2026-05-15 11:49:31,45.7472651,21.2240016,5.72,bega_parcuri,walking,0,synthetic_gps
2026-05-15 11:49:32,45.7472453,21.2240183,5.29,bega_parcuri,walking,0,synthetic_gps
2026-05-15 11:49:33,45.7472334,21.2240439,4.97,bega_parcuri,walking,0,synthetic_gps
2026-05-15 11:49:34,45.7472574,21.2240408,4.56,bega_parcuri,walking,0,synthetic_gps
2026-05-15 11:49:35,45.7472559,21.2240631,3.92,bega_parcuri,walking,0,synthetic_gps
2026-05-15 11:49:36,45.7472252,21.2240827,4.7,bega_parcuri,walking,0,synthetic_gps
2026-05-15 11:49:37,45.7472413,21.2240998,4.23,bega_parcuri,walking,0,synthetic_gps
2026-05-15 11:49:38,45.7472329,21.2241036,3.39,bega_parcuri,walking,0,synthetic_gps
2026-05-15 11:49:39,45.747202,21.2240975,3.82,bega_parcuri,walking,0,synthetic_gps
2026-05-15 11:49:40,45.747228,21.2241094,3.92,bega_parcuri,walking,0,synthetic_gps
2026-05-15 11:49:41,45.7472217,21.2241447,4.55,bega_parcuri,walking,0,synthetic_gps
2026-05-15 11:49:42,45.7472051,21.224164,3.37,bega_parcuri,walking,0,synthetic_gps
2026-05-15 11:49:43,45.7471934,21.2241425,5.09,bega_parcuri,walking,0,synthetic_gps
2026-05-15 11:49:44,45.7471889,21.2241424,4.17,bega_parcuri,walking,0,synthetic_gps
2026-05-15 11:49:45,45.7472553,21.2242013,4.77,bega_parcuri,walking,0,synthetic_gps
2026-05-15 11:49:46,45.7471769,21.2241744,3.93,bega_parcuri,walking,0,synthetic_gps
2026-05-15 11:49:47,45.7472502,21.2241738,5.62,bega_parcuri,walking,0,synthetic_gps
2026-05-15 11:49:48,45.7472365,21.2242104,4.92,bega_parcuri,walking,0,synthetic_gps
2026-05-15 11:49:49,45.7472107,21.2242182,4.73,bega_parcuri,walking,0,synthetic_gps
2026-05-15 11:49:50,45.7472251,21.2242179,5.08,bega_parcuri,walking,0,synthetic_gps
2026-05-15 11:49:51,45.7472285,21.2242749,4.57,bega_parcuri,walking,0,synthetic_gps
2026-05-15 11:49:52,45.7472221,21.2242584,4.62,bega_parcuri,walking,0,synthetic_gps
2026-05-15 11:49:53,45.747216,21.2242632,3.96,bega_parcuri,walking,0,synthetic_gps
2026-05-15 11:49:54,45.7471756,21.2242942,3.37,bega_parcuri,walking,0,synthetic_gps
2026-05-15 11:49:55,45.7472099,21.2243002,4.65,bega_parcuri,walking,0,synthetic_gps
2026-05-15 11:49:56,45.7472352,21.2242887,3.54,bega_parcuri,walking,0,synthetic_gps
2026-05-15 11:49:57,45.7471877,21.2242849,5.92,bega_parcuri,walking,0,synthetic_gps
2026-05-15 11:49:58,45.7472204,21.2243784,5.4,bega_parcuri,walking,0,synthetic_gps
2026-05-15 11:49:59,45.7472062,21.2243131,5.34,bega_parcuri,walking,0,synthetic_gps
2026-05-15 11:50:00,45.7472075,21.2243594,3.98,bega_parcuri,walking,0,synthetic_gps
2026-05-15 11:50:01,45.7472007,21.2244334,4.64,bega_parcuri,walking,0,synthetic_gps
2026-05-15 11:50:02,45.7471714,21.2243676,6.45,bega_parcuri,walking,0,synthetic_gps
2026-05-15 11:50:03,45.747191,21.2244038,3.47,bega_parcuri,walking,0,synthetic_gps
2026-05-15 11:50:04,45.7472122,21.2244483,5.13,bega_parcuri,walking,0,synthetic_gps
2026-05-15 11:50:05,45.7472092,21.2243994,4.55,bega_parcuri,walking,0,synthetic_gps
2026-05-15 11:50:06,45.7472328,21.2244546,2.87,bega_parcuri,walking,0,synthetic_gps
2026-05-15 11:50:07,45.7471803,21.2244436,4.23,bega_parcuri,walking,0,synthetic_gps
2026-05-15 11:50:08,45.7471737,21.2244377,5.08,bega_parcuri,walking,0,synthetic_gps
2026-05-15 11:50:09,45.7471728,21.2244802,4.3,bega_parcuri,walking,0,synthetic_gps
2026-05-15 11:50:10,45.7472202,21.2244725,3.17,bega_parcuri,walking,0,synthetic_gps
2026-05-15 11:50:11,45.747212,21.2244917,4.84,bega_parcuri,walking,0,synthetic_gps
2026-05-15 11:50:12,45.7472124,21.2244719,4.14,bega_parcuri,walking,0,synthetic_gps
2026-05-15 11:50:13,45.7472069,21.2245052,5.4,bega_parcuri,walking,0,synthetic_gps
2026-05-15 11:50:14,45.7471908,21.2245307,5.47,bega_parcuri,walking,0,synthetic_gps
2026-05-15 11:50:15,45.7471871,21.2245321,4.33,bega_parcuri,walking,0,synthetic_gps
2026-05-15 11:50:16,45.7472073,21.2245523,4.9,bega_parcuri,walking,0,synthetic_gps
2026-05-15 11:50:17,45.7472102,21.2245826,3.76,bega_parcuri,walking,0,synthetic_gps
2026-05-15 11:50:18,45.7471958,21.2245717,0.63,bega_parcuri,walking,0,synthetic_gps
2026-05-15 11:50:19,45.7471922,21.2245958,3.94,bega_parcuri,walking,0,synthetic_gps
2026-05-15 11:50:20,45.7471649,21.2246028,3.57,bega_parcuri,walking,0,synthetic_gps
2026-05-15 11:50:21,45.7471797,21.2246111,5.1,bega_parcuri,walking,0,synthetic_gps
2026-05-15 11:50:22,45.7471768,21.2246343,4.82,bega_parcuri,walking,0,synthetic_gps
2026-05-15 11:50:23,45.7471615,21.2246385,5.12,bega_parcuri,walking,0,synthetic_gps
2026-05-15 11:50:24,45.7472376,21.2246403,3.35,bega_parcuri,walking,0,synthetic_gps
2026-05-15 11:50:25,45.7472161,21.2246632,5.96,bega_parcuri,walking,0,synthetic_gps
2026-05-15 11:50:26,45.7471441,21.2247214,0.81,bega_parcuri,walking,0,synthetic_gps
2026-05-15 11:50:27,45.7471791,21.2246957,5.18,bega_parcuri,walking,0,synthetic_gps
2026-05-15 11:50:28,45.7471519,21.2247274,5.16,bega_parcuri,walking,0,synthetic_gps
2026-05-15 11:50:29,45.7471858,21.2246847,5.15,bega_parcuri,walking,0,synthetic_gps
2026-05-15 11:50:30,45.7472049,21.224676,4.68,bega_parcuri,walking,0,synthetic_gps
2026-05-15 11:50:31,45.7472327,21.2247351,3.76,bega_parcuri,walking,0,synthetic_gps
2026-05-15 11:50:32,45.7472409,21.2247131,3.26,bega_parcuri,walking,0,synthetic_gps
2026-05-15 11:50:33,45.7471863,21.2247662,5.29,bega_parcuri,walking,0,synthetic_gps
2026-05-15 11:50:34,45.7471786,21.2247,3.62,bega_parcuri,walking,0,synthetic_gps
2026-05-15 11:50:35,45.7472139,21.2247716,4.18,bega_parcuri,walking,0,synthetic_gps
2026-05-15 11:50:36,45.7471944,21.2247723,4.62,bega_parcuri,walking,0,synthetic_gps
2026-05-15 11:50:37,45.7471948,21.224763,4.13,bega_parcuri,walking,0,synthetic_gps
2026-05-15 11:50:38,45.7471516,21.2248317,4.38,bega_parcuri,walking,0,synthetic_gps
2026-05-15 11:50:39,45.7471819,21.2248125,4.76,bega_parcuri,walking,0,synthetic_gps
2026-05-15 11:50:40,45.7471957,21.2248287,4.7,bega_parcuri,walking,0,synthetic_gps
2026-05-15 11:50:41,45.7471937,21.2248571,4.27,bega_parcuri,walking,0,synthetic_gps
2026-05-15 11:50:42,45.7471822,21.2248693,3.42,bega_parcuri,walking,0,synthetic_gps
2026-05-15 11:50:43,45.7471483,21.2248929,4.81,bega_parcuri,walking,0,synthetic_gps
2026-05-15 11:50:44,45.7471674,21.2249129,3.47,bega_parcuri,walking,0,synthetic_gps
2026-05-15 11:50:45,45.7471483,21.2248624,4.27,bega_parcuri,walking,0,synthetic_gps
2026-05-15 11:50:46,45.7471445,21.2249084,4.66,bega_parcuri,walking,0,synthetic_gps
2026-05-15 11:50:47,45.7471869,21.2249024,5.92,bega_parcuri,walking,0,synthetic_gps
2026-05-15 11:50:48,45.7471837,21.2249362,4.87,bega_parcuri,walking,0,synthetic_gps
2026-05-15 11:50:49,45.7471245,21.2250011,3.16,bega_parcuri,walking,0,synthetic_gps
2026-05-15 11:50:50,45.7471445,21.2249791,5.41,bega_parcuri,walking,0,synthetic_gps
2026-05-15 11:50:51,45.7471543,21.2249212,4.68,bega_parcuri,walking,0,synthetic_gps
2026-05-15 11:50:52,45.7471501,21.2249798,5.06,bega_parcuri,walking,0,synthetic_gps
2026-05-15 11:50:53,45.7472118,21.2250099,4.15,bega_parcuri,walking,0,synthetic_gps
2026-05-15 11:50:54,45.7471537,21.2250159,3.63,bega_parcuri,walking,0,synthetic_gps
2026-05-15 11:50:55,45.7471675,21.2250325,5.29,bega_parcuri,walking,0,synthetic_gps
2026-05-15 11:50:56,45.7471791,21.2250232,5.1,bega_parcuri,walking,0,synthetic_gps
2026-05-15 11:50:57,45.7472044,21.2250745,3.84,bega_parcuri,walking,0,synthetic_gps
2026-05-15 11:50:58,45.7471711,21.2249924,4.62,bega_parcuri,walking,0,synthetic_gps
2026-05-15 11:50:59,45.7471542,21.2250295,5.41,bega_parcuri,walking,0,synthetic_gps
2026-05-15 11:51:00,45.7471781,21.22509,3.64,bega_parcuri,walking,0,synthetic_gps
2026-05-15 11:51:01,45.7472107,21.2251112,4.02,bega_parcuri,walking,0,synthetic_gps
2026-05-15 11:51:02,45.7471473,21.2251339,0.63,bega_parcuri,walking,0,synthetic_gps
2026-05-15 11:51:03,45.7471484,21.2251232,3.51,bega_parcuri,walking,0,synthetic_gps
2026-05-15 11:51:04,45.7471687,21.2251613,5.57,bega_parcuri,walking,0,synthetic_gps
2026-05-15 11:51:05,45.7472166,21.2251218,4.59,bega_parcuri,walking,0,synthetic_gps
2026-05-15 11:51:06,45.7471485,21.2251884,4.79,bega_parcuri,walking,0,synthetic_gps
2026-05-15 11:51:07,45.7471307,21.2251798,4.53,bega_parcuri,walking,0,synthetic_gps
2026-05-15 11:51:08,45.747161,21.2251796,3.71,bega_parcuri,walking,0,synthetic_gps
2026-05-15 11:51:09,45.7471831,21.2251731,3.43,bega_parcuri,walking,0,synthetic_gps
2026-05-15 11:51:10,45.7471301,21.2252228,4.78,bega_parcuri,walking,0,synthetic_gps
2026-05-15 11:51:11,45.7471426,21.2252151,4.02,bega_parcuri,walking,0,synthetic_gps
2026-05-15 11:51:12,45.7471432,21.2252266,5.67,bega_parcuri,walking,0,synthetic_gps
2026-05-15 11:51:13,45.7471626,21.2252095,4.81,bega_parcuri,walking,0,synthetic_gps
2026-05-15 11:51:14,45.7471987,21.2252333,3.98,bega_parcuri,walking,0,synthetic_gps
2026-05-15 11:51:15,45.7471446,21.2252632,5.69,bega_parcuri,walking,0,synthetic_gps
2026-05-15 11:51:16,45.7471731,21.2253093,3.64,bega_parcuri,walking,0,synthetic_gps
2026-05-15 11:51:17,45.747137,21.22529,4.83,bega_parcuri,walking,0,synthetic_gps
2026-05-15 11:51:18,45.7471715,21.2252967,4.39,bega_parcuri,walking,0,synthetic_gps
2026-05-15 11:51:19,45.7471632,21.2252806,0.09,bega_parcuri,walking,0,synthetic_gps
2026-05-15 11:51:20,45.747153,21.2253277,4.08,bega_parcuri,walking,0,synthetic_gps
2026-05-15 11:51:21,45.747149,21.2252982,4.93,bega_parcuri,walking,0,synthetic_gps
2026-05-15 11:51:22,45.747179,21.2253334,4.38,bega_parcuri,walking,0,synthetic_gps
2026-05-15 11:51:23,45.7471505,21.2253693,4.91,bega_parcuri,walking,0,synthetic_gps
2026-05-15 11:51:24,45.747161,21.2253212,4.04,bega_parcuri,walking,0,synthetic_gps
2026-05-15 11:51:25,45.7471406,21.2253878,4.62,bega_parcuri,walking,0,synthetic_gps
2026-05-15 11:51:26,45.7471538,21.2254236,4.48,bega_parcuri,walking,0,synthetic_gps
2026-05-15 11:51:27,45.7471232,21.2253794,4.8,bega_parcuri,walking,0,synthetic_gps
2026-05-15 11:51:28,45.7471652,21.2253919,3.54,bega_parcuri,walking,0,synthetic_gps
2026-05-15 11:51:29,45.74718,21.2254204,3.19,bega_parcuri,walking,0,synthetic_gps
2026-05-15 11:51:30,45.7471602,21.2254337,4.71,bega_parcuri,walking,0,synthetic_gps
2026-05-15 11:51:31,45.7471859,21.2254485,4.95,bega_parcuri,walking,0,synthetic_gps
2026-05-15 11:51:32,45.7471737,21.2254062,4.49,bega_parcuri,walking,0,synthetic_gps
2026-05-15 11:51:33,45.7471027,21.2254896,2.9,bega_parcuri,walking,0,synthetic_gps
2026-05-15 11:51:34,45.747153,21.2255035,4.88,bega_parcuri,walking,0,synthetic_gps
2026-05-15 11:51:35,45.7471481,21.2255042,4.24,bega_parcuri,walking,0,synthetic_gps
2026-05-15 11:51:36,45.7471683,21.2255275,3.88,bega_parcuri,walking,0,synthetic_gps
2026-05-15 11:51:37,45.7471685,21.2254736,4.85,bega_parcuri,walking,0,synthetic_gps
2026-05-15 11:51:38,45.7471389,21.225561,4.67,bega_parcuri,walking,0,synthetic_gps
2026-05-15 11:51:39,45.7471284,21.2255448,4.33,bega_parcuri,walking,0,synthetic_gps
2026-05-15 11:51:40,45.7471708,21.2255765,5.87,bega_parcuri,walking,0,synthetic_gps
2026-05-15 11:51:41,45.7471253,21.2255198,5.38,bega_parcuri,walking,0,synthetic_gps
2026-05-15 11:51:42,45.7471367,21.2255751,3.58,bega_parcuri,walking,0,synthetic_gps
2026-05-15 11:51:43,45.7471339,21.2255978,4.83,bega_parcuri,walking,0,synthetic_gps
2026-05-15 11:51:44,45.7471699,21.2256516,5.28,bega_parcuri,walking,0,synthetic_gps
2026-05-15 11:51:45,45.7471373,21.2256214,4.39,bega_parcuri,walking,0,synthetic_gps
2026-05-15 11:51:46,45.7471135,21.2256415,4.5,bega_parcuri,walking,0,synthetic_gps
2026-05-15 11:51:47,45.7470944,21.225652,4.89,bega_parcuri,walking,0,synthetic_gps
2026-05-15 11:51:48,45.7471905,21.2256676,4.5,bega_parcuri,walking,0,synthetic_gps
2026-05-15 11:51:49,45.7471425,21.2256606,4.9,bega_parcuri,walking,0,synthetic_gps
2026-05-15 11:51:50,45.7471789,21.2256828,0.79,bega_parcuri,walking,0,synthetic_gps
2026-05-15 11:51:51,45.747153,21.2257003,3.86,bega_parcuri,walking,0,synthetic_gps
2026-05-15 11:51:52,45.7471587,21.2257114,4.45,bega_parcuri,walking,0,synthetic_gps
2026-05-15 11:51:53,45.747145,21.2257369,3.98,bega_parcuri,walking,0,synthetic_gps
2026-05-15 11:51:54,45.7471713,21.2257276,4.83,bega_parcuri,walking,0,synthetic_gps
2026-05-15 11:51:55,45.7471264,21.2257894,4.33,bega_parcuri,walking,0,synthetic_gps
2026-05-15 11:51:56,45.7471592,21.2257427,4.83,bega_parcuri,walking,0,synthetic_gps
2026-05-15 11:51:57,45.7471196,21.2257344,4.57,bega_parcuri,walking,0,synthetic_gps
2026-05-15 11:51:58,45.7471654,21.2257894,4.82,bega_parcuri,walking,0,synthetic_gps
2026-05-15 11:51:59,45.7471743,21.2258096,4.12,bega_parcuri,walking,0,synthetic_gps
2026-05-15 11:52:00,45.7471479,21.2258047,4.73,bega_parcuri,walking,0,synthetic_gps
2026-05-15 11:52:01,45.7471597,21.225828,4.38,bega_parcuri,walking,0,synthetic_gps
2026-05-15 11:52:02,45.7471951,21.2258278,4.67,bega_parcuri,walking,0,synthetic_gps
2026-05-15 11:52:03,45.7471237,21.2258254,4.71,bega_parcuri,walking,0,synthetic_gps
2026-05-15 11:52:04,45.747087,21.2259222,5.06,bega_parcuri,walking,0,synthetic_gps
2026-05-15 11:52:05,45.7471595,21.2258861,4.67,bega_parcuri,walking,0,synthetic_gps
2026-05-15 11:52:06,45.7471262,21.2258747,3.43,bega_parcuri,walking,0,synthetic_gps
2026-05-15 11:52:07,45.7471432,21.2258947,4.18,bega_parcuri,walking,0,synthetic_gps
2026-05-15 11:52:08,45.7471634,21.2258885,4.77,bega_parcuri,walking,0,synthetic_gps
2026-05-15 11:52:09,45.7471211,21.2258962,3.57,bega_parcuri,walking,0,synthetic_gps
2026-05-15 11:52:10,45.747151,21.2259045,4.04,bega_parcuri,walking,0,synthetic_gps
2026-05-15 11:52:11,45.7471671,21.2259565,5.61,bega_parcuri,walking,0,synthetic_gps
2026-05-15 11:52:12,45.7471333,21.2260013,5.59,bega_parcuri,walking,0,synthetic_gps
2026-05-15 11:52:13,45.7471331,21.2259673,4.53,bega_parcuri,walking,0,synthetic_gps
2026-05-15 11:52:14,45.747132,21.2259369,4.09,bega_parcuri,walking,0,synthetic_gps
2026-05-15 11:52:15,45.7471537,21.2259771,3.98,bega_parcuri,walking,0,synthetic_gps
2026-05-15 11:52:16,45.7471621,21.2260299,4.07,bega_parcuri,walking,0,synthetic_gps
2026-05-15 11:52:17,45.7471219,21.2259488,5.39,bega_parcuri,walking,0,synthetic_gps
2026-05-15 11:52:18,45.747155,21.2259868,3.96,bega_parcuri,walking,0,synthetic_gps
2026-05-15 11:52:19,45.7471046,21.2260508,4.11,bega_parcuri,walking,0,synthetic_gps
2026-05-15 11:52:20,45.7471404,21.2260867,4.36,bega_parcuri,walking,0,synthetic_gps
2026-05-15 11:52:21,45.7471327,21.2260893,5.36,bega_parcuri,walking,0,synthetic_gps
2026-05-15 11:52:22,45.7471398,21.2261248,4.52,bega_parcuri,walking,0,synthetic_gps
2026-05-15 11:52:23,45.7471141,21.2260929,4.96,bega_parcuri,walking,0,synthetic_gps
2026-05-15 11:52:24,45.7471166,21.2261059,4.46,bega_parcuri,walking,0,synthetic_gps
2026-05-15 11:52:25,45.747094,21.2261228,3.81,bega_parcuri,walking,0,synthetic_gps
2026-05-15 11:52:26,45.747105,21.2260929,3.89,bega_parcuri,walking,0,synthetic_gps
2026-05-15 11:52:27,45.7471035,21.2261143,2.54,bega_parcuri,walking,0,synthetic_gps
2026-05-15 11:52:28,45.7470881,21.2261743,7.0,bega_parcuri,walking,0,synthetic_gps
2026-05-15 11:52:29,45.7471768,21.226122,5.08,bega_parcuri,walking,0,synthetic_gps
2026-05-15 11:52:30,45.747115,21.2261729,5.95,bega_parcuri,walking,0,synthetic_gps
2026-05-15 11:52:31,45.7471005,21.2261314,4.62,bega_parcuri,walking,0,synthetic_gps
2026-05-15 11:52:32,45.7471178,21.2261597,6.1,bega_parcuri,walking,0,synthetic_gps
2026-05-15 11:52:33,45.7471385,21.2262269,5.36,bega_parcuri,walking,0,synthetic_gps
2026-05-15 11:52:34,45.7471493,21.2262283,5.44,bega_parcuri,walking,0,synthetic_gps
2026-05-15 11:52:35,45.7471721,21.2262068,5.67,bega_parcuri,walking,0,synthetic_gps
2026-05-15 11:52:36,45.7471275,21.226259,4.72,bega_parcuri,walking,0,synthetic_gps
2026-05-15 11:52:37,45.7471346,21.226324,4.39,bega_parcuri,walking,0,synthetic_gps
2026-05-15 11:52:38,45.7471247,21.2263212,4.75,bega_parcuri,walking,0,synthetic_gps
2026-05-15 11:52:39,45.7471008,21.2262738,4.84,bega_parcuri,walking,0,synthetic_gps
2026-05-15 11:52:40,45.7471001,21.2262768,3.29,bega_parcuri,walking,0,synthetic_gps
2026-05-15 11:52:41,45.747109,21.226283,5.58,bega_parcuri,walking,0,synthetic_gps
2026-05-15 11:52:42,45.7471249,21.2262959,4.55,bega_parcuri,walking,0,synthetic_gps
2026-05-15 11:52:43,45.7471251,21.2264064,5.45,bega_parcuri,walking,0,synthetic_gps
2026-05-15 11:52:44,45.7470985,21.2263576,4.46,bega_parcuri,walking,0,synthetic_gps
2026-05-15 11:52:45,45.7471195,21.2263684,3.61,bega_parcuri,walking,0,synthetic_gps
2026-05-15 11:52:46,45.7471156,21.2263615,3.79,bega_parcuri,walking,0,synthetic_gps
2026-05-15 11:52:47,45.7471353,21.2263681,3.41,bega_parcuri,walking,0,synthetic_gps
2026-05-15 11:52:48,45.7471432,21.2263891,3.53,bega_parcuri,walking,0,synthetic_gps
2026-05-15 11:52:49,45.7471186,21.2264252,4.34,bega_parcuri,walking,0,synthetic_gps
2026-05-15 11:52:50,45.7470887,21.226422,0.76,bega_parcuri,walking,0,synthetic_gps
2026-05-15 11:52:51,45.7470915,21.2264264,4.02,bega_parcuri,walking,0,synthetic_gps
2026-05-15 11:52:52,45.7471378,21.2264231,4.28,bega_parcuri,walking,0,synthetic_gps
2026-05-15 11:52:53,45.7471563,21.2263907,3.98,bega_parcuri,walking,0,synthetic_gps
2026-05-15 11:52:54,45.7471186,21.2264172,5.12,bega_parcuri,walking,0,synthetic_gps
2026-05-15 11:52:55,45.7471506,21.2264904,3.94,bega_parcuri,walking,0,synthetic_gps
2026-05-15 11:52:56,45.7471407,21.2264901,4.89,bega_parcuri,walking,0,synthetic_gps
2026-05-15 11:52:57,45.7471215,21.2264729,4.74,bega_parcuri,walking,0,synthetic_gps
2026-05-15 11:52:58,45.7471037,21.2265271,4.54,bega_parcuri,walking,0,synthetic_gps
2026-05-15 11:52:59,45.7470848,21.2265287,3.69,bega_parcuri,walking,0,synthetic_gps
2026-05-15 11:53:00,45.7470967,21.2265007,5.17,bega_parcuri,walking,0,synthetic_gps
2026-05-15 11:53:01,45.7471062,21.2265789,5.32,bega_parcuri,walking,0,synthetic_gps
2026-05-15 11:53:02,45.7470974,21.2265424,5.18,bega_parcuri,walking,0,synthetic_gps
2026-05-15 11:53:03,45.7471254,21.2265467,4.16,bega_parcuri,walking,0,synthetic_gps
2026-05-15 11:53:04,45.7471354,21.2265953,3.39,bega_parcuri,walking,0,synthetic_gps
2026-05-15 11:53:05,45.74708,21.2266331,4.89,bega_parcuri,walking,0,synthetic_gps
2026-05-15 11:53:06,45.7470731,21.2266115,4.55,bega_parcuri,walking,0,synthetic_gps
2026-05-15 11:53:07,45.7471228,21.2266097,6.09,bega_parcuri,walking,0,synthetic_gps
2026-05-15 11:53:08,45.7471611,21.2266147,5.03,bega_parcuri,walking,0,synthetic_gps
2026-05-15 11:53:09,45.74707,21.2266626,4.58,bega_parcuri,walking,0,synthetic_gps
2026-05-15 11:53:10,45.7470874,21.2266987,0.39,bega_parcuri,walking,0,synthetic_gps
2026-05-15 11:53:11,45.7471192,21.2266887,4.6,bega_parcuri,walking,0,synthetic_gps
2026-05-15 11:53:12,45.747098,21.2266747,5.27,bega_parcuri,walking,0,synthetic_gps
2026-05-15 11:53:13,45.7471021,21.2267075,4.32,bega_parcuri,walking,0,synthetic_gps
2026-05-15 11:53:14,45.7471084,21.2267188,4.51,bega_parcuri,walking,0,synthetic_gps
2026-05-15 11:53:15,45.7471087,21.2267446,3.64,bega_parcuri,walking,0,synthetic_gps
2026-05-15 11:53:16,45.7471073,21.2267456,4.5,bega_parcuri,walking,0,synthetic_gps
2026-05-15 11:53:17,45.7471156,21.2267031,3.7,bega_parcuri,walking,0,synthetic_gps
2026-05-15 11:53:18,45.7471253,21.22671,5.02,bega_parcuri,walking,0,synthetic_gps
2026-05-15 11:53:19,45.747111,21.2267569,5.1,bega_parcuri,walking,0,synthetic_gps
2026-05-15 11:53:20,45.7471137,21.2267805,4.46,bega_parcuri,walking,0,synthetic_gps
2026-05-15 11:53:21,45.7471345,21.2267758,3.88,bega_parcuri,walking,0,synthetic_gps
2026-05-15 11:53:22,45.7471127,21.2268065,3.01,bega_parcuri,walking,0,synthetic_gps
2026-05-15 11:53:23,45.7471247,21.2267885,1.0,bega_parcuri,walking,0,synthetic_gps
2026-05-15 11:53:24,45.7471043,21.2268479,5.13,bega_parcuri,walking,0,synthetic_gps
2026-05-15 11:53:25,45.7470931,21.2268557,4.23,bega_parcuri,walking,0,synthetic_gps
2026-05-15 11:53:26,45.7470943,21.2268432,3.75,bega_parcuri,walking,0,synthetic_gps
2026-05-15 11:53:27,45.7471038,21.2268621,5.32,bega_parcuri,walking,0,synthetic_gps
2026-05-15 11:53:28,45.7471558,21.2268544,4.87,bega_parcuri,walking,0,synthetic_gps
2026-05-15 11:53:29,45.7471068,21.2269133,0.65,bega_parcuri,walking,0,synthetic_gps
2026-05-15 11:53:30,45.7470629,21.2269122,3.88,bega_parcuri,walking,0,synthetic_gps
2026-05-15 11:53:31,45.7471028,21.2269462,2.75,bega_parcuri,walking,0,synthetic_gps
2026-05-15 11:53:32,45.7470785,21.2269228,5.76,bega_parcuri,walking,0,synthetic_gps
2026-05-15 11:53:33,45.7471075,21.2268722,3.63,bega_parcuri,walking,0,synthetic_gps
2026-05-15 11:53:34,45.7470846,21.2270074,5.2,bega_parcuri,walking,0,synthetic_gps
2026-05-15 11:53:35,45.7470998,21.2269464,5.4,bega_parcuri,walking,0,synthetic_gps
2026-05-15 11:53:36,45.7471017,21.2269679,4.71,bega_parcuri,walking,0,synthetic_gps
2026-05-15 11:53:37,45.7471299,21.2269709,4.1,bega_parcuri,walking,0,synthetic_gps
2026-05-15 11:53:38,45.7470524,21.227026,4.29,bega_parcuri,walking,0,synthetic_gps
2026-05-15 11:53:39,45.7470765,21.2269803,4.56,bega_parcuri,walking,0,synthetic_gps
2026-05-15 11:53:40,45.7470974,21.2269634,3.94,bega_parcuri,walking,0,synthetic_gps
2026-05-15 11:53:41,45.7470761,21.2270383,4.22,bega_parcuri,walking,0,synthetic_gps
2026-05-15 11:53:42,45.7470674,21.2271172,5.02,bega_parcuri,walking,0,synthetic_gps
2026-05-15 11:53:43,45.7470744,21.2270676,4.1,bega_parcuri,walking,0,synthetic_gps
2026-05-15 11:53:44,45.7470783,21.2270933,3.82,bega_parcuri,walking,0,synthetic_gps
2026-05-15 11:53:45,45.7471001,21.2270673,4.64,bega_parcuri,walking,0,synthetic_gps
2026-05-15 11:53:46,45.7470823,21.2270959,4.66,bega_parcuri,walking,0,synthetic_gps
2026-05-15 11:53:47,45.7470849,21.2270866,5.89,bega_parcuri,walking,0,synthetic_gps
2026-05-15 11:53:48,45.7471165,21.2271139,4.45,bega_parcuri,walking,0,synthetic_gps
2026-05-15 11:53:49,45.7470694,21.2271267,4.49,bega_parcuri,walking,0,synthetic_gps
2026-05-15 11:53:50,45.7470653,21.2271565,5.36,bega_parcuri,walking,0,synthetic_gps
2026-05-15 11:53:51,45.7470591,21.2271428,4.19,bega_parcuri,walking,0,synthetic_gps
2026-05-15 11:53:52,45.7471076,21.2271373,4.26,bega_parcuri,walking,0,synthetic_gps
2026-05-15 11:53:53,45.7470566,21.2271725,5.78,bega_parcuri,walking,0,synthetic_gps
2026-05-15 11:53:54,45.7470683,21.2272055,4.47,bega_parcuri,walking,0,synthetic_gps
2026-05-15 11:53:55,45.7471154,21.2272209,4.06,bega_parcuri,walking,0,synthetic_gps
2026-05-15 11:53:56,45.7470858,21.2271912,3.5,bega_parcuri,walking,0,synthetic_gps
2026-05-15 11:53:57,45.7470843,21.2271875,3.77,bega_parcuri,walking,0,synthetic_gps
2026-05-15 11:53:58,45.7470338,21.2272304,4.29,bega_parcuri,walking,0,synthetic_gps
2026-05-15 11:53:59,45.7470561,21.2272443,5.54,bega_parcuri,walking,0,synthetic_gps
2026-05-15 11:54:00,45.7470456,21.2272656,4.77,bega_parcuri,walking,0,synthetic_gps
2026-05-15 11:54:01,45.7470685,21.2273119,3.76,bega_parcuri,walking,0,synthetic_gps
2026-05-15 11:54:02,45.7471072,21.2272745,5.12,bega_parcuri,walking,0,synthetic_gps
2026-05-15 11:54:03,45.7471,21.2272578,3.62,bega_parcuri,walking,0,synthetic_gps
2026-05-15 11:54:04,45.7470802,21.2272925,4.81,bega_parcuri,walking,0,synthetic_gps
2026-05-15 11:54:05,45.7470587,21.2273028,4.07,bega_parcuri,walking,0,synthetic_gps
2026-05-15 11:54:06,45.7470798,21.2273437,4.5,bega_parcuri,walking,0,synthetic_gps
2026-05-15 11:54:07,45.7470663,21.2273081,4.61,bega_parcuri,walking,0,synthetic_gps
2026-05-15 11:54:08,45.7470471,21.2273214,3.66,bega_parcuri,walking,0,synthetic_gps
2026-05-15 11:54:09,45.7470316,21.2273578,3.14,bega_parcuri,walking,0,synthetic_gps
2026-05-15 11:54:10,45.7470887,21.2273793,5.11,bega_parcuri,walking,0,synthetic_gps
2026-05-15 11:54:11,45.747057,21.2273924,4.74,bega_parcuri,walking,0,synthetic_gps
2026-05-15 11:54:12,45.7470708,21.2273973,3.83,bega_parcuri,walking,0,synthetic_gps
2026-05-15 11:54:13,45.7471139,21.2274383,3.8,bega_parcuri,walking,0,synthetic_gps
2026-05-15 11:54:14,45.7470559,21.2274268,2.74,bega_parcuri,walking,0,synthetic_gps
2026-05-15 11:54:15,45.7470939,21.2274754,3.4,bega_parcuri,walking,0,synthetic_gps
2026-05-15 11:54:16,45.7470576,21.2274532,3.56,bega_parcuri,walking,0,synthetic_gps
2026-05-15 11:54:17,45.7470739,21.2274357,4.56,bega_parcuri,walking,0,synthetic_gps
2026-05-15 11:54:18,45.7470541,21.2275274,4.56,bega_parcuri,walking,0,synthetic_gps
2026-05-15 11:54:19,45.7470793,21.2274683,4.92,bega_parcuri,walking,0,synthetic_gps
2026-05-15 11:54:20,45.7470296,21.2275049,5.28,bega_parcuri,walking,0,synthetic_gps
2026-05-15 11:54:21,45.7470499,21.2275223,5.45,bega_parcuri,walking,0,synthetic_gps
2026-05-15 11:54:22,45.7470801,21.2275212,3.37,bega_parcuri,walking,0,synthetic_gps
2026-05-15 11:54:23,45.7470895,21.2275329,4.6,bega_parcuri,walking,0,synthetic_gps
2026-05-15 11:54:24,45.7470496,21.2275153,4.69,bega_parcuri,walking,0,synthetic_gps
2026-05-15 11:54:25,45.747054,21.227562,5.41,bega_parcuri,walking,0,synthetic_gps
2026-05-15 11:54:26,45.7471029,21.2276089,4.38,bega_parcuri,walking,0,synthetic_gps
2026-05-15 11:54:27,45.7470704,21.2275626,4.78,bega_parcuri,walking,0,synthetic_gps
2026-05-15 11:54:28,45.7470992,21.22761,3.28,bega_parcuri,walking,0,synthetic_gps
2026-05-15 11:54:29,45.7470514,21.2275835,5.23,bega_parcuri,walking,0,synthetic_gps
2026-05-15 11:54:30,45.7470632,21.2276196,4.32,bega_parcuri,walking,0,synthetic_gps
2026-05-15 11:54:31,45.7470507,21.2276071,4.44,bega_parcuri,walking,0,synthetic_gps
2026-05-15 11:54:32,45.7470729,21.2276426,3.85,bega_parcuri,walking,0,synthetic_gps
2026-05-15 11:54:33,45.7470534,21.2276298,4.36,bega_parcuri,walking,0,synthetic_gps
2026-05-15 11:54:34,45.7470744,21.2276917,3.75,bega_parcuri,walking,0,synthetic_gps
2026-05-15 11:54:35,45.7470392,21.2276967,0.89,bega_parcuri,walking,0,synthetic_gps
2026-05-15 11:54:36,45.747057,21.2276578,5.21,bega_parcuri,walking,0,synthetic_gps
2026-05-15 11:54:37,45.7470707,21.2277012,3.98,bega_parcuri,walking,0,synthetic_gps
2026-05-15 11:54:38,45.7470294,21.2277266,5.45,bega_parcuri,walking,0,synthetic_gps
2026-05-15 11:54:39,45.7470208,21.2277391,2.77,bega_parcuri,walking,0,synthetic_gps
2026-05-15 11:54:40,45.746997,21.2277003,6.03,bega_parcuri,walking,0,synthetic_gps
2026-05-15 11:54:41,45.7470771,21.2277527,4.72,bega_parcuri,walking,0,synthetic_gps
2026-05-15 11:54:42,45.7470463,21.227749,4.03,bega_parcuri,walking,0,synthetic_gps
2026-05-15 11:54:43,45.7470722,21.2277852,4.73,bega_parcuri,walking,0,synthetic_gps
2026-05-15 11:54:44,45.7469576,21.2277929,3.97,bega_parcuri,walking,0,synthetic_gps
2026-05-15 11:54:45,45.7471005,21.2277801,4.4,bega_parcuri,walking,0,synthetic_gps
2026-05-15 11:54:46,45.7469852,21.2278183,4.33,bega_parcuri,walking,0,synthetic_gps
2026-05-15 11:54:47,45.7470587,21.227812,4.85,bega_parcuri,walking,0,synthetic_gps
2026-05-15 11:54:48,45.7470785,21.2278309,3.25,bega_parcuri,walking,0,synthetic_gps
2026-05-15 11:54:49,45.7470573,21.2278283,5.37,bega_parcuri,walking,0,synthetic_gps
2026-05-15 11:54:50,45.7470715,21.2278455,3.34,bega_parcuri,walking,0,synthetic_gps
2026-05-15 11:54:51,45.7470872,21.2278518,4.87,bega_parcuri,walking,0,synthetic_gps
2026-05-15 11:54:52,45.7470494,21.227862,4.12,bega_parcuri,walking,0,synthetic_gps
2026-05-15 11:54:53,45.747048,21.2278913,5.17,bega_parcuri,walking,0,synthetic_gps
2026-05-15 11:54:54,45.7470324,21.2279148,5.94,bega_parcuri,walking,0,synthetic_gps
2026-05-15 11:54:55,45.7470244,21.2279345,2.77,bega_parcuri,walking,0,synthetic_gps
2026-05-15 11:54:56,45.7470796,21.2279633,0.88,bega_parcuri,walking,0,synthetic_gps
2026-05-15 11:54:57,45.7470337,21.2279313,4.63,bega_parcuri,walking,0,synthetic_gps
2026-05-15 11:54:58,45.7470603,21.2279738,3.85,bega_parcuri,walking,0,synthetic_gps
2026-05-15 11:54:59,45.7469881,21.2279787,4.75,bega_parcuri,walking,0,synthetic_gps
2026-05-15 11:55:00,45.7470671,21.2280162,5.05,bega_parcuri,walking,0,synthetic_gps
2026-05-15 11:55:01,45.7470482,21.2280033,4.45,bega_parcuri,walking,0,synthetic_gps
2026-05-15 11:55:02,45.7470388,21.2279929,4.95,bega_parcuri,walking,0,synthetic_gps
2026-05-15 11:55:03,45.7469977,21.228035,3.75,bega_parcuri,walking,0,synthetic_gps
2026-05-15 11:55:04,45.747041,21.2280163,4.47,bega_parcuri,walking,0,synthetic_gps
2026-05-15 11:55:05,45.7470638,21.2280691,0.64,bega_parcuri,walking,0,synthetic_gps
2026-05-15 11:55:06,45.7470487,21.2280278,4.37,bega_parcuri,walking,0,synthetic_gps
2026-05-15 11:55:07,45.747023,21.228067,4.6,bega_parcuri,walking,0,synthetic_gps
2026-05-15 11:55:08,45.7470116,21.2281037,4.25,bega_parcuri,walking,0,synthetic_gps
2026-05-15 11:55:09,45.747019,21.2280959,4.1,bega_parcuri,walking,0,synthetic_gps
2026-05-15 11:55:10,45.7470541,21.2281123,5.69,bega_parcuri,walking,0,synthetic_gps
2026-05-15 11:55:11,45.7470342,21.2281178,5.32,bega_parcuri,walking,0,synthetic_gps
2026-05-15 11:55:12,45.7470112,21.228106,4.73,bega_parcuri,walking,0,synthetic_gps
2026-05-15 11:55:13,45.7470321,21.2280934,4.92,bega_parcuri,walking,0,synthetic_gps
2026-05-15 11:55:14,45.7470169,21.2281276,5.32,bega_parcuri,walking,0,synthetic_gps
2026-05-15 11:55:15,45.7470302,21.2281765,4.82,bega_parcuri,walking,0,synthetic_gps
2026-05-15 11:55:16,45.7470127,21.2281778,5.03,bega_parcuri,walking,0,synthetic_gps
2026-05-15 11:55:17,45.7470705,21.2281982,3.79,bega_parcuri,walking,0,synthetic_gps
2026-05-15 11:55:18,45.7470388,21.2281661,4.22,bega_parcuri,walking,0,synthetic_gps
2026-05-15 11:55:19,45.7469904,21.2282186,3.88,bega_parcuri,walking,0,synthetic_gps
2026-05-15 11:55:20,45.7470304,21.2281938,4.33,bega_parcuri,walking,0,synthetic_gps
2026-05-15 11:55:21,45.7470421,21.2282178,4.91,bega_parcuri,walking,0,synthetic_gps
2026-05-15 11:55:22,45.7470466,21.2282625,4.66,bega_parcuri,walking,0,synthetic_gps
2026-05-15 11:55:23,45.7470422,21.2282845,5.33,bega_parcuri,walking,0,synthetic_gps
2026-05-15 11:55:24,45.7470588,21.2282643,6.23,bega_parcuri,walking,0,synthetic_gps
2026-05-15 11:55:25,45.7470408,21.2282174,5.73,bega_parcuri,walking,0,synthetic_gps
2026-05-15 11:55:26,45.747072,21.2282856,4.02,bega_parcuri,walking,0,synthetic_gps
2026-05-15 11:55:27,45.7470099,21.228365,4.75,bega_parcuri,walking,0,synthetic_gps
2026-05-15 11:55:28,45.7470646,21.2282663,4.47,bega_parcuri,walking,0,synthetic_gps
2026-05-15 11:55:29,45.7470198,21.228291,5.11,bega_parcuri,walking,0,synthetic_gps
2026-05-15 11:55:30,45.7470049,21.228352,0.48,bega_parcuri,walking,0,synthetic_gps
2026-05-15 11:55:31,45.7470285,21.2283686,5.9,bega_parcuri,walking,0,synthetic_gps
2026-05-15 11:55:32,45.7470459,21.2283665,4.85,bega_parcuri,walking,0,synthetic_gps
2026-05-15 11:55:33,45.747044,21.2283388,3.49,bega_parcuri,walking,0,synthetic_gps
2026-05-15 11:55:34,45.7470588,21.2284065,4.87,bega_parcuri,walking,0,synthetic_gps
2026-05-15 11:55:35,45.7470649,21.2284143,5.84,bega_parcuri,walking,0,synthetic_gps
2026-05-15 11:55:36,45.7470129,21.228412,4.06,bega_parcuri,walking,0,synthetic_gps
2026-05-15 11:55:37,45.7470288,21.2283646,3.4,bega_parcuri,walking,0,synthetic_gps
2026-05-15 11:55:38,45.7469923,21.2284602,5.16,bega_parcuri,walking,0,synthetic_gps
2026-05-15 11:55:39,45.7470337,21.2284485,4.4,bega_parcuri,walking,0,synthetic_gps
2026-05-15 11:55:40,45.7469987,21.2285214,3.8,bega_parcuri,walking,0,synthetic_gps
2026-05-15 11:55:41,45.7470533,21.2284595,5.34,bega_parcuri,walking,0,synthetic_gps
2026-05-15 11:55:42,45.7470151,21.2285038,3.21,bega_parcuri,walking,0,synthetic_gps
2026-05-15 11:55:43,45.7470633,21.2285433,6.24,bega_parcuri,walking,0,synthetic_gps
2026-05-15 11:55:44,45.7470035,21.2285398,2.87,bega_parcuri,walking,0,synthetic_gps
2026-05-15 11:55:45,45.7470315,21.2285446,5.57,bega_parcuri,walking,0,synthetic_gps
2026-05-15 11:55:46,45.7470035,21.2285965,4.13,bega_parcuri,walking,0,synthetic_gps
2026-05-15 11:55:47,45.747015,21.2285419,5.04,bega_parcuri,walking,0,synthetic_gps
2026-05-15 11:55:48,45.7470208,21.2285925,4.44,bega_parcuri,walking,0,synthetic_gps
2026-05-15 11:55:49,45.7469901,21.2286062,4.4,bega_parcuri,walking,0,synthetic_gps
2026-05-15 11:55:50,45.7470027,21.2286062,3.46,bega_parcuri,walking,0,synthetic_gps
2026-05-15 11:55:51,45.7470647,21.2285903,5.35,bega_parcuri,walking,0,synthetic_gps
2026-05-15 11:55:52,45.7470243,21.2286401,3.02,bega_parcuri,walking,0,synthetic_gps
2026-05-15 11:55:53,45.7470468,21.2286298,6.42,bega_parcuri,walking,0,synthetic_gps
2026-05-15 11:55:54,45.7470216,21.2286217,5.14,bega_parcuri,walking,0,synthetic_gps
2026-05-15 11:55:55,45.7470664,21.2286419,3.17,bega_parcuri,walking,0,synthetic_gps
2026-05-15 11:55:56,45.7470315,21.2286461,5.3,bega_parcuri,walking,0,synthetic_gps
2026-05-15 11:55:57,45.7469834,21.2286646,4.62,bega_parcuri,walking,0,synthetic_gps
2026-05-15 11:55:58,45.7470588,21.2287057,3.89,bega_parcuri,walking,0,synthetic_gps
2026-05-15 11:55:59,45.7469663,21.2287109,4.68,bega_parcuri,walking,0,synthetic_gps
2026-05-15 11:56:00,45.7470201,21.2286675,4.26,bega_parcuri,walking,0,synthetic_gps
2026-05-15 11:56:01,45.747012,21.2287389,4.46,bega_parcuri,walking,0,synthetic_gps
2026-05-15 11:56:02,45.7469969,21.2287765,4.3,bega_parcuri,walking,0,synthetic_gps
2026-05-15 11:56:03,45.7470195,21.2287071,5.26,bega_parcuri,walking,0,synthetic_gps
2026-05-15 11:56:04,45.7470314,21.2287765,4.62,bega_parcuri,walking,0,synthetic_gps
2026-05-15 11:56:05,45.7470159,21.2287672,3.62,bega_parcuri,walking,0,synthetic_gps
2026-05-15 11:56:06,45.7470081,21.2287473,4.71,bega_parcuri,walking,0,synthetic_gps
2026-05-15 11:56:07,45.7470393,21.2287885,3.78,bega_parcuri,walking,0,synthetic_gps
2026-05-15 11:56:08,45.7470481,21.2288305,3.73,bega_parcuri,walking,0,synthetic_gps
2026-05-15 11:56:09,45.7469719,21.2288232,4.29,bega_parcuri,walking,0,synthetic_gps
2026-05-15 11:56:10,45.7470279,21.2288223,5.31,bega_parcuri,walking,0,synthetic_gps
2026-05-15 11:56:11,45.7470016,21.2288314,5.18,bega_parcuri,walking,0,synthetic_gps
2026-05-15 11:56:12,45.7470228,21.2288637,4.54,bega_parcuri,walking,0,synthetic_gps
2026-05-15 11:56:13,45.7469798,21.2289034,4.35,bega_parcuri,walking,0,synthetic_gps
2026-05-15 11:56:14,45.7469862,21.2288585,4.72,bega_parcuri,walking,0,synthetic_gps
2026-05-15 11:56:15,45.7469819,21.2288709,4.43,bega_parcuri,walking,0,synthetic_gps
2026-05-15 11:56:16,45.7470001,21.2289201,6.26,bega_parcuri,walking,0,synthetic_gps
2026-05-15 11:56:17,45.7470088,21.228919,4.24,bega_parcuri,walking,0,synthetic_gps
2026-05-15 11:56:18,45.7469988,21.2289046,0.17,bega_parcuri,walking,0,synthetic_gps
2026-05-15 11:56:19,45.7470372,21.228941,4.12,bega_parcuri,walking,0,synthetic_gps
2026-05-15 11:56:20,45.7469726,21.2289698,3.15,bega_parcuri,walking,0,synthetic_gps
2026-05-15 11:56:21,45.7469948,21.2289723,5.88,bega_parcuri,walking,0,synthetic_gps
2026-05-15 11:56:22,45.7469763,21.2289895,4.17,bega_parcuri,walking,0,synthetic_gps
2026-05-15 11:56:23,45.747009,21.228977,4.88,bega_parcuri,walking,0,synthetic_gps
2026-05-15 11:56:24,45.7469778,21.2290373,4.38,bega_parcuri,walking,0,synthetic_gps
2026-05-15 11:56:25,45.7470185,21.2290265,4.48,bega_parcuri,walking,0,synthetic_gps
2026-05-15 11:56:26,45.746984,21.2290079,5.34,bega_parcuri,walking,0,synthetic_gps
2026-05-15 11:56:27,45.7469774,21.2290428,5.32,bega_parcuri,walking,0,synthetic_gps
2026-05-15 11:56:28,45.7469996,21.2290039,4.44,bega_parcuri,walking,0,synthetic_gps
2026-05-15 11:56:29,45.7469914,21.2290427,3.27,bega_parcuri,walking,0,synthetic_gps
2026-05-15 11:56:30,45.7470201,21.2290109,4.72,bega_parcuri,walking,0,synthetic_gps
2026-05-15 11:56:31,45.7470032,21.2290867,4.45,bega_parcuri,walking,0,synthetic_gps
2026-05-15 11:56:32,45.7469435,21.2291143,0.32,bega_parcuri,walking,0,synthetic_gps
2026-05-15 11:56:33,45.7469958,21.2290712,3.98,bega_parcuri,walking,0,synthetic_gps
2026-05-15 11:56:34,45.7470247,21.2291212,5.77,bega_parcuri,walking,0,synthetic_gps
2026-05-15 11:56:35,45.7469755,21.2290979,5.82,bega_parcuri,walking,0,synthetic_gps
2026-05-15 11:56:36,45.7469868,21.2291473,5.02,bega_parcuri,walking,0,synthetic_gps
2026-05-15 11:56:37,45.7470035,21.2291328,4.61,bega_parcuri,walking,0,synthetic_gps
2026-05-15 11:56:38,45.7469854,21.2290969,4.79,bega_parcuri,walking,0,synthetic_gps
2026-05-15 11:56:39,45.7470016,21.2291671,5.49,bega_parcuri,walking,0,synthetic_gps
2026-05-15 11:56:40,45.7469588,21.2291399,5.16,bega_parcuri,walking,0,synthetic_gps
2026-05-15 11:56:41,45.7469433,21.2291456,4.42,bega_parcuri,walking,0,synthetic_gps
2026-05-15 11:56:42,45.7469885,21.2292017,3.34,bega_parcuri,walking,0,synthetic_gps
2026-05-15 11:56:43,45.7469758,21.2292223,4.67,bega_parcuri,walking,0,synthetic_gps
2026-05-15 11:56:44,45.7469867,21.2292403,4.44,bega_parcuri,walking,0,synthetic_gps
2026-05-15 11:56:45,45.7470042,21.2292075,3.64,bega_parcuri,walking,0,synthetic_gps
2026-05-15 11:56:46,45.7469857,21.2293104,4.72,bega_parcuri,walking,0,synthetic_gps
2026-05-15 11:56:47,45.7469639,21.2292329,3.53,bega_parcuri,walking,0,synthetic_gps
2026-05-15 11:56:48,45.7469236,21.2292816,5.59,bega_parcuri,walking,0,synthetic_gps
2026-05-15 11:56:49,45.7469696,21.229284,4.72,bega_parcuri,walking,0,synthetic_gps
2026-05-15 11:56:50,45.7469662,21.2292805,2.3,bega_parcuri,walking,0,synthetic_gps
2026-05-15 11:56:51,45.7469678,21.2293063,3.72,bega_parcuri,walking,0,synthetic_gps
2026-05-15 11:56:52,45.7469337,21.2292802,4.45,bega_parcuri,walking,0,synthetic_gps
2026-05-15 11:56:53,45.7469824,21.229323,5.01,bega_parcuri,walking,0,synthetic_gps
2026-05-15 11:56:54,45.746959,21.2293126,4.16,bega_parcuri,walking,0,synthetic_gps
2026-05-15 11:56:55,45.7469203,21.2293426,4.86,bega_parcuri,walking,0,synthetic_gps
2026-05-15 11:56:56,45.7469767,21.2293008,5.59,bega_parcuri,walking,0,synthetic_gps
2026-05-15 11:56:57,45.7470112,21.2293397,4.7,bega_parcuri,walking,0,synthetic_gps
2026-05-15 11:56:58,45.7470141,21.2293383,4.13,bega_parcuri,walking,0,synthetic_gps
2026-05-15 11:56:59,45.7469675,21.229387,4.95,bega_parcuri,walking,0,synthetic_gps
2026-05-15 11:57:00,45.7469514,21.2293871,5.15,bega_parcuri,walking,0,synthetic_gps
2026-05-15 11:57:01,45.7469879,21.2293819,5.68,bega_parcuri,walking,0,synthetic_gps
2026-05-15 11:57:02,45.7469352,21.2293994,3.86,bega_parcuri,walking,0,synthetic_gps
2026-05-15 11:57:03,45.7469204,21.2293794,5.34,bega_parcuri,walking,0,synthetic_gps
2026-05-15 11:57:04,45.7469725,21.229433,5.47,bega_parcuri,walking,0,synthetic_gps
2026-05-15 11:57:05,45.7469417,21.229456,4.63,bega_parcuri,walking,0,synthetic_gps
2026-05-15 11:57:06,45.7469506,21.2294163,5.04,bega_parcuri,walking,0,synthetic_gps
2026-05-15 11:57:07,45.7469716,21.2294816,3.75,bega_parcuri,walking,0,synthetic_gps
2026-05-15 11:57:08,45.7469337,21.2294887,4.38,bega_parcuri,walking,0,synthetic_gps
2026-05-15 11:57:09,45.7469545,21.2294496,4.21,bega_parcuri,walking,0,synthetic_gps
2026-05-15 11:57:10,45.7469319,21.2295016,5.9,bega_parcuri,walking,0,synthetic_gps
2026-05-15 11:57:11,45.7469755,21.2294727,4.54,bega_parcuri,walking,0,synthetic_gps
2026-05-15 11:57:12,45.7469297,21.2295214,3.86,bega_parcuri,walking,0,synthetic_gps
2026-05-15 11:57:13,45.7469773,21.2295514,3.62,bega_parcuri,walking,0,synthetic_gps
2026-05-15 11:57:14,45.7469215,21.2295628,4.67,bega_parcuri,walking,0,synthetic_gps
2026-05-15 11:57:15,45.7469777,21.2295364,4.34,bega_parcuri,walking,0,synthetic_gps
2026-05-15 11:57:16,45.7469715,21.2295712,4.43,bega_parcuri,walking,0,synthetic_gps
2026-05-15 11:57:17,45.7469187,21.2295953,4.7,bega_parcuri,walking,0,synthetic_gps
2026-05-15 11:57:18,45.7468916,21.2295947,5.1,bega_parcuri,walking,0,synthetic_gps
2026-05-15 11:57:19,45.7469496,21.2295877,4.42,bega_parcuri,walking,0,synthetic_gps
2026-05-15 11:57:20,45.7469413,21.2295947,4.45,bega_parcuri,walking,0,synthetic_gps
2026-05-15 11:57:21,45.746919,21.2296075,5.57,bega_parcuri,walking,0,synthetic_gps
2026-05-15 11:57:22,45.7469669,21.2295784,4.84,bega_parcuri,walking,0,synthetic_gps
2026-05-15 11:57:23,45.7468811,21.2296108,3.66,bega_parcuri,walking,0,synthetic_gps
2026-05-15 11:57:24,45.7469744,21.2296232,0.97,bega_parcuri,walking,0,synthetic_gps
2026-05-15 11:57:25,45.7469134,21.2296498,4.61,bega_parcuri,walking,0,synthetic_gps
2026-05-15 11:57:26,45.7469047,21.2296656,2.9,bega_parcuri,walking,0,synthetic_gps
2026-05-15 11:57:27,45.7469034,21.2296488,4.03,bega_parcuri,walking,0,synthetic_gps
2026-05-15 11:57:28,45.7468883,21.2296537,4.93,bega_parcuri,walking,0,synthetic_gps
2026-05-15 11:57:29,45.7469168,21.2296668,4.77,bega_parcuri,walking,0,synthetic_gps
2026-05-15 11:57:30,45.7469513,21.2296835,4.69,bega_parcuri,walking,0,synthetic_gps
2026-05-15 11:57:31,45.7469263,21.2297149,5.24,bega_parcuri,walking,0,synthetic_gps
2026-05-15 11:57:32,45.7469058,21.2297227,5.86,bega_parcuri,walking,0,synthetic_gps
2026-05-15 11:57:33,45.7469012,21.2297283,4.84,bega_parcuri,walking,0,synthetic_gps
2026-05-15 11:57:34,45.7469333,21.2297443,4.75,bega_parcuri,walking,0,synthetic_gps
2026-05-15 11:57:35,45.7469581,21.2297957,4.53,bega_parcuri,walking,0,synthetic_gps
2026-05-15 11:57:36,45.7468526,21.2297364,4.27,bega_parcuri,walking,0,synthetic_gps
2026-05-15 11:57:37,45.7469186,21.2297856,4.53,bega_parcuri,walking,0,synthetic_gps
2026-05-15 11:57:38,45.7469011,21.229784,3.73,bega_parcuri,walking,0,synthetic_gps
2026-05-15 11:57:39,45.746898,21.2297743,3.86,bega_parcuri,walking,0,synthetic_gps
2026-05-15 11:57:40,45.7469353,21.2298278,4.77,bega_parcuri,walking,0,synthetic_gps
2026-05-15 11:57:41,45.7469144,21.2298432,4.61,bega_parcuri,walking,0,synthetic_gps
2026-05-15 11:57:42,45.7468768,21.2298433,4.06,bega_parcuri,walking,0,synthetic_gps
2026-05-15 11:57:43,45.7469316,21.2297904,5.07,bega_parcuri,walking,0,synthetic_gps
2026-05-15 11:57:44,45.7468611,21.2298421,3.9,bega_parcuri,walking,0,synthetic_gps
2026-05-15 11:57:45,45.7468806,21.2298731,4.88,bega_parcuri,walking,0,synthetic_gps
2026-05-15 11:57:46,45.7469185,21.2298945,2.72,bega_parcuri,walking,0,synthetic_gps
2026-05-15 11:57:47,45.7468843,21.2298868,0.76,bega_parcuri,walking,0,synthetic_gps
2026-05-15 11:57:48,45.7468605,21.2299473,3.59,bega_parcuri,walking,0,synthetic_gps
2026-05-15 11:57:49,45.7468804,21.2298924,0.94,bega_parcuri,walking,0,synthetic_gps
2026-05-15 11:57:50,45.746905,21.2298953,4.54,bega_parcuri,walking,0,synthetic_gps
2026-05-15 11:57:51,45.7468977,21.2299559,3.72,bega_parcuri,walking,0,synthetic_gps
2026-05-15 11:57:52,45.7468547,21.2299737,4.64,bega_parcuri,walking,0,synthetic_gps
2026-05-15 11:57:53,45.7468754,21.2299519,5.03,bega_parcuri,walking,0,synthetic_gps
2026-05-15 11:57:54,45.7468745,21.2299672,5.51,bega_parcuri,walking,0,synthetic_gps
2026-05-15 11:57:55,45.7468442,21.2299852,3.51,bega_parcuri,walking,0,synthetic_gps
2026-05-15 11:57:56,45.7468768,21.2300232,3.06,bega_parcuri,walking,0,synthetic_gps
2026-05-15 11:57:57,45.7468473,21.2300128,4.82,bega_parcuri,walking,0,synthetic_gps
2026-05-15 11:57:58,45.7469066,21.2299508,5.06,bega_parcuri,walking,0,synthetic_gps
2026-05-15 11:57:59,45.7469085,21.2300273,4.96,bega_parcuri,walking,0,synthetic_gps
2026-05-15 11:58:00,45.7468918,21.2300435,4.27,bega_parcuri,walking,0,synthetic_gps
2026-05-15 11:58:01,45.7468735,21.2300312,3.69,bega_parcuri,walking,0,synthetic_gps
2026-05-15 11:58:02,45.7468668,21.2300507,3.91,bega_parcuri,walking,0,synthetic_gps
2026-05-15 11:58:03,45.7468933,21.2300834,4.74,bega_parcuri,walking,0,synthetic_gps
2026-05-15 11:58:04,45.7468951,21.2300653,4.53,bega_parcuri,walking,0,synthetic_gps
2026-05-15 11:58:05,45.7468707,21.2300565,5.31,bega_parcuri,walking,0,synthetic_gps
2026-05-15 11:58:06,45.7468918,21.2300815,4.74,bega_parcuri,walking,0,synthetic_gps
2026-05-15 11:58:07,45.7468656,21.2301114,4.23,bega_parcuri,walking,0,synthetic_gps
2026-05-15 11:58:08,45.7468662,21.2301641,4.57,bega_parcuri,walking,0,synthetic_gps
2026-05-15 11:58:09,45.7468658,21.2300832,3.8,bega_parcuri,walking,0,synthetic_gps
2026-05-15 11:58:10,45.7468592,21.2301481,4.29,bega_parcuri,walking,0,synthetic_gps
2026-05-15 11:58:11,45.746858,21.230149,5.71,bega_parcuri,walking,0,synthetic_gps
2026-05-15 11:58:12,45.7468324,21.230215,4.24,bega_parcuri,walking,0,synthetic_gps
2026-05-15 11:58:13,45.7468762,21.2301421,3.86,bega_parcuri,walking,0,synthetic_gps
2026-05-15 11:58:14,45.7468623,21.230133,4.04,bega_parcuri,walking,0,synthetic_gps
2026-05-15 11:58:15,45.7468236,21.2301724,4.6,bega_parcuri,walking,0,synthetic_gps
2026-05-15 11:58:16,45.7468539,21.2302334,3.71,bega_parcuri,walking,0,synthetic_gps
2026-05-15 11:58:17,45.7468712,21.2302288,3.61,bega_parcuri,walking,0,synthetic_gps
2026-05-15 11:58:18,45.7468502,21.2302271,5.42,bega_parcuri,walking,0,synthetic_gps
2026-05-15 11:58:19,45.7468145,21.2302704,4.24,bega_parcuri,walking,0,synthetic_gps
2026-05-15 11:58:20,45.7468697,21.2302554,4.24,bega_parcuri,walking,0,synthetic_gps
2026-05-15 11:58:21,45.7468534,21.2302656,4.74,bega_parcuri,walking,0,synthetic_gps
2026-05-15 11:58:22,45.7468114,21.2302414,3.31,bega_parcuri,walking,0,synthetic_gps
2026-05-15 11:58:23,45.7468518,21.2302318,4.52,bega_parcuri,walking,0,synthetic_gps
2026-05-15 11:58:24,45.7468291,21.2302536,3.08,bega_parcuri,walking,0,synthetic_gps
2026-05-15 11:58:25,45.7468781,21.2302725,4.75,bega_parcuri,walking,0,synthetic_gps
2026-05-15 11:58:26,45.7468585,21.2303062,5.79,bega_parcuri,walking,0,synthetic_gps
2026-05-15 11:58:27,45.7468533,21.2303141,5.1,bega_parcuri,walking,0,synthetic_gps
2026-05-15 11:58:28,45.746843,21.2302687,5.28,bega_parcuri,walking,0,synthetic_gps
2026-05-15 11:58:29,45.7468481,21.2303421,4.39,bega_parcuri,walking,0,synthetic_gps
2026-05-15 11:58:30,45.7468266,21.2303652,4.75,bega_parcuri,walking,0,synthetic_gps
2026-05-15 11:58:31,45.7468564,21.2303718,4.78,bega_parcuri,walking,0,synthetic_gps
2026-05-15 11:58:32,45.7467965,21.2303638,4.3,bega_parcuri,walking,0,synthetic_gps
2026-05-15 11:58:33,45.7468243,21.2303797,2.96,bega_parcuri,walking,0,synthetic_gps
2026-05-15 11:58:34,45.7468156,21.2303885,4.36,bega_parcuri,walking,0,synthetic_gps
2026-05-15 11:58:35,45.7468357,21.2304363,5.33,bega_parcuri,walking,0,synthetic_gps
2026-05-15 11:58:36,45.7468819,21.2304049,4.08,bega_parcuri,walking,0,synthetic_gps
2026-05-15 11:58:37,45.74679,21.2304079,5.72,bega_parcuri,walking,0,synthetic_gps
2026-05-15 11:58:38,45.746815,21.230432,4.4,bega_parcuri,walking,0,synthetic_gps
2026-05-15 11:58:39,45.7467786,21.2304331,4.33,bega_parcuri,walking,0,synthetic_gps
2026-05-15 11:58:40,45.7467889,21.2304565,4.19,bega_parcuri,walking,0,synthetic_gps
2026-05-15 11:58:41,45.7467856,21.2304454,5.19,bega_parcuri,walking,0,synthetic_gps
2026-05-15 11:58:42,45.7468078,21.2304229,4.98,bega_parcuri,walking,0,synthetic_gps
2026-05-15 11:58:43,45.7468079,21.2304613,4.76,bega_parcuri,walking,0,synthetic_gps
2026-05-15 11:58:44,45.7467881,21.2305184,4.5,bega_parcuri,walking,0,synthetic_gps
2026-05-15 11:58:45,45.7468279,21.2305531,4.44,bega_parcuri,walking,0,synthetic_gps
2026-05-15 11:58:46,45.746808,21.230501,4.4,bega_parcuri,walking,0,synthetic_gps
2026-05-15 11:58:47,45.7467309,21.2305322,5.6,bega_parcuri,walking,0,synthetic_gps
2026-05-15 11:58:48,45.7467929,21.2305533,4.4,bega_parcuri,walking,0,synthetic_gps
2026-05-15 11:58:49,45.7467703,21.2305741,5.79,bega_parcuri,walking,0,synthetic_gps
2026-05-15 11:58:50,45.7468636,21.2305813,3.75,bega_parcuri,walking,0,synthetic_gps
2026-05-15 11:58:51,45.7468149,21.2305667,4.25,bega_parcuri,walking,0,synthetic_gps
2026-05-15 11:58:52,45.7467868,21.2306192,3.87,bega_parcuri,walking,0,synthetic_gps
2026-05-15 11:58:53,45.7468145,21.2305957,4.08,bega_parcuri,walking,0,synthetic_gps
2026-05-15 11:58:54,45.7467403,21.2306159,4.31,bega_parcuri,walking,0,synthetic_gps
2026-05-15 11:58:55,45.7468506,21.2306489,4.53,bega_parcuri,walking,0,synthetic_gps
2026-05-15 11:58:56,45.7467945,21.2306356,4.47,bega_parcuri,walking,0,synthetic_gps
2026-05-15 11:58:57,45.7467709,21.2306876,5.83,bega_parcuri,walking,0,synthetic_gps
2026-05-15 11:58:58,45.7467917,21.2306986,5.43,bega_parcuri,walking,0,synthetic_gps
2026-05-15 11:58:59,45.7468051,21.2306805,4.5,bega_parcuri,walking,0,synthetic_gps
2026-05-15 11:59:00,45.7468096,21.2306761,3.69,bega_parcuri,walking,0,synthetic_gps
2026-05-15 11:59:01,45.7468159,21.2306813,4.69,bega_parcuri,walking,0,synthetic_gps
2026-05-15 11:59:02,45.7468148,21.2307101,4.4,bega_parcuri,walking,0,synthetic_gps
2026-05-15 11:59:03,45.7467786,21.2307223,3.98,bega_parcuri,walking,0,synthetic_gps
2026-05-15 11:59:04,45.7467693,21.2307068,3.64,bega_parcuri,walking,0,synthetic_gps
2026-05-15 11:59:05,45.746784,21.2307327,5.01,bega_parcuri,walking,0,synthetic_gps
2026-05-15 11:59:06,45.746776,21.2307388,5.82,bega_parcuri,walking,0,synthetic_gps
2026-05-15 11:59:07,45.7467895,21.2307516,3.66,bega_parcuri,walking,0,synthetic_gps
2026-05-15 11:59:08,45.7468176,21.2307556,2.95,bega_parcuri,walking,0,synthetic_gps
2026-05-15 11:59:09,45.7467782,21.2307835,3.57,bega_parcuri,walking,0,synthetic_gps
2026-05-15 11:59:10,45.7467585,21.2308287,4.3,bega_parcuri,walking,0,synthetic_gps
2026-05-15 11:59:11,45.7467868,21.2307925,3.98,bega_parcuri,walking,0,synthetic_gps
2026-05-15 11:59:12,45.7467468,21.2307877,4.53,bega_parcuri,walking,0,synthetic_gps
2026-05-15 11:59:13,45.7467657,21.230814,4.08,bega_parcuri,walking,0,synthetic_gps
2026-05-15 11:59:14,45.7467346,21.2308286,3.65,bega_parcuri,walking,0,synthetic_gps
2026-05-15 11:59:15,45.7467546,21.2308815,3.99,bega_parcuri,walking,0,synthetic_gps
2026-05-15 11:59:16,45.7467614,21.230823,5.09,bega_parcuri,walking,0,synthetic_gps
2026-05-15 11:59:17,45.7467766,21.2308186,4.34,bega_parcuri,walking,0,synthetic_gps
2026-05-15 11:59:18,45.7467384,21.2308467,3.67,bega_parcuri,walking,0,synthetic_gps
2026-05-15 11:59:19,45.7467518,21.2308676,5.0,bega_parcuri,walking,0,synthetic_gps
2026-05-15 11:59:20,45.7467154,21.2308455,3.83,bega_parcuri,walking,0,synthetic_gps
2026-05-15 11:59:21,45.7467403,21.2308721,3.82,bega_parcuri,walking,0,synthetic_gps
2026-05-15 11:59:22,45.7467537,21.2309137,4.66,bega_parcuri,walking,0,synthetic_gps
2026-05-15 11:59:23,45.7467701,21.2309292,4.19,bega_parcuri,walking,0,synthetic_gps
2026-05-15 11:59:24,45.7467608,21.2309154,4.33,bega_parcuri,walking,0,synthetic_gps
2026-05-15 11:59:25,45.7467488,21.2309325,5.03,bega_parcuri,walking,0,synthetic_gps
2026-05-15 11:59:26,45.7467917,21.2309115,3.37,bega_parcuri,walking,0,synthetic_gps
2026-05-15 11:59:27,45.7467952,21.2310173,4.89,bega_parcuri,walking,0,synthetic_gps
2026-05-15 11:59:28,45.7467732,21.2309677,4.31,bega_parcuri,walking,0,synthetic_gps
2026-05-15 11:59:29,45.7467448,21.2309914,3.86,bega_parcuri,walking,0,synthetic_gps
2026-05-15 11:59:30,45.7467811,21.2309706,4.69,bega_parcuri,walking,0,synthetic_gps
2026-05-15 11:59:31,45.7467966,21.23098,4.68,bega_parcuri,walking,0,synthetic_gps
2026-05-15 11:59:32,45.7467692,21.2310059,4.67,bega_parcuri,walking,0,synthetic_gps
2026-05-15 11:59:33,45.7467159,21.2309792,4.56,bega_parcuri,walking,0,synthetic_gps
2026-05-15 11:59:34,45.7467752,21.23105,4.9,bega_parcuri,walking,0,synthetic_gps
2026-05-15 11:59:35,45.746756,21.2310421,4.98,bega_parcuri,walking,0,synthetic_gps
2026-05-15 11:59:36,45.746811,21.2310542,4.42,bega_parcuri,walking,0,synthetic_gps
2026-05-15 11:59:37,45.7467432,21.2310295,3.0,bega_parcuri,walking,0,synthetic_gps
2026-05-15 11:59:38,45.7467432,21.231105,4.46,bega_parcuri,walking,0,synthetic_gps
2026-05-15 11:59:39,45.7467066,21.2310794,2.52,bega_parcuri,walking,0,synthetic_gps
2026-05-15 11:59:40,45.746754,21.2311153,5.22,bega_parcuri,walking,0,synthetic_gps
2026-05-15 11:59:41,45.746747,21.2311012,5.07,bega_parcuri,walking,0,synthetic_gps
2026-05-15 11:59:42,45.7467457,21.2311209,4.13,bega_parcuri,walking,0,synthetic_gps
2026-05-15 11:59:43,45.7467161,21.2311412,5.11,bega_parcuri,walking,0,synthetic_gps
2026-05-15 11:59:44,45.7467145,21.2311388,4.83,bega_parcuri,walking,0,synthetic_gps
2026-05-15 11:59:45,45.7467535,21.2311808,4.19,bega_parcuri,walking,0,synthetic_gps
2026-05-15 11:59:46,45.746695,21.2312262,4.63,bega_parcuri,walking,0,synthetic_gps
2026-05-15 11:59:47,45.7467788,21.2311282,4.82,bega_parcuri,walking,0,synthetic_gps
2026-05-15 11:59:48,45.7466596,21.2312254,4.15,bega_parcuri,walking,0,synthetic_gps
2026-05-15 11:59:49,45.7467447,21.2311708,4.79,bega_parcuri,walking,0,synthetic_gps
2026-05-15 11:59:50,45.7467288,21.2312518,2.88,bega_parcuri,walking,0,synthetic_gps
2026-05-15 11:59:51,45.7466795,21.2312548,4.36,bega_parcuri,walking,0,synthetic_gps
2026-05-15 11:59:52,45.7467341,21.231274,4.47,bega_parcuri,walking,0,synthetic_gps
2026-05-15 11:59:53,45.7466915,21.2312399,5.23,bega_parcuri,walking,0,synthetic_gps
2026-05-15 11:59:54,45.74674,21.231278,5.42,bega_parcuri,walking,0,synthetic_gps
2026-05-15 11:59:55,45.7466716,21.2312959,4.45,bega_parcuri,walking,0,synthetic_gps
2026-05-15 11:59:56,45.746716,21.2312644,4.4,bega_parcuri,walking,0,synthetic_gps
2026-05-15 11:59:57,45.7467062,21.2312644,3.94,bega_parcuri,walking,0,synthetic_gps
2026-05-15 11:59:58,45.7466897,21.2313311,5.09,bega_parcuri,walking,0,synthetic_gps
2026-05-15 11:59:59,45.7467444,21.2313081,4.09,bega_parcuri,walking,0,synthetic_gps
2026-05-15 12:00:00,45.7466752,21.2313483,5.49,bega_parcuri,walking,0,synthetic_gps
2026-05-15 12:00:01,45.7467161,21.2313115,5.56,bega_parcuri,walking,0,synthetic_gps
2026-05-15 12:00:02,45.7467058,21.2313768,4.01,bega_parcuri,walking,0,synthetic_gps
2026-05-15 12:00:03,45.7467464,21.2313405,4.55,bega_parcuri,walking,0,synthetic_gps
2026-05-15 12:00:04,45.7466921,21.2313827,4.81,bega_parcuri,walking,0,synthetic_gps
2026-05-15 12:00:05,45.7466683,21.2313925,4.61,bega_parcuri,walking,0,synthetic_gps
2026-05-15 12:00:06,45.7467519,21.2313633,4.45,bega_parcuri,walking,0,synthetic_gps
2026-05-15 12:00:07,45.7467291,21.2314225,4.55,bega_parcuri,walking,0,synthetic_gps
2026-05-15 12:00:08,45.7467384,21.2314046,3.47,bega_parcuri,walking,0,synthetic_gps
2026-05-15 12:00:09,45.7467109,21.2313953,5.87,bega_parcuri,walking,0,synthetic_gps
2026-05-15 12:00:10,45.7466887,21.2313921,4.22,bega_parcuri,walking,0,synthetic_gps
2026-05-15 12:00:11,45.7467061,21.2314358,2.94,bega_parcuri,walking,0,synthetic_gps
2026-05-15 12:00:12,45.7467066,21.2314818,5.97,bega_parcuri,walking,0,synthetic_gps
2026-05-15 12:00:13,45.7466838,21.2314622,4.07,bega_parcuri,walking,0,synthetic_gps
2026-05-15 12:00:14,45.7467204,21.2314303,4.73,bega_parcuri,walking,0,synthetic_gps
2026-05-15 12:00:15,45.7466964,21.2314662,4.02,bega_parcuri,walking,0,synthetic_gps
2026-05-15 12:00:16,45.7466696,21.2315159,3.94,bega_parcuri,walking,0,synthetic_gps
2026-05-15 12:00:17,45.7466694,21.2314858,4.83,bega_parcuri,walking,0,synthetic_gps
2026-05-15 12:00:18,45.746673,21.2315191,4.86,bega_parcuri,walking,0,synthetic_gps
2026-05-15 12:00:19,45.7466829,21.2315169,5.14,bega_parcuri,walking,0,synthetic_gps
2026-05-15 12:00:20,45.7466734,21.2315436,5.32,bega_parcuri,walking,0,synthetic_gps
2026-05-15 12:00:21,45.7466704,21.2315166,4.5,bega_parcuri,walking,0,synthetic_gps
2026-05-15 12:00:22,45.7466678,21.2315583,4.07,bega_parcuri,walking,0,synthetic_gps
2026-05-15 12:00:23,45.7466845,21.2315489,4.39,bega_parcuri,walking,0,synthetic_gps
2026-05-15 12:00:24,45.7466914,21.231581,4.98,bega_parcuri,walking,0,synthetic_gps
2026-05-15 12:00:25,45.7466378,21.2316298,5.15,bega_parcuri,walking,0,synthetic_gps
2026-05-15 12:00:26,45.7466054,21.2316006,4.77,bega_parcuri,walking,0,synthetic_gps
2026-05-15 12:00:27,45.7466499,21.2316107,4.12,bega_parcuri,walking,0,synthetic_gps
2026-05-15 12:00:28,45.7466957,21.2316403,5.82,bega_parcuri,walking,0,synthetic_gps
2026-05-15 12:00:29,45.7465988,21.2316118,3.7,bega_parcuri,walking,0,synthetic_gps
2026-05-15 12:00:30,45.7466451,21.2316497,2.71,bega_parcuri,walking,0,synthetic_gps
2026-05-15 12:00:31,45.7466483,21.2316696,6.16,bega_parcuri,walking,0,synthetic_gps
2026-05-15 12:00:32,45.7467082,21.23167,4.26,bega_parcuri,walking,0,synthetic_gps
2026-05-15 12:00:33,45.7466672,21.2316486,4.96,bega_parcuri,walking,0,synthetic_gps
2026-05-15 12:00:34,45.7466324,21.2316743,4.31,bega_parcuri,walking,0,synthetic_gps
2026-05-15 12:00:35,45.746694,21.23174,5.59,bega_parcuri,walking,0,synthetic_gps
2026-05-15 12:00:36,45.7466788,21.2316751,4.18,bega_parcuri,walking,0,synthetic_gps
2026-05-15 12:00:37,45.746657,21.231713,4.37,bega_parcuri,walking,0,synthetic_gps
2026-05-15 12:00:38,45.7466567,21.2317372,4.02,bega_parcuri,walking,0,synthetic_gps
2026-05-15 12:00:39,45.7466237,21.2317507,4.22,bega_parcuri,walking,0,synthetic_gps
2026-05-15 12:00:40,45.7466665,21.2317782,4.6,bega_parcuri,walking,0,synthetic_gps
2026-05-15 12:00:41,45.7466458,21.2317657,4.61,bega_parcuri,walking,0,synthetic_gps
2026-05-15 12:00:42,45.7466915,21.2317618,5.46,bega_parcuri,walking,0,synthetic_gps
2026-05-15 12:00:43,45.7466594,21.2318183,5.34,bega_parcuri,walking,0,synthetic_gps
2026-05-15 12:00:44,45.7466383,21.2317809,4.0,bega_parcuri,walking,0,synthetic_gps
2026-05-15 12:00:45,45.746631,21.2318148,4.51,bega_parcuri,walking,0,synthetic_gps
2026-05-15 12:00:46,45.7466789,21.2318428,4.62,bega_parcuri,walking,0,synthetic_gps
2026-05-15 12:00:47,45.7466548,21.2317915,4.81,bega_parcuri,walking,0,synthetic_gps
2026-05-15 12:00:48,45.7466376,21.2318138,3.01,bega_parcuri,walking,0,synthetic_gps
2026-05-15 12:00:49,45.7466313,21.2318635,4.09,bega_parcuri,walking,0,synthetic_gps
2026-05-15 12:00:50,45.7466493,21.2318786,4.41,bega_parcuri,walking,0,synthetic_gps
2026-05-15 12:00:51,45.7466426,21.2318522,4.17,bega_parcuri,walking,0,synthetic_gps
2026-05-15 12:00:52,45.7466644,21.2318971,6.27,bega_parcuri,walking,0,synthetic_gps
2026-05-15 12:00:53,45.7466455,21.2318732,4.29,bega_parcuri,walking,0,synthetic_gps
2026-05-15 12:00:54,45.7466342,21.2318481,4.08,bega_parcuri,walking,0,synthetic_gps
2026-05-15 12:00:55,45.7466161,21.2318995,5.7,bega_parcuri,walking,0,synthetic_gps
2026-05-15 12:00:56,45.7466255,21.2318964,5.56,bega_parcuri,walking,0,synthetic_gps
2026-05-15 12:00:57,45.7466479,21.2319172,3.27,bega_parcuri,walking,0,synthetic_gps
2026-05-15 12:00:58,45.7466281,21.2319917,3.61,bega_parcuri,walking,0,synthetic_gps
2026-05-15 12:00:59,45.7466338,21.2319562,4.73,bega_parcuri,walking,0,synthetic_gps
2026-05-15 12:01:00,45.7466283,21.2319783,3.75,bega_parcuri,walking,0,synthetic_gps
2026-05-15 12:01:01,45.7466318,21.2319788,4.04,bega_parcuri,walking,0,synthetic_gps
2026-05-15 12:01:02,45.7465822,21.2319757,4.89,bega_parcuri,walking,0,synthetic_gps
2026-05-15 12:01:03,45.7465801,21.2320389,5.24,bega_parcuri,walking,0,synthetic_gps
2026-05-15 12:01:04,45.7465815,21.2320485,4.69,bega_parcuri,walking,0,synthetic_gps
2026-05-15 12:01:05,45.7465838,21.2319748,4.18,bega_parcuri,walking,0,synthetic_gps
2026-05-15 12:01:06,45.7466524,21.232015,4.24,bega_parcuri,walking,0,synthetic_gps
2026-05-15 12:01:07,45.7466197,21.2320668,4.08,bega_parcuri,walking,0,synthetic_gps
2026-05-15 12:01:08,45.7465941,21.2320558,5.4,bega_parcuri,walking,0,synthetic_gps
2026-05-15 12:01:09,45.7466357,21.2320871,3.13,bega_parcuri,walking,0,synthetic_gps
2026-05-15 12:01:10,45.7465955,21.2320729,3.68,bega_parcuri,walking,0,synthetic_gps
2026-05-15 12:01:11,45.7466019,21.2320596,5.21,bega_parcuri,walking,0,synthetic_gps
2026-05-15 12:01:12,45.746591,21.232092,4.59,bega_parcuri,walking,0,synthetic_gps
2026-05-15 12:01:13,45.746602,21.2320614,3.44,bega_parcuri,walking,0,synthetic_gps
2026-05-15 12:01:14,45.7465949,21.2321221,4.66,bega_parcuri,walking,0,synthetic_gps
2026-05-15 12:01:15,45.7465652,21.2321527,4.66,bega_parcuri,walking,0,synthetic_gps
2026-05-15 12:01:16,45.7466238,21.2320838,3.66,bega_parcuri,walking,0,synthetic_gps
2026-05-15 12:01:17,45.7465786,21.2321112,2.15,bega_parcuri,walking,0,synthetic_gps
2026-05-15 12:01:18,45.7465853,21.2321917,4.52,bega_parcuri,walking,0,synthetic_gps
2026-05-15 12:01:19,45.7466348,21.2322317,4.17,bega_parcuri,walking,0,synthetic_gps
2026-05-15 12:01:20,45.7465863,21.2322063,4.53,bega_parcuri,walking,0,synthetic_gps
2026-05-15 12:01:21,45.7465746,21.2321738,4.03,bega_parcuri,walking,0,synthetic_gps
2026-05-15 12:01:22,45.7466161,21.232191,3.59,bega_parcuri,walking,0,synthetic_gps
2026-05-15 12:01:23,45.7465896,21.2321943,5.24,bega_parcuri,walking,0,synthetic_gps
2026-05-15 12:01:24,45.7466207,21.2322233,4.72,bega_parcuri,walking,0,synthetic_gps
2026-05-15 12:01:25,45.7466264,21.2322485,3.73,bega_parcuri,walking,0,synthetic_gps
2026-05-15 12:01:26,45.7465499,21.2322484,4.44,bega_parcuri,walking,0,synthetic_gps
2026-05-15 12:01:27,45.7466069,21.2322792,5.47,bega_parcuri,walking,0,synthetic_gps
2026-05-15 12:01:28,45.7466415,21.2322683,4.36,bega_parcuri,walking,0,synthetic_gps
2026-05-15 12:01:29,45.7465604,21.2322786,3.91,bega_parcuri,walking,0,synthetic_gps
2026-05-15 12:01:30,45.7466268,21.2322461,4.44,bega_parcuri,walking,0,synthetic_gps
2026-05-15 12:01:31,45.7465522,21.2323026,5.37,bega_parcuri,walking,0,synthetic_gps
2026-05-15 12:01:32,45.7465454,21.2322725,4.58,bega_parcuri,walking,0,synthetic_gps
2026-05-15 12:01:33,45.7466203,21.2323474,4.83,bega_parcuri,walking,0,synthetic_gps
2026-05-15 12:01:34,45.746579,21.2323773,4.93,bega_parcuri,walking,0,synthetic_gps
2026-05-15 12:01:35,45.7466236,21.2323338,4.51,bega_parcuri,walking,0,synthetic_gps
2026-05-15 12:01:36,45.7465827,21.232321,4.75,bega_parcuri,walking,0,synthetic_gps
2026-05-15 12:01:37,45.7465863,21.2323135,4.97,bega_parcuri,walking,0,synthetic_gps
2026-05-15 12:01:38,45.7465846,21.232386,4.91,bega_parcuri,walking,0,synthetic_gps
2026-05-15 12:01:39,45.7466179,21.2324291,4.95,bega_parcuri,walking,0,synthetic_gps
2026-05-15 12:01:40,45.7465893,21.232422,5.36,bega_parcuri,walking,0,synthetic_gps
2026-05-15 12:01:41,45.7465663,21.2324576,5.02,bega_parcuri,walking,0,synthetic_gps
2026-05-15 12:01:42,45.7465668,21.2324011,4.46,bega_parcuri,walking,0,synthetic_gps
2026-05-15 12:01:43,45.7465768,21.2325031,4.48,bega_parcuri,walking,0,synthetic_gps
2026-05-15 12:01:44,45.7465334,21.2324438,4.61,bega_parcuri,walking,0,synthetic_gps
2026-05-15 12:01:45,45.7465677,21.2324631,4.69,bega_parcuri,walking,0,synthetic_gps
2026-05-15 12:01:46,45.7466079,21.2324496,4.63,bega_parcuri,walking,0,synthetic_gps
2026-05-15 12:01:47,45.7465476,21.2324907,5.01,bega_parcuri,walking,0,synthetic_gps
2026-05-15 12:01:48,45.746538,21.2324632,4.41,bega_parcuri,walking,0,synthetic_gps
2026-05-15 12:01:49,45.7465574,21.232495,5.12,bega_parcuri,walking,0,synthetic_gps
2026-05-15 12:01:50,45.7465529,21.2325101,5.31,bega_parcuri,walking,0,synthetic_gps
2026-05-15 12:01:51,45.7465792,21.2324235,3.77,bega_parcuri,walking,0,synthetic_gps
2026-05-15 12:01:52,45.7465663,21.2325226,4.63,bega_parcuri,walking,0,synthetic_gps
2026-05-15 12:01:53,45.7465519,21.2325507,4.73,bega_parcuri,walking,0,synthetic_gps
2026-05-15 12:01:54,45.7465784,21.2325576,4.18,bega_parcuri,walking,0,synthetic_gps
2026-05-15 12:01:55,45.7465169,21.2325409,5.38,bega_parcuri,walking,0,synthetic_gps
2026-05-15 12:01:56,45.7465706,21.2325746,5.36,bega_parcuri,walking,0,synthetic_gps
2026-05-15 12:01:57,45.7465354,21.2325912,5.04,bega_parcuri,walking,0,synthetic_gps
2026-05-15 12:01:58,45.7465647,21.2325933,3.63,bega_parcuri,walking,0,synthetic_gps
2026-05-15 12:01:59,45.7465758,21.2325918,4.58,bega_parcuri,walking,0,synthetic_gps
2026-05-15 12:02:00,45.7465228,21.2326211,5.38,bega_parcuri,walking,0,synthetic_gps
2026-05-15 12:02:01,45.746545,21.2325749,4.47,bega_parcuri,walking,0,synthetic_gps
2026-05-15 12:02:02,45.7464876,21.232616,4.44,bega_parcuri,walking,0,synthetic_gps
2026-05-15 12:02:03,45.7465345,21.2326554,4.57,bega_parcuri,walking,0,synthetic_gps
2026-05-15 12:02:04,45.7465954,21.232664,3.67,bega_parcuri,walking,0,synthetic_gps
2026-05-15 12:02:05,45.7465093,21.2326856,1.52,bega_parcuri,walking,0,synthetic_gps
2026-05-15 12:02:06,45.7465189,21.232731,4.79,bega_parcuri,walking,0,synthetic_gps
2026-05-15 12:02:07,45.7465623,21.2326957,5.01,bega_parcuri,walking,0,synthetic_gps
2026-05-15 12:02:08,45.7465879,21.2326895,4.1,bega_parcuri,walking,0,synthetic_gps
2026-05-15 12:02:09,45.7465573,21.2326884,4.81,bega_parcuri,walking,0,synthetic_gps
2026-05-15 12:02:10,45.7464692,21.2327217,4.11,bega_parcuri,walking,0,synthetic_gps
2026-05-15 12:02:11,45.7464784,21.2327332,3.71,bega_parcuri,walking,0,synthetic_gps
2026-05-15 12:02:12,45.7464877,21.2327514,5.8,bega_parcuri,walking,0,synthetic_gps
2026-05-15 12:02:13,45.746561,21.2327279,4.86,bega_parcuri,walking,0,synthetic_gps
2026-05-15 12:02:14,45.74653,21.2327828,4.81,bega_parcuri,walking,0,synthetic_gps
2026-05-15 12:02:15,45.7465055,21.2328107,4.26,bega_parcuri,walking,0,synthetic_gps
2026-05-15 12:02:16,45.7465049,21.2327889,3.71,bega_parcuri,walking,0,synthetic_gps
2026-05-15 12:02:17,45.7465049,21.2327544,3.33,bega_parcuri,walking,0,synthetic_gps
2026-05-15 12:02:18,45.7465048,21.2327985,5.35,bega_parcuri,walking,0,synthetic_gps
2026-05-15 12:02:19,45.746538,21.2328493,4.79,bega_parcuri,walking,0,synthetic_gps
2026-05-15 12:02:20,45.7465336,21.2328354,5.45,bega_parcuri,walking,0,synthetic_gps
2026-05-15 12:02:21,45.7465472,21.2328293,5.33,bega_parcuri,walking,0,synthetic_gps
2026-05-15 12:02:22,45.7465046,21.232841,6.09,bega_parcuri,walking,0,synthetic_gps
2026-05-15 12:02:23,45.7464914,21.2328253,4.72,bega_parcuri,walking,0,synthetic_gps
2026-05-15 12:02:24,45.74653,21.2328586,3.86,bega_parcuri,walking,0,synthetic_gps
2026-05-15 12:02:25,45.7465484,21.2329016,3.74,bega_parcuri,walking,0,synthetic_gps
2026-05-15 12:02:26,45.746511,21.232872,3.43,bega_parcuri,walking,0,synthetic_gps
2026-05-15 12:02:27,45.7464756,21.2328893,4.31,bega_parcuri,walking,0,synthetic_gps
2026-05-15 12:02:28,45.7464913,21.2328826,3.64,bega_parcuri,walking,0,synthetic_gps
2026-05-15 12:02:29,45.7464779,21.2329519,2.29,bega_parcuri,walking,0,synthetic_gps
2026-05-15 12:02:30,45.7465346,21.2329159,4.9,bega_parcuri,walking,0,synthetic_gps
2026-05-15 12:02:31,45.7464849,21.2329383,5.85,bega_parcuri,walking,0,synthetic_gps
2026-05-15 12:02:32,45.7465458,21.2329783,3.99,bega_parcuri,walking,0,synthetic_gps
2026-05-15 12:02:33,45.7464777,21.2330003,5.02,bega_parcuri,walking,0,synthetic_gps
2026-05-15 12:02:34,45.7465095,21.2330101,5.61,bega_parcuri,walking,0,synthetic_gps
2026-05-15 12:02:35,45.7465239,21.2329865,5.58,bega_parcuri,walking,0,synthetic_gps
2026-05-15 12:02:36,45.7464967,21.232995,4.49,bega_parcuri,walking,0,synthetic_gps
2026-05-15 12:02:37,45.7464944,21.2330291,1.27,bega_parcuri,walking,0,synthetic_gps
2026-05-15 12:02:38,45.7465244,21.233021,2.83,bega_parcuri,walking,0,synthetic_gps
2026-05-15 12:02:39,45.7465291,21.2330017,0.84,bega_parcuri,walking,0,synthetic_gps
2026-05-15 12:02:40,45.7464845,21.2330248,3.65,bega_parcuri,walking,0,synthetic_gps
2026-05-15 12:02:41,45.7465082,21.2330381,4.5,bega_parcuri,walking,0,synthetic_gps
2026-05-15 12:02:42,45.7465161,21.2330458,4.5,bega_parcuri,walking,0,synthetic_gps
2026-05-15 12:02:43,45.7465118,21.2330317,3.64,bega_parcuri,walking,0,synthetic_gps
2026-05-15 12:02:44,45.7464732,21.2330993,3.98,bega_parcuri,walking,0,synthetic_gps
2026-05-15 12:02:45,45.7464825,21.2330687,1.41,bega_parcuri,walking,0,synthetic_gps
2026-05-15 12:02:46,45.7464862,21.2331014,4.11,bega_parcuri,walking,0,synthetic_gps
2026-05-15 12:02:47,45.7465018,21.2331081,5.24,bega_parcuri,walking,0,synthetic_gps
2026-05-15 12:02:48,45.7465032,21.2331082,6.09,bega_parcuri,walking,0,synthetic_gps
2026-05-15 12:02:49,45.7464791,21.2330828,3.87,bega_parcuri,walking,0,synthetic_gps
2026-05-15 12:02:50,45.7465027,21.2331429,4.25,bega_parcuri,walking,0,synthetic_gps
2026-05-15 12:02:51,45.7464726,21.2331704,5.32,bega_parcuri,walking,0,synthetic_gps
2026-05-15 12:02:52,45.7464519,21.2331195,4.31,bega_parcuri,walking,0,synthetic_gps
2026-05-15 12:02:53,45.7464875,21.233162,3.9,bega_parcuri,walking,0,synthetic_gps
2026-05-15 12:02:54,45.7464971,21.2331448,4.64,bega_parcuri,walking,0,synthetic_gps
2026-05-15 12:02:55,45.7464779,21.2331592,4.83,bega_parcuri,walking,0,synthetic_gps
2026-05-15 12:02:56,45.7464894,21.2331689,3.49,bega_parcuri,walking,0,synthetic_gps
2026-05-15 12:02:57,45.7464341,21.2332016,4.05,bega_parcuri,walking,0,synthetic_gps
2026-05-15 12:02:58,45.7464769,21.2331981,4.61,bega_parcuri,walking,0,synthetic_gps
2026-05-15 12:02:59,45.7465058,21.2332425,4.41,bega_parcuri,walking,0,synthetic_gps
2026-05-15 12:03:00,45.7464938,21.2332691,4.98,bega_parcuri,walking,0,synthetic_gps
2026-05-15 12:03:01,45.7464569,21.2332426,3.93,bega_parcuri,walking,0,synthetic_gps
2026-05-15 12:03:02,45.7464894,21.2332483,4.33,bega_parcuri,walking,0,synthetic_gps
2026-05-15 12:03:03,45.74646,21.233272,5.07,bega_parcuri,walking,0,synthetic_gps
2026-05-15 12:03:04,45.7464762,21.2333134,4.19,bega_parcuri,walking,0,synthetic_gps
2026-05-15 12:03:05,45.7464854,21.2332446,5.51,bega_parcuri,walking,0,synthetic_gps
2026-05-15 12:03:06,45.746412,21.2333189,6.44,bega_parcuri,walking,0,synthetic_gps
2026-05-15 12:03:07,45.7464501,21.2332648,4.63,bega_parcuri,walking,0,synthetic_gps
2026-05-15 12:03:08,45.746425,21.2333314,4.95,bega_parcuri,walking,0,synthetic_gps
2026-05-15 12:03:09,45.746441,21.2333128,3.87,bega_parcuri,walking,0,synthetic_gps
2026-05-15 12:03:10,45.7464213,21.2333265,4.59,bega_parcuri,walking,0,synthetic_gps
2026-05-15 12:03:11,45.7464681,21.2333275,4.96,bega_parcuri,walking,0,synthetic_gps
2026-05-15 12:03:12,45.7465033,21.2333534,3.98,bega_parcuri,walking,0,synthetic_gps
2026-05-15 12:03:13,45.7464678,21.2333089,4.1,bega_parcuri,walking,0,synthetic_gps
2026-05-15 12:03:14,45.7465089,21.233381,4.24,bega_parcuri,walking,0,synthetic_gps
2026-05-15 12:03:15,45.7464625,21.2333665,3.58,bega_parcuri,walking,0,synthetic_gps
2026-05-15 12:03:16,45.7464645,21.2333621,5.18,bega_parcuri,walking,0,synthetic_gps
2026-05-15 12:03:17,45.7464973,21.233411,4.73,bega_parcuri,walking,0,synthetic_gps
2026-05-15 12:03:18,45.7464221,21.2334073,3.15,bega_parcuri,walking,0,synthetic_gps
2026-05-15 12:03:19,45.7464374,21.2334276,4.91,bega_parcuri,walking,0,synthetic_gps
2026-05-15 12:03:20,45.7464533,21.2334655,4.9,bega_parcuri,walking,0,synthetic_gps
2026-05-15 12:03:21,45.746436,21.2334131,4.37,bega_parcuri,walking,0,synthetic_gps
2026-05-15 12:03:22,45.7464133,21.2334749,5.14,bega_parcuri,walking,0,synthetic_gps
2026-05-15 12:03:23,45.7464475,21.2334302,4.65,bega_parcuri,walking,0,synthetic_gps
2026-05-15 12:03:24,45.7464646,21.2334445,4.44,bega_parcuri,walking,0,synthetic_gps
2026-05-15 12:03:25,45.7464315,21.2334736,3.59,bega_parcuri,walking,0,synthetic_gps
2026-05-15 12:03:26,45.7464586,21.2334957,4.74,bega_parcuri,walking,0,synthetic_gps
2026-05-15 12:03:27,45.7464053,21.2335005,3.73,bega_parcuri,walking,0,synthetic_gps
2026-05-15 12:03:28,45.7464132,21.2334968,4.2,bega_parcuri,walking,0,synthetic_gps
2026-05-15 12:03:29,45.74645,21.2335071,3.94,bega_parcuri,walking,0,synthetic_gps
2026-05-15 12:03:30,45.7464289,21.2335048,4.47,bega_parcuri,walking,0,synthetic_gps
2026-05-15 12:03:31,45.7464437,21.2335114,4.03,bega_parcuri,walking,0,synthetic_gps
2026-05-15 12:03:32,45.7464251,21.2335447,3.98,bega_parcuri,walking,0,synthetic_gps
2026-05-15 12:03:33,45.746453,21.233506,5.6,bega_parcuri,walking,0,synthetic_gps
2026-05-15 12:03:34,45.7464523,21.2335588,3.82,bega_parcuri,walking,0,synthetic_gps
2026-05-15 12:03:35,45.7464177,21.2335453,3.96,bega_parcuri,walking,0,synthetic_gps
2026-05-15 12:03:36,45.7464079,21.2335659,4.37,bega_parcuri,walking,0,synthetic_gps
2026-05-15 12:03:37,45.7463683,21.2335748,4.55,bega_parcuri,walking,0,synthetic_gps
2026-05-15 12:03:38,45.7464232,21.2336099,1.2,bega_parcuri,walking,0,synthetic_gps
2026-05-15 12:03:39,45.7464357,21.2335348,4.48,bega_parcuri,walking,0,synthetic_gps
2026-05-15 12:03:40,45.7464037,21.2335901,6.0,bega_parcuri,walking,0,synthetic_gps
2026-05-15 12:03:41,45.7464657,21.2336254,4.27,bega_parcuri,walking,0,synthetic_gps
2026-05-15 12:03:42,45.7463966,21.2335951,4.74,bega_parcuri,walking,0,synthetic_gps
2026-05-15 12:03:43,45.7464418,21.2336298,5.06,bega_parcuri,walking,0,synthetic_gps
2026-05-15 12:03:44,45.7464017,21.2336144,4.27,bega_parcuri,walking,0,synthetic_gps
2026-05-15 12:03:45,45.7464148,21.2336657,4.37,bega_parcuri,walking,0,synthetic_gps
2026-05-15 12:03:46,45.7464088,21.2336662,4.24,bega_parcuri,walking,0,synthetic_gps
2026-05-15 12:03:47,45.746404,21.233702,4.22,bega_parcuri,walking,0,synthetic_gps
2026-05-15 12:03:48,45.7463979,21.2336958,5.32,bega_parcuri,walking,0,synthetic_gps
2026-05-15 12:03:49,45.7464025,21.233708,5.9,bega_parcuri,walking,0,synthetic_gps
2026-05-15 12:03:50,45.746377,21.2336748,4.87,bega_parcuri,walking,0,synthetic_gps
2026-05-15 12:03:51,45.7464315,21.2337221,4.66,bega_parcuri,walking,0,synthetic_gps
2026-05-15 12:03:52,45.74644,21.2337006,4.12,bega_parcuri,walking,0,synthetic_gps
2026-05-15 12:03:53,45.7464148,21.233715,4.35,bega_parcuri,walking,0,synthetic_gps
2026-05-15 12:03:54,45.7463472,21.2337685,4.08,bega_parcuri,walking,0,synthetic_gps
2026-05-15 12:03:55,45.7463799,21.2337561,4.97,bega_parcuri,walking,0,synthetic_gps
2026-05-15 12:03:56,45.7464257,21.2336789,5.56,bega_parcuri,walking,0,synthetic_gps
2026-05-15 12:03:57,45.7464468,21.2337747,3.94,bega_parcuri,walking,0,synthetic_gps
2026-05-15 12:03:58,45.7464144,21.233784,5.08,bega_parcuri,walking,0,synthetic_gps
2026-05-15 12:03:59,45.7464744,21.2337455,3.5,bega_parcuri,walking,0,synthetic_gps
2026-05-15 12:04:00,45.7463671,21.2338029,3.63,bega_parcuri,walking,0,synthetic_gps
2026-05-15 12:04:01,45.7463704,21.2337803,4.7,bega_parcuri,walking,0,synthetic_gps
2026-05-15 12:04:02,45.7463609,21.2338209,4.43,bega_parcuri,walking,0,synthetic_gps
2026-05-15 12:04:03,45.7463861,21.2338531,3.7,bega_parcuri,walking,0,synthetic_gps
2026-05-15 12:04:04,45.7464037,21.2337903,3.08,bega_parcuri,walking,0,synthetic_gps
2026-05-15 12:04:05,45.746362,21.233842,2.93,bega_parcuri,walking,0,synthetic_gps
2026-05-15 12:04:06,45.7463501,21.2338176,4.04,bega_parcuri,walking,0,synthetic_gps
2026-05-15 12:04:07,45.7463616,21.2338779,1.14,bega_parcuri,walking,0,synthetic_gps
2026-05-15 12:04:08,45.7463833,21.2338759,4.19,bega_parcuri,walking,0,synthetic_gps
2026-05-15 12:04:09,45.7464,21.2339385,3.94,bega_parcuri,walking,0,synthetic_gps
2026-05-15 12:04:10,45.7463565,21.2339044,5.46,bega_parcuri,walking,0,synthetic_gps
2026-05-15 12:04:11,45.7464167,21.2338714,0.08,bega_parcuri,walking,0,synthetic_gps
2026-05-15 12:04:12,45.7463576,21.2339041,3.86,bega_parcuri,walking,0,synthetic_gps
2026-05-15 12:04:13,45.7463603,21.233914,5.33,bega_parcuri,walking,0,synthetic_gps
2026-05-15 12:04:14,45.7464078,21.2338929,4.06,bega_parcuri,walking,0,synthetic_gps
2026-05-15 12:04:15,45.7463626,21.2339564,3.9,bega_parcuri,walking,0,synthetic_gps
2026-05-15 12:04:16,45.7463381,21.2339994,4.22,bega_parcuri,walking,0,synthetic_gps
2026-05-15 12:04:17,45.7464094,21.2339296,4.23,bega_parcuri,walking,0,synthetic_gps
2026-05-15 12:04:18,45.7463776,21.2339643,5.15,bega_parcuri,walking,0,synthetic_gps
2026-05-15 12:04:19,45.7463422,21.2339119,3.66,bega_parcuri,walking,0,synthetic_gps
2026-05-15 12:04:20,45.7463612,21.233983,4.43,bega_parcuri,walking,0,synthetic_gps
2026-05-15 12:04:21,45.7463788,21.2339576,4.41,bega_parcuri,walking,0,synthetic_gps
2026-05-15 12:04:22,45.7463616,21.2339954,4.03,bega_parcuri,walking,0,synthetic_gps
2026-05-15 12:04:23,45.7463183,21.2339902,3.48,bega_parcuri,walking,0,synthetic_gps
2026-05-15 12:04:24,45.7463854,21.2339906,4.01,bega_parcuri,walking,0,synthetic_gps
2026-05-15 12:04:25,45.7463394,21.2340339,4.18,bega_parcuri,walking,0,synthetic_gps
2026-05-15 12:04:26,45.7462972,21.2340855,3.76,bega_parcuri,walking,0,synthetic_gps
2026-05-15 12:04:27,45.7463533,21.2340602,5.2,bega_parcuri,walking,0,synthetic_gps
2026-05-15 12:04:28,45.7463599,21.2340725,3.63,bega_parcuri,walking,0,synthetic_gps
2026-05-15 12:04:29,45.7463304,21.2340197,4.3,bega_parcuri,walking,0,synthetic_gps
2026-05-15 12:04:30,45.7463235,21.2340893,3.96,bega_parcuri,walking,0,synthetic_gps
2026-05-15 12:04:31,45.7463666,21.2341022,4.11,bega_parcuri,walking,0,synthetic_gps
2026-05-15 12:04:32,45.7463456,21.2340987,3.73,bega_parcuri,walking,0,synthetic_gps
2026-05-15 12:04:33,45.746364,21.2341532,4.43,bega_parcuri,walking,0,synthetic_gps
2026-05-15 12:04:34,45.7463328,21.2341016,3.75,bega_parcuri,walking,0,synthetic_gps
2026-05-15 12:04:35,45.746369,21.2341098,4.62,bega_parcuri,walking,0,synthetic_gps
2026-05-15 12:04:36,45.7463068,21.2341679,4.25,bega_parcuri,walking,0,synthetic_gps
2026-05-15 12:04:37,45.7463163,21.2341374,3.63,bega_parcuri,walking,0,synthetic_gps
2026-05-15 12:04:38,45.7463663,21.234171,4.84,bega_parcuri,walking,0,synthetic_gps
2026-05-15 12:04:39,45.7463948,21.234188,5.9,bega_parcuri,walking,0,synthetic_gps
2026-05-15 12:04:40,45.7463343,21.2341741,4.22,bega_parcuri,walking,0,synthetic_gps
2026-05-15 12:04:41,45.7463787,21.2341772,4.34,bega_parcuri,walking,0,synthetic_gps
2026-05-15 12:04:42,45.746334,21.2341969,4.23,bega_parcuri,walking,0,synthetic_gps
2026-05-15 12:04:43,45.7463671,21.2341902,5.59,bega_parcuri,walking,0,synthetic_gps
2026-05-15 12:04:44,45.7463559,21.2342118,4.09,bega_parcuri,walking,0,synthetic_gps
2026-05-15 12:04:45,45.7462843,21.2342319,5.04,bega_parcuri,walking,0,synthetic_gps
2026-05-15 12:04:46,45.746305,21.2342567,3.7,bega_parcuri,walking,0,synthetic_gps
2026-05-15 12:04:47,45.746361,21.2342338,4.72,bega_parcuri,walking,0,synthetic_gps
2026-05-15 12:04:48,45.7463335,21.2342642,4.26,bega_parcuri,walking,0,synthetic_gps
2026-05-15 12:04:49,45.746288,21.2343004,4.22,bega_parcuri,walking,0,synthetic_gps
2026-05-15 12:04:50,45.7463171,21.2342518,5.68,bega_parcuri,walking,0,synthetic_gps
2026-05-15 12:04:51,45.7463209,21.2342301,0.73,bega_parcuri,walking,0,synthetic_gps
2026-05-15 12:04:52,45.746329,21.2342972,4.27,bega_parcuri,walking,0,synthetic_gps
2026-05-15 12:04:53,45.7463388,21.2343387,4.48,bega_parcuri,walking,0,synthetic_gps
2026-05-15 12:04:54,45.7463349,21.2343443,3.83,bega_parcuri,walking,0,synthetic_gps
2026-05-15 12:04:55,45.7463439,21.2343332,4.81,bega_parcuri,walking,0,synthetic_gps
2026-05-15 12:04:56,45.7462783,21.2343261,3.55,bega_parcuri,walking,0,synthetic_gps
2026-05-15 12:04:57,45.7462776,21.2342952,4.39,bega_parcuri,walking,0,synthetic_gps
2026-05-15 12:04:58,45.7463381,21.2343284,5.67,bega_parcuri,walking,0,synthetic_gps
2026-05-15 12:04:59,45.7462997,21.2343559,4.29,bega_parcuri,walking,0,synthetic_gps
2026-05-15 12:05:00,45.7463575,21.2343295,4.19,bega_parcuri,walking,0,synthetic_gps
2026-05-15 12:05:01,45.7463377,21.2343747,5.17,bega_parcuri,walking,0,synthetic_gps
2026-05-15 12:05:02,45.7462852,21.2343941,4.02,bega_parcuri,walking,0,synthetic_gps
2026-05-15 12:05:03,45.7463037,21.234394,5.24,bega_parcuri,walking,0,synthetic_gps
2026-05-15 12:05:04,45.7462979,21.234366,4.42,bega_parcuri,walking,0,synthetic_gps
2026-05-15 12:05:05,45.7463266,21.2344139,3.6,bega_parcuri,walking,0,synthetic_gps
2026-05-15 12:05:06,45.7462807,21.2343683,4.66,bega_parcuri,walking,0,synthetic_gps
2026-05-15 12:05:07,45.7462819,21.2344722,4.17,bega_parcuri,walking,0,synthetic_gps
2026-05-15 12:05:08,45.7463311,21.2343962,5.47,bega_parcuri,walking,0,synthetic_gps
2026-05-15 12:05:09,45.74632,21.2344349,4.13,bega_parcuri,walking,0,synthetic_gps
2026-05-15 12:05:10,45.7463233,21.234415,4.31,bega_parcuri,walking,0,synthetic_gps
2026-05-15 12:05:11,45.746221,21.2344515,5.03,bega_parcuri,walking,0,synthetic_gps
2026-05-15 12:05:12,45.7462713,21.234451,3.93,bega_parcuri,walking,0,synthetic_gps
2026-05-15 12:05:13,45.7463237,21.2344811,4.97,bega_parcuri,walking,0,synthetic_gps
2026-05-15 12:05:14,45.7462671,21.2344456,3.61,bega_parcuri,walking,0,synthetic_gps
2026-05-15 12:05:15,45.7462775,21.2344939,4.98,bega_parcuri,walking,0,synthetic_gps
2026-05-15 12:05:16,45.7462856,21.2345268,3.76,bega_parcuri,walking,0,synthetic_gps
2026-05-15 12:05:17,45.7462475,21.2345283,3.53,bega_parcuri,walking,0,synthetic_gps
2026-05-15 12:05:18,45.7463059,21.2345111,4.59,bega_parcuri,walking,0,synthetic_gps
2026-05-15 12:05:19,45.7462949,21.234492,4.69,bega_parcuri,walking,0,synthetic_gps
2026-05-15 12:05:20,45.7463101,21.234573,4.92,bega_parcuri,walking,0,synthetic_gps
2026-05-15 12:05:21,45.7462807,21.2345728,4.61,bega_parcuri,walking,0,synthetic_gps
2026-05-15 12:05:22,45.7462469,21.2346034,5.7,bega_parcuri,walking,0,synthetic_gps
2026-05-15 12:05:23,45.746221,21.2345564,4.57,bega_parcuri,walking,0,synthetic_gps
2026-05-15 12:05:24,45.7462679,21.2346046,3.2,bega_parcuri,walking,0,synthetic_gps
2026-05-15 12:05:25,45.7462933,21.234602,4.13,bega_parcuri,walking,0,synthetic_gps
2026-05-15 12:05:26,45.7462517,21.2345787,4.5,bega_parcuri,walking,0,synthetic_gps
2026-05-15 12:05:27,45.7462877,21.2345699,4.65,bega_parcuri,walking,0,synthetic_gps
2026-05-15 12:05:28,45.7462649,21.2345901,5.21,bega_parcuri,walking,0,synthetic_gps
2026-05-15 12:05:29,45.7462123,21.2346642,5.9,bega_parcuri,walking,0,synthetic_gps
2026-05-15 12:05:30,45.7462726,21.2346236,0.63,bega_parcuri,walking,0,synthetic_gps
2026-05-15 12:05:31,45.7462837,21.2346569,4.93,bega_parcuri,walking,0,synthetic_gps
2026-05-15 12:05:32,45.7462515,21.2346094,3.85,bega_parcuri,walking,0,synthetic_gps
2026-05-15 12:05:33,45.7462652,21.2346175,0.57,bega_parcuri,walking,0,synthetic_gps
2026-05-15 12:05:34,45.7462452,21.2346501,5.12,bega_parcuri,walking,0,synthetic_gps
2026-05-15 12:05:35,45.7462702,21.2347156,3.24,bega_parcuri,walking,0,synthetic_gps
2026-05-15 12:05:36,45.7462917,21.2346954,6.11,bega_parcuri,walking,0,synthetic_gps
2026-05-15 12:05:37,45.7462656,21.2346524,4.15,bega_parcuri,walking,0,synthetic_gps
2026-05-15 12:05:38,45.7462482,21.2347011,4.92,bega_parcuri,walking,0,synthetic_gps
2026-05-15 12:05:39,45.7462529,21.2347229,5.05,bega_parcuri,walking,0,synthetic_gps
2026-05-15 12:05:40,45.7462283,21.2347681,3.93,bega_parcuri,walking,0,synthetic_gps
2026-05-15 12:05:41,45.7462056,21.2347163,4.66,bega_parcuri,walking,0,synthetic_gps
2026-05-15 12:05:42,45.7462526,21.2347276,4.68,bega_parcuri,walking,0,synthetic_gps
2026-05-15 12:05:43,45.746265,21.2347693,3.71,bega_parcuri,walking,0,synthetic_gps
2026-05-15 12:05:44,45.7462496,21.2347637,4.45,bega_parcuri,walking,0,synthetic_gps
2026-05-15 12:05:45,45.7462407,21.2348159,4.84,bega_parcuri,walking,0,synthetic_gps
2026-05-15 12:05:46,45.7462699,21.2347722,3.68,bega_parcuri,walking,0,synthetic_gps
2026-05-15 12:05:47,45.7462194,21.23481,4.72,bega_parcuri,walking,0,synthetic_gps
2026-05-15 12:05:48,45.7462301,21.2348447,5.62,bega_parcuri,walking,0,synthetic_gps
2026-05-15 12:05:49,45.7462702,21.2348422,3.68,bega_parcuri,walking,0,synthetic_gps
2026-05-15 12:05:50,45.7462112,21.2347995,5.23,bega_parcuri,walking,0,synthetic_gps
2026-05-15 12:05:51,45.7462252,21.2348261,4.84,bega_parcuri,walking,0,synthetic_gps
2026-05-15 12:05:52,45.7462422,21.2348402,4.06,bega_parcuri,walking,0,synthetic_gps
2026-05-15 12:05:53,45.7462194,21.2348519,4.84,bega_parcuri,walking,0,synthetic_gps
2026-05-15 12:05:54,45.7462315,21.2348784,4.1,bega_parcuri,walking,0,synthetic_gps
2026-05-15 12:05:55,45.7462279,21.2348587,4.11,bega_parcuri,walking,0,synthetic_gps
2026-05-15 12:05:56,45.7462468,21.2348944,4.3,bega_parcuri,walking,0,synthetic_gps
2026-05-15 12:05:57,45.7462304,21.2348908,4.9,bega_parcuri,walking,0,synthetic_gps
2026-05-15 12:05:58,45.7462041,21.2349057,5.67,bega_parcuri,walking,0,synthetic_gps
2026-05-15 12:05:59,45.7462408,21.2349333,4.07,bega_parcuri,walking,0,synthetic_gps
2026-05-15 12:06:00,45.7462412,21.234906,5.62,bega_parcuri,walking,0,synthetic_gps
2026-05-15 12:06:01,45.7462535,21.2349422,5.08,bega_parcuri,walking,0,synthetic_gps
2026-05-15 12:06:02,45.7462351,21.2349059,4.27,bega_parcuri,walking,0,synthetic_gps
2026-05-15 12:06:03,45.7462638,21.2349225,5.23,bega_parcuri,walking,0,synthetic_gps
2026-05-15 12:06:04,45.746228,21.2349566,5.77,bega_parcuri,walking,0,synthetic_gps
2026-05-15 12:06:05,45.7462715,21.2349789,3.98,bega_parcuri,walking,0,synthetic_gps
2026-05-15 12:06:06,45.746233,21.234978,4.57,bega_parcuri,walking,0,synthetic_gps
2026-05-15 12:06:07,45.7461917,21.2349689,3.7,bega_parcuri,walking,0,synthetic_gps
2026-05-15 12:06:08,45.7462599,21.2349426,4.09,bega_parcuri,walking,0,synthetic_gps
2026-05-15 12:06:09,45.7462317,21.2350166,4.29,bega_parcuri,walking,0,synthetic_gps
2026-05-15 12:06:10,45.7462098,21.2350011,5.23,bega_parcuri,walking,0,synthetic_gps
2026-05-15 12:06:11,45.7462315,21.2350265,1.02,bega_parcuri,walking,0,synthetic_gps
2026-05-15 12:06:12,45.7461963,21.2350183,5.61,bega_parcuri,walking,0,synthetic_gps
2026-05-15 12:06:13,45.7462273,21.2350432,3.2,bega_parcuri,walking,0,synthetic_gps
2026-05-15 12:06:14,45.746206,21.2349971,5.06,bega_parcuri,walking,0,synthetic_gps
2026-05-15 12:06:15,45.7462055,21.2350554,4.65,bega_parcuri,walking,0,synthetic_gps
2026-05-15 12:06:16,45.7462278,21.2350141,3.66,bega_parcuri,walking,0,synthetic_gps
2026-05-15 12:06:17,45.7462519,21.2350815,3.34,bega_parcuri,walking,0,synthetic_gps
2026-05-15 12:06:18,45.7462031,21.2351285,4.1,bega_parcuri,walking,0,synthetic_gps
2026-05-15 12:06:19,45.7461869,21.2350923,4.87,bega_parcuri,walking,0,synthetic_gps
2026-05-15 12:06:20,45.7462039,21.2351057,4.23,bega_parcuri,walking,0,synthetic_gps
2026-05-15 12:06:21,45.7461655,21.2351086,4.34,bega_parcuri,walking,0,synthetic_gps
2026-05-15 12:06:22,45.7462276,21.2351405,4.81,bega_parcuri,walking,0,synthetic_gps
2026-05-15 12:06:23,45.7461903,21.2351289,3.92,bega_parcuri,walking,0,synthetic_gps
2026-05-15 12:06:24,45.7462049,21.2351338,4.5,bega_parcuri,walking,0,synthetic_gps
2026-05-15 12:06:25,45.7461883,21.235133,3.89,bega_parcuri,walking,0,synthetic_gps
2026-05-15 12:06:26,45.7461964,21.2351792,4.54,bega_parcuri,walking,0,synthetic_gps
2026-05-15 12:06:27,45.7461877,21.2351765,4.14,bega_parcuri,walking,0,synthetic_gps
2026-05-15 12:06:28,45.746215,21.2351912,4.57,bega_parcuri,walking,0,synthetic_gps
2026-05-15 12:06:29,45.7461605,21.2352087,2.82,bega_parcuri,walking,0,synthetic_gps
2026-05-15 12:06:30,45.7461709,21.2352123,5.22,bega_parcuri,walking,0,synthetic_gps
2026-05-15 12:06:31,45.7461678,21.2351717,5.2,bega_parcuri,walking,0,synthetic_gps
2026-05-15 12:06:32,45.7461856,21.2352298,4.47,bega_parcuri,walking,0,synthetic_gps
2026-05-15 12:06:33,45.7462226,21.2352309,4.64,bega_parcuri,walking,0,synthetic_gps
2026-05-15 12:06:34,45.7461765,21.2352656,5.79,bega_parcuri,walking,0,synthetic_gps
2026-05-15 12:06:35,45.746173,21.2352563,3.83,bega_parcuri,walking,0,synthetic_gps
2026-05-15 12:06:36,45.7462111,21.2352509,5.27,bega_parcuri,walking,0,synthetic_gps
2026-05-15 12:06:37,45.7461546,21.2352217,4.03,bega_parcuri,walking,0,synthetic_gps
2026-05-15 12:06:38,45.7461921,21.2352778,5.3,bega_parcuri,walking,0,synthetic_gps
2026-05-15 12:06:39,45.7461711,21.2352887,5.2,bega_parcuri,walking,0,synthetic_gps
2026-05-15 12:06:40,45.7461555,21.2353224,4.35,bega_parcuri,walking,0,synthetic_gps
2026-05-15 12:06:41,45.7462211,21.2352801,5.2,bega_parcuri,walking,0,synthetic_gps
2026-05-15 12:06:42,45.746136,21.2353095,3.23,bega_parcuri,walking,0,synthetic_gps
2026-05-15 12:06:43,45.7461505,21.2352997,4.38,bega_parcuri,walking,0,synthetic_gps
2026-05-15 12:06:44,45.746155,21.2353196,5.14,bega_parcuri,walking,0,synthetic_gps
2026-05-15 12:06:45,45.7461282,21.2353781,4.01,bega_parcuri,walking,0,synthetic_gps
2026-05-15 12:06:46,45.7461783,21.2353683,4.13,bega_parcuri,walking,0,synthetic_gps
2026-05-15 12:06:47,45.7461748,21.2353571,4.39,bega_parcuri,walking,0,synthetic_gps
2026-05-15 12:06:48,45.7461603,21.235372,5.75,bega_parcuri,walking,0,synthetic_gps
2026-05-15 12:06:49,45.7461816,21.235386,7.0,bega_parcuri,walking,0,synthetic_gps
2026-05-15 12:06:50,45.7461682,21.2353588,4.62,bega_parcuri,walking,0,synthetic_gps
2026-05-15 12:06:51,45.7461403,21.2353814,4.33,bega_parcuri,walking,0,synthetic_gps
2026-05-15 12:06:52,45.7461102,21.2353934,4.03,bega_parcuri,walking,0,synthetic_gps
2026-05-15 12:06:53,45.7461518,21.2354223,3.71,bega_parcuri,walking,0,synthetic_gps
2026-05-15 12:06:54,45.7461693,21.2353949,3.31,bega_parcuri,walking,0,synthetic_gps
2026-05-15 12:06:55,45.7461772,21.2354058,4.22,bega_parcuri,walking,0,synthetic_gps
2026-05-15 12:06:56,45.7461764,21.2354672,4.77,bega_parcuri,walking,0,synthetic_gps
2026-05-15 12:06:57,45.7461605,21.2354698,3.57,bega_parcuri,walking,0,synthetic_gps
2026-05-15 12:06:58,45.746101,21.2354763,4.87,bega_parcuri,walking,0,synthetic_gps
2026-05-15 12:06:59,45.7461748,21.2354708,5.5,bega_parcuri,walking,0,synthetic_gps
2026-05-15 12:07:00,45.7461253,21.2354547,5.48,bega_parcuri,walking,0,synthetic_gps
2026-05-15 12:07:01,45.7461322,21.235489,4.55,bega_parcuri,walking,0,synthetic_gps
2026-05-15 12:07:02,45.7461246,21.2355177,4.45,bega_parcuri,walking,0,synthetic_gps
2026-05-15 12:07:03,45.7461481,21.2354998,4.18,bega_parcuri,walking,0,synthetic_gps
2026-05-15 12:07:04,45.7461639,21.2355267,4.61,bega_parcuri,walking,0,synthetic_gps
2026-05-15 12:07:05,45.7461551,21.2354786,4.69,bega_parcuri,walking,0,synthetic_gps
2026-05-15 12:07:06,45.7461247,21.235517,4.83,bega_parcuri,walking,0,synthetic_gps
2026-05-15 12:07:07,45.7461254,21.2355478,4.53,bega_parcuri,walking,0,synthetic_gps
2026-05-15 12:07:08,45.7461259,21.2355648,4.82,bega_parcuri,walking,0,synthetic_gps
2026-05-15 12:07:09,45.7461688,21.2355493,4.86,bega_parcuri,walking,0,synthetic_gps
2026-05-15 12:07:10,45.7461473,21.2356078,5.34,bega_parcuri,walking,0,synthetic_gps
2026-05-15 12:07:11,45.7461308,21.2355976,3.07,bega_parcuri,walking,0,synthetic_gps
2026-05-15 12:07:12,45.7461597,21.2355898,4.27,bega_parcuri,walking,0,synthetic_gps
2026-05-15 12:07:13,45.7461796,21.235603,4.93,bega_parcuri,walking,0,synthetic_gps
2026-05-15 12:07:14,45.7461701,21.2355888,4.61,bega_parcuri,walking,0,synthetic_gps
2026-05-15 12:07:15,45.746119,21.2356425,5.89,bega_parcuri,walking,0,synthetic_gps
2026-05-15 12:07:16,45.7461101,21.2356493,4.8,bega_parcuri,walking,0,synthetic_gps
2026-05-15 12:07:17,45.7460931,21.2356393,5.25,bega_parcuri,walking,0,synthetic_gps
2026-05-15 12:07:18,45.7461084,21.2356677,5.64,bega_parcuri,walking,0,synthetic_gps
2026-05-15 12:07:19,45.7460875,21.2356908,3.43,bega_parcuri,walking,0,synthetic_gps
2026-05-15 12:07:20,45.7461079,21.2356844,0.91,bega_parcuri,walking,0,synthetic_gps
2026-05-15 12:07:21,45.7461207,21.2356775,5.09,bega_parcuri,walking,0,synthetic_gps
2026-05-15 12:07:22,45.7461355,21.2356384,4.04,bega_parcuri,walking,0,synthetic_gps
2026-05-15 12:07:23,45.7460913,21.235707,4.59,bega_parcuri,walking,0,synthetic_gps
2026-05-15 12:07:24,45.7461346,21.2357531,4.37,bega_parcuri,walking,0,synthetic_gps
2026-05-15 12:07:25,45.7460733,21.2357614,3.66,bega_parcuri,walking,0,synthetic_gps
2026-05-15 12:07:26,45.7461171,21.2357271,4.12,bega_parcuri,walking,0,synthetic_gps
2026-05-15 12:07:27,45.7460978,21.2356752,5.01,bega_parcuri,walking,0,synthetic_gps
2026-05-15 12:07:28,45.7461052,21.2357633,4.24,bega_parcuri,walking,0,synthetic_gps
2026-05-15 12:07:29,45.7460853,21.2357507,4.59,bega_parcuri,walking,0,synthetic_gps
2026-05-15 12:07:30,45.7460955,21.2357162,5.67,bega_parcuri,walking,0,synthetic_gps
2026-05-15 12:07:31,45.7460648,21.2357646,4.2,bega_parcuri,walking,0,synthetic_gps
2026-05-15 12:07:32,45.7461184,21.2357602,4.92,bega_parcuri,walking,0,synthetic_gps
2026-05-15 12:07:33,45.7460723,21.2358039,5.0,bega_parcuri,walking,0,synthetic_gps
2026-05-15 12:07:34,45.7460683,21.2358168,5.91,bega_parcuri,walking,0,synthetic_gps
2026-05-15 12:07:35,45.7460687,21.2358284,4.42,bega_parcuri,walking,0,synthetic_gps
2026-05-15 12:07:36,45.7460964,21.2358116,4.73,bega_parcuri,walking,0,synthetic_gps
2026-05-15 12:07:37,45.746081,21.2358155,3.95,bega_parcuri,walking,0,synthetic_gps
2026-05-15 12:07:38,45.7460657,21.2358684,0.95,bega_parcuri,walking,0,synthetic_gps
2026-05-15 12:07:39,45.7460772,21.2358266,3.98,bega_parcuri,walking,0,synthetic_gps
2026-05-15 12:07:40,45.7460964,21.2358508,5.79,bega_parcuri,walking,0,synthetic_gps
2026-05-15 12:07:41,45.7460853,21.2358174,4.17,bega_parcuri,walking,0,synthetic_gps
2026-05-15 12:07:42,45.7461352,21.2358936,4.24,bega_parcuri,walking,0,synthetic_gps
2026-05-15 12:07:43,45.7461,21.2358803,3.97,bega_parcuri,walking,0,synthetic_gps
2026-05-15 12:07:44,45.7461051,21.2358952,3.29,bega_parcuri,walking,0,synthetic_gps
2026-05-15 12:07:45,45.746064,21.2358884,4.94,bega_parcuri,walking,0,synthetic_gps
2026-05-15 12:07:46,45.7460894,21.2359298,4.04,bega_parcuri,walking,0,synthetic_gps
2026-05-15 12:07:47,45.7460786,21.2359108,4.74,bega_parcuri,walking,0,synthetic_gps
2026-05-15 12:07:48,45.7460833,21.2359624,3.69,bega_parcuri,walking,0,synthetic_gps
2026-05-15 12:07:49,45.7460617,21.2359529,0.24,bega_parcuri,walking,0,synthetic_gps
2026-05-15 12:07:50,45.7460905,21.2359686,5.14,bega_parcuri,walking,0,synthetic_gps
2026-05-15 12:07:51,45.7460981,21.2359671,4.95,bega_parcuri,walking,0,synthetic_gps
2026-05-15 12:07:52,45.7460613,21.2359624,4.42,bega_parcuri,walking,0,synthetic_gps
2026-05-15 12:07:53,45.7460141,21.2359297,4.28,bega_parcuri,walking,0,synthetic_gps
2026-05-15 12:07:54,45.746058,21.235954,4.99,bega_parcuri,walking,0,synthetic_gps
2026-05-15 12:07:55,45.7460806,21.2359575,5.11,bega_parcuri,walking,0,synthetic_gps
2026-05-15 12:07:56,45.7460603,21.2359873,5.65,bega_parcuri,walking,0,synthetic_gps
2026-05-15 12:07:57,45.7460743,21.2360511,4.29,bega_parcuri,walking,0,synthetic_gps
2026-05-15 12:07:58,45.7460445,21.2360262,4.42,bega_parcuri,walking,0,synthetic_gps
2026-05-15 12:07:59,45.7461031,21.2360474,4.78,bega_parcuri,walking,0,synthetic_gps
2026-05-15 12:08:00,45.7460501,21.2360678,4.04,bega_parcuri,walking,0,synthetic_gps
2026-05-15 12:08:01,45.7460797,21.23607,4.51,bega_parcuri,walking,0,synthetic_gps
2026-05-15 12:08:02,45.7460574,21.2360657,5.35,bega_parcuri,walking,0,synthetic_gps
2026-05-15 12:08:03,45.7460491,21.2360581,5.15,bega_parcuri,walking,0,synthetic_gps
2026-05-15 12:08:04,45.7460212,21.2360589,5.39,bega_parcuri,walking,0,synthetic_gps
2026-05-15 12:08:05,45.7460417,21.2361179,5.62,bega_parcuri,walking,0,synthetic_gps
2026-05-15 12:08:06,45.7460589,21.2360893,4.7,bega_parcuri,walking,0,synthetic_gps
2026-05-15 12:08:07,45.7460603,21.2361596,4.22,bega_parcuri,walking,0,synthetic_gps
2026-05-15 12:08:08,45.7460643,21.2360853,4.11,bega_parcuri,walking,0,synthetic_gps
2026-05-15 12:08:09,45.7460531,21.2361701,5.57,bega_parcuri,walking,0,synthetic_gps
2026-05-15 12:08:10,45.7460087,21.2361785,4.13,bega_parcuri,walking,0,synthetic_gps
2026-05-15 12:08:11,45.7460599,21.2361414,4.64,bega_parcuri,walking,0,synthetic_gps
2026-05-15 12:08:12,45.7460564,21.2361762,3.64,bega_parcuri,walking,0,synthetic_gps
2026-05-15 12:08:13,45.7460254,21.2361637,5.05,bega_parcuri,walking,0,synthetic_gps
2026-05-15 12:08:14,45.7460426,21.2361518,4.12,bega_parcuri,walking,0,synthetic_gps
2026-05-15 12:08:15,45.746064,21.2362169,4.25,bega_parcuri,walking,0,synthetic_gps
2026-05-15 12:08:16,45.7460608,21.2362198,3.98,bega_parcuri,walking,0,synthetic_gps
2026-05-15 12:08:17,45.7460739,21.236201,4.35,bega_parcuri,walking,0,synthetic_gps
2026-05-15 12:08:18,45.7460839,21.2362268,4.61,bega_parcuri,walking,0,synthetic_gps
2026-05-15 12:08:19,45.7460511,21.2362523,4.17,bega_parcuri,walking,0,synthetic_gps
2026-05-15 12:08:20,45.7460546,21.2362047,4.67,bega_parcuri,walking,0,synthetic_gps
2026-05-15 12:08:21,45.7460488,21.2362566,4.37,bega_parcuri,walking,0,synthetic_gps
2026-05-15 12:08:22,45.7460404,21.2362612,4.5,bega_parcuri,walking,0,synthetic_gps
2026-05-15 12:08:23,45.7460211,21.236287,4.5,bega_parcuri,walking,0,synthetic_gps
2026-05-15 12:08:24,45.7460848,21.2362694,5.14,bega_parcuri,walking,0,synthetic_gps
2026-05-15 12:08:25,45.7460526,21.2362813,4.83,bega_parcuri,walking,0,synthetic_gps
2026-05-15 12:08:26,45.7460191,21.236276,5.12,bega_parcuri,walking,0,synthetic_gps
2026-05-15 12:08:27,45.7460808,21.2363027,4.52,bega_parcuri,walking,0,synthetic_gps
2026-05-15 12:08:28,45.7460604,21.236296,3.2,bega_parcuri,walking,0,synthetic_gps
2026-05-15 12:08:29,45.7460013,21.2363071,3.76,bega_parcuri,walking,0,synthetic_gps
2026-05-15 12:08:30,45.7460309,21.2363393,4.8,bega_parcuri,walking,0,synthetic_gps
2026-05-15 12:08:31,45.7460293,21.2362728,3.27,bega_parcuri,walking,0,synthetic_gps
2026-05-15 12:08:32,45.7460363,21.2363676,5.24,bega_parcuri,walking,0,synthetic_gps
2026-05-15 12:08:33,45.7460392,21.2363309,4.71,bega_parcuri,walking,0,synthetic_gps
2026-05-15 12:08:34,45.7460198,21.2363509,4.34,bega_parcuri,walking,0,synthetic_gps
2026-05-15 12:08:35,45.7460066,21.2363925,4.6,bega_parcuri,walking,0,synthetic_gps
2026-05-15 12:08:36,45.7459803,21.2363819,4.63,bega_parcuri,walking,0,synthetic_gps
2026-05-15 12:08:37,45.7460259,21.2363906,4.48,bega_parcuri,walking,0,synthetic_gps
2026-05-15 12:08:38,45.7460427,21.2364113,4.06,bega_parcuri,walking,0,synthetic_gps
2026-05-15 12:08:39,45.7459632,21.2363921,5.64,bega_parcuri,walking,0,synthetic_gps
2026-05-15 12:08:40,45.7459659,21.2364169,4.35,bega_parcuri,walking,0,synthetic_gps
2026-05-15 12:08:41,45.7460132,21.2364233,3.74,bega_parcuri,walking,0,synthetic_gps
2026-05-15 12:08:42,45.7459915,21.2363934,3.97,bega_parcuri,walking,0,synthetic_gps
2026-05-15 12:08:43,45.7460196,21.2364351,4.13,bega_parcuri,walking,0,synthetic_gps
2026-05-15 12:08:44,45.745993,21.2364667,5.06,bega_parcuri,walking,0,synthetic_gps
2026-05-15 12:08:45,45.7459855,21.2364812,4.95,bega_parcuri,walking,0,synthetic_gps
2026-05-15 12:08:46,45.745979,21.2364363,3.58,bega_parcuri,walking,0,synthetic_gps
2026-05-15 12:08:47,45.7460008,21.2365088,3.94,bega_parcuri,walking,0,synthetic_gps
2026-05-15 12:08:48,45.7460122,21.2365121,5.46,bega_parcuri,walking,0,synthetic_gps
2026-05-15 12:08:49,45.7459995,21.2365596,4.43,bega_parcuri,walking,0,synthetic_gps
2026-05-15 12:08:50,45.7460263,21.2364718,4.92,bega_parcuri,walking,0,synthetic_gps
2026-05-15 12:08:51,45.7460315,21.2365093,5.32,bega_parcuri,walking,0,synthetic_gps
2026-05-15 12:08:52,45.7459936,21.2365534,3.65,bega_parcuri,walking,0,synthetic_gps
2026-05-15 12:08:53,45.7459802,21.2365926,4.74,bega_parcuri,walking,0,synthetic_gps
2026-05-15 12:08:54,45.7460107,21.2365581,5.14,bega_parcuri,walking,0,synthetic_gps
2026-05-15 12:08:55,45.7460169,21.2365608,4.57,bega_parcuri,walking,0,synthetic_gps
2026-05-15 12:08:56,45.7459799,21.2366033,3.83,bega_parcuri,walking,0,synthetic_gps
2026-05-15 12:08:57,45.7460019,21.2365892,4.78,bega_parcuri,walking,0,synthetic_gps
2026-05-15 12:08:58,45.7459837,21.2366287,4.1,bega_parcuri,walking,0,synthetic_gps
2026-05-15 12:08:59,45.7459599,21.2365896,6.0,bega_parcuri,walking,0,synthetic_gps
2026-05-15 12:09:00,45.7459753,21.2365811,3.28,bega_parcuri,walking,0,synthetic_gps
2026-05-15 12:09:01,45.7459861,21.2366735,4.63,bega_parcuri,walking,0,synthetic_gps
2026-05-15 12:09:02,45.745966,21.2366366,4.25,bega_parcuri,walking,0,synthetic_gps
2026-05-15 12:09:03,45.7459583,21.2366423,3.93,bega_parcuri,walking,0,synthetic_gps
2026-05-15 12:09:04,45.745966,21.2366673,4.04,bega_parcuri,walking,0,synthetic_gps
2026-05-15 12:09:05,45.7459626,21.2367039,4.95,bega_parcuri,walking,0,synthetic_gps
2026-05-15 12:09:06,45.7460023,21.2366364,4.32,bega_parcuri,walking,0,synthetic_gps
2026-05-15 12:09:07,45.7459897,21.2366831,4.99,bega_parcuri,walking,0,synthetic_gps
2026-05-15 12:09:08,45.7459946,21.2366739,3.93,bega_parcuri,walking,0,synthetic_gps
2026-05-15 12:09:09,45.7459941,21.2367079,5.17,bega_parcuri,walking,0,synthetic_gps
2026-05-15 12:09:10,45.7459711,21.2366657,4.4,bega_parcuri,walking,0,synthetic_gps
2026-05-15 12:09:11,45.7459788,21.2367065,4.22,bega_parcuri,walking,0,synthetic_gps
2026-05-15 12:09:12,45.745987,21.2367321,3.88,bega_parcuri,walking,0,synthetic_gps
2026-05-15 12:09:13,45.7459249,21.2367259,4.88,bega_parcuri,walking,0,synthetic_gps
2026-05-15 12:09:14,45.7459858,21.2367263,3.53,bega_parcuri,walking,0,synthetic_gps
2026-05-15 12:09:15,45.7459604,21.2367581,1.08,bega_parcuri,walking,0,synthetic_gps
2026-05-15 12:09:16,45.7459645,21.2367183,4.93,bega_parcuri,walking,0,synthetic_gps
2026-05-15 12:09:17,45.7459476,21.2367807,0.8,bega_parcuri,walking,0,synthetic_gps
2026-05-15 12:09:18,45.7459652,21.2367508,5.04,bega_parcuri,walking,0,synthetic_gps
2026-05-15 12:09:19,45.7459377,21.2367825,3.76,bega_parcuri,walking,0,synthetic_gps
2026-05-15 12:09:20,45.7459538,21.2368644,4.59,bega_parcuri,walking,0,synthetic_gps
2026-05-15 12:09:21,45.7459399,21.2367977,4.51,bega_parcuri,walking,0,synthetic_gps
2026-05-15 12:09:22,45.7459367,21.2367981,5.53,bega_parcuri,walking,0,synthetic_gps
2026-05-15 12:09:23,45.7459994,21.2368123,5.46,bega_parcuri,walking,0,synthetic_gps
2026-05-15 12:09:24,45.7459577,21.2368283,4.56,bega_parcuri,walking,0,synthetic_gps
2026-05-15 12:09:25,45.7459716,21.2368393,5.69,bega_parcuri,walking,0,synthetic_gps
2026-05-15 12:09:26,45.7459443,21.2368675,4.38,bega_parcuri,walking,0,synthetic_gps
2026-05-15 12:09:27,45.7459441,21.236923,4.8,bega_parcuri,walking,0,synthetic_gps
2026-05-15 12:09:28,45.7459363,21.2368916,4.38,bega_parcuri,walking,0,synthetic_gps
2026-05-15 12:09:29,45.745973,21.2368742,4.27,bega_parcuri,walking,0,synthetic_gps
2026-05-15 12:09:30,45.7459789,21.2369043,4.32,bega_parcuri,walking,0,synthetic_gps
2026-05-15 12:09:31,45.7459733,21.2368944,5.45,bega_parcuri,walking,0,synthetic_gps
2026-05-15 12:09:32,45.745942,21.2368991,3.48,bega_parcuri,walking,0,synthetic_gps
2026-05-15 12:09:33,45.7459433,21.2369319,3.36,bega_parcuri,walking,0,synthetic_gps
2026-05-15 12:09:34,45.7459356,21.2369109,5.76,bega_parcuri,walking,0,synthetic_gps
2026-05-15 12:09:35,45.7459386,21.2369471,4.91,bega_parcuri,walking,0,synthetic_gps
2026-05-15 12:09:36,45.7459651,21.2369489,4.18,bega_parcuri,walking,0,synthetic_gps
2026-05-15 12:09:37,45.745937,21.2369873,4.75,bega_parcuri,walking,0,synthetic_gps
2026-05-15 12:09:38,45.745951,21.2369624,5.28,bega_parcuri,walking,0,synthetic_gps
2026-05-15 12:09:39,45.7459378,21.2369744,4.27,bega_parcuri,walking,0,synthetic_gps
2026-05-15 12:09:40,45.7459192,21.2370018,4.7,bega_parcuri,walking,0,synthetic_gps
2026-05-15 12:09:41,45.7459126,21.2369998,5.05,bega_parcuri,walking,0,synthetic_gps
2026-05-15 12:09:42,45.7459642,21.2370136,4.85,bega_parcuri,walking,0,synthetic_gps
2026-05-15 12:09:43,45.7459151,21.2370256,5.16,bega_parcuri,walking,0,synthetic_gps
2026-05-15 12:09:44,45.7459049,21.2370217,3.79,bega_parcuri,walking,0,synthetic_gps
2026-05-15 12:09:45,45.7459085,21.2370465,4.26,bega_parcuri,walking,0,synthetic_gps
2026-05-15 12:09:46,45.7459241,21.2370385,4.49,bega_parcuri,walking,0,synthetic_gps
2026-05-15 12:09:47,45.7459272,21.2370632,5.07,bega_parcuri,walking,0,synthetic_gps
2026-05-15 12:09:48,45.7459368,21.2370586,4.71,bega_parcuri,walking,0,synthetic_gps
2026-05-15 12:09:49,45.7458738,21.2370514,3.19,bega_parcuri,walking,0,synthetic_gps
2026-05-15 12:09:50,45.7459256,21.2371261,6.27,bega_parcuri,walking,0,synthetic_gps
2026-05-15 12:09:51,45.7458822,21.2371229,4.0,bega_parcuri,walking,0,synthetic_gps
2026-05-15 12:09:52,45.7459227,21.2371367,5.97,bega_parcuri,walking,0,synthetic_gps
2026-05-15 12:09:53,45.7458872,21.2371214,4.71,bega_parcuri,walking,0,synthetic_gps
2026-05-15 12:09:54,45.7459174,21.2371448,4.89,bega_parcuri,walking,0,synthetic_gps
2026-05-15 12:09:55,45.7459557,21.237114,4.38,bega_parcuri,walking,0,synthetic_gps
2026-05-15 12:09:56,45.7459175,21.2371215,4.24,bega_parcuri,walking,0,synthetic_gps
2026-05-15 12:09:57,45.7459047,21.2371238,4.28,bega_parcuri,walking,0,synthetic_gps
2026-05-15 12:09:58,45.7458539,21.2371533,5.32,bega_parcuri,walking,0,synthetic_gps
2026-05-15 12:09:59,45.7459348,21.2371838,5.82,bega_parcuri,walking,0,synthetic_gps
2026-05-15 12:10:00,45.7458695,21.2371879,3.59,bega_parcuri,walking,0,synthetic_gps
2026-05-15 12:10:01,45.7459228,21.2371618,4.24,bega_parcuri,walking,0,synthetic_gps
2026-05-15 12:10:02,45.7458913,21.2371768,4.77,bega_parcuri,walking,0,synthetic_gps
2026-05-15 12:10:03,45.7458811,21.2372213,5.47,bega_parcuri,walking,0,synthetic_gps
2026-05-15 12:10:04,45.7459095,21.237235,3.99,bega_parcuri,walking,0,synthetic_gps
2026-05-15 12:10:05,45.7458822,21.2372028,4.19,bega_parcuri,walking,0,synthetic_gps
2026-05-15 12:10:06,45.7458981,21.2372399,4.37,bega_parcuri,walking,0,synthetic_gps
2026-05-15 12:10:07,45.7459052,21.2372099,4.17,bega_parcuri,walking,0,synthetic_gps
2026-05-15 12:10:08,45.7458888,21.2372304,4.75,bega_parcuri,walking,0,synthetic_gps
2026-05-15 12:10:09,45.7458592,21.2372743,6.22,bega_parcuri,walking,0,synthetic_gps
2026-05-15 12:10:10,45.745886,21.2372575,4.24,bega_parcuri,walking,0,synthetic_gps
2026-05-15 12:10:11,45.7458889,21.2372489,5.13,bega_parcuri,walking,0,synthetic_gps
2026-05-15 12:10:12,45.7459075,21.237228,4.49,bega_parcuri,walking,0,synthetic_gps
2026-05-15 12:10:13,45.745885,21.2372874,4.19,bega_parcuri,walking,0,synthetic_gps
2026-05-15 12:10:14,45.7458751,21.2372991,3.14,bega_parcuri,walking,0,synthetic_gps
2026-05-15 12:10:15,45.7458554,21.2373189,4.14,bega_parcuri,walking,0,synthetic_gps
2026-05-15 12:10:16,45.7458579,21.2373438,3.62,bega_parcuri,walking,0,synthetic_gps
2026-05-15 12:10:17,45.7458759,21.2373103,4.37,bega_parcuri,walking,0,synthetic_gps
2026-05-15 12:10:18,45.7458319,21.2373333,4.56,bega_parcuri,walking,0,synthetic_gps
2026-05-15 12:10:19,45.7458795,21.2373444,4.41,bega_parcuri,walking,0,synthetic_gps
2026-05-15 12:10:20,45.7458789,21.2373503,4.09,bega_parcuri,walking,0,synthetic_gps
2026-05-15 12:10:21,45.7458956,21.2373681,4.91,bega_parcuri,walking,0,synthetic_gps
2026-05-15 12:10:22,45.7459171,21.2373925,5.31,bega_parcuri,walking,0,synthetic_gps
2026-05-15 12:10:23,45.7458641,21.2374147,4.66,bega_parcuri,walking,0,synthetic_gps
2026-05-15 12:10:24,45.7458395,21.2374154,4.22,bega_parcuri,walking,0,synthetic_gps
2026-05-15 12:10:25,45.7459457,21.2373902,3.44,bega_parcuri,walking,0,synthetic_gps
2026-05-15 12:10:26,45.7458673,21.2374501,5.43,bega_parcuri,walking,0,synthetic_gps
2026-05-15 12:10:27,45.7458478,21.2374404,3.68,bega_parcuri,walking,0,synthetic_gps
2026-05-15 12:10:28,45.7458284,21.2374531,5.75,bega_parcuri,walking,0,synthetic_gps
2026-05-15 12:10:29,45.745868,21.2374762,3.32,bega_parcuri,walking,0,synthetic_gps
2026-05-15 12:10:30,45.7458474,21.2374538,4.04,bega_parcuri,walking,0,synthetic_gps
2026-05-15 12:10:31,45.7458479,21.2374566,4.04,bega_parcuri,walking,0,synthetic_gps
2026-05-15 12:10:32,45.7458527,21.2375075,5.75,bega_parcuri,walking,0,synthetic_gps
2026-05-15 12:10:33,45.745881,21.2375051,3.98,bega_parcuri,walking,0,synthetic_gps
2026-05-15 12:10:34,45.7458855,21.237515,4.84,bega_parcuri,walking,0,synthetic_gps
2026-05-15 12:10:35,45.7458588,21.2375159,4.23,bega_parcuri,walking,0,synthetic_gps
2026-05-15 12:10:36,45.7458445,21.2374985,4.8,bega_parcuri,walking,0,synthetic_gps
2026-05-15 12:10:37,45.7458611,21.237489,3.94,bega_parcuri,walking,0,synthetic_gps
2026-05-15 12:10:38,45.7458467,21.2375074,4.54,bega_parcuri,walking,0,synthetic_gps
2026-05-15 12:10:39,45.7458532,21.2375708,4.63,bega_parcuri,walking,0,synthetic_gps
2026-05-15 12:10:40,45.7458635,21.2375918,3.88,bega_parcuri,walking,0,synthetic_gps
2026-05-15 12:10:41,45.7458824,21.2375372,4.07,bega_parcuri,walking,0,synthetic_gps
2026-05-15 12:10:42,45.7457963,21.2375682,3.8,bega_parcuri,walking,0,synthetic_gps
2026-05-15 12:10:43,45.7458551,21.2375833,5.17,bega_parcuri,walking,0,synthetic_gps
2026-05-15 12:10:44,45.7458668,21.2376179,4.47,bega_parcuri,walking,0,synthetic_gps
2026-05-15 12:10:45,45.7458743,21.2376071,4.77,bega_parcuri,walking,0,synthetic_gps
2026-05-15 12:10:46,45.7458514,21.2376364,2.75,bega_parcuri,walking,0,synthetic_gps
2026-05-15 12:10:47,45.745854,21.2376185,4.16,bega_parcuri,walking,0,synthetic_gps
2026-05-15 12:10:48,45.7458666,21.2376093,4.03,bega_parcuri,walking,0,synthetic_gps
2026-05-15 12:10:49,45.7458426,21.237607,3.75,bega_parcuri,walking,0,synthetic_gps
2026-05-15 12:10:50,45.7458304,21.2376622,4.73,bega_parcuri,walking,0,synthetic_gps
2026-05-15 12:10:51,45.745851,21.237629,0.59,bega_parcuri,walking,0,synthetic_gps
2026-05-15 12:10:52,45.7458212,21.2376329,5.18,bega_parcuri,walking,0,synthetic_gps
2026-05-15 12:10:53,45.7458262,21.2376206,3.86,bega_parcuri,walking,0,synthetic_gps
2026-05-15 12:10:54,45.7458173,21.2376756,0.53,bega_parcuri,walking,0,synthetic_gps
2026-05-15 12:10:55,45.745839,21.2377111,4.8,bega_parcuri,walking,0,synthetic_gps
2026-05-15 12:10:56,45.7457716,21.2377214,4.97,bega_parcuri,walking,0,synthetic_gps
2026-05-15 12:10:57,45.7458403,21.2376749,5.33,bega_parcuri,walking,0,synthetic_gps
2026-05-15 12:10:58,45.7457996,21.2377225,4.34,bega_parcuri,walking,0,synthetic_gps
2026-05-15 12:10:59,45.7457937,21.2377242,4.96,bega_parcuri,walking,0,synthetic_gps
2026-05-15 12:11:00,45.7458696,21.2377265,4.67,bega_parcuri,walking,0,synthetic_gps
2026-05-15 12:11:01,45.7458761,21.2377297,3.57,bega_parcuri,walking,0,synthetic_gps
2026-05-15 12:11:02,45.7458147,21.2377837,3.98,bega_parcuri,walking,0,synthetic_gps
2026-05-15 12:11:03,45.7458159,21.2377496,3.47,bega_parcuri,walking,0,synthetic_gps
2026-05-15 12:11:04,45.7457918,21.2377804,4.17,bega_parcuri,walking,0,synthetic_gps
2026-05-15 12:11:05,45.745829,21.2377842,4.66,bega_parcuri,walking,0,synthetic_gps
2026-05-15 12:11:06,45.7457901,21.2378074,4.93,bega_parcuri,walking,0,synthetic_gps
2026-05-15 12:11:07,45.7458403,21.237838,6.27,bega_parcuri,walking,0,synthetic_gps
2026-05-15 12:11:08,45.7458515,21.2377741,5.81,bega_parcuri,walking,0,synthetic_gps
2026-05-15 12:11:09,45.745785,21.2377873,4.45,bega_parcuri,walking,0,synthetic_gps
2026-05-15 12:11:10,45.7457821,21.2378238,4.54,bega_parcuri,walking,0,synthetic_gps
2026-05-15 12:11:11,45.7457945,21.2378743,1.08,bega_parcuri,walking,0,synthetic_gps
2026-05-15 12:11:12,45.7458248,21.237849,1.06,bega_parcuri,walking,0,synthetic_gps
2026-05-15 12:11:13,45.7458209,21.2378766,5.01,bega_parcuri,walking,0,synthetic_gps
2026-05-15 12:11:14,45.7458006,21.2378965,5.21,bega_parcuri,walking,0,synthetic_gps
2026-05-15 12:11:15,45.7457521,21.2378952,4.98,bega_parcuri,walking,0,synthetic_gps
2026-05-15 12:11:16,45.7458253,21.23791,3.32,bega_parcuri,walking,0,synthetic_gps
2026-05-15 12:11:17,45.7457851,21.2378705,3.79,bega_parcuri,walking,0,synthetic_gps
2026-05-15 12:11:18,45.7458257,21.2379019,4.78,bega_parcuri,walking,0,synthetic_gps
2026-05-15 12:11:19,45.7458234,21.2379459,3.51,bega_parcuri,walking,0,synthetic_gps
2026-05-15 12:11:20,45.7457498,21.2379172,4.65,bega_parcuri,walking,0,synthetic_gps
2026-05-15 12:11:21,45.7457803,21.2379399,5.38,bega_parcuri,walking,0,synthetic_gps
2026-05-15 12:11:22,45.7457756,21.2379486,5.62,bega_parcuri,walking,0,synthetic_gps
2026-05-15 12:11:23,45.74581,21.2379811,3.72,bega_parcuri,walking,0,synthetic_gps
2026-05-15 12:11:24,45.7458278,21.2379748,3.72,bega_parcuri,walking,0,synthetic_gps
2026-05-15 12:11:25,45.7457845,21.2379713,5.1,bega_parcuri,walking,0,synthetic_gps
2026-05-15 12:11:26,45.7458054,21.2380199,4.63,bega_parcuri,walking,0,synthetic_gps
2026-05-15 12:11:27,45.7457735,21.2380357,5.17,bega_parcuri,walking,0,synthetic_gps
2026-05-15 12:11:28,45.7457743,21.2379808,4.46,bega_parcuri,walking,0,synthetic_gps
2026-05-15 12:11:29,45.7457444,21.2380527,3.94,bega_parcuri,walking,0,synthetic_gps
2026-05-15 12:11:30,45.7458321,21.2380513,4.34,bega_parcuri,walking,0,synthetic_gps
2026-05-15 12:11:31,45.745834,21.238017,4.38,bega_parcuri,walking,0,synthetic_gps
2026-05-15 12:11:32,45.7458119,21.2380517,3.65,bega_parcuri,walking,0,synthetic_gps
2026-05-15 12:11:33,45.7458545,21.2380329,6.5,bega_parcuri,walking,0,synthetic_gps
2026-05-15 12:11:34,45.7458062,21.2380246,5.5,bega_parcuri,walking,0,synthetic_gps
2026-05-15 12:11:35,45.7457823,21.238118,4.96,bega_parcuri,walking,0,synthetic_gps
2026-05-15 12:11:36,45.7457375,21.2380705,4.45,bega_parcuri,walking,0,synthetic_gps
2026-05-15 12:11:37,45.7457846,21.2381222,4.88,bega_parcuri,walking,0,synthetic_gps
2026-05-15 12:11:38,45.7458022,21.2380946,5.09,bega_parcuri,walking,0,synthetic_gps
2026-05-15 12:11:39,45.7457523,21.2381308,3.33,bega_parcuri,walking,0,synthetic_gps
2026-05-15 12:11:40,45.745797,21.2380927,4.59,bega_parcuri,walking,0,synthetic_gps
2026-05-15 12:11:41,45.7457869,21.238162,4.46,bega_parcuri,walking,0,synthetic_gps
2026-05-15 12:11:42,45.7458078,21.2381204,5.05,bega_parcuri,walking,0,synthetic_gps
2026-05-15 12:11:43,45.7457674,21.2381514,4.56,bega_parcuri,walking,0,synthetic_gps
2026-05-15 12:11:44,45.7457528,21.2381007,3.89,bega_parcuri,walking,0,synthetic_gps
2026-05-15 12:11:45,45.7457288,21.2381749,5.49,bega_parcuri,walking,0,synthetic_gps
2026-05-15 12:11:46,45.7457486,21.2381748,6.04,bega_parcuri,walking,0,synthetic_gps
2026-05-15 12:11:47,45.7457245,21.238121,4.81,bega_parcuri,walking,0,synthetic_gps
2026-05-15 12:11:48,45.7457258,21.2381668,4.06,bega_parcuri,walking,0,synthetic_gps
2026-05-15 12:11:49,45.7457658,21.2382336,4.47,bega_parcuri,walking,0,synthetic_gps
2026-05-15 12:11:50,45.7457692,21.238184,4.19,bega_parcuri,walking,0,synthetic_gps
2026-05-15 12:11:51,45.7457471,21.2381752,3.27,bega_parcuri,walking,0,synthetic_gps
2026-05-15 12:11:52,45.7457595,21.2382227,4.84,bega_parcuri,walking,0,synthetic_gps
2026-05-15 12:11:53,45.7457545,21.2382739,4.72,bega_parcuri,walking,0,synthetic_gps
2026-05-15 12:11:54,45.7457665,21.2382349,4.89,bega_parcuri,walking,0,synthetic_gps
2026-05-15 12:11:55,45.745703,21.2383075,5.02,bega_parcuri,walking,0,synthetic_gps
2026-05-15 12:11:56,45.7457056,21.2383059,4.48,bega_parcuri,walking,0,synthetic_gps
2026-05-15 12:11:57,45.7458237,21.2382762,3.77,bega_parcuri,walking,0,synthetic_gps
2026-05-15 12:11:58,45.7457092,21.2382909,5.2,bega_parcuri,walking,0,synthetic_gps
2026-05-15 12:11:59,45.7457464,21.2383408,5.63,bega_parcuri,walking,0,synthetic_gps
2026-05-15 12:12:00,45.7457206,21.2383239,5.14,bega_parcuri,walking,0,synthetic_gps
2026-05-15 12:12:01,45.7457314,21.2383262,3.75,bega_parcuri,walking,0,synthetic_gps
2026-05-15 12:12:02,45.7457755,21.2383706,4.33,bega_parcuri,walking,0,synthetic_gps
2026-05-15 12:12:03,45.7457398,21.2383494,4.09,bega_parcuri,walking,0,synthetic_gps
2026-05-15 12:12:04,45.7456923,21.2383453,3.78,bega_parcuri,walking,0,synthetic_gps
2026-05-15 12:12:05,45.7457548,21.2383355,4.28,bega_parcuri,walking,0,synthetic_gps
2026-05-15 12:12:06,45.7457316,21.23833,4.91,bega_parcuri,walking,0,synthetic_gps
2026-05-15 12:12:07,45.7457009,21.238357,4.11,bega_parcuri,walking,0,synthetic_gps
2026-05-15 12:12:08,45.7457424,21.2383988,4.1,bega_parcuri,walking,0,synthetic_gps
2026-05-15 12:12:09,45.7457141,21.2384015,4.08,bega_parcuri,walking,0,synthetic_gps
2026-05-15 12:12:10,45.745714,21.2384185,4.15,bega_parcuri,walking,0,synthetic_gps
2026-05-15 12:12:11,45.7457024,21.2383743,5.04,bega_parcuri,walking,0,synthetic_gps
2026-05-15 12:12:12,45.7457397,21.2384308,5.62,bega_parcuri,walking,0,synthetic_gps
2026-05-15 12:12:13,45.7457519,21.2384507,4.4,bega_parcuri,walking,0,synthetic_gps
2026-05-15 12:12:14,45.7457265,21.238408,4.48,bega_parcuri,walking,0,synthetic_gps
2026-05-15 12:12:15,45.7456941,21.2384682,3.71,bega_parcuri,walking,0,synthetic_gps
2026-05-15 12:12:16,45.745719,21.2384916,3.93,bega_parcuri,walking,0,synthetic_gps
2026-05-15 12:12:17,45.745687,21.2385089,4.16,bega_parcuri,walking,0,synthetic_gps
2026-05-15 12:12:18,45.7457826,21.2384768,4.94,bega_parcuri,walking,0,synthetic_gps
2026-05-15 12:12:19,45.7457058,21.238468,5.18,bega_parcuri,walking,0,synthetic_gps
2026-05-15 12:12:20,45.7457735,21.2384608,5.3,bega_parcuri,walking,0,synthetic_gps
2026-05-15 12:12:21,45.7457327,21.2384985,4.37,bega_parcuri,walking,0,synthetic_gps
2026-05-15 12:12:22,45.7457282,21.2384914,5.29,bega_parcuri,walking,0,synthetic_gps
2026-05-15 12:12:23,45.7457185,21.2385235,3.56,bega_parcuri,walking,0,synthetic_gps
2026-05-15 12:12:24,45.7456659,21.2385058,4.89,bega_parcuri,walking,0,synthetic_gps
2026-05-15 12:12:25,45.7457261,21.2385437,4.07,bega_parcuri,walking,0,synthetic_gps
2026-05-15 12:12:26,45.7457068,21.2385644,4.37,bega_parcuri,walking,0,synthetic_gps
2026-05-15 12:12:27,45.745675,21.2386121,5.91,bega_parcuri,walking,0,synthetic_gps
2026-05-15 12:12:28,45.7456868,21.2386056,4.42,bega_parcuri,walking,0,synthetic_gps
2026-05-15 12:12:29,45.7457577,21.2385848,4.8,bega_parcuri,walking,0,synthetic_gps
2026-05-15 12:12:30,45.7457345,21.2385967,4.81,bega_parcuri,walking,0,synthetic_gps
2026-05-15 12:12:31,45.7457039,21.238659,4.53,bega_parcuri,walking,0,synthetic_gps
2026-05-15 12:12:32,45.7457203,21.2386049,4.49,bega_parcuri,walking,0,synthetic_gps
2026-05-15 12:12:33,45.7457273,21.23865,3.1,bega_parcuri,walking,0,synthetic_gps
2026-05-15 12:12:34,45.7456657,21.2386208,4.99,bega_parcuri,walking,0,synthetic_gps
2026-05-15 12:12:35,45.7457456,21.2386223,4.54,bega_parcuri,walking,0,synthetic_gps
2026-05-15 12:12:36,45.7457011,21.2386348,4.57,bega_parcuri,walking,0,synthetic_gps
2026-05-15 12:12:37,45.745696,21.2386231,5.22,bega_parcuri,walking,0,synthetic_gps
2026-05-15 12:12:38,45.745682,21.2386601,5.32,bega_parcuri,walking,0,synthetic_gps
2026-05-15 12:12:39,45.7457043,21.2386179,4.92,bega_parcuri,walking,0,synthetic_gps
2026-05-15 12:12:40,45.7456493,21.2387066,5.62,bega_parcuri,walking,0,synthetic_gps
2026-05-15 12:12:41,45.7456533,21.2386713,4.67,bega_parcuri,walking,0,synthetic_gps
2026-05-15 12:12:42,45.7456712,21.2386723,5.0,bega_parcuri,walking,0,synthetic_gps
2026-05-15 12:12:43,45.7456647,21.2386844,4.31,bega_parcuri,walking,0,synthetic_gps
2026-05-15 12:12:44,45.7456938,21.2387327,5.09,bega_parcuri,walking,0,synthetic_gps
2026-05-15 12:12:45,45.745728,21.2387433,4.97,bega_parcuri,walking,0,synthetic_gps
2026-05-15 12:12:46,45.745649,21.2387463,4.08,bega_parcuri,walking,0,synthetic_gps
2026-05-15 12:12:47,45.7457184,21.2387966,4.6,bega_parcuri,walking,0,synthetic_gps
2026-05-15 12:12:48,45.7456924,21.2387819,5.24,bega_parcuri,walking,0,synthetic_gps
2026-05-15 12:12:49,45.7456933,21.2387255,3.83,bega_parcuri,walking,0,synthetic_gps
2026-05-15 12:12:50,45.7456907,21.2387255,4.84,bega_parcuri,walking,0,synthetic_gps
2026-05-15 12:12:51,45.7457064,21.2387864,0.97,bega_parcuri,walking,0,synthetic_gps
2026-05-15 12:12:52,45.7456858,21.2387621,4.37,bega_parcuri,walking,0,synthetic_gps
2026-05-15 12:12:53,45.7456545,21.2388115,5.61,bega_parcuri,walking,0,synthetic_gps
2026-05-15 12:12:54,45.7456591,21.2387905,4.25,bega_parcuri,walking,0,synthetic_gps
2026-05-15 12:12:55,45.7456683,21.2388296,4.91,bega_parcuri,walking,0,synthetic_gps
2026-05-15 12:12:56,45.7456455,21.2387969,3.58,bega_parcuri,walking,0,synthetic_gps
2026-05-15 12:12:57,45.7456533,21.2388665,4.63,bega_parcuri,walking,0,synthetic_gps
2026-05-15 12:12:58,45.7456622,21.2387989,4.76,bega_parcuri,walking,0,synthetic_gps
2026-05-15 12:12:59,45.7456621,21.2388212,4.03,bega_parcuri,walking,0,synthetic_gps
2026-05-15 12:13:00,45.7456744,21.2389466,4.5,bega_parcuri,walking,0,synthetic_gps
2026-05-15 12:13:01,45.7456772,21.2388662,5.63,bega_parcuri,walking,0,synthetic_gps
2026-05-15 12:13:02,45.7456699,21.2388879,4.93,bega_parcuri,walking,0,synthetic_gps
2026-05-15 12:13:03,45.7456544,21.2388751,5.22,bega_parcuri,walking,0,synthetic_gps
2026-05-15 12:13:04,45.7456857,21.2388792,4.05,bega_parcuri,walking,0,synthetic_gps
2026-05-15 12:13:05,45.7456236,21.2388909,3.83,bega_parcuri,walking,0,synthetic_gps
2026-05-15 12:13:06,45.7456152,21.2389551,4.25,bega_parcuri,walking,0,synthetic_gps
2026-05-15 12:13:07,45.7456506,21.2389483,4.81,bega_parcuri,walking,0,synthetic_gps
2026-05-15 12:13:08,45.7456184,21.2389385,5.14,bega_parcuri,walking,0,synthetic_gps
2026-05-15 12:13:09,45.7456953,21.238968,4.59,bega_parcuri,walking,0,synthetic_gps
2026-05-15 12:13:10,45.7456497,21.2389774,4.39,bega_parcuri,walking,0,synthetic_gps
2026-05-15 12:13:11,45.7456639,21.2390152,5.38,bega_parcuri,walking,0,synthetic_gps
2026-05-15 12:13:12,45.7456335,21.2390008,4.64,bega_parcuri,walking,0,synthetic_gps
2026-05-15 12:13:13,45.7456392,21.2389652,4.22,bega_parcuri,walking,0,synthetic_gps
2026-05-15 12:13:14,45.7456775,21.2389992,5.96,bega_parcuri,walking,0,synthetic_gps
2026-05-15 12:13:15,45.7456344,21.2390409,0.58,bega_parcuri,walking,0,synthetic_gps
2026-05-15 12:13:16,45.7456284,21.2390628,4.32,bega_parcuri,walking,0,synthetic_gps
2026-05-15 12:13:17,45.7456526,21.2390344,5.44,bega_parcuri,walking,0,synthetic_gps
2026-05-15 12:13:18,45.7456325,21.2390736,4.92,bega_parcuri,walking,0,synthetic_gps
2026-05-15 12:13:19,45.7456177,21.2390292,3.54,bega_parcuri,walking,0,synthetic_gps
2026-05-15 12:13:20,45.7456175,21.2390488,4.76,bega_parcuri,walking,0,synthetic_gps
2026-05-15 12:13:21,45.7456566,21.2390947,5.01,bega_parcuri,walking,0,synthetic_gps
2026-05-15 12:13:22,45.7456019,21.2390408,5.26,bega_parcuri,walking,0,synthetic_gps
2026-05-15 12:13:23,45.7456405,21.2390357,5.75,bega_parcuri,walking,0,synthetic_gps
2026-05-15 12:13:24,45.7455999,21.2390831,4.82,bega_parcuri,walking,0,synthetic_gps
2026-05-15 12:13:25,45.7456269,21.2391089,4.42,bega_parcuri,walking,0,synthetic_gps
2026-05-15 12:13:26,45.7455715,21.2391065,5.44,bega_parcuri,walking,0,synthetic_gps
2026-05-15 12:13:27,45.7456238,21.239096,4.4,bega_parcuri,walking,0,synthetic_gps
2026-05-15 12:13:28,45.7456203,21.2391097,4.2,bega_parcuri,walking,0,synthetic_gps
2026-05-15 12:13:29,45.7455864,21.2391468,5.33,bega_parcuri,walking,0,synthetic_gps
2026-05-15 12:13:30,45.7455995,21.2391396,4.65,bega_parcuri,walking,0,synthetic_gps
2026-05-15 12:13:31,45.7455856,21.2391542,4.6,bega_parcuri,walking,0,synthetic_gps
2026-05-15 12:13:32,45.7456206,21.2391532,4.07,bega_parcuri,walking,0,synthetic_gps
2026-05-15 12:13:33,45.7456214,21.2391494,4.03,bega_parcuri,walking,0,synthetic_gps
2026-05-15 12:13:34,45.7455562,21.2392148,4.98,bega_parcuri,walking,0,synthetic_gps
2026-05-15 12:13:35,45.7455916,21.239219,4.64,bega_parcuri,walking,0,synthetic_gps
2026-05-15 12:13:36,45.7456482,21.239229,5.54,bega_parcuri,walking,0,synthetic_gps
2026-05-15 12:13:37,45.7456236,21.2392091,3.34,bega_parcuri,walking,0,synthetic_gps
2026-05-15 12:13:38,45.7455586,21.2392308,5.02,bega_parcuri,walking,0,synthetic_gps
2026-05-15 12:13:39,45.7456076,21.2392423,4.03,bega_parcuri,walking,0,synthetic_gps
2026-05-15 12:13:40,45.7456194,21.2391952,3.13,bega_parcuri,walking,0,synthetic_gps
2026-05-15 12:13:41,45.7455919,21.2392446,4.87,bega_parcuri,walking,0,synthetic_gps
2026-05-15 12:13:42,45.7456394,21.2392731,4.34,bega_parcuri,walking,0,synthetic_gps
2026-05-15 12:13:43,45.7456486,21.2393098,3.17,bega_parcuri,walking,0,synthetic_gps
2026-05-15 12:13:44,45.745642,21.2392767,4.24,bega_parcuri,walking,0,synthetic_gps
2026-05-15 12:13:45,45.7455814,21.2392766,5.28,bega_parcuri,walking,0,synthetic_gps
2026-05-15 12:13:46,45.7455798,21.2393041,1.46,bega_parcuri,walking,0,synthetic_gps
2026-05-15 12:13:47,45.7456235,21.2393104,1.43,bega_parcuri,walking,0,synthetic_gps
2026-05-15 12:13:48,45.7455697,21.2393039,1.8,bega_parcuri,walking,0,synthetic_gps
2026-05-15 12:13:49,45.7455597,21.2393033,1.37,bega_parcuri,walking,0,synthetic_gps
2026-05-15 12:13:50,45.7455589,21.2393635,1.59,bega_parcuri,walking,0,synthetic_gps
2026-05-15 12:13:51,45.745577,21.2393386,1.75,bega_parcuri,walking,0,synthetic_gps
2026-05-15 12:13:52,45.7455861,21.2393797,1.62,bega_parcuri,walking,0,synthetic_gps
2026-05-15 12:13:53,45.7456546,21.2394037,1.43,bega_parcuri,walking,0,synthetic_gps
2026-05-15 12:13:54,45.7455479,21.2393424,1.13,bega_parcuri,walking,0,synthetic_gps
2026-05-15 12:13:55,45.7455663,21.2393866,1.63,bega_parcuri,walking,0,synthetic_gps
2026-05-15 12:13:56,45.7456056,21.2393837,1.47,bega_parcuri,walking,0,synthetic_gps
2026-05-15 12:13:57,45.7455906,21.2394083,1.77,bega_parcuri,walking,0,synthetic_gps
2026-05-15 12:13:58,45.7455642,21.2394068,1.03,bega_parcuri,walking,0,synthetic_gps
2026-05-15 12:13:59,45.7455762,21.2393819,1.71,bega_parcuri,walking,0,synthetic_gps
2026-05-15 12:14:00,45.7455966,21.239416,1.48,bega_parcuri,walking,0,synthetic_gps
2026-05-15 12:14:01,45.7455918,21.239453,1.37,bega_parcuri,walking,0,synthetic_gps
2026-05-15 12:14:02,45.7456089,21.2394642,1.12,bega_parcuri,walking,0,synthetic_gps
2026-05-15 12:14:03,45.7455646,21.2395133,1.46,bega_parcuri,walking,0,synthetic_gps
2026-05-15 12:14:04,45.7455334,21.2395095,1.39,bega_parcuri,walking,0,synthetic_gps
2026-05-15 12:14:05,45.7455341,21.2395124,1.48,bega_parcuri,walking,0,synthetic_gps
2026-05-15 12:14:06,45.7456214,21.2394899,1.72,bega_parcuri,walking,0,synthetic_gps
2026-05-15 12:14:07,45.745596,21.2395501,1.18,bega_parcuri,walking,0,synthetic_gps
2026-05-15 12:14:08,45.7455491,21.239498,1.39,bega_parcuri,walking,0,synthetic_gps
2026-05-15 12:14:09,45.7455634,21.23954,1.69,bega_parcuri,walking,0,synthetic_gps
2026-05-15 12:14:10,45.7455333,21.2395469,1.62,bega_parcuri,walking,0,synthetic_gps
2026-05-15 12:14:11,45.745521,21.2395626,1.43,bega_parcuri,walking,0,synthetic_gps
2026-05-15 12:14:12,45.7455767,21.2395164,1.54,bega_parcuri,walking,0,synthetic_gps
2026-05-15 12:14:13,45.7455451,21.2395579,1.45,bega_parcuri,walking,0,synthetic_gps
2026-05-15 12:14:14,45.7456047,21.2395776,1.41,bega_parcuri,walking,0,synthetic_gps
2026-05-15 12:14:15,45.7455827,21.2395319,1.61,bega_parcuri,walking,0,synthetic_gps
2026-05-15 12:14:16,45.7455622,21.2395802,1.91,bega_parcuri,walking,0,synthetic_gps
2026-05-15 12:14:17,45.7454725,21.2395859,1.37,bega_parcuri,walking,0,synthetic_gps
2026-05-15 12:14:18,45.7455572,21.2395982,1.76,bega_parcuri,walking,0,synthetic_gps
2026-05-15 12:14:19,45.7455743,21.2396084,1.23,bega_parcuri,walking,0,synthetic_gps
2026-05-15 12:14:20,45.7455449,21.2396074,1.31,bega_parcuri,walking,0,synthetic_gps
2026-05-15 12:14:21,45.745548,21.2396593,1.77,bega_parcuri,walking,0,synthetic_gps
2026-05-15 12:14:22,45.7455068,21.2396531,1.28,bega_parcuri,walking,0,synthetic_gps
2026-05-15 12:14:23,45.7455667,21.2396045,1.49,bega_parcuri,walking,0,synthetic_gps
2026-05-15 12:14:24,45.7455679,21.2396627,1.4,bega_parcuri,walking,0,synthetic_gps
2026-05-15 12:14:25,45.7455299,21.2396826,1.77,bega_parcuri,walking,0,synthetic_gps
2026-05-15 12:14:26,45.7455182,21.2397154,1.65,bega_parcuri,walking,0,synthetic_gps
2026-05-15 12:14:27,45.7455497,21.2396693,1.52,bega_parcuri,walking,0,synthetic_gps
2026-05-15 12:14:28,45.74551,21.2397081,1.92,bega_parcuri,walking,0,synthetic_gps
2026-05-15 12:14:29,45.745531,21.23973,1.53,bega_parcuri,walking,0,synthetic_gps
2026-05-15 12:14:30,45.7455086,21.2397728,1.61,bega_parcuri,walking,0,synthetic_gps
2026-05-15 12:14:31,45.7455932,21.2397462,1.74,bega_parcuri,walking,0,synthetic_gps
2026-05-15 12:14:32,45.7455423,21.2397198,1.51,bega_parcuri,walking,0,synthetic_gps
2026-05-15 12:14:33,45.7455747,21.2397978,1.05,bega_parcuri,walking,0,synthetic_gps
2026-05-15 12:14:34,45.7455563,21.2397223,0.47,bega_parcuri,walking,0,synthetic_gps
2026-05-15 12:14:35,45.7455448,21.2397627,1.33,bega_parcuri,walking,0,synthetic_gps
2026-05-15 12:14:36,45.7455617,21.2397737,1.54,bega_parcuri,walking,0,synthetic_gps
2026-05-15 12:14:37,45.7455028,21.2397841,1.46,bega_parcuri,walking,0,synthetic_gps
2026-05-15 12:14:38,45.7455525,21.239848,1.35,bega_parcuri,walking,0,synthetic_gps
2026-05-15 12:14:39,45.7455255,21.2398295,1.49,bega_parcuri,walking,0,synthetic_gps
2026-05-15 12:14:40,45.745527,21.2398103,1.67,bega_parcuri,walking,0,synthetic_gps
2026-05-15 12:14:41,45.7455444,21.2397931,1.64,bega_parcuri,walking,0,synthetic_gps
2026-05-15 12:14:42,45.7455062,21.2398036,1.55,bega_parcuri,walking,0,synthetic_gps
2026-05-15 12:14:43,45.7455094,21.2397995,1.3,bega_parcuri,walking,0,synthetic_gps
2026-05-15 12:14:44,45.7455033,21.2398072,1.99,bega_parcuri,walking,0,synthetic_gps
2026-05-15 12:14:45,45.7454813,21.2398821,1.69,bega_parcuri,walking,0,synthetic_gps
2026-05-15 12:14:46,45.7455312,21.2398893,1.72,bega_parcuri,walking,0,synthetic_gps
2026-05-15 12:14:47,45.7455096,21.2399241,0.41,bega_parcuri,walking,0,synthetic_gps
2026-05-15 12:14:48,45.7454987,21.2398953,1.67,bega_parcuri,walking,0,synthetic_gps
2026-05-15 12:14:49,45.7454803,21.2398962,1.41,bega_parcuri,walking,0,synthetic_gps
2026-05-15 12:14:50,45.7454943,21.2398927,1.94,bega_parcuri,walking,0,synthetic_gps
2026-05-15 12:14:51,45.7455463,21.2399136,1.65,bega_parcuri,walking,0,synthetic_gps
2026-05-15 12:14:52,45.7455314,21.2399298,1.98,bega_parcuri,walking,0,synthetic_gps
2026-05-15 12:14:53,45.7455235,21.23996,1.67,bega_parcuri,walking,0,synthetic_gps
2026-05-15 12:14:54,45.7455064,21.2399753,1.28,bega_parcuri,walking,0,synthetic_gps
2026-05-15 12:14:55,45.7455446,21.2399293,1.46,bega_parcuri,walking,0,synthetic_gps
2026-05-15 12:14:56,45.7455012,21.2399813,1.78,bega_parcuri,walking,0,synthetic_gps
2026-05-15 12:14:57,45.7454864,21.2399873,1.67,bega_parcuri,walking,0,synthetic_gps
2026-05-15 12:14:58,45.7455097,21.2399836,1.57,bega_parcuri,walking,0,synthetic_gps
2026-05-15 12:14:59,45.7455326,21.2399448,1.35,bega_parcuri,walking,0,synthetic_gps
