timestamp,latitude,longitude,speed_kmh,route_id,transport_mode,is_peak_hour,source
2026-05-13 08:05:00,45.757464,21.2076148,0.56,gara_traian,tram,1,synthetic_gps
2026-05-13 08:05:01,45.7574359,21.2075821,0.0,gara_traian,tram,1,synthetic_gps
2026-05-13 08:05:02,45.7575037,21.207643,0.29,gara_traian,tram,1,synthetic_gps
2026-05-13 08:05:03,45.7574809,21.2075653,0.44,gara_traian,tram,1,synthetic_gps
2026-05-13 08:05:04,45.7574778,21.2076763,0.54,gara_traian,tram,1,synthetic_gps
2026-05-13 08:05:05,45.7573975,21.2076708,0.27,gara_traian,tram,1,synthetic_gps
2026-05-13 08:05:06,45.7574414,21.2076787,0.66,gara_traian,tram,1,synthetic_gps
2026-05-13 08:05:07,45.7574497,21.2077142,0.63,gara_traian,tram,1,synthetic_gps
2026-05-13 08:05:08,45.7575205,21.2077453,0.55,gara_traian,tram,1,synthetic_gps
2026-05-13 08:05:09,45.7574515,21.2077404,0.53,gara_traian,tram,1,synthetic_gps
2026-05-13 08:05:10,45.7573939,21.2077009,0.67,gara_traian,tram,1,synthetic_gps
2026-05-13 08:05:11,45.7574166,21.207765,0.23,gara_traian,tram,1,synthetic_gps
2026-05-13 08:05:12,45.7574092,21.2077344,0.19,gara_traian,tram,1,synthetic_gps
2026-05-13 08:05:13,45.7573803,21.2077373,0.2,gara_traian,tram,1,synthetic_gps
2026-05-13 08:05:14,45.7575103,21.2078052,0.56,gara_traian,tram,1,synthetic_gps
2026-05-13 08:05:15,45.757367,21.207767,0.0,gara_traian,tram,1,synthetic_gps
2026-05-13 08:05:16,45.7573827,21.2078348,0.5,gara_traian,tram,1,synthetic_gps
2026-05-13 08:05:17,45.757387,21.2078429,0.19,gara_traian,tram,1,synthetic_gps
2026-05-13 08:05:18,45.7574497,21.2078216,6.33,gara_traian,tram,1,synthetic_gps
2026-05-13 08:05:19,45.7573654,21.2079298,6.21,gara_traian,tram,1,synthetic_gps
2026-05-13 08:05:20,45.757443,21.2078707,3.46,gara_traian,tram,1,synthetic_gps
2026-05-13 08:05:21,45.7573041,21.2078896,2.91,gara_traian,tram,1,synthetic_gps
2026-05-13 08:05:22,45.7574044,21.2078308,7.75,gara_traian,tram,1,synthetic_gps
2026-05-13 08:05:23,45.7573578,21.2079276,5.47,gara_traian,tram,1,synthetic_gps
2026-05-13 08:05:24,45.7573689,21.2079324,5.56,gara_traian,tram,1,synthetic_gps
2026-05-13 08:05:25,45.7574127,21.207995,6.0,gara_traian,tram,1,synthetic_gps
2026-05-13 08:05:26,45.7573103,21.2079631,6.1,gara_traian,tram,1,synthetic_gps
2026-05-13 08:05:27,45.7574014,21.2080062,5.82,gara_traian,tram,1,synthetic_gps
2026-05-13 08:05:28,45.7573563,21.2080327,2.4,gara_traian,tram,1,synthetic_gps
2026-05-13 08:05:29,45.7573376,21.2081643,8.37,gara_traian,tram,1,synthetic_gps
2026-05-13 08:05:30,45.757323,21.2080192,2.81,gara_traian,tram,1,synthetic_gps
2026-05-13 08:05:31,45.7573119,21.2080132,6.39,gara_traian,tram,1,synthetic_gps
2026-05-13 08:05:32,45.7572926,21.2080052,5.96,gara_traian,tram,1,synthetic_gps
2026-05-13 08:05:33,45.7573773,21.2080912,7.08,gara_traian,tram,1,synthetic_gps
2026-05-13 08:05:34,45.7573274,21.2080215,3.78,gara_traian,tram,1,synthetic_gps
2026-05-13 08:05:35,45.757328,21.208076,5.1,gara_traian,tram,1,synthetic_gps
2026-05-13 08:05:36,45.7572471,21.2081048,4.75,gara_traian,tram,1,synthetic_gps
2026-05-13 08:05:37,45.7573137,21.2081007,3.38,gara_traian,tram,1,synthetic_gps
2026-05-13 08:05:38,45.7573185,21.2080906,1.85,gara_traian,tram,1,synthetic_gps
2026-05-13 08:05:39,45.7573124,21.2081756,5.47,gara_traian,tram,1,synthetic_gps
2026-05-13 08:05:40,45.7573288,21.2081775,7.85,gara_traian,tram,1,synthetic_gps
2026-05-13 08:05:41,45.7572899,21.2081853,4.72,gara_traian,tram,1,synthetic_gps
2026-05-13 08:05:42,45.7572185,21.208159,3.91,gara_traian,tram,1,synthetic_gps
2026-05-13 08:05:43,45.7572873,21.2082622,4.72,gara_traian,tram,1,synthetic_gps
2026-05-13 08:05:44,45.7572652,21.2081679,3.45,gara_traian,tram,1,synthetic_gps
2026-05-13 08:05:45,45.7572714,21.208191,4.23,gara_traian,tram,1,synthetic_gps
2026-05-13 08:05:46,45.757251,21.20823,10.69,gara_traian,tram,1,synthetic_gps
2026-05-13 08:05:47,45.7572486,21.2082279,11.32,gara_traian,tram,1,synthetic_gps
2026-05-13 08:05:48,45.7572555,21.2082138,5.49,gara_traian,tram,1,synthetic_gps
2026-05-13 08:05:49,45.7572417,21.208243,5.78,gara_traian,tram,1,synthetic_gps
2026-05-13 08:05:50,45.7571982,21.2082701,6.54,gara_traian,tram,1,synthetic_gps
2026-05-13 08:05:51,45.7572311,21.2082764,8.3,gara_traian,tram,1,synthetic_gps
2026-05-13 08:05:52,45.757184,21.2081756,5.57,gara_traian,tram,1,synthetic_gps
2026-05-13 08:05:53,45.7572044,21.2083107,6.13,gara_traian,tram,1,synthetic_gps
2026-05-13 08:05:54,45.7572321,21.2082943,8.1,gara_traian,tram,1,synthetic_gps
2026-05-13 08:05:55,45.7572117,21.2083421,5.12,gara_traian,tram,1,synthetic_gps
2026-05-13 08:05:56,45.7571705,21.2083551,3.08,gara_traian,tram,1,synthetic_gps
2026-05-13 08:05:57,45.7571964,21.2083107,3.79,gara_traian,tram,1,synthetic_gps
2026-05-13 08:05:58,45.7571754,21.2083432,4.14,gara_traian,tram,1,synthetic_gps
2026-05-13 08:05:59,45.7571415,21.2084038,2.71,gara_traian,tram,1,synthetic_gps
2026-05-13 08:06:00,45.7572109,21.2084076,5.04,gara_traian,tram,1,synthetic_gps
2026-05-13 08:06:01,45.7571518,21.2084145,4.21,gara_traian,tram,1,synthetic_gps
2026-05-13 08:06:02,45.7571847,21.2084461,8.86,gara_traian,tram,1,synthetic_gps
2026-05-13 08:06:03,45.7571526,21.2084644,5.01,gara_traian,tram,1,synthetic_gps
2026-05-13 08:06:04,45.7572177,21.2085922,7.61,gara_traian,tram,1,synthetic_gps
2026-05-13 08:06:05,45.7571687,21.2084688,5.37,gara_traian,tram,1,synthetic_gps
2026-05-13 08:06:06,45.7572017,21.2085726,7.55,gara_traian,tram,1,synthetic_gps
2026-05-13 08:06:07,45.7570984,21.2085006,5.2,gara_traian,tram,1,synthetic_gps
2026-05-13 08:06:08,45.7571744,21.2085052,4.8,gara_traian,tram,1,synthetic_gps
2026-05-13 08:06:09,45.7571423,21.2085805,1.28,gara_traian,tram,1,synthetic_gps
2026-05-13 08:06:10,45.7570835,21.2085411,4.69,gara_traian,tram,1,synthetic_gps
2026-05-13 08:06:11,45.7570269,21.2085917,6.84,gara_traian,tram,1,synthetic_gps
2026-05-13 08:06:12,45.7571575,21.2085688,8.18,gara_traian,tram,1,synthetic_gps
2026-05-13 08:06:13,45.7570309,21.208603,9.36,gara_traian,tram,1,synthetic_gps
2026-05-13 08:06:14,45.7570494,21.2086242,5.6,gara_traian,tram,1,synthetic_gps
2026-05-13 08:06:15,45.7571089,21.2085915,4.73,gara_traian,tram,1,synthetic_gps
2026-05-13 08:06:16,45.7571205,21.2086375,7.0,gara_traian,tram,1,synthetic_gps
2026-05-13 08:06:17,45.7571125,21.2086105,6.18,gara_traian,tram,1,synthetic_gps
2026-05-13 08:06:18,45.7570473,21.2086548,6.12,gara_traian,tram,1,synthetic_gps
2026-05-13 08:06:19,45.7571388,21.2088055,2.93,gara_traian,tram,1,synthetic_gps
2026-05-13 08:06:20,45.7570998,21.2086746,9.72,gara_traian,tram,1,synthetic_gps
2026-05-13 08:06:21,45.7570374,21.208706,5.67,gara_traian,tram,1,synthetic_gps
2026-05-13 08:06:22,45.7570895,21.2087728,7.83,gara_traian,tram,1,synthetic_gps
2026-05-13 08:06:23,45.7570343,21.208674,5.07,gara_traian,tram,1,synthetic_gps
2026-05-13 08:06:24,45.7571177,21.2087472,5.46,gara_traian,tram,1,synthetic_gps
2026-05-13 08:06:25,45.7571274,21.208803,9.84,gara_traian,tram,1,synthetic_gps
2026-05-13 08:06:26,45.7570043,21.2088137,5.64,gara_traian,tram,1,synthetic_gps
2026-05-13 08:06:27,45.7570368,21.2088231,5.59,gara_traian,tram,1,synthetic_gps
2026-05-13 08:06:28,45.7569918,21.2087336,8.39,gara_traian,tram,1,synthetic_gps
2026-05-13 08:06:29,45.7570233,21.2087982,8.04,gara_traian,tram,1,synthetic_gps
2026-05-13 08:06:30,45.7570616,21.2088286,2.21,gara_traian,tram,1,synthetic_gps
2026-05-13 08:06:31,45.7568855,21.2088615,5.91,gara_traian,tram,1,synthetic_gps
2026-05-13 08:06:32,45.7570272,21.208862,7.95,gara_traian,tram,1,synthetic_gps
2026-05-13 08:06:33,45.7569353,21.2089473,6.7,gara_traian,tram,1,synthetic_gps
2026-05-13 08:06:34,45.7569435,21.2088903,3.83,gara_traian,tram,1,synthetic_gps
2026-05-13 08:06:35,45.7569678,21.2088847,5.72,gara_traian,tram,1,synthetic_gps
2026-05-13 08:06:36,45.7569366,21.2089469,5.22,gara_traian,tram,1,synthetic_gps
2026-05-13 08:06:37,45.7569473,21.2088784,6.69,gara_traian,tram,1,synthetic_gps
2026-05-13 08:06:38,45.7569237,21.2089323,5.26,gara_traian,tram,1,synthetic_gps
2026-05-13 08:06:39,45.7569362,21.2089054,5.14,gara_traian,tram,1,synthetic_gps
2026-05-13 08:06:40,45.7569654,21.2088737,9.55,gara_traian,tram,1,synthetic_gps
2026-05-13 08:06:41,45.7569055,21.2089973,17.55,gara_traian,tram,1,synthetic_gps
2026-05-13 08:06:42,45.7570462,21.2089628,20.98,gara_traian,tram,1,synthetic_gps
2026-05-13 08:06:43,45.7569038,21.2089521,24.48,gara_traian,tram,1,synthetic_gps
2026-05-13 08:06:44,45.7569184,21.209,16.48,gara_traian,tram,1,synthetic_gps
2026-05-13 08:06:45,45.7569973,21.2089928,10.55,gara_traian,tram,1,synthetic_gps
2026-05-13 08:06:46,45.7569549,21.2090711,14.1,gara_traian,tram,1,synthetic_gps
2026-05-13 08:06:47,45.7569757,21.2090449,14.93,gara_traian,tram,1,synthetic_gps
2026-05-13 08:06:48,45.7569114,21.2090161,13.47,gara_traian,tram,1,synthetic_gps
2026-05-13 08:06:49,45.7568656,21.2090452,18.36,gara_traian,tram,1,synthetic_gps
2026-05-13 08:06:50,45.7568988,21.2091184,18.31,gara_traian,tram,1,synthetic_gps
2026-05-13 08:06:51,45.756979,21.2090894,17.56,gara_traian,tram,1,synthetic_gps
2026-05-13 08:06:52,45.7569,21.2091656,11.05,gara_traian,tram,1,synthetic_gps
2026-05-13 08:06:53,45.7569131,21.2091998,15.65,gara_traian,tram,1,synthetic_gps
2026-05-13 08:06:54,45.7568508,21.2092266,19.55,gara_traian,tram,1,synthetic_gps
2026-05-13 08:06:55,45.7569453,21.2090935,11.55,gara_traian,tram,1,synthetic_gps
2026-05-13 08:06:56,45.7568952,21.2092716,13.56,gara_traian,tram,1,synthetic_gps
2026-05-13 08:06:57,45.7568944,21.2091933,15.16,gara_traian,tram,1,synthetic_gps
2026-05-13 08:06:58,45.7568522,21.2093356,11.65,gara_traian,tram,1,synthetic_gps
2026-05-13 08:06:59,45.7567731,21.2091876,11.84,gara_traian,tram,1,synthetic_gps
2026-05-13 08:07:00,45.7569372,21.2092539,16.83,gara_traian,tram,1,synthetic_gps
2026-05-13 08:07:01,45.7568991,21.2092993,17.3,gara_traian,tram,1,synthetic_gps
2026-05-13 08:07:02,45.7568775,21.209311,22.42,gara_traian,tram,1,synthetic_gps
2026-05-13 08:07:03,45.7568226,21.2093351,22.74,gara_traian,tram,1,synthetic_gps
2026-05-13 08:07:04,45.7568636,21.2092124,25.81,gara_traian,tram,1,synthetic_gps
2026-05-13 08:07:05,45.7567935,21.209376,17.81,gara_traian,tram,1,synthetic_gps
2026-05-13 08:07:06,45.756875,21.2093029,9.81,gara_traian,tram,1,synthetic_gps
2026-05-13 08:07:07,45.7568383,21.2092854,17.81,gara_traian,tram,1,synthetic_gps
2026-05-13 08:07:08,45.7568539,21.2092578,24.91,gara_traian,tram,1,synthetic_gps
2026-05-13 08:07:09,45.7567689,21.2093482,16.91,gara_traian,tram,1,synthetic_gps
2026-05-13 08:07:10,45.7567517,21.2093997,21.55,gara_traian,tram,1,synthetic_gps
2026-05-13 08:07:11,45.7567824,21.2094251,15.27,gara_traian,tram,1,synthetic_gps
2026-05-13 08:07:12,45.7567799,21.2093931,15.75,gara_traian,tram,1,synthetic_gps
2026-05-13 08:07:13,45.7567513,21.2094402,7.99,gara_traian,tram,1,synthetic_gps
2026-05-13 08:07:14,45.7567508,21.209492,0.43,gara_traian,tram,1,synthetic_gps
2026-05-13 08:07:15,45.7568058,21.2093745,8.43,gara_traian,tram,1,synthetic_gps
2026-05-13 08:07:16,45.7568649,21.2094412,3.79,gara_traian,tram,1,synthetic_gps
2026-05-13 08:07:17,45.756742,21.2094871,11.79,gara_traian,tram,1,synthetic_gps
2026-05-13 08:07:18,45.7567715,21.2094896,12.9,gara_traian,tram,1,synthetic_gps
2026-05-13 08:07:19,45.7567746,21.2094819,15.99,gara_traian,tram,1,synthetic_gps
2026-05-13 08:07:20,45.756657,21.2095616,17.82,gara_traian,tram,1,synthetic_gps
2026-05-13 08:07:21,45.7567437,21.2095676,25.22,gara_traian,tram,1,synthetic_gps
2026-05-13 08:07:22,45.756687,21.2095156,20.73,gara_traian,tram,1,synthetic_gps
2026-05-13 08:07:23,45.756745,21.2094384,12.73,gara_traian,tram,1,synthetic_gps
2026-05-13 08:07:24,45.7567015,21.2096058,4.73,gara_traian,tram,1,synthetic_gps
2026-05-13 08:07:25,45.7567314,21.2096289,8.07,gara_traian,tram,1,synthetic_gps
2026-05-13 08:07:26,45.756665,21.2095618,16.07,gara_traian,tram,1,synthetic_gps
2026-05-13 08:07:27,45.756776,21.2096079,19.21,gara_traian,tram,1,synthetic_gps
2026-05-13 08:07:28,45.7567598,21.2097043,14.93,gara_traian,tram,1,synthetic_gps
2026-05-13 08:07:29,45.7566321,21.209632,16.06,gara_traian,tram,1,synthetic_gps
2026-05-13 08:07:30,45.7567186,21.2095917,24.06,gara_traian,tram,1,synthetic_gps
2026-05-13 08:07:31,45.7567269,21.2097108,20.05,gara_traian,tram,1,synthetic_gps
2026-05-13 08:07:32,45.7566567,21.2096278,12.05,gara_traian,tram,1,synthetic_gps
2026-05-13 08:07:33,45.7567115,21.2096328,13.56,gara_traian,tram,1,synthetic_gps
2026-05-13 08:07:34,45.7567252,21.2097387,21.56,gara_traian,tram,1,synthetic_gps
2026-05-13 08:07:35,45.7566168,21.2097383,21.1,gara_traian,tram,1,synthetic_gps
2026-05-13 08:07:36,45.756607,21.2097033,14.89,gara_traian,tram,1,synthetic_gps
2026-05-13 08:07:37,45.7566505,21.2096478,12.25,gara_traian,tram,1,synthetic_gps
2026-05-13 08:07:38,45.7565993,21.2097207,11.55,gara_traian,tram,1,synthetic_gps
2026-05-13 08:07:39,45.7566161,21.209739,19.55,gara_traian,tram,1,synthetic_gps
2026-05-13 08:07:40,45.7566217,21.2098175,20.76,gara_traian,tram,1,synthetic_gps
2026-05-13 08:07:41,45.7566818,21.2097906,20.33,gara_traian,tram,1,synthetic_gps
2026-05-13 08:07:42,45.7566689,21.2098168,12.33,gara_traian,tram,1,synthetic_gps
2026-05-13 08:07:43,45.7566533,21.2097889,8.48,gara_traian,tram,1,synthetic_gps
2026-05-13 08:07:44,45.7566168,21.2098398,9.22,gara_traian,tram,1,synthetic_gps
2026-05-13 08:07:45,45.7566296,21.2098621,14.64,gara_traian,tram,1,synthetic_gps
2026-05-13 08:07:46,45.7565708,21.2098818,16.97,gara_traian,tram,1,synthetic_gps
2026-05-13 08:07:47,45.7565801,21.2098749,10.85,gara_traian,tram,1,synthetic_gps
2026-05-13 08:07:48,45.7565423,21.2098455,12.65,gara_traian,tram,1,synthetic_gps
2026-05-13 08:07:49,45.7566424,21.2098571,20.65,gara_traian,tram,1,synthetic_gps
2026-05-13 08:07:50,45.7565624,21.2099781,13.25,gara_traian,tram,1,synthetic_gps
2026-05-13 08:07:51,45.7565829,21.2098761,9.6,gara_traian,tram,1,synthetic_gps
2026-05-13 08:07:52,45.7564692,21.2099842,14.51,gara_traian,tram,1,synthetic_gps
2026-05-13 08:07:53,45.7566027,21.2099748,16.71,gara_traian,tram,1,synthetic_gps
2026-05-13 08:07:54,45.7565618,21.2099498,13.22,gara_traian,tram,1,synthetic_gps
2026-05-13 08:07:55,45.7565549,21.2099768,8.11,gara_traian,tram,1,synthetic_gps
2026-05-13 08:07:56,45.7565089,21.2100844,16.11,gara_traian,tram,1,synthetic_gps
2026-05-13 08:07:57,45.756613,21.2099783,24.11,gara_traian,tram,1,synthetic_gps
2026-05-13 08:07:58,45.7565167,21.2100615,16.11,gara_traian,tram,1,synthetic_gps
2026-05-13 08:07:59,45.7565354,21.2099462,19.58,gara_traian,tram,1,synthetic_gps
2026-05-13 08:08:00,45.7564428,21.2100201,11.58,gara_traian,tram,1,synthetic_gps
2026-05-13 08:08:01,45.7565322,21.2101734,3.58,gara_traian,tram,1,synthetic_gps
2026-05-13 08:08:02,45.756538,21.210076,1.3,gara_traian,tram,1,synthetic_gps
2026-05-13 08:08:03,45.7564462,21.2100755,1.49,gara_traian,tram,1,synthetic_gps
2026-05-13 08:08:04,45.7565732,21.2101343,0.2,gara_traian,tram,1,synthetic_gps
2026-05-13 08:08:05,45.7565846,21.2100501,1.67,gara_traian,tram,1,synthetic_gps
2026-05-13 08:08:06,45.7564567,21.2102123,1.09,gara_traian,tram,1,synthetic_gps
2026-05-13 08:08:07,45.7565565,21.2101127,0.63,gara_traian,tram,1,synthetic_gps
2026-05-13 08:08:08,45.7564572,21.2102167,0.0,gara_traian,tram,1,synthetic_gps
2026-05-13 08:08:09,45.7564918,21.2101338,0.78,gara_traian,tram,1,synthetic_gps
2026-05-13 08:08:10,45.7564332,21.2101458,1.72,gara_traian,tram,1,synthetic_gps
2026-05-13 08:08:11,45.7565395,21.2102217,0.18,gara_traian,tram,1,synthetic_gps
2026-05-13 08:08:12,45.7565225,21.210234,0.65,gara_traian,tram,1,synthetic_gps
2026-05-13 08:08:13,45.7563848,21.2101985,0.62,gara_traian,tram,1,synthetic_gps
2026-05-13 08:08:14,45.7564517,21.2103125,1.31,gara_traian,tram,1,synthetic_gps
2026-05-13 08:08:15,45.7564889,21.210238,1.11,gara_traian,tram,1,synthetic_gps
2026-05-13 08:08:16,45.7564225,21.2102481,0.29,gara_traian,tram,1,synthetic_gps
2026-05-13 08:08:17,45.7564064,21.2102658,1.47,gara_traian,tram,1,synthetic_gps
2026-05-13 08:08:18,45.7564512,21.2102314,9.47,gara_traian,tram,1,synthetic_gps
2026-05-13 08:08:19,45.7564133,21.2102809,17.47,gara_traian,tram,1,synthetic_gps
2026-05-13 08:08:20,45.7564263,21.2103969,11.76,gara_traian,tram,1,synthetic_gps
2026-05-13 08:08:21,45.7564374,21.2103816,15.97,gara_traian,tram,1,synthetic_gps
2026-05-13 08:08:22,45.7564062,21.2103173,9.4,gara_traian,tram,1,synthetic_gps
2026-05-13 08:08:23,45.756457,21.2103969,17.4,gara_traian,tram,1,synthetic_gps
2026-05-13 08:08:24,45.7563967,21.2103988,24.15,gara_traian,tram,1,synthetic_gps
2026-05-13 08:08:25,45.7563693,21.2104152,16.15,gara_traian,tram,1,synthetic_gps
2026-05-13 08:08:26,45.7564331,21.2104357,8.15,gara_traian,tram,1,synthetic_gps
2026-05-13 08:08:27,45.7564486,21.2104137,13.2,gara_traian,tram,1,synthetic_gps
2026-05-13 08:08:28,45.7564405,21.2104554,20.9,gara_traian,tram,1,synthetic_gps
2026-05-13 08:08:29,45.7563455,21.210397,24.38,gara_traian,tram,1,synthetic_gps
2026-05-13 08:08:30,45.7563388,21.2105166,17.27,gara_traian,tram,1,synthetic_gps
2026-05-13 08:08:31,45.7563667,21.2103882,25.27,gara_traian,tram,1,synthetic_gps
2026-05-13 08:08:32,45.7562258,21.2105252,23.61,gara_traian,tram,1,synthetic_gps
2026-05-13 08:08:33,45.7563451,21.2105623,17.92,gara_traian,tram,1,synthetic_gps
2026-05-13 08:08:34,45.7563751,21.2106402,13.33,gara_traian,tram,1,synthetic_gps
2026-05-13 08:08:35,45.756367,21.2105519,12.42,gara_traian,tram,1,synthetic_gps
2026-05-13 08:08:36,45.7563383,21.2105518,7.59,gara_traian,tram,1,synthetic_gps
2026-05-13 08:08:37,45.7563833,21.2105359,15.59,gara_traian,tram,1,synthetic_gps
2026-05-13 08:08:38,45.7563116,21.210621,22.93,gara_traian,tram,1,synthetic_gps
2026-05-13 08:08:39,45.7563588,21.2106378,14.93,gara_traian,tram,1,synthetic_gps
2026-05-13 08:08:40,45.7563206,21.2105905,10.9,gara_traian,tram,1,synthetic_gps
2026-05-13 08:08:41,45.7563466,21.2105708,12.38,gara_traian,tram,1,synthetic_gps
2026-05-13 08:08:42,45.7563182,21.2106522,5.63,gara_traian,tram,1,synthetic_gps
2026-05-13 08:08:43,45.7562569,21.2106638,13.63,gara_traian,tram,1,synthetic_gps
2026-05-13 08:08:44,45.7563278,21.2107163,21.63,gara_traian,tram,1,synthetic_gps
2026-05-13 08:08:45,45.7563144,21.2107017,14.92,gara_traian,tram,1,synthetic_gps
2026-05-13 08:08:46,45.7562603,21.2106579,13.06,gara_traian,tram,1,synthetic_gps
2026-05-13 08:08:47,45.7562728,21.2106445,7.33,gara_traian,tram,1,synthetic_gps
2026-05-13 08:08:48,45.7563073,21.2107064,14.65,gara_traian,tram,1,synthetic_gps
2026-05-13 08:08:49,45.7562904,21.2107361,22.65,gara_traian,tram,1,synthetic_gps
2026-05-13 08:08:50,45.7562767,21.2107216,14.65,gara_traian,tram,1,synthetic_gps
2026-05-13 08:08:51,45.7562661,21.2107411,20.88,gara_traian,tram,1,synthetic_gps
2026-05-13 08:08:52,45.7562342,21.2108194,15.66,gara_traian,tram,1,synthetic_gps
2026-05-13 08:08:53,45.7562102,21.2108058,11.3,gara_traian,tram,1,synthetic_gps
2026-05-13 08:08:54,45.7562405,21.210797,6.34,gara_traian,tram,1,synthetic_gps
2026-05-13 08:08:55,45.7562625,21.210804,14.34,gara_traian,tram,1,synthetic_gps
2026-05-13 08:08:56,45.7562624,21.2108532,13.31,gara_traian,tram,1,synthetic_gps
2026-05-13 08:08:57,45.7561346,21.2108488,14.19,gara_traian,tram,1,synthetic_gps
2026-05-13 08:08:58,45.7562648,21.2108311,22.19,gara_traian,tram,1,synthetic_gps
2026-05-13 08:08:59,45.7562869,21.2108344,18.67,gara_traian,tram,1,synthetic_gps
2026-05-13 08:09:00,45.7562463,21.2108615,11.85,gara_traian,tram,1,synthetic_gps
2026-05-13 08:09:01,45.7562293,21.2108918,19.85,gara_traian,tram,1,synthetic_gps
2026-05-13 08:09:02,45.7561384,21.2110068,13.26,gara_traian,tram,1,synthetic_gps
2026-05-13 08:09:03,45.7561661,21.2109274,14.83,gara_traian,tram,1,synthetic_gps
2026-05-13 08:09:04,45.7561945,21.2109351,22.83,gara_traian,tram,1,synthetic_gps
2026-05-13 08:09:05,45.7562171,21.2109092,14.83,gara_traian,tram,1,synthetic_gps
2026-05-13 08:09:06,45.7561493,21.2109845,20.45,gara_traian,tram,1,synthetic_gps
2026-05-13 08:09:07,45.7561582,21.2109966,25.75,gara_traian,tram,1,synthetic_gps
2026-05-13 08:09:08,45.7562372,21.211037,17.75,gara_traian,tram,1,synthetic_gps
2026-05-13 08:09:09,45.7562136,21.2109825,12.05,gara_traian,tram,1,synthetic_gps
2026-05-13 08:09:10,45.756071,21.2110891,18.93,gara_traian,tram,1,synthetic_gps
2026-05-13 08:09:11,45.7561563,21.2111725,19.4,gara_traian,tram,1,synthetic_gps
2026-05-13 08:09:12,45.7561665,21.2110629,18.55,gara_traian,tram,1,synthetic_gps
2026-05-13 08:09:13,45.7560995,21.2110134,18.9,gara_traian,tram,1,synthetic_gps
2026-05-13 08:09:14,45.7561782,21.2110945,13.54,gara_traian,tram,1,synthetic_gps
2026-05-13 08:09:15,45.7560885,21.2110839,21.09,gara_traian,tram,1,synthetic_gps
2026-05-13 08:09:16,45.7561172,21.2110035,21.29,gara_traian,tram,1,synthetic_gps
2026-05-13 08:09:17,45.7561609,21.211086,13.29,gara_traian,tram,1,synthetic_gps
2026-05-13 08:09:18,45.7560927,21.2111808,12.72,gara_traian,tram,1,synthetic_gps
2026-05-13 08:09:19,45.7560272,21.2111642,4.72,gara_traian,tram,1,synthetic_gps
2026-05-13 08:09:20,45.7560205,21.2111767,12.72,gara_traian,tram,1,synthetic_gps
2026-05-13 08:09:21,45.7560764,21.2111096,6.07,gara_traian,tram,1,synthetic_gps
2026-05-13 08:09:22,45.7560209,21.2111864,14.07,gara_traian,tram,1,synthetic_gps
2026-05-13 08:09:23,45.7561547,21.2112358,19.3,gara_traian,tram,1,synthetic_gps
2026-05-13 08:09:24,45.7560759,21.2111611,19.3,gara_traian,tram,1,synthetic_gps
2026-05-13 08:09:25,45.7561351,21.211236,23.19,gara_traian,tram,1,synthetic_gps
2026-05-13 08:09:26,45.7560787,21.2111754,17.49,gara_traian,tram,1,synthetic_gps
2026-05-13 08:09:27,45.7561375,21.2112014,12.35,gara_traian,tram,1,synthetic_gps
2026-05-13 08:09:28,45.7560951,21.2111913,20.35,gara_traian,tram,1,synthetic_gps
2026-05-13 08:09:29,45.7561041,21.211251,17.68,gara_traian,tram,1,synthetic_gps
2026-05-13 08:09:30,45.7560937,21.2113284,10.33,gara_traian,tram,1,synthetic_gps
2026-05-13 08:09:31,45.756064,21.2113507,7.19,gara_traian,tram,1,synthetic_gps
2026-05-13 08:09:32,45.7560605,21.2113025,15.19,gara_traian,tram,1,synthetic_gps
2026-05-13 08:09:33,45.7560605,21.2113859,11.22,gara_traian,tram,1,synthetic_gps
2026-05-13 08:09:34,45.7560253,21.2113353,10.45,gara_traian,tram,1,synthetic_gps
2026-05-13 08:09:35,45.7560785,21.2113291,18.45,gara_traian,tram,1,synthetic_gps
2026-05-13 08:09:36,45.7559829,21.2113564,12.07,gara_traian,tram,1,synthetic_gps
2026-05-13 08:09:37,45.7559829,21.2113209,20.07,gara_traian,tram,1,synthetic_gps
2026-05-13 08:09:38,45.7559681,21.2114203,13.62,gara_traian,tram,1,synthetic_gps
2026-05-13 08:09:39,45.755959,21.2114611,21.62,gara_traian,tram,1,synthetic_gps
2026-05-13 08:09:40,45.7559484,21.211461,29.62,gara_traian,tram,1,synthetic_gps
2026-05-13 08:09:41,45.7559887,21.2114509,21.62,gara_traian,tram,1,synthetic_gps
2026-05-13 08:09:42,45.7559693,21.2114744,22.46,gara_traian,tram,1,synthetic_gps
2026-05-13 08:09:43,45.7559646,21.2115226,14.46,gara_traian,tram,1,synthetic_gps
2026-05-13 08:09:44,45.7560284,21.2114366,14.38,gara_traian,tram,1,synthetic_gps
2026-05-13 08:09:45,45.7560919,21.2114695,22.38,gara_traian,tram,1,synthetic_gps
2026-05-13 08:09:46,45.755931,21.2115566,14.38,gara_traian,tram,1,synthetic_gps
2026-05-13 08:09:47,45.7559549,21.2115259,22.38,gara_traian,tram,1,synthetic_gps
2026-05-13 08:09:48,45.7559405,21.2115531,14.38,gara_traian,tram,1,synthetic_gps
2026-05-13 08:09:49,45.7559277,21.2115732,16.06,gara_traian,tram,1,synthetic_gps
2026-05-13 08:09:50,45.7559518,21.2116004,19.41,gara_traian,tram,1,synthetic_gps
2026-05-13 08:09:51,45.7559543,21.2116284,21.18,gara_traian,tram,1,synthetic_gps
2026-05-13 08:09:52,45.7558922,21.2116171,13.18,gara_traian,tram,1,synthetic_gps
2026-05-13 08:09:53,45.7559669,21.2116858,10.42,gara_traian,tram,1,synthetic_gps
2026-05-13 08:09:54,45.7559371,21.211547,3.67,gara_traian,tram,1,synthetic_gps
2026-05-13 08:09:55,45.7558627,21.2116268,3.01,gara_traian,tram,1,synthetic_gps
2026-05-13 08:09:56,45.7559467,21.211589,11.01,gara_traian,tram,1,synthetic_gps
2026-05-13 08:09:57,45.7558899,21.2116458,17.41,gara_traian,tram,1,synthetic_gps
2026-05-13 08:09:58,45.7559078,21.2117158,9.41,gara_traian,tram,1,synthetic_gps
2026-05-13 08:09:59,45.7559442,21.2116097,17.41,gara_traian,tram,1,synthetic_gps
2026-05-13 08:10:00,45.7559228,21.2117007,24.41,gara_traian,tram,1,synthetic_gps
2026-05-13 08:10:01,45.7559065,21.2116491,17.49,gara_traian,tram,1,synthetic_gps
2026-05-13 08:10:02,45.7558429,21.2116923,12.35,gara_traian,tram,1,synthetic_gps
2026-05-13 08:10:03,45.7558711,21.2118069,18.0,gara_traian,tram,1,synthetic_gps
2026-05-13 08:10:04,45.7558322,21.2116994,21.82,gara_traian,tram,1,synthetic_gps
2026-05-13 08:10:05,45.755926,21.2117162,13.82,gara_traian,tram,1,synthetic_gps
2026-05-13 08:10:06,45.7558321,21.2117678,21.82,gara_traian,tram,1,synthetic_gps
2026-05-13 08:10:07,45.7558782,21.2118127,13.82,gara_traian,tram,1,synthetic_gps
2026-05-13 08:10:08,45.7558678,21.2118445,7.0,gara_traian,tram,1,synthetic_gps
2026-05-13 08:10:09,45.7558778,21.2117772,12.3,gara_traian,tram,1,synthetic_gps
2026-05-13 08:10:10,45.7558473,21.2118321,20.3,gara_traian,tram,1,synthetic_gps
2026-05-13 08:10:11,45.7558741,21.21191,20.24,gara_traian,tram,1,synthetic_gps
2026-05-13 08:10:12,45.7558555,21.211871,12.24,gara_traian,tram,1,synthetic_gps
2026-05-13 08:10:13,45.7558015,21.2118738,15.11,gara_traian,tram,1,synthetic_gps
2026-05-13 08:10:14,45.7558358,21.2118798,10.93,gara_traian,tram,1,synthetic_gps
2026-05-13 08:10:15,45.7558231,21.2119562,5.04,gara_traian,tram,1,synthetic_gps
2026-05-13 08:10:16,45.7558275,21.2119345,7.8,gara_traian,tram,1,synthetic_gps
2026-05-13 08:10:17,45.7557598,21.2118867,15.8,gara_traian,tram,1,synthetic_gps
2026-05-13 08:10:18,45.7557188,21.2118989,20.11,gara_traian,tram,1,synthetic_gps
2026-05-13 08:10:19,45.7557713,21.211942,28.11,gara_traian,tram,1,synthetic_gps
2026-05-13 08:10:20,45.7557195,21.2120318,20.11,gara_traian,tram,1,synthetic_gps
2026-05-13 08:10:21,45.7558288,21.2120461,15.67,gara_traian,tram,1,synthetic_gps
2026-05-13 08:10:22,45.7558582,21.2120266,23.67,gara_traian,tram,1,synthetic_gps
2026-05-13 08:10:23,45.7557891,21.2119556,15.67,gara_traian,tram,1,synthetic_gps
2026-05-13 08:10:24,45.7557561,21.2120431,21.72,gara_traian,tram,1,synthetic_gps
2026-05-13 08:10:25,45.7557412,21.2119686,20.49,gara_traian,tram,1,synthetic_gps
2026-05-13 08:10:26,45.7557558,21.2120588,15.12,gara_traian,tram,1,synthetic_gps
2026-05-13 08:10:27,45.7556764,21.212103,18.17,gara_traian,tram,1,synthetic_gps
2026-05-13 08:10:28,45.7557063,21.2120859,14.58,gara_traian,tram,1,synthetic_gps
2026-05-13 08:10:29,45.75573,21.2120914,6.58,gara_traian,tram,1,synthetic_gps
2026-05-13 08:10:30,45.7557443,21.2121226,14.58,gara_traian,tram,1,synthetic_gps
2026-05-13 08:10:31,45.7557484,21.2120771,6.58,gara_traian,tram,1,synthetic_gps
2026-05-13 08:10:32,45.755668,21.2121856,9.55,gara_traian,tram,1,synthetic_gps
2026-05-13 08:10:33,45.7557501,21.2121468,17.55,gara_traian,tram,1,synthetic_gps
2026-05-13 08:10:34,45.7557767,21.2121553,19.02,gara_traian,tram,1,synthetic_gps
2026-05-13 08:10:35,45.7556967,21.2121304,12.71,gara_traian,tram,1,synthetic_gps
2026-05-13 08:10:36,45.7557048,21.2122008,19.05,gara_traian,tram,1,synthetic_gps
2026-05-13 08:10:37,45.7557129,21.2122381,14.7,gara_traian,tram,1,synthetic_gps
2026-05-13 08:10:38,45.7556325,21.2122087,22.7,gara_traian,tram,1,synthetic_gps
2026-05-13 08:10:39,45.7557575,21.2122122,14.7,gara_traian,tram,1,synthetic_gps
2026-05-13 08:10:40,45.7556006,21.2122705,10.17,gara_traian,tram,1,synthetic_gps
2026-05-13 08:10:41,45.7556264,21.2122092,5.7,gara_traian,tram,1,synthetic_gps
2026-05-13 08:10:42,45.7556875,21.2122359,12.53,gara_traian,tram,1,synthetic_gps
2026-05-13 08:10:43,45.755671,21.2123521,15.13,gara_traian,tram,1,synthetic_gps
2026-05-13 08:10:44,45.7557633,21.2123195,17.22,gara_traian,tram,1,synthetic_gps
2026-05-13 08:10:45,45.7556654,21.212266,9.22,gara_traian,tram,1,synthetic_gps
2026-05-13 08:10:46,45.7555955,21.2123145,17.22,gara_traian,tram,1,synthetic_gps
2026-05-13 08:10:47,45.7556527,21.2123785,12.11,gara_traian,tram,1,synthetic_gps
2026-05-13 08:10:48,45.7556828,21.2124182,19.99,gara_traian,tram,1,synthetic_gps
2026-05-13 08:10:49,45.7556523,21.2123099,26.95,gara_traian,tram,1,synthetic_gps
2026-05-13 08:10:50,45.7555935,21.2124112,18.95,gara_traian,tram,1,synthetic_gps
2026-05-13 08:10:51,45.7556652,21.2122785,23.84,gara_traian,tram,1,synthetic_gps
2026-05-13 08:10:52,45.7556565,21.21242,23.39,gara_traian,tram,1,synthetic_gps
2026-05-13 08:10:53,45.7556202,21.2124558,15.39,gara_traian,tram,1,synthetic_gps
2026-05-13 08:10:54,45.7555737,21.2124129,21.74,gara_traian,tram,1,synthetic_gps
2026-05-13 08:10:55,45.7555572,21.212483,13.74,gara_traian,tram,1,synthetic_gps
2026-05-13 08:10:56,45.7556298,21.2125701,16.03,gara_traian,tram,1,synthetic_gps
2026-05-13 08:10:57,45.7555549,21.212516,19.95,gara_traian,tram,1,synthetic_gps
2026-05-13 08:10:58,45.7556335,21.2125044,13.52,gara_traian,tram,1,synthetic_gps
2026-05-13 08:10:59,45.7556812,21.2125273,14.31,gara_traian,tram,1,synthetic_gps
2026-05-13 08:11:00,45.7555504,21.2125653,6.31,gara_traian,tram,1,synthetic_gps
2026-05-13 08:11:01,45.7555614,21.2124766,0.48,gara_traian,tram,1,synthetic_gps
2026-05-13 08:11:02,45.7555712,21.2125211,0.42,gara_traian,tram,1,synthetic_gps
2026-05-13 08:11:03,45.755587,21.212522,1.52,gara_traian,tram,1,synthetic_gps
2026-05-13 08:11:04,45.7555511,21.2125779,1.51,gara_traian,tram,1,synthetic_gps
2026-05-13 08:11:05,45.7555146,21.2125966,0.95,gara_traian,tram,1,synthetic_gps
2026-05-13 08:11:06,45.7555459,21.2126198,1.36,gara_traian,tram,1,synthetic_gps
2026-05-13 08:11:07,45.7555627,21.2125815,1.01,gara_traian,tram,1,synthetic_gps
2026-05-13 08:11:08,45.7555481,21.2126446,1.47,gara_traian,tram,1,synthetic_gps
2026-05-13 08:11:09,45.7554767,21.2126683,0.72,gara_traian,tram,1,synthetic_gps
2026-05-13 08:11:10,45.7555107,21.212698,0.81,gara_traian,tram,1,synthetic_gps
2026-05-13 08:11:11,45.7554539,21.2126497,2.24,gara_traian,tram,1,synthetic_gps
2026-05-13 08:11:12,45.7555275,21.212695,0.7,gara_traian,tram,1,synthetic_gps
2026-05-13 08:11:13,45.7554565,21.2127306,1.52,gara_traian,tram,1,synthetic_gps
2026-05-13 08:11:14,45.7554868,21.2127716,0.74,gara_traian,tram,1,synthetic_gps
2026-05-13 08:11:15,45.7555301,21.2127512,1.9,gara_traian,tram,1,synthetic_gps
2026-05-13 08:11:16,45.755425,21.2127949,1.7,gara_traian,tram,1,synthetic_gps
2026-05-13 08:11:17,45.7554638,21.2127221,0.59,gara_traian,tram,1,synthetic_gps
2026-05-13 08:11:18,45.7554567,21.2126987,8.59,gara_traian,tram,1,synthetic_gps
2026-05-13 08:11:19,45.7554955,21.2127566,16.59,gara_traian,tram,1,synthetic_gps
2026-05-13 08:11:20,45.7554345,21.2127481,24.59,gara_traian,tram,1,synthetic_gps
2026-05-13 08:11:21,45.7554705,21.212759,16.59,gara_traian,tram,1,synthetic_gps
2026-05-13 08:11:22,45.7555027,21.2128411,20.45,gara_traian,tram,1,synthetic_gps
2026-05-13 08:11:23,45.755442,21.2128214,23.0,gara_traian,tram,1,synthetic_gps
2026-05-13 08:11:24,45.7554533,21.2128791,15.0,gara_traian,tram,1,synthetic_gps
2026-05-13 08:11:25,45.7553432,21.2129359,14.68,gara_traian,tram,1,synthetic_gps
2026-05-13 08:11:26,45.7554961,21.2128339,10.93,gara_traian,tram,1,synthetic_gps
2026-05-13 08:11:27,45.7553771,21.2129369,17.34,gara_traian,tram,1,synthetic_gps
2026-05-13 08:11:28,45.7554779,21.2128823,16.6,gara_traian,tram,1,synthetic_gps
2026-05-13 08:11:29,45.7554732,21.2129568,11.31,gara_traian,tram,1,synthetic_gps
2026-05-13 08:11:30,45.7555128,21.2128568,9.39,gara_traian,tram,1,synthetic_gps
2026-05-13 08:11:31,45.7553914,21.2129297,17.39,gara_traian,tram,1,synthetic_gps
2026-05-13 08:11:32,45.7554517,21.2130069,9.39,gara_traian,tram,1,synthetic_gps
2026-05-13 08:11:33,45.7553931,21.2129432,7.39,gara_traian,tram,1,synthetic_gps
2026-05-13 08:11:34,45.7554059,21.2130051,15.39,gara_traian,tram,1,synthetic_gps
2026-05-13 08:11:35,45.7554494,21.212946,17.41,gara_traian,tram,1,synthetic_gps
2026-05-13 08:11:36,45.7554118,21.2130935,16.98,gara_traian,tram,1,synthetic_gps
2026-05-13 08:11:37,45.7554341,21.2130242,13.29,gara_traian,tram,1,synthetic_gps
2026-05-13 08:11:38,45.755349,21.2130675,5.29,gara_traian,tram,1,synthetic_gps
2026-05-13 08:11:39,45.7553351,21.2131193,13.29,gara_traian,tram,1,synthetic_gps
2026-05-13 08:11:40,45.7552883,21.2131423,11.0,gara_traian,tram,1,synthetic_gps
2026-05-13 08:11:41,45.7552965,21.2130581,19.0,gara_traian,tram,1,synthetic_gps
2026-05-13 08:11:42,45.7553124,21.213143,20.71,gara_traian,tram,1,synthetic_gps
2026-05-13 08:11:43,45.7552225,21.2130802,23.28,gara_traian,tram,1,synthetic_gps
2026-05-13 08:11:44,45.7553419,21.2131333,15.28,gara_traian,tram,1,synthetic_gps
2026-05-13 08:11:45,45.7553256,21.2131276,10.49,gara_traian,tram,1,synthetic_gps
2026-05-13 08:11:46,45.755373,21.2131363,12.0,gara_traian,tram,1,synthetic_gps
2026-05-13 08:11:47,45.7553709,21.2131098,5.2,gara_traian,tram,1,synthetic_gps
2026-05-13 08:11:48,45.7553557,21.2130884,13.2,gara_traian,tram,1,synthetic_gps
2026-05-13 08:11:49,45.7552635,21.2131814,5.2,gara_traian,tram,1,synthetic_gps
2026-05-13 08:11:50,45.7552717,21.21319,13.2,gara_traian,tram,1,synthetic_gps
2026-05-13 08:11:51,45.7552937,21.2131713,21.2,gara_traian,tram,1,synthetic_gps
2026-05-13 08:11:52,45.755312,21.2132314,24.49,gara_traian,tram,1,synthetic_gps
2026-05-13 08:11:53,45.7552815,21.2132286,18.76,gara_traian,tram,1,synthetic_gps
2026-05-13 08:11:54,45.7553445,21.2133224,16.3,gara_traian,tram,1,synthetic_gps
2026-05-13 08:11:55,45.7552748,21.2133627,8.3,gara_traian,tram,1,synthetic_gps
2026-05-13 08:11:56,45.7552686,21.2133637,16.3,gara_traian,tram,1,synthetic_gps
2026-05-13 08:11:57,45.7553337,21.2132581,8.3,gara_traian,tram,1,synthetic_gps
2026-05-13 08:11:58,45.7552405,21.2132966,16.3,gara_traian,tram,1,synthetic_gps
2026-05-13 08:11:59,45.7551956,21.2133804,19.69,gara_traian,tram,1,synthetic_gps
2026-05-13 08:12:00,45.755225,21.2133638,24.46,gara_traian,tram,1,synthetic_gps
2026-05-13 08:12:01,45.7551934,21.2132941,25.19,gara_traian,tram,1,synthetic_gps
2026-05-13 08:12:02,45.755312,21.2133258,17.19,gara_traian,tram,1,synthetic_gps
2026-05-13 08:12:03,45.7551432,21.2134266,9.3,gara_traian,tram,1,synthetic_gps
2026-05-13 08:12:04,45.755227,21.2133564,17.3,gara_traian,tram,1,synthetic_gps
2026-05-13 08:12:05,45.7552033,21.2134189,9.93,gara_traian,tram,1,synthetic_gps
2026-05-13 08:12:06,45.755275,21.2134821,17.93,gara_traian,tram,1,synthetic_gps
2026-05-13 08:12:07,45.7552261,21.213484,22.13,gara_traian,tram,1,synthetic_gps
2026-05-13 08:12:08,45.7551793,21.2134295,14.13,gara_traian,tram,1,synthetic_gps
2026-05-13 08:12:09,45.7552133,21.2134484,8.15,gara_traian,tram,1,synthetic_gps
2026-05-13 08:12:10,45.7551485,21.2135096,16.15,gara_traian,tram,1,synthetic_gps
2026-05-13 08:12:11,45.7552806,21.2135,11.44,gara_traian,tram,1,synthetic_gps
2026-05-13 08:12:12,45.7551452,21.2135416,15.51,gara_traian,tram,1,synthetic_gps
2026-05-13 08:12:13,45.7551714,21.2135033,16.86,gara_traian,tram,1,synthetic_gps
2026-05-13 08:12:14,45.7552037,21.2135373,16.05,gara_traian,tram,1,synthetic_gps
2026-05-13 08:12:15,45.7551002,21.2134999,21.45,gara_traian,tram,1,synthetic_gps
2026-05-13 08:12:16,45.7552082,21.2135544,23.95,gara_traian,tram,1,synthetic_gps
2026-05-13 08:12:17,45.7551237,21.2135838,16.13,gara_traian,tram,1,synthetic_gps
2026-05-13 08:12:18,45.755139,21.2135793,13.17,gara_traian,tram,1,synthetic_gps
2026-05-13 08:12:19,45.7551795,21.2136334,20.88,gara_traian,tram,1,synthetic_gps
2026-05-13 08:12:20,45.7551543,21.2136711,12.88,gara_traian,tram,1,synthetic_gps
2026-05-13 08:12:21,45.75519,21.2136356,16.29,gara_traian,tram,1,synthetic_gps
2026-05-13 08:12:22,45.7551504,21.2135589,18.45,gara_traian,tram,1,synthetic_gps
2026-05-13 08:12:23,45.7551143,21.2136697,10.45,gara_traian,tram,1,synthetic_gps
2026-05-13 08:12:24,45.7550767,21.2136425,2.45,gara_traian,tram,1,synthetic_gps
2026-05-13 08:12:25,45.7552254,21.2137622,10.45,gara_traian,tram,1,synthetic_gps
2026-05-13 08:12:26,45.7551919,21.2137015,18.45,gara_traian,tram,1,synthetic_gps
2026-05-13 08:12:27,45.7550916,21.2137415,10.45,gara_traian,tram,1,synthetic_gps
2026-05-13 08:12:28,45.7550846,21.2137249,18.45,gara_traian,tram,1,synthetic_gps
2026-05-13 08:12:29,45.7551058,21.2138242,19.84,gara_traian,tram,1,synthetic_gps
2026-05-13 08:12:30,45.7550535,21.2136764,11.94,gara_traian,tram,1,synthetic_gps
2026-05-13 08:12:31,45.7550746,21.2137299,19.94,gara_traian,tram,1,synthetic_gps
2026-05-13 08:12:32,45.75514,21.2138024,18.47,gara_traian,tram,1,synthetic_gps
2026-05-13 08:12:33,45.7550851,21.2137679,21.74,gara_traian,tram,1,synthetic_gps
2026-05-13 08:12:34,45.7551653,21.2138967,22.49,gara_traian,tram,1,synthetic_gps
2026-05-13 08:12:35,45.7550595,21.2137615,27.98,gara_traian,tram,1,synthetic_gps
2026-05-13 08:12:36,45.7550578,21.2138473,19.98,gara_traian,tram,1,synthetic_gps
2026-05-13 08:12:37,45.755088,21.2138258,16.25,gara_traian,tram,1,synthetic_gps
2026-05-13 08:12:38,45.7550835,21.2138412,9.78,gara_traian,tram,1,synthetic_gps
2026-05-13 08:12:39,45.7550545,21.2138701,17.78,gara_traian,tram,1,synthetic_gps
2026-05-13 08:12:40,45.755057,21.2138399,25.78,gara_traian,tram,1,synthetic_gps
2026-05-13 08:12:41,45.7550907,21.2140049,24.38,gara_traian,tram,1,synthetic_gps
2026-05-13 08:12:42,45.7549729,21.2139475,28.76,gara_traian,tram,1,synthetic_gps
2026-05-13 08:12:43,45.7550244,21.2138862,20.76,gara_traian,tram,1,synthetic_gps
2026-05-13 08:12:44,45.7550144,21.2139044,12.76,gara_traian,tram,1,synthetic_gps
2026-05-13 08:12:45,45.7549833,21.214007,13.53,gara_traian,tram,1,synthetic_gps
2026-05-13 08:12:46,45.7549874,21.2139915,9.45,gara_traian,tram,1,synthetic_gps
2026-05-13 08:12:47,45.7549277,21.213988,17.45,gara_traian,tram,1,synthetic_gps
2026-05-13 08:12:48,45.7550123,21.2140202,11.87,gara_traian,tram,1,synthetic_gps
2026-05-13 08:12:49,45.7549896,21.2139915,19.87,gara_traian,tram,1,synthetic_gps
2026-05-13 08:12:50,45.7550225,21.214037,12.4,gara_traian,tram,1,synthetic_gps
2026-05-13 08:12:51,45.7548939,21.2140217,20.4,gara_traian,tram,1,synthetic_gps
2026-05-13 08:12:52,45.7549701,21.2140831,28.4,gara_traian,tram,1,synthetic_gps
2026-05-13 08:12:53,45.7549501,21.214041,20.4,gara_traian,tram,1,synthetic_gps
2026-05-13 08:12:54,45.7550276,21.2140685,19.28,gara_traian,tram,1,synthetic_gps
2026-05-13 08:12:55,45.7549456,21.2140512,11.28,gara_traian,tram,1,synthetic_gps
2026-05-13 08:12:56,45.7549634,21.2140884,4.88,gara_traian,tram,1,synthetic_gps
2026-05-13 08:12:57,45.7549877,21.2141215,12.53,gara_traian,tram,1,synthetic_gps
2026-05-13 08:12:58,45.7549807,21.2141331,17.76,gara_traian,tram,1,synthetic_gps
2026-05-13 08:12:59,45.7549033,21.2141385,9.76,gara_traian,tram,1,synthetic_gps
2026-05-13 08:13:00,45.7549528,21.2142392,3.04,gara_traian,tram,1,synthetic_gps
2026-05-13 08:13:01,45.7548924,21.2142011,11.04,gara_traian,tram,1,synthetic_gps
2026-05-13 08:13:02,45.7549455,21.2142537,10.78,gara_traian,tram,1,synthetic_gps
2026-05-13 08:13:03,45.7549034,21.2142002,18.78,gara_traian,tram,1,synthetic_gps
2026-05-13 08:13:04,45.7548851,21.214251,19.73,gara_traian,tram,1,synthetic_gps
2026-05-13 08:13:05,45.7548616,21.2142283,20.47,gara_traian,tram,1,synthetic_gps
2026-05-13 08:13:06,45.7548089,21.2142,12.47,gara_traian,tram,1,synthetic_gps
2026-05-13 08:13:07,45.7548215,21.2142838,20.47,gara_traian,tram,1,synthetic_gps
2026-05-13 08:13:08,45.7548988,21.2142896,12.47,gara_traian,tram,1,synthetic_gps
2026-05-13 08:13:09,45.7549084,21.2142675,4.47,gara_traian,tram,1,synthetic_gps
2026-05-13 08:13:10,45.7548091,21.2143444,11.92,gara_traian,tram,1,synthetic_gps
2026-05-13 08:13:11,45.754882,21.2142833,8.14,gara_traian,tram,1,synthetic_gps
2026-05-13 08:13:12,45.7549608,21.2143337,11.3,gara_traian,tram,1,synthetic_gps
2026-05-13 08:13:13,45.7549039,21.2143145,16.72,gara_traian,tram,1,synthetic_gps
2026-05-13 08:13:14,45.7547914,21.2143282,24.72,gara_traian,tram,1,synthetic_gps
2026-05-13 08:13:15,45.7548267,21.2144035,25.03,gara_traian,tram,1,synthetic_gps
2026-05-13 08:13:16,45.7548571,21.2143517,17.03,gara_traian,tram,1,synthetic_gps
2026-05-13 08:13:17,45.7547903,21.2144133,9.03,gara_traian,tram,1,synthetic_gps
2026-05-13 08:13:18,45.7548463,21.2144154,4.69,gara_traian,tram,1,synthetic_gps
2026-05-13 08:13:19,45.7548605,21.2144273,12.69,gara_traian,tram,1,synthetic_gps
2026-05-13 08:13:20,45.7548007,21.2144438,16.67,gara_traian,tram,1,synthetic_gps
2026-05-13 08:13:21,45.7548469,21.214377,8.67,gara_traian,tram,1,synthetic_gps
2026-05-13 08:13:22,45.7548024,21.2144276,9.94,gara_traian,tram,1,synthetic_gps
2026-05-13 08:13:23,45.7548703,21.21454,10.91,gara_traian,tram,1,synthetic_gps
2026-05-13 08:13:24,45.7547565,21.214429,7.46,gara_traian,tram,1,synthetic_gps
2026-05-13 08:13:25,45.7547787,21.2146126,5.34,gara_traian,tram,1,synthetic_gps
2026-05-13 08:13:26,45.7548118,21.2145428,13.34,gara_traian,tram,1,synthetic_gps
2026-05-13 08:13:27,45.7547981,21.2146107,13.81,gara_traian,tram,1,synthetic_gps
2026-05-13 08:13:28,45.7548712,21.2144718,9.95,gara_traian,tram,1,synthetic_gps
2026-05-13 08:13:29,45.754778,21.2146065,17.95,gara_traian,tram,1,synthetic_gps
2026-05-13 08:13:30,45.7548119,21.2146043,14.06,gara_traian,tram,1,synthetic_gps
2026-05-13 08:13:31,45.7547962,21.2146588,22.06,gara_traian,tram,1,synthetic_gps
2026-05-13 08:13:32,45.7547053,21.2145648,20.25,gara_traian,tram,1,synthetic_gps
2026-05-13 08:13:33,45.7547391,21.2147532,23.09,gara_traian,tram,1,synthetic_gps
2026-05-13 08:13:34,45.7547731,21.2146785,15.09,gara_traian,tram,1,synthetic_gps
2026-05-13 08:13:35,45.7547938,21.2146521,19.59,gara_traian,tram,1,synthetic_gps
2026-05-13 08:13:36,45.7547263,21.2146879,19.03,gara_traian,tram,1,synthetic_gps
2026-05-13 08:13:37,45.7548255,21.2147006,11.58,gara_traian,tram,1,synthetic_gps
2026-05-13 08:13:38,45.754751,21.2146787,11.21,gara_traian,tram,1,synthetic_gps
2026-05-13 08:13:39,45.7547966,21.2146655,10.94,gara_traian,tram,1,synthetic_gps
2026-05-13 08:13:40,45.7547117,21.2147411,18.94,gara_traian,tram,1,synthetic_gps
2026-05-13 08:13:41,45.7547263,21.2147252,17.4,gara_traian,tram,1,synthetic_gps
2026-05-13 08:13:42,45.7548089,21.2147703,13.63,gara_traian,tram,1,synthetic_gps
2026-05-13 08:13:43,45.7547167,21.2147047,21.63,gara_traian,tram,1,synthetic_gps
2026-05-13 08:13:44,45.7546572,21.2148129,28.75,gara_traian,tram,1,synthetic_gps
2026-05-13 08:13:45,45.7547571,21.2148218,20.75,gara_traian,tram,1,synthetic_gps
2026-05-13 08:13:46,45.7547698,21.2147214,20.63,gara_traian,tram,1,synthetic_gps
2026-05-13 08:13:47,45.7546707,21.214748,12.63,gara_traian,tram,1,synthetic_gps
2026-05-13 08:13:48,45.7546868,21.2148107,20.63,gara_traian,tram,1,synthetic_gps
2026-05-13 08:13:49,45.7547608,21.2147561,25.48,gara_traian,tram,1,synthetic_gps
2026-05-13 08:13:50,45.7546969,21.2147925,18.47,gara_traian,tram,1,synthetic_gps
2026-05-13 08:13:51,45.7547886,21.2149346,10.47,gara_traian,tram,1,synthetic_gps
2026-05-13 08:13:52,45.7547425,21.2148309,18.47,gara_traian,tram,1,synthetic_gps
2026-05-13 08:13:53,45.7546739,21.2148564,26.47,gara_traian,tram,1,synthetic_gps
2026-05-13 08:13:54,45.7547543,21.2149321,18.47,gara_traian,tram,1,synthetic_gps
2026-05-13 08:13:55,45.7547013,21.2149236,10.47,gara_traian,tram,1,synthetic_gps
2026-05-13 08:13:56,45.754731,21.2149848,18.47,gara_traian,tram,1,synthetic_gps
2026-05-13 08:13:57,45.7546512,21.214984,20.9,gara_traian,tram,1,synthetic_gps
2026-05-13 08:13:58,45.7548476,21.2149602,14.35,gara_traian,tram,1,synthetic_gps
2026-05-13 08:13:59,45.7547052,21.2150735,22.35,gara_traian,tram,1,synthetic_gps
2026-05-13 08:14:00,45.7547049,21.2149941,14.35,gara_traian,tram,1,synthetic_gps
2026-05-13 08:14:01,45.7546187,21.2149964,6.35,gara_traian,tram,1,synthetic_gps
2026-05-13 08:14:02,45.7546611,21.2150215,0.0,gara_traian,tram,1,synthetic_gps
2026-05-13 08:14:03,45.7546871,21.2150213,0.7,gara_traian,tram,1,synthetic_gps
2026-05-13 08:14:04,45.7547145,21.215048,1.59,gara_traian,tram,1,synthetic_gps
2026-05-13 08:14:05,45.7546382,21.2150289,1.3,gara_traian,tram,1,synthetic_gps
2026-05-13 08:14:06,45.7546813,21.215004,1.38,gara_traian,tram,1,synthetic_gps
2026-05-13 08:14:07,45.7547033,21.2150428,0.5,gara_traian,tram,1,synthetic_gps
2026-05-13 08:14:08,45.7546291,21.2150687,1.96,gara_traian,tram,1,synthetic_gps
2026-05-13 08:14:09,45.7546363,21.2150341,1.19,gara_traian,tram,1,synthetic_gps
2026-05-13 08:14:10,45.7547334,21.2149979,1.36,gara_traian,tram,1,synthetic_gps
2026-05-13 08:14:11,45.7546487,21.215047,0.37,gara_traian,tram,1,synthetic_gps
2026-05-13 08:14:12,45.7546288,21.2151504,1.64,gara_traian,tram,1,synthetic_gps
2026-05-13 08:14:13,45.7546378,21.2150501,1.29,gara_traian,tram,1,synthetic_gps
2026-05-13 08:14:14,45.7547297,21.2150828,1.46,gara_traian,tram,1,synthetic_gps
2026-05-13 08:14:15,45.7546808,21.2151344,0.11,gara_traian,tram,1,synthetic_gps
2026-05-13 08:14:16,45.7546471,21.2151278,0.76,gara_traian,tram,1,synthetic_gps
2026-05-13 08:14:17,45.7546368,21.2151557,0.75,gara_traian,tram,1,synthetic_gps
2026-05-13 08:14:18,45.7546672,21.2152572,8.75,gara_traian,tram,1,synthetic_gps
2026-05-13 08:14:19,45.7545995,21.2152115,15.72,gara_traian,tram,1,synthetic_gps
2026-05-13 08:14:20,45.7547249,21.2152856,7.72,gara_traian,tram,1,synthetic_gps
2026-05-13 08:14:21,45.7545631,21.2152486,15.72,gara_traian,tram,1,synthetic_gps
2026-05-13 08:14:22,45.7546251,21.2152948,8.69,gara_traian,tram,1,synthetic_gps
2026-05-13 08:14:23,45.7547381,21.2153081,16.69,gara_traian,tram,1,synthetic_gps
2026-05-13 08:14:24,45.7546416,21.2152677,8.69,gara_traian,tram,1,synthetic_gps
2026-05-13 08:14:25,45.7546354,21.2153116,16.69,gara_traian,tram,1,synthetic_gps
2026-05-13 08:14:26,45.7546684,21.2152452,18.25,gara_traian,tram,1,synthetic_gps
2026-05-13 08:14:27,45.7547034,21.2152484,21.96,gara_traian,tram,1,synthetic_gps
2026-05-13 08:14:28,45.754715,21.2153818,14.02,gara_traian,tram,1,synthetic_gps
2026-05-13 08:14:29,45.7546907,21.2153273,13.06,gara_traian,tram,1,synthetic_gps
2026-05-13 08:14:30,45.7546365,21.2153398,5.59,gara_traian,tram,1,synthetic_gps
2026-05-13 08:14:31,45.7546429,21.2154101,8.38,gara_traian,tram,1,synthetic_gps
2026-05-13 08:14:32,45.7546474,21.2153506,7.14,gara_traian,tram,1,synthetic_gps
2026-05-13 08:14:33,45.7546364,21.2153827,15.14,gara_traian,tram,1,synthetic_gps
2026-05-13 08:14:34,45.7546135,21.2154239,8.86,gara_traian,tram,1,synthetic_gps
2026-05-13 08:14:35,45.7546187,21.2155159,7.92,gara_traian,tram,1,synthetic_gps
2026-05-13 08:14:36,45.7546073,21.2153166,12.3,gara_traian,tram,1,synthetic_gps
2026-05-13 08:14:37,45.7546113,21.2154336,20.3,gara_traian,tram,1,synthetic_gps
2026-05-13 08:14:38,45.7546694,21.2154977,12.3,gara_traian,tram,1,synthetic_gps
2026-05-13 08:14:39,45.7546407,21.2154693,20.23,gara_traian,tram,1,synthetic_gps
2026-05-13 08:14:40,45.7545847,21.2154896,12.23,gara_traian,tram,1,synthetic_gps
2026-05-13 08:14:41,45.754568,21.2155568,19.97,gara_traian,tram,1,synthetic_gps
2026-05-13 08:14:42,45.7545795,21.2154861,11.97,gara_traian,tram,1,synthetic_gps
2026-05-13 08:14:43,45.7546186,21.2154874,3.97,gara_traian,tram,1,synthetic_gps
2026-05-13 08:14:44,45.75463,21.2154893,11.97,gara_traian,tram,1,synthetic_gps
2026-05-13 08:14:45,45.7546872,21.2155298,13.54,gara_traian,tram,1,synthetic_gps
2026-05-13 08:14:46,45.7546631,21.2154539,7.44,gara_traian,tram,1,synthetic_gps
2026-05-13 08:14:47,45.754607,21.2155485,15.44,gara_traian,tram,1,synthetic_gps
2026-05-13 08:14:48,45.7545892,21.2155753,23.44,gara_traian,tram,1,synthetic_gps
2026-05-13 08:14:49,45.7545549,21.2156222,17.93,gara_traian,tram,1,synthetic_gps
2026-05-13 08:14:50,45.7545187,21.215559,10.33,gara_traian,tram,1,synthetic_gps
2026-05-13 08:14:51,45.7545451,21.2156046,16.2,gara_traian,tram,1,synthetic_gps
2026-05-13 08:14:52,45.7545785,21.2155983,14.43,gara_traian,tram,1,synthetic_gps
2026-05-13 08:14:53,45.7544817,21.2157049,9.57,gara_traian,tram,1,synthetic_gps
2026-05-13 08:14:54,45.7545509,21.2156985,7.94,gara_traian,tram,1,synthetic_gps
2026-05-13 08:14:55,45.754542,21.2156794,6.39,gara_traian,tram,1,synthetic_gps
2026-05-13 08:14:56,45.7545732,21.2156785,14.39,gara_traian,tram,1,synthetic_gps
2026-05-13 08:14:57,45.754584,21.2156607,22.39,gara_traian,tram,1,synthetic_gps
2026-05-13 08:14:58,45.7545858,21.2157864,21.25,gara_traian,tram,1,synthetic_gps
2026-05-13 08:14:59,45.7545944,21.2158206,29.17,gara_traian,tram,1,synthetic_gps
2026-05-13 08:15:00,45.7545759,21.2157774,21.17,gara_traian,tram,1,synthetic_gps
2026-05-13 08:15:01,45.7545273,21.2157428,13.17,gara_traian,tram,1,synthetic_gps
2026-05-13 08:15:02,45.7545438,21.2158216,16.82,gara_traian,tram,1,synthetic_gps
2026-05-13 08:15:03,45.7546517,21.2157195,15.42,gara_traian,tram,1,synthetic_gps
2026-05-13 08:15:04,45.7544957,21.2157914,23.42,gara_traian,tram,1,synthetic_gps
2026-05-13 08:15:05,45.7545218,21.2157739,16.68,gara_traian,tram,1,synthetic_gps
2026-05-13 08:15:06,45.7546092,21.2157883,20.74,gara_traian,tram,1,synthetic_gps
2026-05-13 08:15:07,45.7544672,21.2157825,16.5,gara_traian,tram,1,synthetic_gps
2026-05-13 08:15:08,45.7545663,21.2158454,24.5,gara_traian,tram,1,synthetic_gps
2026-05-13 08:15:09,45.7545022,21.2158308,16.5,gara_traian,tram,1,synthetic_gps
2026-05-13 08:15:10,45.7545698,21.2158696,14.1,gara_traian,tram,1,synthetic_gps
2026-05-13 08:15:11,45.7545485,21.2158556,14.63,gara_traian,tram,1,synthetic_gps
2026-05-13 08:15:12,45.7544488,21.2158651,22.63,gara_traian,tram,1,synthetic_gps
2026-05-13 08:15:13,45.7545205,21.2159595,14.63,gara_traian,tram,1,synthetic_gps
2026-05-13 08:15:14,45.7545286,21.2159855,6.7,gara_traian,tram,1,synthetic_gps
2026-05-13 08:15:15,45.7545794,21.2159239,14.7,gara_traian,tram,1,synthetic_gps
2026-05-13 08:15:16,45.754513,21.2160258,22.7,gara_traian,tram,1,synthetic_gps
2026-05-13 08:15:17,45.7544911,21.2159865,17.4,gara_traian,tram,1,synthetic_gps
2026-05-13 08:15:18,45.7545272,21.2159576,11.96,gara_traian,tram,1,synthetic_gps
2026-05-13 08:15:19,45.7545278,21.2159925,19.96,gara_traian,tram,1,synthetic_gps
2026-05-13 08:15:20,45.7545196,21.2160443,21.79,gara_traian,tram,1,synthetic_gps
2026-05-13 08:15:21,45.7544253,21.2160132,13.79,gara_traian,tram,1,synthetic_gps
2026-05-13 08:15:22,45.7544819,21.2160275,15.85,gara_traian,tram,1,synthetic_gps
2026-05-13 08:15:23,45.754524,21.2160361,12.85,gara_traian,tram,1,synthetic_gps
2026-05-13 08:15:24,45.7544892,21.2161489,4.85,gara_traian,tram,1,synthetic_gps
2026-05-13 08:15:25,45.7545294,21.2161057,12.85,gara_traian,tram,1,synthetic_gps
2026-05-13 08:15:26,45.7544919,21.2162325,13.84,gara_traian,tram,1,synthetic_gps
2026-05-13 08:15:27,45.7544474,21.2161319,20.02,gara_traian,tram,1,synthetic_gps
2026-05-13 08:15:28,45.7544836,21.2160803,16.93,gara_traian,tram,1,synthetic_gps
2026-05-13 08:15:29,45.7544397,21.216105,8.93,gara_traian,tram,1,synthetic_gps
2026-05-13 08:15:30,45.7544525,21.2161522,16.9,gara_traian,tram,1,synthetic_gps
2026-05-13 08:15:31,45.7544662,21.2161338,13.34,gara_traian,tram,1,synthetic_gps
2026-05-13 08:15:32,45.7544199,21.2160371,16.17,gara_traian,tram,1,synthetic_gps
2026-05-13 08:15:33,45.7544649,21.2161361,24.17,gara_traian,tram,1,synthetic_gps
2026-05-13 08:15:34,45.7544062,21.2161938,20.83,gara_traian,tram,1,synthetic_gps
2026-05-13 08:15:35,45.7543874,21.2161908,19.93,gara_traian,tram,1,synthetic_gps
2026-05-13 08:15:36,45.7544552,21.216227,22.39,gara_traian,tram,1,synthetic_gps
2026-05-13 08:15:37,45.7543994,21.2162472,24.12,gara_traian,tram,1,synthetic_gps
2026-05-13 08:15:38,45.7544099,21.2161526,24.33,gara_traian,tram,1,synthetic_gps
2026-05-13 08:15:39,45.75442,21.2162613,16.33,gara_traian,tram,1,synthetic_gps
2026-05-13 08:15:40,45.75445,21.2162503,24.33,gara_traian,tram,1,synthetic_gps
2026-05-13 08:15:41,45.7544676,21.2162812,19.04,gara_traian,tram,1,synthetic_gps
2026-05-13 08:15:42,45.7544184,21.2162853,18.96,gara_traian,tram,1,synthetic_gps
2026-05-13 08:15:43,45.7544068,21.2162775,22.23,gara_traian,tram,1,synthetic_gps
2026-05-13 08:15:44,45.7544724,21.2163211,14.23,gara_traian,tram,1,synthetic_gps
2026-05-13 08:15:45,45.7545242,21.2163442,20.38,gara_traian,tram,1,synthetic_gps
2026-05-13 08:15:46,45.7544269,21.2163205,13.39,gara_traian,tram,1,synthetic_gps
2026-05-13 08:15:47,45.7544836,21.2162806,21.39,gara_traian,tram,1,synthetic_gps
2026-05-13 08:15:48,45.7543666,21.2163809,13.39,gara_traian,tram,1,synthetic_gps
2026-05-13 08:15:49,45.7544327,21.216367,20.64,gara_traian,tram,1,synthetic_gps
2026-05-13 08:15:50,45.7544069,21.2164127,12.64,gara_traian,tram,1,synthetic_gps
2026-05-13 08:15:51,45.7544611,21.2163477,12.76,gara_traian,tram,1,synthetic_gps
2026-05-13 08:15:52,45.754304,21.216463,15.66,gara_traian,tram,1,synthetic_gps
2026-05-13 08:15:53,45.7543832,21.2163853,7.66,gara_traian,tram,1,synthetic_gps
2026-05-13 08:15:54,45.754444,21.2164032,8.6,gara_traian,tram,1,synthetic_gps
2026-05-13 08:15:55,45.7543864,21.2164483,16.6,gara_traian,tram,1,synthetic_gps
2026-05-13 08:15:56,45.7544259,21.2164489,24.6,gara_traian,tram,1,synthetic_gps
2026-05-13 08:15:57,45.754444,21.2164471,16.6,gara_traian,tram,1,synthetic_gps
2026-05-13 08:15:58,45.7544189,21.2164498,24.6,gara_traian,tram,1,synthetic_gps
2026-05-13 08:15:59,45.7544437,21.2165101,16.6,gara_traian,tram,1,synthetic_gps
2026-05-13 08:16:00,45.7543372,21.2165091,18.11,gara_traian,tram,1,synthetic_gps
2026-05-13 08:16:01,45.7544307,21.2165325,10.11,gara_traian,tram,1,synthetic_gps
2026-05-13 08:16:02,45.7543243,21.2164531,12.25,gara_traian,tram,1,synthetic_gps
2026-05-13 08:16:03,45.7543575,21.2165423,12.19,gara_traian,tram,1,synthetic_gps
2026-05-13 08:16:04,45.754374,21.2165513,15.01,gara_traian,tram,1,synthetic_gps
2026-05-13 08:16:05,45.754378,21.2167526,7.01,gara_traian,tram,1,synthetic_gps
2026-05-13 08:16:06,45.7543896,21.2165976,15.01,gara_traian,tram,1,synthetic_gps
2026-05-13 08:16:07,45.7543205,21.2166087,17.51,gara_traian,tram,1,synthetic_gps
2026-05-13 08:16:08,45.7544016,21.2166076,12.22,gara_traian,tram,1,synthetic_gps
2026-05-13 08:16:09,45.7544195,21.2166776,4.22,gara_traian,tram,1,synthetic_gps
2026-05-13 08:16:10,45.7543393,21.2166359,12.22,gara_traian,tram,1,synthetic_gps
2026-05-13 08:16:11,45.7543163,21.2166032,10.05,gara_traian,tram,1,synthetic_gps
2026-05-13 08:16:12,45.7543618,21.2166581,9.93,gara_traian,tram,1,synthetic_gps
2026-05-13 08:16:13,45.7543894,21.2166592,17.93,gara_traian,tram,1,synthetic_gps
2026-05-13 08:16:14,45.7542776,21.216582,17.65,gara_traian,tram,1,synthetic_gps
2026-05-13 08:16:15,45.7542995,21.2167488,15.73,gara_traian,tram,1,synthetic_gps
2026-05-13 08:16:16,45.7543773,21.2167195,18.97,gara_traian,tram,1,synthetic_gps
2026-05-13 08:16:17,45.7544509,21.216727,26.97,gara_traian,tram,1,synthetic_gps
2026-05-13 08:16:18,45.7544175,21.2167579,24.43,gara_traian,tram,1,synthetic_gps
2026-05-13 08:16:19,45.7543205,21.2167925,16.43,gara_traian,tram,1,synthetic_gps
2026-05-13 08:16:20,45.754386,21.2168274,18.06,gara_traian,tram,1,synthetic_gps
2026-05-13 08:16:21,45.7543587,21.2167334,13.24,gara_traian,tram,1,synthetic_gps
2026-05-13 08:16:22,45.7543881,21.2167699,21.24,gara_traian,tram,1,synthetic_gps
2026-05-13 08:16:23,45.7543741,21.2168622,13.24,gara_traian,tram,1,synthetic_gps
2026-05-13 08:16:24,45.7544137,21.2168264,18.5,gara_traian,tram,1,synthetic_gps
2026-05-13 08:16:25,45.7542754,21.2168758,15.6,gara_traian,tram,1,synthetic_gps
2026-05-13 08:16:26,45.7543296,21.216842,20.02,gara_traian,tram,1,synthetic_gps
2026-05-13 08:16:27,45.7541969,21.216822,16.32,gara_traian,tram,1,synthetic_gps
2026-05-13 08:16:28,45.7542734,21.2169395,23.84,gara_traian,tram,1,synthetic_gps
2026-05-13 08:16:29,45.7543068,21.2168113,21.01,gara_traian,tram,1,synthetic_gps
2026-05-13 08:16:30,45.7543158,21.2168704,13.01,gara_traian,tram,1,synthetic_gps
2026-05-13 08:16:31,45.7543363,21.216899,15.47,gara_traian,tram,1,synthetic_gps
2026-05-13 08:16:32,45.7542912,21.2168786,20.55,gara_traian,tram,1,synthetic_gps
2026-05-13 08:16:33,45.7543112,21.2169438,22.14,gara_traian,tram,1,synthetic_gps
2026-05-13 08:16:34,45.7542691,21.216957,14.14,gara_traian,tram,1,synthetic_gps
2026-05-13 08:16:35,45.7542981,21.2168458,22.14,gara_traian,tram,1,synthetic_gps
2026-05-13 08:16:36,45.7542617,21.2169822,24.27,gara_traian,tram,1,synthetic_gps
2026-05-13 08:16:37,45.7543157,21.2170117,23.05,gara_traian,tram,1,synthetic_gps
2026-05-13 08:16:38,45.7542562,21.2170121,15.05,gara_traian,tram,1,synthetic_gps
2026-05-13 08:16:39,45.7543722,21.2170026,7.05,gara_traian,tram,1,synthetic_gps
2026-05-13 08:16:40,45.7542432,21.2170176,15.05,gara_traian,tram,1,synthetic_gps
2026-05-13 08:16:41,45.7542435,21.216988,17.71,gara_traian,tram,1,synthetic_gps
2026-05-13 08:16:42,45.7542964,21.2170449,18.11,gara_traian,tram,1,synthetic_gps
2026-05-13 08:16:43,45.7542942,21.2171462,19.28,gara_traian,tram,1,synthetic_gps
2026-05-13 08:16:44,45.7543128,21.2170782,14.74,gara_traian,tram,1,synthetic_gps
2026-05-13 08:16:45,45.7542359,21.2170706,10.54,gara_traian,tram,1,synthetic_gps
2026-05-13 08:16:46,45.7542187,21.217102,10.64,gara_traian,tram,1,synthetic_gps
2026-05-13 08:16:47,45.7542592,21.2170808,10.7,gara_traian,tram,1,synthetic_gps
2026-05-13 08:16:48,45.7542572,21.2170651,18.7,gara_traian,tram,1,synthetic_gps
2026-05-13 08:16:49,45.7542314,21.2171485,26.7,gara_traian,tram,1,synthetic_gps
2026-05-13 08:16:50,45.7542202,21.2172692,18.7,gara_traian,tram,1,synthetic_gps
2026-05-13 08:16:51,45.754241,21.2171738,10.7,gara_traian,tram,1,synthetic_gps
2026-05-13 08:16:52,45.7541877,21.2171792,18.7,gara_traian,tram,1,synthetic_gps
2026-05-13 08:16:53,45.754236,21.2171854,19.66,gara_traian,tram,1,synthetic_gps
2026-05-13 08:16:54,45.7542304,21.2171532,27.66,gara_traian,tram,1,synthetic_gps
2026-05-13 08:16:55,45.7542374,21.217204,22.02,gara_traian,tram,1,synthetic_gps
2026-05-13 08:16:56,45.7542535,21.2172174,14.02,gara_traian,tram,1,synthetic_gps
2026-05-13 08:16:57,45.7543113,21.217265,19.27,gara_traian,tram,1,synthetic_gps
2026-05-13 08:16:58,45.7542275,21.2172345,27.16,gara_traian,tram,1,synthetic_gps
2026-05-13 08:16:59,45.7542736,21.2172695,19.16,gara_traian,tram,1,synthetic_gps
2026-05-13 08:17:00,45.7542648,21.2173023,11.16,gara_traian,tram,1,synthetic_gps
2026-05-13 08:17:01,45.7543127,21.2173694,3.16,gara_traian,tram,1,synthetic_gps
2026-05-13 08:17:02,45.7541949,21.2172829,0.34,gara_traian,tram,1,synthetic_gps
2026-05-13 08:17:03,45.7542041,21.2172276,1.22,gara_traian,tram,1,synthetic_gps
2026-05-13 08:17:04,45.7542327,21.2174432,0.32,gara_traian,tram,1,synthetic_gps
2026-05-13 08:17:05,45.7542099,21.2173387,1.11,gara_traian,tram,1,synthetic_gps
2026-05-13 08:17:06,45.7541683,21.2174336,1.72,gara_traian,tram,1,synthetic_gps
2026-05-13 08:17:07,45.7541722,21.2174469,1.27,gara_traian,tram,1,synthetic_gps
2026-05-13 08:17:08,45.7541462,21.2173925,0.84,gara_traian,tram,1,synthetic_gps
2026-05-13 08:17:09,45.7543539,21.2173682,1.13,gara_traian,tram,1,synthetic_gps
2026-05-13 08:17:10,45.7542237,21.2174116,1.58,gara_traian,tram,1,synthetic_gps
2026-05-13 08:17:11,45.7542053,21.217313,0.82,gara_traian,tram,1,synthetic_gps
2026-05-13 08:17:12,45.7542343,21.2174183,1.11,gara_traian,tram,1,synthetic_gps
2026-05-13 08:17:13,45.7542497,21.2174148,0.75,gara_traian,tram,1,synthetic_gps
2026-05-13 08:17:14,45.7541803,21.2174809,2.12,gara_traian,tram,1,synthetic_gps
2026-05-13 08:17:15,45.7542286,21.2175191,1.22,gara_traian,tram,1,synthetic_gps
2026-05-13 08:17:16,45.7541843,21.2174737,0.47,gara_traian,tram,1,synthetic_gps
2026-05-13 08:17:17,45.7542084,21.2174783,1.74,gara_traian,tram,1,synthetic_gps
2026-05-13 08:17:18,45.7541723,21.2175173,7.52,gara_traian,tram,1,synthetic_gps
2026-05-13 08:17:19,45.7541956,21.2174875,4.7,gara_traian,tram,1,synthetic_gps
2026-05-13 08:17:20,45.7541846,21.2175104,11.64,gara_traian,tram,1,synthetic_gps
2026-05-13 08:17:21,45.7542542,21.2176685,14.47,gara_traian,tram,1,synthetic_gps
2026-05-13 08:17:22,45.7541963,21.2175711,6.47,gara_traian,tram,1,synthetic_gps
2026-05-13 08:17:23,45.7541218,21.217506,14.47,gara_traian,tram,1,synthetic_gps
2026-05-13 08:17:24,45.7541924,21.2175934,15.52,gara_traian,tram,1,synthetic_gps
2026-05-13 08:17:25,45.7542468,21.2176241,19.33,gara_traian,tram,1,synthetic_gps
2026-05-13 08:17:26,45.7541489,21.2175511,19.87,gara_traian,tram,1,synthetic_gps
2026-05-13 08:17:27,45.7542293,21.2176249,23.2,gara_traian,tram,1,synthetic_gps
2026-05-13 08:17:28,45.7541598,21.2176026,15.2,gara_traian,tram,1,synthetic_gps
2026-05-13 08:17:29,45.7541179,21.217632,7.2,gara_traian,tram,1,synthetic_gps
2026-05-13 08:17:30,45.7542285,21.2176355,0.0,gara_traian,tram,1,synthetic_gps
2026-05-13 08:17:31,45.7541706,21.2177206,8.0,gara_traian,tram,1,synthetic_gps
2026-05-13 08:17:32,45.7541287,21.2176942,12.97,gara_traian,tram,1,synthetic_gps
2026-05-13 08:17:33,45.7541882,21.2177159,20.97,gara_traian,tram,1,synthetic_gps
2026-05-13 08:17:34,45.7542116,21.2176844,12.97,gara_traian,tram,1,synthetic_gps
2026-05-13 08:17:35,45.7542417,21.2177745,7.26,gara_traian,tram,1,synthetic_gps
2026-05-13 08:17:36,45.7540782,21.2177342,15.26,gara_traian,tram,1,synthetic_gps
2026-05-13 08:17:37,45.7541808,21.2177223,15.91,gara_traian,tram,1,synthetic_gps
2026-05-13 08:17:38,45.7540889,21.2177623,23.91,gara_traian,tram,1,synthetic_gps
2026-05-13 08:17:39,45.7541297,21.2177677,15.91,gara_traian,tram,1,synthetic_gps
2026-05-13 08:17:40,45.7541396,21.2178348,8.01,gara_traian,tram,1,synthetic_gps
2026-05-13 08:17:41,45.7541457,21.2178704,8.26,gara_traian,tram,1,synthetic_gps
2026-05-13 08:17:42,45.7541171,21.2178535,16.26,gara_traian,tram,1,synthetic_gps
2026-05-13 08:17:43,45.7541398,21.2178045,8.26,gara_traian,tram,1,synthetic_gps
2026-05-13 08:17:44,45.7541105,21.2178015,14.56,gara_traian,tram,1,synthetic_gps
2026-05-13 08:17:45,45.7540982,21.2178795,22.56,gara_traian,tram,1,synthetic_gps
2026-05-13 08:17:46,45.7541019,21.2178716,15.05,gara_traian,tram,1,synthetic_gps
2026-05-13 08:17:47,45.7541291,21.2179228,22.52,gara_traian,tram,1,synthetic_gps
2026-05-13 08:17:48,45.753986,21.2179296,14.52,gara_traian,tram,1,synthetic_gps
2026-05-13 08:17:49,45.7541035,21.2179062,6.52,gara_traian,tram,1,synthetic_gps
2026-05-13 08:17:50,45.7541094,21.2179288,14.52,gara_traian,tram,1,synthetic_gps
2026-05-13 08:17:51,45.7541564,21.217885,17.46,gara_traian,tram,1,synthetic_gps
2026-05-13 08:17:52,45.7540747,21.2179104,25.38,gara_traian,tram,1,synthetic_gps
2026-05-13 08:17:53,45.7541378,21.2179764,17.38,gara_traian,tram,1,synthetic_gps
2026-05-13 08:17:54,45.754122,21.2179863,25.23,gara_traian,tram,1,synthetic_gps
2026-05-13 08:17:55,45.7540513,21.2180532,17.23,gara_traian,tram,1,synthetic_gps
2026-05-13 08:17:56,45.7541848,21.2180914,9.23,gara_traian,tram,1,synthetic_gps
2026-05-13 08:17:57,45.7541319,21.2179986,13.62,gara_traian,tram,1,synthetic_gps
2026-05-13 08:17:58,45.754127,21.2180932,14.59,gara_traian,tram,1,synthetic_gps
2026-05-13 08:17:59,45.7541068,21.2180738,19.64,gara_traian,tram,1,synthetic_gps
2026-05-13 08:18:00,45.7540698,21.2180423,11.64,gara_traian,tram,1,synthetic_gps
2026-05-13 08:18:01,45.7540149,21.2180792,19.64,gara_traian,tram,1,synthetic_gps
2026-05-13 08:18:02,45.7540933,21.2180418,12.43,gara_traian,tram,1,synthetic_gps
2026-05-13 08:18:03,45.7539952,21.2181809,20.43,gara_traian,tram,1,synthetic_gps
2026-05-13 08:18:04,45.7540382,21.2181572,20.5,gara_traian,tram,1,synthetic_gps
2026-05-13 08:18:05,45.7540161,21.2181212,13.34,gara_traian,tram,1,synthetic_gps
2026-05-13 08:18:06,45.7541315,21.2181509,10.17,gara_traian,tram,1,synthetic_gps
2026-05-13 08:18:07,45.7540512,21.2181775,18.17,gara_traian,tram,1,synthetic_gps
2026-05-13 08:18:08,45.7540875,21.2182642,26.17,gara_traian,tram,1,synthetic_gps
2026-05-13 08:18:09,45.754067,21.2182414,18.17,gara_traian,tram,1,synthetic_gps
2026-05-13 08:18:10,45.7540679,21.2181415,18.64,gara_traian,tram,1,synthetic_gps
2026-05-13 08:18:11,45.7540865,21.2181624,10.64,gara_traian,tram,1,synthetic_gps
2026-05-13 08:18:12,45.7540783,21.2182498,18.64,gara_traian,tram,1,synthetic_gps
2026-05-13 08:18:13,45.7540347,21.2181765,10.64,gara_traian,tram,1,synthetic_gps
2026-05-13 08:18:14,45.7540896,21.2182728,4.14,gara_traian,tram,1,synthetic_gps
2026-05-13 08:18:15,45.7541266,21.2182406,12.14,gara_traian,tram,1,synthetic_gps
2026-05-13 08:18:16,45.7541145,21.2183111,20.14,gara_traian,tram,1,synthetic_gps
2026-05-13 08:18:17,45.7540383,21.2183414,24.18,gara_traian,tram,1,synthetic_gps
2026-05-13 08:18:18,45.7540004,21.2182899,16.18,gara_traian,tram,1,synthetic_gps
2026-05-13 08:18:19,45.7539111,21.2183256,10.42,gara_traian,tram,1,synthetic_gps
2026-05-13 08:18:20,45.754082,21.2183449,7.9,gara_traian,tram,1,synthetic_gps
2026-05-13 08:18:21,45.7540575,21.2182942,14.93,gara_traian,tram,1,synthetic_gps
2026-05-13 08:18:22,45.7540337,21.2183508,20.95,gara_traian,tram,1,synthetic_gps
2026-05-13 08:18:23,45.7539438,21.2183607,12.95,gara_traian,tram,1,synthetic_gps
2026-05-13 08:18:24,45.7540882,21.2183381,20.95,gara_traian,tram,1,synthetic_gps
2026-05-13 08:18:25,45.7540497,21.2184086,24.7,gara_traian,tram,1,synthetic_gps
2026-05-13 08:18:26,45.7540459,21.2183751,16.7,gara_traian,tram,1,synthetic_gps
2026-05-13 08:18:27,45.7539757,21.2183472,15.27,gara_traian,tram,1,synthetic_gps
2026-05-13 08:18:28,45.7540594,21.2183677,18.33,gara_traian,tram,1,synthetic_gps
2026-05-13 08:18:29,45.7540761,21.2184373,21.06,gara_traian,tram,1,synthetic_gps
2026-05-13 08:18:30,45.7539793,21.2185197,29.06,gara_traian,tram,1,synthetic_gps
2026-05-13 08:18:31,45.7540331,21.2184026,21.06,gara_traian,tram,1,synthetic_gps
2026-05-13 08:18:32,45.7539855,21.2184519,13.06,gara_traian,tram,1,synthetic_gps
2026-05-13 08:18:33,45.754047,21.2184627,5.06,gara_traian,tram,1,synthetic_gps
2026-05-13 08:18:34,45.7539677,21.218488,13.06,gara_traian,tram,1,synthetic_gps
2026-05-13 08:18:35,45.7540666,21.2184484,15.68,gara_traian,tram,1,synthetic_gps
2026-05-13 08:18:36,45.7540239,21.2185201,9.49,gara_traian,tram,1,synthetic_gps
2026-05-13 08:18:37,45.7540277,21.2185109,17.49,gara_traian,tram,1,synthetic_gps
2026-05-13 08:18:38,45.7540082,21.2184959,16.53,gara_traian,tram,1,synthetic_gps
2026-05-13 08:18:39,45.7539692,21.2185922,23.82,gara_traian,tram,1,synthetic_gps
2026-05-13 08:18:40,45.7540055,21.2185668,15.82,gara_traian,tram,1,synthetic_gps
2026-05-13 08:18:41,45.7539632,21.2185778,15.76,gara_traian,tram,1,synthetic_gps
2026-05-13 08:18:42,45.753949,21.2186104,12.0,gara_traian,tram,1,synthetic_gps
2026-05-13 08:18:43,45.7540167,21.2185701,13.63,gara_traian,tram,1,synthetic_gps
2026-05-13 08:18:44,45.7539395,21.2186118,5.63,gara_traian,tram,1,synthetic_gps
2026-05-13 08:18:45,45.7538833,21.2186905,10.93,gara_traian,tram,1,synthetic_gps
2026-05-13 08:18:46,45.7539841,21.2185674,6.13,gara_traian,tram,1,synthetic_gps
2026-05-13 08:18:47,45.7539826,21.2185898,14.13,gara_traian,tram,1,synthetic_gps
2026-05-13 08:18:48,45.7540299,21.2187103,13.99,gara_traian,tram,1,synthetic_gps
2026-05-13 08:18:49,45.753972,21.2186971,20.75,gara_traian,tram,1,synthetic_gps
2026-05-13 08:18:50,45.7540277,21.2187193,13.64,gara_traian,tram,1,synthetic_gps
2026-05-13 08:18:51,45.7539007,21.2186997,5.64,gara_traian,tram,1,synthetic_gps
2026-05-13 08:18:52,45.7538916,21.2187258,8.57,gara_traian,tram,1,synthetic_gps
2026-05-13 08:18:53,45.7539813,21.2187859,1.32,gara_traian,tram,1,synthetic_gps
2026-05-13 08:18:54,45.7539511,21.2187311,9.32,gara_traian,tram,1,synthetic_gps
2026-05-13 08:18:55,45.7539241,21.2188278,9.36,gara_traian,tram,1,synthetic_gps
2026-05-13 08:18:56,45.7538736,21.2187418,17.36,gara_traian,tram,1,synthetic_gps
2026-05-13 08:18:57,45.7539303,21.2188392,24.36,gara_traian,tram,1,synthetic_gps
2026-05-13 08:18:58,45.7539368,21.2188547,20.48,gara_traian,tram,1,synthetic_gps
2026-05-13 08:18:59,45.7539984,21.2187982,18.34,gara_traian,tram,1,synthetic_gps
2026-05-13 08:19:00,45.7538606,21.2188687,10.34,gara_traian,tram,1,synthetic_gps
2026-05-13 08:19:01,45.7539508,21.2187866,6.57,gara_traian,tram,1,synthetic_gps
2026-05-13 08:19:02,45.7540098,21.2188875,14.57,gara_traian,tram,1,synthetic_gps
2026-05-13 08:19:03,45.7539189,21.2188658,6.57,gara_traian,tram,1,synthetic_gps
2026-05-13 08:19:04,45.7539269,21.2188514,9.59,gara_traian,tram,1,synthetic_gps
2026-05-13 08:19:05,45.7538495,21.2188442,17.59,gara_traian,tram,1,synthetic_gps
2026-05-13 08:19:06,45.7539155,21.2189037,18.96,gara_traian,tram,1,synthetic_gps
2026-05-13 08:19:07,45.7539316,21.2189902,10.96,gara_traian,tram,1,synthetic_gps
2026-05-13 08:19:08,45.7539927,21.2189714,11.41,gara_traian,tram,1,synthetic_gps
2026-05-13 08:19:09,45.7539137,21.2189035,19.41,gara_traian,tram,1,synthetic_gps
2026-05-13 08:19:10,45.7539981,21.2189806,20.17,gara_traian,tram,1,synthetic_gps
2026-05-13 08:19:11,45.7538371,21.2189833,24.3,gara_traian,tram,1,synthetic_gps
2026-05-13 08:19:12,45.7538584,21.2189906,21.27,gara_traian,tram,1,synthetic_gps
2026-05-13 08:19:13,45.7539086,21.218968,13.27,gara_traian,tram,1,synthetic_gps
2026-05-13 08:19:14,45.7539204,21.2190379,5.27,gara_traian,tram,1,synthetic_gps
2026-05-13 08:19:15,45.7539509,21.219064,10.56,gara_traian,tram,1,synthetic_gps
2026-05-13 08:19:16,45.7539584,21.2190609,12.63,gara_traian,tram,1,synthetic_gps
2026-05-13 08:19:17,45.7540204,21.2189189,10.29,gara_traian,tram,1,synthetic_gps
2026-05-13 08:19:18,45.753981,21.2190274,14.73,gara_traian,tram,1,synthetic_gps
2026-05-13 08:19:19,45.7539533,21.2190655,19.52,gara_traian,tram,1,synthetic_gps
2026-05-13 08:19:20,45.7538235,21.219135,21.5,gara_traian,tram,1,synthetic_gps
2026-05-13 08:19:21,45.7539026,21.2191251,13.5,gara_traian,tram,1,synthetic_gps
2026-05-13 08:19:22,45.7538913,21.2191738,18.53,gara_traian,tram,1,synthetic_gps
2026-05-13 08:19:23,45.7538799,21.2191618,10.53,gara_traian,tram,1,synthetic_gps
2026-05-13 08:19:24,45.7538589,21.2190794,9.81,gara_traian,tram,1,synthetic_gps
2026-05-13 08:19:25,45.7538996,21.2190975,16.52,gara_traian,tram,1,synthetic_gps
2026-05-13 08:19:26,45.7538841,21.2191951,8.52,gara_traian,tram,1,synthetic_gps
2026-05-13 08:19:27,45.7538641,21.2191822,15.82,gara_traian,tram,1,synthetic_gps
2026-05-13 08:19:28,45.7538231,21.219243,17.81,gara_traian,tram,1,synthetic_gps
2026-05-13 08:19:29,45.7538363,21.2192772,14.04,gara_traian,tram,1,synthetic_gps
2026-05-13 08:19:30,45.7538257,21.2192303,14.32,gara_traian,tram,1,synthetic_gps
2026-05-13 08:19:31,45.7538629,21.2192296,15.91,gara_traian,tram,1,synthetic_gps
2026-05-13 08:19:32,45.7538708,21.2192959,16.32,gara_traian,tram,1,synthetic_gps
2026-05-13 08:19:33,45.7538342,21.2192859,16.82,gara_traian,tram,1,synthetic_gps
2026-05-13 08:19:34,45.7539096,21.2192275,21.41,gara_traian,tram,1,synthetic_gps
2026-05-13 08:19:35,45.7538399,21.2192858,29.41,gara_traian,tram,1,synthetic_gps
2026-05-13 08:19:36,45.7538199,21.2192656,21.41,gara_traian,tram,1,synthetic_gps
2026-05-13 08:19:37,45.7538178,21.2192961,14.12,gara_traian,tram,1,synthetic_gps
2026-05-13 08:19:38,45.7537443,21.2193292,22.12,gara_traian,tram,1,synthetic_gps
2026-05-13 08:19:39,45.7538076,21.219337,19.48,gara_traian,tram,1,synthetic_gps
2026-05-13 08:19:40,45.7538779,21.2193563,11.48,gara_traian,tram,1,synthetic_gps
2026-05-13 08:19:41,45.7537804,21.219395,9.86,gara_traian,tram,1,synthetic_gps
2026-05-13 08:19:42,45.7538274,21.2193316,8.82,gara_traian,tram,1,synthetic_gps
2026-05-13 08:19:43,45.7537931,21.21935,16.82,gara_traian,tram,1,synthetic_gps
2026-05-13 08:19:44,45.7538525,21.2193234,18.45,gara_traian,tram,1,synthetic_gps
2026-05-13 08:19:45,45.7537492,21.2194444,24.3,gara_traian,tram,1,synthetic_gps
2026-05-13 08:19:46,45.7538216,21.2194123,16.3,gara_traian,tram,1,synthetic_gps
2026-05-13 08:19:47,45.7538287,21.2195354,24.3,gara_traian,tram,1,synthetic_gps
2026-05-13 08:19:48,45.7537851,21.2194655,16.3,gara_traian,tram,1,synthetic_gps
2026-05-13 08:19:49,45.7537686,21.2194211,12.49,gara_traian,tram,1,synthetic_gps
2026-05-13 08:19:50,45.7538224,21.2194395,19.9,gara_traian,tram,1,synthetic_gps
2026-05-13 08:19:51,45.7539487,21.2195633,11.9,gara_traian,tram,1,synthetic_gps
2026-05-13 08:19:52,45.7537933,21.2194871,8.64,gara_traian,tram,1,synthetic_gps
2026-05-13 08:19:53,45.7537814,21.219548,11.89,gara_traian,tram,1,synthetic_gps
2026-05-13 08:19:54,45.7537839,21.2195524,19.89,gara_traian,tram,1,synthetic_gps
2026-05-13 08:19:55,45.7537536,21.2194936,11.89,gara_traian,tram,1,synthetic_gps
2026-05-13 08:19:56,45.7537944,21.2196113,16.92,gara_traian,tram,1,synthetic_gps
2026-05-13 08:19:57,45.7536909,21.2195804,13.18,gara_traian,tram,1,synthetic_gps
2026-05-13 08:19:58,45.753745,21.2195047,13.32,gara_traian,tram,1,synthetic_gps
2026-05-13 08:19:59,45.7536775,21.2196652,8.15,gara_traian,tram,1,synthetic_gps
2026-05-13 08:20:00,45.7537718,21.2196228,0.28,gara_traian,tram,1,synthetic_gps
2026-05-13 08:20:01,45.7538425,21.2195623,1.86,gara_traian,tram,1,synthetic_gps
2026-05-13 08:20:02,45.7537494,21.2196907,1.52,gara_traian,tram,1,synthetic_gps
2026-05-13 08:20:03,45.7537386,21.2196405,1.75,gara_traian,tram,1,synthetic_gps
2026-05-13 08:20:04,45.7536852,21.219667,1.27,gara_traian,tram,1,synthetic_gps
2026-05-13 08:20:05,45.7537349,21.2195753,0.4,gara_traian,tram,1,synthetic_gps
2026-05-13 08:20:06,45.7537679,21.2198143,0.94,gara_traian,tram,1,synthetic_gps
2026-05-13 08:20:07,45.7537563,21.2197062,1.9,gara_traian,tram,1,synthetic_gps
2026-05-13 08:20:08,45.7538062,21.2197401,0.3,gara_traian,tram,1,synthetic_gps
2026-05-13 08:20:09,45.7537696,21.2196993,0.87,gara_traian,tram,1,synthetic_gps
2026-05-13 08:20:10,45.7536881,21.2197086,1.62,gara_traian,tram,1,synthetic_gps
2026-05-13 08:20:11,45.7537529,21.2197549,1.1,gara_traian,tram,1,synthetic_gps
2026-05-13 08:20:12,45.7538336,21.2197432,0.94,gara_traian,tram,1,synthetic_gps
2026-05-13 08:20:13,45.7537947,21.2197584,0.59,gara_traian,tram,1,synthetic_gps
2026-05-13 08:20:14,45.7537556,21.2197849,1.26,gara_traian,tram,1,synthetic_gps
2026-05-13 08:20:15,45.7537685,21.2198175,0.97,gara_traian,tram,1,synthetic_gps
2026-05-13 08:20:16,45.7537384,21.2198012,0.55,gara_traian,tram,1,synthetic_gps
2026-05-13 08:20:17,45.7536517,21.2198277,1.94,gara_traian,tram,1,synthetic_gps
2026-05-13 08:20:18,45.7537905,21.2198953,9.94,gara_traian,tram,1,synthetic_gps
2026-05-13 08:20:19,45.7537044,21.2199096,5.2,gara_traian,tram,1,synthetic_gps
2026-05-13 08:20:20,45.7537229,21.2198805,12.92,gara_traian,tram,1,synthetic_gps
2026-05-13 08:20:21,45.7537285,21.219903,16.37,gara_traian,tram,1,synthetic_gps
2026-05-13 08:20:22,45.7537057,21.2198993,18.39,gara_traian,tram,1,synthetic_gps
2026-05-13 08:20:23,45.75371,21.2199387,26.39,gara_traian,tram,1,synthetic_gps
2026-05-13 08:20:24,45.7536918,21.2199114,25.15,gara_traian,tram,1,synthetic_gps
2026-05-13 08:20:25,45.7537094,21.219908,19.62,gara_traian,tram,1,synthetic_gps
2026-05-13 08:20:26,45.7536649,21.2199088,20.25,gara_traian,tram,1,synthetic_gps
2026-05-13 08:20:27,45.7537207,21.2199359,12.25,gara_traian,tram,1,synthetic_gps
2026-05-13 08:20:28,45.7536467,21.2199412,17.48,gara_traian,tram,1,synthetic_gps
2026-05-13 08:20:29,45.7536961,21.2198895,18.61,gara_traian,tram,1,synthetic_gps
2026-05-13 08:20:30,45.7536425,21.2199503,10.61,gara_traian,tram,1,synthetic_gps
2026-05-13 08:20:31,45.7536625,21.2199514,18.15,gara_traian,tram,1,synthetic_gps
2026-05-13 08:20:32,45.7536906,21.2200078,10.15,gara_traian,tram,1,synthetic_gps
2026-05-13 08:20:33,45.7537178,21.2200772,5.0,gara_traian,tram,1,synthetic_gps
2026-05-13 08:20:34,45.7537257,21.2200304,0.0,gara_traian,tram,1,synthetic_gps
2026-05-13 08:20:35,45.7536116,21.2200305,8.0,gara_traian,tram,1,synthetic_gps
2026-05-13 08:20:36,45.7536522,21.2200426,14.79,gara_traian,tram,1,synthetic_gps
2026-05-13 08:20:37,45.7536374,21.2200256,10.85,gara_traian,tram,1,synthetic_gps
2026-05-13 08:20:38,45.7537791,21.2201392,7.36,gara_traian,tram,1,synthetic_gps
2026-05-13 08:20:39,45.7536381,21.2200723,15.36,gara_traian,tram,1,synthetic_gps
2026-05-13 08:20:40,45.7537581,21.2201835,20.71,gara_traian,tram,1,synthetic_gps
2026-05-13 08:20:41,45.7536674,21.2201564,12.71,gara_traian,tram,1,synthetic_gps
2026-05-13 08:20:42,45.7536202,21.2201143,19.28,gara_traian,tram,1,synthetic_gps
2026-05-13 08:20:43,45.7536288,21.2200941,12.74,gara_traian,tram,1,synthetic_gps
2026-05-13 08:20:44,45.7537949,21.2202235,15.55,gara_traian,tram,1,synthetic_gps
2026-05-13 08:20:45,45.7536622,21.2202206,7.55,gara_traian,tram,1,synthetic_gps
2026-05-13 08:20:46,45.7537332,21.2202202,15.55,gara_traian,tram,1,synthetic_gps
2026-05-13 08:20:47,45.7535945,21.220229,15.22,gara_traian,tram,1,synthetic_gps
2026-05-13 08:20:48,45.7536536,21.220235,20.82,gara_traian,tram,1,synthetic_gps
2026-05-13 08:20:49,45.7536636,21.2202016,15.61,gara_traian,tram,1,synthetic_gps
2026-05-13 08:20:50,45.7536538,21.220243,13.58,gara_traian,tram,1,synthetic_gps
2026-05-13 08:20:51,45.7536624,21.2202129,15.53,gara_traian,tram,1,synthetic_gps
2026-05-13 08:20:52,45.7536565,21.2202764,7.53,gara_traian,tram,1,synthetic_gps
2026-05-13 08:20:53,45.7536842,21.2202389,13.89,gara_traian,tram,1,synthetic_gps
2026-05-13 08:20:54,45.7536621,21.2202685,16.49,gara_traian,tram,1,synthetic_gps
2026-05-13 08:20:55,45.753614,21.2203268,12.28,gara_traian,tram,1,synthetic_gps
2026-05-13 08:20:56,45.7536481,21.2203891,4.28,gara_traian,tram,1,synthetic_gps
2026-05-13 08:20:57,45.7536774,21.2204142,12.28,gara_traian,tram,1,synthetic_gps
2026-05-13 08:20:58,45.7536251,21.2204158,13.63,gara_traian,tram,1,synthetic_gps
2026-05-13 08:20:59,45.7536249,21.220383,15.67,gara_traian,tram,1,synthetic_gps
2026-05-13 08:21:00,45.7536225,21.2203711,16.61,gara_traian,tram,1,synthetic_gps
2026-05-13 08:21:01,45.7536239,21.2203063,16.62,gara_traian,tram,1,synthetic_gps
2026-05-13 08:21:02,45.7535861,21.2204705,24.62,gara_traian,tram,1,synthetic_gps
2026-05-13 08:21:03,45.7536277,21.2204211,16.62,gara_traian,tram,1,synthetic_gps
2026-05-13 08:21:04,45.7536978,21.2204982,24.62,gara_traian,tram,1,synthetic_gps
2026-05-13 08:21:05,45.7535592,21.2204371,16.62,gara_traian,tram,1,synthetic_gps
2026-05-13 08:21:06,45.7535481,21.2205185,24.36,gara_traian,tram,1,synthetic_gps
2026-05-13 08:21:07,45.7535992,21.2204665,16.36,gara_traian,tram,1,synthetic_gps
2026-05-13 08:21:08,45.7535897,21.2205118,14.7,gara_traian,tram,1,synthetic_gps
2026-05-13 08:21:09,45.7535756,21.2205114,22.7,gara_traian,tram,1,synthetic_gps
2026-05-13 08:21:10,45.7535497,21.2204277,14.7,gara_traian,tram,1,synthetic_gps
2026-05-13 08:21:11,45.7536187,21.2205728,17.34,gara_traian,tram,1,synthetic_gps
2026-05-13 08:21:12,45.753602,21.2205426,17.1,gara_traian,tram,1,synthetic_gps
2026-05-13 08:21:13,45.7535567,21.2205988,25.1,gara_traian,tram,1,synthetic_gps
2026-05-13 08:21:14,45.7535884,21.220646,17.1,gara_traian,tram,1,synthetic_gps
2026-05-13 08:21:15,45.7535633,21.2206118,9.1,gara_traian,tram,1,synthetic_gps
2026-05-13 08:21:16,45.7535485,21.220656,14.56,gara_traian,tram,1,synthetic_gps
2026-05-13 08:21:17,45.7536268,21.2206007,8.45,gara_traian,tram,1,synthetic_gps
2026-05-13 08:21:18,45.7536128,21.2206566,15.97,gara_traian,tram,1,synthetic_gps
2026-05-13 08:21:19,45.7535587,21.2206661,17.08,gara_traian,tram,1,synthetic_gps
2026-05-13 08:21:20,45.7535464,21.2206205,17.6,gara_traian,tram,1,synthetic_gps
2026-05-13 08:21:21,45.7536343,21.2206249,21.26,gara_traian,tram,1,synthetic_gps
2026-05-13 08:21:22,45.7535005,21.2206974,13.26,gara_traian,tram,1,synthetic_gps
2026-05-13 08:21:23,45.7534629,21.2206986,21.26,gara_traian,tram,1,synthetic_gps
2026-05-13 08:21:24,45.7535026,21.2206861,13.26,gara_traian,tram,1,synthetic_gps
2026-05-13 08:21:25,45.7535905,21.2206997,17.35,gara_traian,tram,1,synthetic_gps
2026-05-13 08:21:26,45.7535703,21.2208144,18.75,gara_traian,tram,1,synthetic_gps
2026-05-13 08:21:27,45.7534918,21.2207301,10.75,gara_traian,tram,1,synthetic_gps
2026-05-13 08:21:28,45.7535358,21.2207284,15.13,gara_traian,tram,1,synthetic_gps
2026-05-13 08:21:29,45.7535165,21.2207609,17.31,gara_traian,tram,1,synthetic_gps
2026-05-13 08:21:30,45.7535624,21.2207249,14.79,gara_traian,tram,1,synthetic_gps
2026-05-13 08:21:31,45.753536,21.2208178,21.18,gara_traian,tram,1,synthetic_gps
2026-05-13 08:21:32,45.7535121,21.2208341,15.75,gara_traian,tram,1,synthetic_gps
2026-05-13 08:21:33,45.7535462,21.2207825,7.75,gara_traian,tram,1,synthetic_gps
2026-05-13 08:21:34,45.7535948,21.2207623,15.62,gara_traian,tram,1,synthetic_gps
2026-05-13 08:21:35,45.7534808,21.2206994,10.37,gara_traian,tram,1,synthetic_gps
2026-05-13 08:21:36,45.7535808,21.220897,18.37,gara_traian,tram,1,synthetic_gps
2026-05-13 08:21:37,45.753535,21.2208611,23.93,gara_traian,tram,1,synthetic_gps
2026-05-13 08:21:38,45.7535221,21.2208937,17.9,gara_traian,tram,1,synthetic_gps
2026-05-13 08:21:39,45.753616,21.2208078,15.4,gara_traian,tram,1,synthetic_gps
2026-05-13 08:21:40,45.7535207,21.2209352,16.95,gara_traian,tram,1,synthetic_gps
2026-05-13 08:21:41,45.753466,21.2208539,21.03,gara_traian,tram,1,synthetic_gps
2026-05-13 08:21:42,45.7534688,21.2209246,20.28,gara_traian,tram,1,synthetic_gps
2026-05-13 08:21:43,45.7534865,21.2208963,21.36,gara_traian,tram,1,synthetic_gps
2026-05-13 08:21:44,45.7535784,21.2209182,13.36,gara_traian,tram,1,synthetic_gps
2026-05-13 08:21:45,45.7534902,21.2209297,21.36,gara_traian,tram,1,synthetic_gps
2026-05-13 08:21:46,45.7535189,21.2209975,23.83,gara_traian,tram,1,synthetic_gps
2026-05-13 08:21:47,45.7535477,21.2209087,19.7,gara_traian,tram,1,synthetic_gps
2026-05-13 08:21:48,45.7534588,21.2210486,23.2,gara_traian,tram,1,synthetic_gps
2026-05-13 08:21:49,45.7534398,21.221132,15.2,gara_traian,tram,1,synthetic_gps
2026-05-13 08:21:50,45.7535545,21.221102,16.66,gara_traian,tram,1,synthetic_gps
2026-05-13 08:21:51,45.7534467,21.2210702,24.66,gara_traian,tram,1,synthetic_gps
2026-05-13 08:21:52,45.7534747,21.2209815,17.54,gara_traian,tram,1,synthetic_gps
2026-05-13 08:21:53,45.7535782,21.2210784,20.75,gara_traian,tram,1,synthetic_gps
2026-05-13 08:21:54,45.7534906,21.2210483,22.18,gara_traian,tram,1,synthetic_gps
2026-05-13 08:21:55,45.7534634,21.2210938,15.93,gara_traian,tram,1,synthetic_gps
2026-05-13 08:21:56,45.7535072,21.2210125,19.79,gara_traian,tram,1,synthetic_gps
2026-05-13 08:21:57,45.7535408,21.221183,21.72,gara_traian,tram,1,synthetic_gps
2026-05-13 08:21:58,45.7535694,21.2211977,13.72,gara_traian,tram,1,synthetic_gps
2026-05-13 08:21:59,45.7534968,21.2212156,11.5,gara_traian,tram,1,synthetic_gps
2026-05-13 08:22:00,45.7534821,21.2211726,4.61,gara_traian,tram,1,synthetic_gps
2026-05-13 08:22:01,45.7534839,21.2211459,12.61,gara_traian,tram,1,synthetic_gps
2026-05-13 08:22:02,45.7535553,21.2211947,20.61,gara_traian,tram,1,synthetic_gps
2026-05-13 08:22:03,45.7535195,21.2212129,20.95,gara_traian,tram,1,synthetic_gps
2026-05-13 08:22:04,45.7535564,21.2211822,13.71,gara_traian,tram,1,synthetic_gps
2026-05-13 08:22:05,45.7535526,21.2212831,13.62,gara_traian,tram,1,synthetic_gps
2026-05-13 08:22:06,45.7535374,21.2212898,13.47,gara_traian,tram,1,synthetic_gps
2026-05-13 08:22:07,45.7535585,21.2212395,15.59,gara_traian,tram,1,synthetic_gps
2026-05-13 08:22:08,45.7535857,21.2213334,22.17,gara_traian,tram,1,synthetic_gps
2026-05-13 08:22:09,45.7535211,21.2212616,14.65,gara_traian,tram,1,synthetic_gps
2026-05-13 08:22:10,45.7535067,21.2213938,19.4,gara_traian,tram,1,synthetic_gps
2026-05-13 08:22:11,45.7535745,21.221352,16.52,gara_traian,tram,1,synthetic_gps
2026-05-13 08:22:12,45.7536026,21.2214169,15.99,gara_traian,tram,1,synthetic_gps
2026-05-13 08:22:13,45.75362,21.2212966,14.99,gara_traian,tram,1,synthetic_gps
2026-05-13 08:22:14,45.7535861,21.2213951,7.01,gara_traian,tram,1,synthetic_gps
2026-05-13 08:22:15,45.753509,21.2213762,10.26,gara_traian,tram,1,synthetic_gps
2026-05-13 08:22:16,45.7535608,21.2213704,14.62,gara_traian,tram,1,synthetic_gps
2026-05-13 08:22:17,45.7534697,21.2213799,9.11,gara_traian,tram,1,synthetic_gps
2026-05-13 08:22:18,45.7535606,21.2214238,17.11,gara_traian,tram,1,synthetic_gps
2026-05-13 08:22:19,45.7536317,21.2215121,13.23,gara_traian,tram,1,synthetic_gps
2026-05-13 08:22:20,45.753584,21.2214312,5.23,gara_traian,tram,1,synthetic_gps
2026-05-13 08:22:21,45.7535944,21.2214192,8.93,gara_traian,tram,1,synthetic_gps
2026-05-13 08:22:22,45.7535507,21.2214962,13.88,gara_traian,tram,1,synthetic_gps
2026-05-13 08:22:23,45.7536159,21.2215707,14.38,gara_traian,tram,1,synthetic_gps
2026-05-13 08:22:24,45.7536154,21.221532,10.28,gara_traian,tram,1,synthetic_gps
2026-05-13 08:22:25,45.7535802,21.2215354,18.28,gara_traian,tram,1,synthetic_gps
2026-05-13 08:22:26,45.7537008,21.2215088,19.42,gara_traian,tram,1,synthetic_gps
2026-05-13 08:22:27,45.7536108,21.2215067,13.54,gara_traian,tram,1,synthetic_gps
2026-05-13 08:22:28,45.7536388,21.2215308,21.54,gara_traian,tram,1,synthetic_gps
2026-05-13 08:22:29,45.7536062,21.2215548,23.66,gara_traian,tram,1,synthetic_gps
2026-05-13 08:22:30,45.7536388,21.2215338,18.6,gara_traian,tram,1,synthetic_gps
2026-05-13 08:22:31,45.7536699,21.2216072,26.6,gara_traian,tram,1,synthetic_gps
2026-05-13 08:22:32,45.7535781,21.2216511,18.6,gara_traian,tram,1,synthetic_gps
2026-05-13 08:22:33,45.7536409,21.2216614,10.6,gara_traian,tram,1,synthetic_gps
2026-05-13 08:22:34,45.7536314,21.2216501,18.6,gara_traian,tram,1,synthetic_gps
2026-05-13 08:22:35,45.7535679,21.2216364,25.16,gara_traian,tram,1,synthetic_gps
2026-05-13 08:22:36,45.7537242,21.2216545,17.16,gara_traian,tram,1,synthetic_gps
2026-05-13 08:22:37,45.7536672,21.2216833,24.9,gara_traian,tram,1,synthetic_gps
2026-05-13 08:22:38,45.7536158,21.2216423,16.9,gara_traian,tram,1,synthetic_gps
2026-05-13 08:22:39,45.7536085,21.2216007,8.9,gara_traian,tram,1,synthetic_gps
2026-05-13 08:22:40,45.7536278,21.2217026,6.18,gara_traian,tram,1,synthetic_gps
2026-05-13 08:22:41,45.7537677,21.2217235,8.72,gara_traian,tram,1,synthetic_gps
2026-05-13 08:22:42,45.7536787,21.2216807,10.38,gara_traian,tram,1,synthetic_gps
2026-05-13 08:22:43,45.7536671,21.2217914,15.5,gara_traian,tram,1,synthetic_gps
2026-05-13 08:22:44,45.7536134,21.221731,7.91,gara_traian,tram,1,synthetic_gps
2026-05-13 08:22:45,45.753605,21.2217434,11.98,gara_traian,tram,1,synthetic_gps
2026-05-13 08:22:46,45.7536311,21.2218042,19.98,gara_traian,tram,1,synthetic_gps
2026-05-13 08:22:47,45.7536526,21.221876,21.62,gara_traian,tram,1,synthetic_gps
2026-05-13 08:22:48,45.753648,21.221861,20.03,gara_traian,tram,1,synthetic_gps
2026-05-13 08:22:49,45.7536605,21.2218438,14.3,gara_traian,tram,1,synthetic_gps
2026-05-13 08:22:50,45.7536207,21.2218613,13.39,gara_traian,tram,1,synthetic_gps
2026-05-13 08:22:51,45.7535315,21.2219186,15.21,gara_traian,tram,1,synthetic_gps
2026-05-13 08:22:52,45.7536675,21.2218949,14.91,gara_traian,tram,1,synthetic_gps
2026-05-13 08:22:53,45.7536772,21.2218656,16.91,gara_traian,tram,1,synthetic_gps
2026-05-13 08:22:54,45.7535846,21.2219286,23.92,gara_traian,tram,1,synthetic_gps
2026-05-13 08:22:55,45.7537772,21.2219599,15.92,gara_traian,tram,1,synthetic_gps
2026-05-13 08:22:56,45.7536198,21.2219743,23.92,gara_traian,tram,1,synthetic_gps
2026-05-13 08:22:57,45.7536668,21.2219914,15.92,gara_traian,tram,1,synthetic_gps
2026-05-13 08:22:58,45.7537701,21.2219497,23.92,gara_traian,tram,1,synthetic_gps
2026-05-13 08:22:59,45.7537115,21.2219974,15.92,gara_traian,tram,1,synthetic_gps
2026-05-13 08:23:00,45.7536504,21.2219842,7.92,gara_traian,tram,1,synthetic_gps
2026-05-13 08:23:01,45.7537441,21.2219531,1.56,gara_traian,tram,1,synthetic_gps
2026-05-13 08:23:02,45.7536259,21.2220509,1.14,gara_traian,tram,1,synthetic_gps
2026-05-13 08:23:03,45.7536914,21.2220287,3.29,gara_traian,tram,1,synthetic_gps
2026-05-13 08:23:04,45.753686,21.2219913,0.5,gara_traian,tram,1,synthetic_gps
2026-05-13 08:23:05,45.7536452,21.2220437,0.9,gara_traian,tram,1,synthetic_gps
2026-05-13 08:23:06,45.7537187,21.2220499,1.51,gara_traian,tram,1,synthetic_gps
2026-05-13 08:23:07,45.7536559,21.2221114,0.32,gara_traian,tram,1,synthetic_gps
2026-05-13 08:23:08,45.753716,21.2220963,0.66,gara_traian,tram,1,synthetic_gps
2026-05-13 08:23:09,45.7536821,21.2221659,1.61,gara_traian,tram,1,synthetic_gps
2026-05-13 08:23:10,45.7536127,21.2221296,1.14,gara_traian,tram,1,synthetic_gps
2026-05-13 08:23:11,45.7537465,21.2221055,2.74,gara_traian,tram,1,synthetic_gps
2026-05-13 08:23:12,45.7536137,21.222214,1.14,gara_traian,tram,1,synthetic_gps
2026-05-13 08:23:13,45.7537312,21.2222146,1.15,gara_traian,tram,1,synthetic_gps
2026-05-13 08:23:14,45.7536969,21.2221117,1.75,gara_traian,tram,1,synthetic_gps
2026-05-13 08:23:15,45.75367,21.2221231,0.2,gara_traian,tram,1,synthetic_gps
2026-05-13 08:23:16,45.7536626,21.2222889,0.99,gara_traian,tram,1,synthetic_gps
2026-05-13 08:23:17,45.7537205,21.2222031,0.67,gara_traian,tram,1,synthetic_gps
2026-05-13 08:23:18,45.7537242,21.2222426,8.67,gara_traian,tram,1,synthetic_gps
2026-05-13 08:23:19,45.7537525,21.2222215,10.15,gara_traian,tram,1,synthetic_gps
2026-05-13 08:23:20,45.7537569,21.2222624,17.32,gara_traian,tram,1,synthetic_gps
2026-05-13 08:23:21,45.7537495,21.2223135,24.2,gara_traian,tram,1,synthetic_gps
2026-05-13 08:23:22,45.7537399,21.2223287,18.41,gara_traian,tram,1,synthetic_gps
2026-05-13 08:23:23,45.7537288,21.2223498,11.97,gara_traian,tram,1,synthetic_gps
2026-05-13 08:23:24,45.7537447,21.2222968,14.85,gara_traian,tram,1,synthetic_gps
2026-05-13 08:23:25,45.7537358,21.2223141,14.43,gara_traian,tram,1,synthetic_gps
2026-05-13 08:23:26,45.753678,21.222365,19.63,gara_traian,tram,1,synthetic_gps
2026-05-13 08:23:27,45.753726,21.2223349,18.57,gara_traian,tram,1,synthetic_gps
2026-05-13 08:23:28,45.7537476,21.2224377,14.37,gara_traian,tram,1,synthetic_gps
2026-05-13 08:23:29,45.7537315,21.2224037,17.61,gara_traian,tram,1,synthetic_gps
2026-05-13 08:23:30,45.7537405,21.2223777,9.61,gara_traian,tram,1,synthetic_gps
2026-05-13 08:23:31,45.7537849,21.2224416,1.61,gara_traian,tram,1,synthetic_gps
2026-05-13 08:23:32,45.753769,21.2224631,9.61,gara_traian,tram,1,synthetic_gps
2026-05-13 08:23:33,45.7537525,21.2225043,17.61,gara_traian,tram,1,synthetic_gps
2026-05-13 08:23:34,45.7537448,21.2224772,12.27,gara_traian,tram,1,synthetic_gps
2026-05-13 08:23:35,45.7537584,21.222524,10.43,gara_traian,tram,1,synthetic_gps
2026-05-13 08:23:36,45.7537593,21.2225149,18.43,gara_traian,tram,1,synthetic_gps
2026-05-13 08:23:37,45.7537942,21.2225537,10.43,gara_traian,tram,1,synthetic_gps
2026-05-13 08:23:38,45.7538015,21.2224569,18.43,gara_traian,tram,1,synthetic_gps
2026-05-13 08:23:39,45.7538118,21.2225648,11.78,gara_traian,tram,1,synthetic_gps
2026-05-13 08:23:40,45.7537786,21.2226168,3.78,gara_traian,tram,1,synthetic_gps
2026-05-13 08:23:41,45.7537585,21.2224918,11.78,gara_traian,tram,1,synthetic_gps
2026-05-13 08:23:42,45.7538015,21.2225411,14.16,gara_traian,tram,1,synthetic_gps
2026-05-13 08:23:43,45.7538678,21.2225722,22.16,gara_traian,tram,1,synthetic_gps
2026-05-13 08:23:44,45.7537862,21.2226248,14.16,gara_traian,tram,1,synthetic_gps
2026-05-13 08:23:45,45.753859,21.2225609,6.71,gara_traian,tram,1,synthetic_gps
2026-05-13 08:23:46,45.7537787,21.222584,9.32,gara_traian,tram,1,synthetic_gps
2026-05-13 08:23:47,45.7538385,21.2226276,15.44,gara_traian,tram,1,synthetic_gps
2026-05-13 08:23:48,45.7538176,21.2226522,13.93,gara_traian,tram,1,synthetic_gps
2026-05-13 08:23:49,45.7537351,21.2226423,9.99,gara_traian,tram,1,synthetic_gps
2026-05-13 08:23:50,45.7537729,21.2226688,17.99,gara_traian,tram,1,synthetic_gps
2026-05-13 08:23:51,45.7537694,21.2226942,9.99,gara_traian,tram,1,synthetic_gps
2026-05-13 08:23:52,45.7538661,21.2227093,17.81,gara_traian,tram,1,synthetic_gps
2026-05-13 08:23:53,45.753718,21.2227078,16.16,gara_traian,tram,1,synthetic_gps
2026-05-13 08:23:54,45.7538294,21.2227558,18.0,gara_traian,tram,1,synthetic_gps
2026-05-13 08:23:55,45.7538981,21.2228116,24.82,gara_traian,tram,1,synthetic_gps
2026-05-13 08:23:56,45.7537532,21.222779,19.68,gara_traian,tram,1,synthetic_gps
2026-05-13 08:23:57,45.7537067,21.2228233,11.68,gara_traian,tram,1,synthetic_gps
2026-05-13 08:23:58,45.7538328,21.2228245,16.63,gara_traian,tram,1,synthetic_gps
2026-05-13 08:23:59,45.753949,21.2227611,9.45,gara_traian,tram,1,synthetic_gps
2026-05-13 08:24:00,45.7538847,21.2227931,17.45,gara_traian,tram,1,synthetic_gps
2026-05-13 08:24:01,45.7538204,21.2228495,9.45,gara_traian,tram,1,synthetic_gps
2026-05-13 08:24:02,45.7538291,21.2228405,7.94,gara_traian,tram,1,synthetic_gps
2026-05-13 08:24:03,45.7538551,21.2228997,15.94,gara_traian,tram,1,synthetic_gps
2026-05-13 08:24:04,45.7538853,21.2228781,14.52,gara_traian,tram,1,synthetic_gps
2026-05-13 08:24:05,45.7539305,21.2229271,10.41,gara_traian,tram,1,synthetic_gps
2026-05-13 08:24:06,45.753767,21.2229537,5.53,gara_traian,tram,1,synthetic_gps
2026-05-13 08:24:07,45.7539401,21.222918,3.95,gara_traian,tram,1,synthetic_gps
2026-05-13 08:24:08,45.7537693,21.2229262,11.95,gara_traian,tram,1,synthetic_gps
2026-05-13 08:24:09,45.7538165,21.222926,7.91,gara_traian,tram,1,synthetic_gps
2026-05-13 08:24:10,45.7539273,21.2229573,7.48,gara_traian,tram,1,synthetic_gps
2026-05-13 08:24:11,45.7538285,21.2230105,15.48,gara_traian,tram,1,synthetic_gps
2026-05-13 08:24:12,45.7538864,21.2230274,12.67,gara_traian,tram,1,synthetic_gps
2026-05-13 08:24:13,45.7538237,21.2230456,20.67,gara_traian,tram,1,synthetic_gps
2026-05-13 08:24:14,45.7538639,21.2229979,28.67,gara_traian,tram,1,synthetic_gps
2026-05-13 08:24:15,45.7538385,21.2230002,20.67,gara_traian,tram,1,synthetic_gps
2026-05-13 08:24:16,45.7537844,21.2230731,20.6,gara_traian,tram,1,synthetic_gps
2026-05-13 08:24:17,45.7538544,21.2230709,24.4,gara_traian,tram,1,synthetic_gps
2026-05-13 08:24:18,45.7538944,21.2231007,16.4,gara_traian,tram,1,synthetic_gps
2026-05-13 08:24:19,45.7538455,21.223073,11.07,gara_traian,tram,1,synthetic_gps
2026-05-13 08:24:20,45.7539199,21.2230543,11.49,gara_traian,tram,1,synthetic_gps
2026-05-13 08:24:21,45.7538626,21.2232243,14.7,gara_traian,tram,1,synthetic_gps
2026-05-13 08:24:22,45.7539302,21.2230759,14.28,gara_traian,tram,1,synthetic_gps
2026-05-13 08:24:23,45.7538422,21.223102,22.28,gara_traian,tram,1,synthetic_gps
2026-05-13 08:24:24,45.7539152,21.2231691,14.28,gara_traian,tram,1,synthetic_gps
2026-05-13 08:24:25,45.7539373,21.2230811,8.33,gara_traian,tram,1,synthetic_gps
2026-05-13 08:24:26,45.7539177,21.2231322,16.33,gara_traian,tram,1,synthetic_gps
2026-05-13 08:24:27,45.7538628,21.2232454,8.33,gara_traian,tram,1,synthetic_gps
2026-05-13 08:24:28,45.7539045,21.2231731,0.33,gara_traian,tram,1,synthetic_gps
2026-05-13 08:24:29,45.7539336,21.2232063,8.33,gara_traian,tram,1,synthetic_gps
2026-05-13 08:24:30,45.7539229,21.2232259,10.5,gara_traian,tram,1,synthetic_gps
2026-05-13 08:24:31,45.7539223,21.2232617,18.5,gara_traian,tram,1,synthetic_gps
2026-05-13 08:24:32,45.7539653,21.2232647,14.83,gara_traian,tram,1,synthetic_gps
2026-05-13 08:24:33,45.7539569,21.2232826,6.83,gara_traian,tram,1,synthetic_gps
2026-05-13 08:24:34,45.753951,21.2232879,13.68,gara_traian,tram,1,synthetic_gps
2026-05-13 08:24:35,45.7539381,21.2233826,18.5,gara_traian,tram,1,synthetic_gps
2026-05-13 08:24:36,45.753929,21.2232267,10.5,gara_traian,tram,1,synthetic_gps
2026-05-13 08:24:37,45.7538995,21.2233104,14.69,gara_traian,tram,1,synthetic_gps
2026-05-13 08:24:38,45.7539482,21.2233777,16.25,gara_traian,tram,1,synthetic_gps
2026-05-13 08:24:39,45.7538752,21.223347,22.13,gara_traian,tram,1,synthetic_gps
2026-05-13 08:24:40,45.7539572,21.2233651,14.13,gara_traian,tram,1,synthetic_gps
2026-05-13 08:24:41,45.7539427,21.2233816,6.13,gara_traian,tram,1,synthetic_gps
2026-05-13 08:24:42,45.7539759,21.2233928,10.32,gara_traian,tram,1,synthetic_gps
2026-05-13 08:24:43,45.7539315,21.2234625,15.96,gara_traian,tram,1,synthetic_gps
2026-05-13 08:24:44,45.7540112,21.2234887,15.57,gara_traian,tram,1,synthetic_gps
2026-05-13 08:24:45,45.7539494,21.2234577,14.45,gara_traian,tram,1,synthetic_gps
2026-05-13 08:24:46,45.7539981,21.2234709,6.45,gara_traian,tram,1,synthetic_gps
2026-05-13 08:24:47,45.7539916,21.2234808,14.45,gara_traian,tram,1,synthetic_gps
2026-05-13 08:24:48,45.7539122,21.2235685,14.98,gara_traian,tram,1,synthetic_gps
2026-05-13 08:24:49,45.7539514,21.2235209,9.91,gara_traian,tram,1,synthetic_gps
2026-05-13 08:24:50,45.7539912,21.2235358,16.49,gara_traian,tram,1,synthetic_gps
2026-05-13 08:24:51,45.7540465,21.2235693,18.19,gara_traian,tram,1,synthetic_gps
2026-05-13 08:24:52,45.7539621,21.2235632,11.2,gara_traian,tram,1,synthetic_gps
2026-05-13 08:24:53,45.7539543,21.2236067,19.2,gara_traian,tram,1,synthetic_gps
2026-05-13 08:24:54,45.7540147,21.2235241,20.26,gara_traian,tram,1,synthetic_gps
2026-05-13 08:24:55,45.7539322,21.2236117,18.73,gara_traian,tram,1,synthetic_gps
2026-05-13 08:24:56,45.7540459,21.2236366,10.73,gara_traian,tram,1,synthetic_gps
2026-05-13 08:24:57,45.7540259,21.2236725,10.55,gara_traian,tram,1,synthetic_gps
2026-05-13 08:24:58,45.7540115,21.2236222,17.19,gara_traian,tram,1,synthetic_gps
2026-05-13 08:24:59,45.7539665,21.223688,9.19,gara_traian,tram,1,synthetic_gps
2026-05-13 08:25:00,45.7539317,21.2236093,17.19,gara_traian,tram,1,synthetic_gps
2026-05-13 08:25:01,45.7539598,21.2236796,16.67,gara_traian,tram,1,synthetic_gps
2026-05-13 08:25:02,45.7539738,21.2237049,17.22,gara_traian,tram,1,synthetic_gps
2026-05-13 08:25:03,45.7539586,21.2237011,9.22,gara_traian,tram,1,synthetic_gps
2026-05-13 08:25:04,45.7539899,21.2238001,7.44,gara_traian,tram,1,synthetic_gps
2026-05-13 08:25:05,45.7539304,21.2237731,15.44,gara_traian,tram,1,synthetic_gps
2026-05-13 08:25:06,45.7539627,21.2237368,16.15,gara_traian,tram,1,synthetic_gps
2026-05-13 08:25:07,45.7540032,21.223726,14.05,gara_traian,tram,1,synthetic_gps
2026-05-13 08:25:08,45.7540553,21.2237741,22.05,gara_traian,tram,1,synthetic_gps
2026-05-13 08:25:09,45.7540138,21.2238449,14.05,gara_traian,tram,1,synthetic_gps
2026-05-13 08:25:10,45.7539612,21.2238682,22.05,gara_traian,tram,1,synthetic_gps
2026-05-13 08:25:11,45.7539951,21.223714,15.32,gara_traian,tram,1,synthetic_gps
2026-05-13 08:25:12,45.7540401,21.2238281,16.97,gara_traian,tram,1,synthetic_gps
2026-05-13 08:25:13,45.7539852,21.223858,18.91,gara_traian,tram,1,synthetic_gps
2026-05-13 08:25:14,45.7540511,21.2238626,10.91,gara_traian,tram,1,synthetic_gps
2026-05-13 08:25:15,45.7540179,21.2238939,15.17,gara_traian,tram,1,synthetic_gps
2026-05-13 08:25:16,45.753998,21.2239427,12.07,gara_traian,tram,1,synthetic_gps
2026-05-13 08:25:17,45.754035,21.2239174,19.0,gara_traian,tram,1,synthetic_gps
2026-05-13 08:25:18,45.7540113,21.2238875,24.56,gara_traian,tram,1,synthetic_gps
2026-05-13 08:25:19,45.7541036,21.223894,26.09,gara_traian,tram,1,synthetic_gps
2026-05-13 08:25:20,45.7539897,21.2239158,18.09,gara_traian,tram,1,synthetic_gps
2026-05-13 08:25:21,45.7540983,21.2239225,10.09,gara_traian,tram,1,synthetic_gps
2026-05-13 08:25:22,45.7540823,21.2239979,2.09,gara_traian,tram,1,synthetic_gps
2026-05-13 08:25:23,45.7540386,21.224059,10.09,gara_traian,tram,1,synthetic_gps
2026-05-13 08:25:24,45.7540879,21.223992,18.09,gara_traian,tram,1,synthetic_gps
2026-05-13 08:25:25,45.7540806,21.223991,10.09,gara_traian,tram,1,synthetic_gps
2026-05-13 08:25:26,45.7540446,21.2239966,11.82,gara_traian,tram,1,synthetic_gps
2026-05-13 08:25:27,45.7540606,21.2240154,15.97,gara_traian,tram,1,synthetic_gps
2026-05-13 08:25:28,45.7540776,21.2240267,11.55,gara_traian,tram,1,synthetic_gps
2026-05-13 08:25:29,45.7540525,21.2240915,19.55,gara_traian,tram,1,synthetic_gps
2026-05-13 08:25:30,45.7540574,21.2240603,12.67,gara_traian,tram,1,synthetic_gps
2026-05-13 08:25:31,45.7540687,21.2240556,7.72,gara_traian,tram,1,synthetic_gps
2026-05-13 08:25:32,45.7539969,21.2240868,3.62,gara_traian,tram,1,synthetic_gps
2026-05-13 08:25:33,45.754042,21.2240903,9.01,gara_traian,tram,1,synthetic_gps
2026-05-13 08:25:34,45.7539945,21.2241643,17.01,gara_traian,tram,1,synthetic_gps
2026-05-13 08:25:35,45.7541058,21.2241129,9.01,gara_traian,tram,1,synthetic_gps
2026-05-13 08:25:36,45.754079,21.2242419,16.3,gara_traian,tram,1,synthetic_gps
2026-05-13 08:25:37,45.7541339,21.2242102,18.39,gara_traian,tram,1,synthetic_gps
2026-05-13 08:25:38,45.7541937,21.2241731,17.04,gara_traian,tram,1,synthetic_gps
2026-05-13 08:25:39,45.7541326,21.2242257,17.22,gara_traian,tram,1,synthetic_gps
2026-05-13 08:25:40,45.7542039,21.2242761,9.22,gara_traian,tram,1,synthetic_gps
2026-05-13 08:25:41,45.7541621,21.2242476,17.22,gara_traian,tram,1,synthetic_gps
2026-05-13 08:25:42,45.7541374,21.2243198,22.18,gara_traian,tram,1,synthetic_gps
2026-05-13 08:25:43,45.7541322,21.2243597,21.24,gara_traian,tram,1,synthetic_gps
2026-05-13 08:25:44,45.7541427,21.2242759,13.24,gara_traian,tram,1,synthetic_gps
2026-05-13 08:25:45,45.7540605,21.224291,5.24,gara_traian,tram,1,synthetic_gps
2026-05-13 08:25:46,45.7541268,21.2243562,13.24,gara_traian,tram,1,synthetic_gps
2026-05-13 08:25:47,45.7541331,21.2242452,18.55,gara_traian,tram,1,synthetic_gps
2026-05-13 08:25:48,45.7541323,21.2243723,26.55,gara_traian,tram,1,synthetic_gps
2026-05-13 08:25:49,45.7541632,21.2242524,18.55,gara_traian,tram,1,synthetic_gps
2026-05-13 08:25:50,45.7541062,21.2244259,16.39,gara_traian,tram,1,synthetic_gps
2026-05-13 08:25:51,45.7541003,21.224275,13.67,gara_traian,tram,1,synthetic_gps
2026-05-13 08:25:52,45.7541937,21.2243848,21.67,gara_traian,tram,1,synthetic_gps
2026-05-13 08:25:53,45.7541581,21.224433,13.67,gara_traian,tram,1,synthetic_gps
2026-05-13 08:25:54,45.7542078,21.2245162,18.88,gara_traian,tram,1,synthetic_gps
2026-05-13 08:25:55,45.7540512,21.2244395,22.57,gara_traian,tram,1,synthetic_gps
2026-05-13 08:25:56,45.7541595,21.2244082,14.57,gara_traian,tram,1,synthetic_gps
2026-05-13 08:25:57,45.7542051,21.2244138,22.52,gara_traian,tram,1,synthetic_gps
2026-05-13 08:25:58,45.7541694,21.2244864,14.52,gara_traian,tram,1,synthetic_gps
2026-05-13 08:25:59,45.7541523,21.2244298,6.52,gara_traian,tram,1,synthetic_gps
2026-05-13 08:26:00,45.7541341,21.2245293,0.44,gara_traian,tram,1,synthetic_gps
2026-05-13 08:26:01,45.7541772,21.2245766,1.17,gara_traian,tram,1,synthetic_gps
2026-05-13 08:26:02,45.7542188,21.2246127,0.97,gara_traian,tram,1,synthetic_gps
2026-05-13 08:26:03,45.7541665,21.2246207,1.56,gara_traian,tram,1,synthetic_gps
2026-05-13 08:26:04,45.7541812,21.22451,2.01,gara_traian,tram,1,synthetic_gps
2026-05-13 08:26:05,45.7541949,21.2246106,0.87,gara_traian,tram,1,synthetic_gps
2026-05-13 08:26:06,45.754198,21.2246119,1.33,gara_traian,tram,1,synthetic_gps
2026-05-13 08:26:07,45.7541782,21.2246761,1.31,gara_traian,tram,1,synthetic_gps
2026-05-13 08:26:08,45.7541977,21.2246717,0.33,gara_traian,tram,1,synthetic_gps
2026-05-13 08:26:09,45.7540842,21.2246383,1.19,gara_traian,tram,1,synthetic_gps
2026-05-13 08:26:10,45.7541629,21.2246906,0.53,gara_traian,tram,1,synthetic_gps
2026-05-13 08:26:11,45.754205,21.2247063,1.5,gara_traian,tram,1,synthetic_gps
2026-05-13 08:26:12,45.7542175,21.2246601,2.54,gara_traian,tram,1,synthetic_gps
2026-05-13 08:26:13,45.7541873,21.2248012,1.01,gara_traian,tram,1,synthetic_gps
2026-05-13 08:26:14,45.754163,21.2247089,1.33,gara_traian,tram,1,synthetic_gps
2026-05-13 08:26:15,45.754147,21.2247582,0.78,gara_traian,tram,1,synthetic_gps
2026-05-13 08:26:16,45.754152,21.2247209,0.78,gara_traian,tram,1,synthetic_gps
2026-05-13 08:26:17,45.7541529,21.224752,1.78,gara_traian,tram,1,synthetic_gps
2026-05-13 08:26:18,45.7542589,21.2247565,9.78,gara_traian,tram,1,synthetic_gps
2026-05-13 08:26:19,45.754135,21.224698,17.78,gara_traian,tram,1,synthetic_gps
2026-05-13 08:26:20,45.7542547,21.2249103,9.78,gara_traian,tram,1,synthetic_gps
2026-05-13 08:26:21,45.7541812,21.2247504,13.77,gara_traian,tram,1,synthetic_gps
2026-05-13 08:26:22,45.754143,21.2248511,14.6,gara_traian,tram,1,synthetic_gps
2026-05-13 08:26:23,45.7541572,21.2247985,10.94,gara_traian,tram,1,synthetic_gps
2026-05-13 08:26:24,45.7541984,21.2247863,8.78,gara_traian,tram,1,synthetic_gps
2026-05-13 08:26:25,45.7543211,21.2248767,16.78,gara_traian,tram,1,synthetic_gps
2026-05-13 08:26:26,45.7541763,21.2247749,12.28,gara_traian,tram,1,synthetic_gps
2026-05-13 08:26:27,45.7542114,21.2248393,20.28,gara_traian,tram,1,synthetic_gps
2026-05-13 08:26:28,45.7543338,21.224997,19.11,gara_traian,tram,1,synthetic_gps
2026-05-13 08:26:29,45.7542259,21.2249305,11.49,gara_traian,tram,1,synthetic_gps
2026-05-13 08:26:30,45.7542221,21.224973,19.49,gara_traian,tram,1,synthetic_gps
2026-05-13 08:26:31,45.7541917,21.224886,11.49,gara_traian,tram,1,synthetic_gps
2026-05-13 08:26:32,45.754212,21.2249375,15.74,gara_traian,tram,1,synthetic_gps
2026-05-13 08:26:33,45.7542319,21.2248568,23.74,gara_traian,tram,1,synthetic_gps
2026-05-13 08:26:34,45.7542161,21.2249204,24.94,gara_traian,tram,1,synthetic_gps
2026-05-13 08:26:35,45.7543204,21.2249914,16.94,gara_traian,tram,1,synthetic_gps
2026-05-13 08:26:36,45.7542532,21.2249376,18.1,gara_traian,tram,1,synthetic_gps
2026-05-13 08:26:37,45.7542302,21.2250792,18.74,gara_traian,tram,1,synthetic_gps
2026-05-13 08:26:38,45.7542868,21.2250887,22.9,gara_traian,tram,1,synthetic_gps
2026-05-13 08:26:39,45.7542004,21.2250155,14.9,gara_traian,tram,1,synthetic_gps
2026-05-13 08:26:40,45.7543067,21.2250389,22.9,gara_traian,tram,1,synthetic_gps
2026-05-13 08:26:41,45.7542359,21.2250782,14.9,gara_traian,tram,1,synthetic_gps
2026-05-13 08:26:42,45.7543435,21.2250911,14.76,gara_traian,tram,1,synthetic_gps
2026-05-13 08:26:43,45.7543288,21.2251069,17.64,gara_traian,tram,1,synthetic_gps
2026-05-13 08:26:44,45.7542542,21.2251193,9.64,gara_traian,tram,1,synthetic_gps
2026-05-13 08:26:45,45.7542501,21.2251205,17.64,gara_traian,tram,1,synthetic_gps
2026-05-13 08:26:46,45.7542474,21.2250794,9.64,gara_traian,tram,1,synthetic_gps
2026-05-13 08:26:47,45.7542896,21.2250957,17.64,gara_traian,tram,1,synthetic_gps
2026-05-13 08:26:48,45.7542345,21.2251522,19.05,gara_traian,tram,1,synthetic_gps
2026-05-13 08:26:49,45.7541977,21.2251831,11.65,gara_traian,tram,1,synthetic_gps
2026-05-13 08:26:50,45.7543059,21.225155,14.36,gara_traian,tram,1,synthetic_gps
2026-05-13 08:26:51,45.7542626,21.2252446,22.36,gara_traian,tram,1,synthetic_gps
2026-05-13 08:26:52,45.7543658,21.2252461,16.53,gara_traian,tram,1,synthetic_gps
2026-05-13 08:26:53,45.7542771,21.2252461,14.23,gara_traian,tram,1,synthetic_gps
2026-05-13 08:26:54,45.7543447,21.2252577,17.31,gara_traian,tram,1,synthetic_gps
2026-05-13 08:26:55,45.7542942,21.2252646,17.5,gara_traian,tram,1,synthetic_gps
2026-05-13 08:26:56,45.7542973,21.2252391,9.81,gara_traian,tram,1,synthetic_gps
2026-05-13 08:26:57,45.7542659,21.225266,13.51,gara_traian,tram,1,synthetic_gps
2026-05-13 08:26:58,45.7544158,21.225323,21.51,gara_traian,tram,1,synthetic_gps
2026-05-13 08:26:59,45.754369,21.2253409,13.51,gara_traian,tram,1,synthetic_gps
2026-05-13 08:27:00,45.7542759,21.225324,18.31,gara_traian,tram,1,synthetic_gps
2026-05-13 08:27:01,45.7543085,21.2253473,13.18,gara_traian,tram,1,synthetic_gps
2026-05-13 08:27:02,45.7542623,21.2253775,16.94,gara_traian,tram,1,synthetic_gps
2026-05-13 08:27:03,45.7543462,21.2253902,16.41,gara_traian,tram,1,synthetic_gps
2026-05-13 08:27:04,45.7542258,21.2253832,8.41,gara_traian,tram,1,synthetic_gps
2026-05-13 08:27:05,45.7543397,21.2253624,13.27,gara_traian,tram,1,synthetic_gps
2026-05-13 08:27:06,45.7544034,21.2254057,16.54,gara_traian,tram,1,synthetic_gps
2026-05-13 08:27:07,45.754317,21.225376,22.96,gara_traian,tram,1,synthetic_gps
2026-05-13 08:27:08,45.7543025,21.225484,14.96,gara_traian,tram,1,synthetic_gps
2026-05-13 08:27:09,45.7543556,21.2254306,9.77,gara_traian,tram,1,synthetic_gps
2026-05-13 08:27:10,45.754341,21.2254504,15.86,gara_traian,tram,1,synthetic_gps
2026-05-13 08:27:11,45.7543545,21.2254661,12.08,gara_traian,tram,1,synthetic_gps
2026-05-13 08:27:12,45.7543021,21.2254689,12.89,gara_traian,tram,1,synthetic_gps
2026-05-13 08:27:13,45.7542953,21.2254673,20.89,gara_traian,tram,1,synthetic_gps
2026-05-13 08:27:14,45.7543403,21.2255876,28.89,gara_traian,tram,1,synthetic_gps
2026-05-13 08:27:15,45.7543131,21.2256033,20.89,gara_traian,tram,1,synthetic_gps
2026-05-13 08:27:16,45.7542658,21.2255743,16.68,gara_traian,tram,1,synthetic_gps
2026-05-13 08:27:17,45.7543584,21.2256354,20.55,gara_traian,tram,1,synthetic_gps
2026-05-13 08:27:18,45.7542849,21.2255604,25.69,gara_traian,tram,1,synthetic_gps
2026-05-13 08:27:19,45.754329,21.2255801,19.68,gara_traian,tram,1,synthetic_gps
2026-05-13 08:27:20,45.7543907,21.2255823,17.61,gara_traian,tram,1,synthetic_gps
2026-05-13 08:27:21,45.7543576,21.2255946,25.61,gara_traian,tram,1,synthetic_gps
2026-05-13 08:27:22,45.7543329,21.22567,17.61,gara_traian,tram,1,synthetic_gps
2026-05-13 08:27:23,45.7543151,21.2256704,9.61,gara_traian,tram,1,synthetic_gps
2026-05-13 08:27:24,45.7543088,21.2256465,7.82,gara_traian,tram,1,synthetic_gps
2026-05-13 08:27:25,45.7543279,21.2256748,10.41,gara_traian,tram,1,synthetic_gps
2026-05-13 08:27:26,45.7543765,21.2257155,2.41,gara_traian,tram,1,synthetic_gps
2026-05-13 08:27:27,45.7543529,21.2257492,10.41,gara_traian,tram,1,synthetic_gps
2026-05-13 08:27:28,45.7544208,21.2256762,18.06,gara_traian,tram,1,synthetic_gps
2026-05-13 08:27:29,45.754409,21.2257459,18.26,gara_traian,tram,1,synthetic_gps
2026-05-13 08:27:30,45.7543883,21.2257377,16.99,gara_traian,tram,1,synthetic_gps
2026-05-13 08:27:31,45.7543136,21.2257475,16.36,gara_traian,tram,1,synthetic_gps
2026-05-13 08:27:32,45.7544003,21.2258314,16.89,gara_traian,tram,1,synthetic_gps
2026-05-13 08:27:33,45.7544349,21.2257279,9.47,gara_traian,tram,1,synthetic_gps
2026-05-13 08:27:34,45.7543801,21.2257856,4.93,gara_traian,tram,1,synthetic_gps
2026-05-13 08:27:35,45.7543443,21.2258974,12.93,gara_traian,tram,1,synthetic_gps
2026-05-13 08:27:36,45.7544297,21.2258479,20.93,gara_traian,tram,1,synthetic_gps
2026-05-13 08:27:37,45.7543195,21.2257907,15.85,gara_traian,tram,1,synthetic_gps
2026-05-13 08:27:38,45.7544396,21.2258361,23.85,gara_traian,tram,1,synthetic_gps
2026-05-13 08:27:39,45.7544428,21.2258165,15.85,gara_traian,tram,1,synthetic_gps
2026-05-13 08:27:40,45.7543973,21.2258949,20.1,gara_traian,tram,1,synthetic_gps
2026-05-13 08:27:41,45.754393,21.2258907,17.34,gara_traian,tram,1,synthetic_gps
2026-05-13 08:27:42,45.7544261,21.2258574,11.49,gara_traian,tram,1,synthetic_gps
2026-05-13 08:27:43,45.754423,21.2259791,9.02,gara_traian,tram,1,synthetic_gps
2026-05-13 08:27:44,45.7543705,21.2259072,7.39,gara_traian,tram,1,synthetic_gps
2026-05-13 08:27:45,45.754443,21.2259161,15.39,gara_traian,tram,1,synthetic_gps
2026-05-13 08:27:46,45.7544711,21.2259792,12.16,gara_traian,tram,1,synthetic_gps
2026-05-13 08:27:47,45.7545612,21.2258955,15.97,gara_traian,tram,1,synthetic_gps
2026-05-13 08:27:48,45.7544495,21.2260198,23.97,gara_traian,tram,1,synthetic_gps
2026-05-13 08:27:49,45.754386,21.2260214,15.97,gara_traian,tram,1,synthetic_gps
2026-05-13 08:27:50,45.7544571,21.2260826,14.44,gara_traian,tram,1,synthetic_gps
2026-05-13 08:27:51,45.7545021,21.2260207,15.72,gara_traian,tram,1,synthetic_gps
2026-05-13 08:27:52,45.7544166,21.2260823,23.72,gara_traian,tram,1,synthetic_gps
2026-05-13 08:27:53,45.7543928,21.2260669,22.95,gara_traian,tram,1,synthetic_gps
2026-05-13 08:27:54,45.7544573,21.2260763,20.64,gara_traian,tram,1,synthetic_gps
2026-05-13 08:27:55,45.7543484,21.2260596,12.64,gara_traian,tram,1,synthetic_gps
2026-05-13 08:27:56,45.7544207,21.2260934,12.6,gara_traian,tram,1,synthetic_gps
2026-05-13 08:27:57,45.7544937,21.2261792,17.16,gara_traian,tram,1,synthetic_gps
2026-05-13 08:27:58,45.7543877,21.2261953,18.6,gara_traian,tram,1,synthetic_gps
2026-05-13 08:27:59,45.7544952,21.226132,26.01,gara_traian,tram,1,synthetic_gps
2026-05-13 08:28:00,45.7544404,21.2262074,34.01,gara_traian,tram,1,synthetic_gps
2026-05-13 08:28:01,45.7544883,21.2261403,26.01,gara_traian,tram,1,synthetic_gps
2026-05-13 08:28:02,45.7544631,21.2261828,18.01,gara_traian,tram,1,synthetic_gps
2026-05-13 08:28:03,45.7544907,21.2261738,13.53,gara_traian,tram,1,synthetic_gps
2026-05-13 08:28:04,45.7544292,21.2262348,6.59,gara_traian,tram,1,synthetic_gps
2026-05-13 08:28:05,45.7544828,21.2262301,12.29,gara_traian,tram,1,synthetic_gps
2026-05-13 08:28:06,45.7544473,21.2262695,17.48,gara_traian,tram,1,synthetic_gps
2026-05-13 08:28:07,45.7544154,21.2262935,25.48,gara_traian,tram,1,synthetic_gps
2026-05-13 08:28:08,45.7545651,21.2261935,26.67,gara_traian,tram,1,synthetic_gps
2026-05-13 08:28:09,45.7544652,21.2263223,18.67,gara_traian,tram,1,synthetic_gps
2026-05-13 08:28:10,45.7544643,21.2263179,26.67,gara_traian,tram,1,synthetic_gps
2026-05-13 08:28:11,45.7544578,21.2263745,18.67,gara_traian,tram,1,synthetic_gps
2026-05-13 08:28:12,45.7543818,21.2262713,10.67,gara_traian,tram,1,synthetic_gps
2026-05-13 08:28:13,45.7544536,21.2263616,7.7,gara_traian,tram,1,synthetic_gps
2026-05-13 08:28:14,45.7544493,21.2263939,15.7,gara_traian,tram,1,synthetic_gps
2026-05-13 08:28:15,45.7545037,21.2263698,16.8,gara_traian,tram,1,synthetic_gps
2026-05-13 08:28:16,45.7544111,21.2263732,10.63,gara_traian,tram,1,synthetic_gps
2026-05-13 08:28:17,45.7544909,21.2263569,18.63,gara_traian,tram,1,synthetic_gps
2026-05-13 08:28:18,45.7544884,21.2263819,10.63,gara_traian,tram,1,synthetic_gps
2026-05-13 08:28:19,45.7544875,21.2263907,9.64,gara_traian,tram,1,synthetic_gps
2026-05-13 08:28:20,45.7546094,21.2263782,17.64,gara_traian,tram,1,synthetic_gps
2026-05-13 08:28:21,45.7544412,21.2264587,17.7,gara_traian,tram,1,synthetic_gps
2026-05-13 08:28:22,45.7545255,21.2264318,23.6,gara_traian,tram,1,synthetic_gps
2026-05-13 08:28:23,45.7545478,21.2264431,15.6,gara_traian,tram,1,synthetic_gps
2026-05-13 08:28:24,45.7545215,21.226498,9.94,gara_traian,tram,1,synthetic_gps
2026-05-13 08:28:25,45.7545582,21.2264868,17.94,gara_traian,tram,1,synthetic_gps
2026-05-13 08:28:26,45.7544817,21.2264608,9.94,gara_traian,tram,1,synthetic_gps
2026-05-13 08:28:27,45.7545806,21.2265335,17.94,gara_traian,tram,1,synthetic_gps
2026-05-13 08:28:28,45.754553,21.2265394,24.19,gara_traian,tram,1,synthetic_gps
2026-05-13 08:28:29,45.7545469,21.2265771,17.42,gara_traian,tram,1,synthetic_gps
2026-05-13 08:28:30,45.7545287,21.2265921,20.85,gara_traian,tram,1,synthetic_gps
2026-05-13 08:28:31,45.7547087,21.2265652,26.68,gara_traian,tram,1,synthetic_gps
2026-05-13 08:28:32,45.7545999,21.2266615,18.68,gara_traian,tram,1,synthetic_gps
2026-05-13 08:28:33,45.7545407,21.2265762,19.61,gara_traian,tram,1,synthetic_gps
2026-05-13 08:28:34,45.7546217,21.2265803,20.72,gara_traian,tram,1,synthetic_gps
2026-05-13 08:28:35,45.7545596,21.2266549,15.84,gara_traian,tram,1,synthetic_gps
2026-05-13 08:28:36,45.7545474,21.226663,18.2,gara_traian,tram,1,synthetic_gps
2026-05-13 08:28:37,45.7545344,21.2266844,10.2,gara_traian,tram,1,synthetic_gps
2026-05-13 08:28:38,45.7545274,21.2267083,18.2,gara_traian,tram,1,synthetic_gps
2026-05-13 08:28:39,45.7544892,21.2267621,15.53,gara_traian,tram,1,synthetic_gps
2026-05-13 08:28:40,45.7545783,21.2266825,7.53,gara_traian,tram,1,synthetic_gps
2026-05-13 08:28:41,45.7545332,21.2266971,12.85,gara_traian,tram,1,synthetic_gps
2026-05-13 08:28:42,45.7545381,21.2267509,20.52,gara_traian,tram,1,synthetic_gps
2026-05-13 08:28:43,45.754607,21.2267348,20.99,gara_traian,tram,1,synthetic_gps
2026-05-13 08:28:44,45.754654,21.2267555,23.14,gara_traian,tram,1,synthetic_gps
2026-05-13 08:28:45,45.7546067,21.2267879,18.55,gara_traian,tram,1,synthetic_gps
2026-05-13 08:28:46,45.7545862,21.2267378,18.52,gara_traian,tram,1,synthetic_gps
2026-05-13 08:28:47,45.7545626,21.2267839,19.26,gara_traian,tram,1,synthetic_gps
2026-05-13 08:28:48,45.7544646,21.2268373,24.83,gara_traian,tram,1,synthetic_gps
2026-05-13 08:28:49,45.7545366,21.226866,19.97,gara_traian,tram,1,synthetic_gps
2026-05-13 08:28:50,45.7546135,21.2268463,18.07,gara_traian,tram,1,synthetic_gps
2026-05-13 08:28:51,45.7545629,21.2268829,10.07,gara_traian,tram,1,synthetic_gps
2026-05-13 08:28:52,45.7546705,21.226893,7.08,gara_traian,tram,1,synthetic_gps
2026-05-13 08:28:53,45.7546189,21.2269214,15.08,gara_traian,tram,1,synthetic_gps
2026-05-13 08:28:54,45.7545269,21.2268903,20.1,gara_traian,tram,1,synthetic_gps
2026-05-13 08:28:55,45.7546613,21.2269704,17.04,gara_traian,tram,1,synthetic_gps
2026-05-13 08:28:56,45.7546309,21.2269062,13.95,gara_traian,tram,1,synthetic_gps
2026-05-13 08:28:57,45.7546106,21.2269802,20.25,gara_traian,tram,1,synthetic_gps
2026-05-13 08:28:58,45.7546733,21.2269658,12.25,gara_traian,tram,1,synthetic_gps
2026-05-13 08:28:59,45.7545608,21.226989,18.56,gara_traian,tram,1,synthetic_gps
2026-05-13 08:29:00,45.7546745,21.2269737,10.56,gara_traian,tram,1,synthetic_gps
2026-05-13 08:29:01,45.7546701,21.2270818,2.56,gara_traian,tram,1,synthetic_gps
2026-05-13 08:29:02,45.7546103,21.2270134,0.0,gara_traian,tram,1,synthetic_gps
2026-05-13 08:29:03,45.7546395,21.2270673,1.55,gara_traian,tram,1,synthetic_gps
2026-05-13 08:29:04,45.7546936,21.2270945,0.81,gara_traian,tram,1,synthetic_gps
2026-05-13 08:29:05,45.7546039,21.2270082,1.19,gara_traian,tram,1,synthetic_gps
2026-05-13 08:29:06,45.7546048,21.2270662,0.28,gara_traian,tram,1,synthetic_gps
2026-05-13 08:29:07,45.7546662,21.2270989,2.55,gara_traian,tram,1,synthetic_gps
2026-05-13 08:29:08,45.7546292,21.2271266,0.78,gara_traian,tram,1,synthetic_gps
2026-05-13 08:29:09,45.7545642,21.2271158,1.83,gara_traian,tram,1,synthetic_gps
2026-05-13 08:29:10,45.7546431,21.2271417,0.71,gara_traian,tram,1,synthetic_gps
2026-05-13 08:29:11,45.7546284,21.2272025,0.84,gara_traian,tram,1,synthetic_gps
2026-05-13 08:29:12,45.7546949,21.2271312,1.41,gara_traian,tram,1,synthetic_gps
2026-05-13 08:29:13,45.754627,21.2272459,0.46,gara_traian,tram,1,synthetic_gps
2026-05-13 08:29:14,45.75471,21.2271825,1.07,gara_traian,tram,1,synthetic_gps
2026-05-13 08:29:15,45.7546251,21.2272272,0.73,gara_traian,tram,1,synthetic_gps
2026-05-13 08:29:16,45.7546503,21.227273,1.51,gara_traian,tram,1,synthetic_gps
2026-05-13 08:29:17,45.7547545,21.2272532,1.54,gara_traian,tram,1,synthetic_gps
2026-05-13 08:29:18,45.7546271,21.2272763,9.54,gara_traian,tram,1,synthetic_gps
2026-05-13 08:29:19,45.7547062,21.2272208,14.64,gara_traian,tram,1,synthetic_gps
2026-05-13 08:29:20,45.7547312,21.2272582,12.9,gara_traian,tram,1,synthetic_gps
2026-05-13 08:29:21,45.7546495,21.2272784,7.92,gara_traian,tram,1,synthetic_gps
2026-05-13 08:29:22,45.7546624,21.2273261,4.27,gara_traian,tram,1,synthetic_gps
2026-05-13 08:29:23,45.7546818,21.2273142,12.27,gara_traian,tram,1,synthetic_gps
2026-05-13 08:29:24,45.7546996,21.2273082,20.27,gara_traian,tram,1,synthetic_gps
2026-05-13 08:29:25,45.7546999,21.2272711,27.98,gara_traian,tram,1,synthetic_gps
2026-05-13 08:29:26,45.7546211,21.2274319,19.98,gara_traian,tram,1,synthetic_gps
2026-05-13 08:29:27,45.7546691,21.2273628,17.22,gara_traian,tram,1,synthetic_gps
2026-05-13 08:29:28,45.7547115,21.2274124,20.77,gara_traian,tram,1,synthetic_gps
2026-05-13 08:29:29,45.7547254,21.2273763,18.28,gara_traian,tram,1,synthetic_gps
2026-05-13 08:29:30,45.7547923,21.2274977,26.28,gara_traian,tram,1,synthetic_gps
2026-05-13 08:29:31,45.754685,21.2274674,18.28,gara_traian,tram,1,synthetic_gps
2026-05-13 08:29:32,45.7546812,21.2274466,21.06,gara_traian,tram,1,synthetic_gps
2026-05-13 08:29:33,45.7547049,21.2274989,13.06,gara_traian,tram,1,synthetic_gps
2026-05-13 08:29:34,45.7547644,21.2275238,14.03,gara_traian,tram,1,synthetic_gps
2026-05-13 08:29:35,45.7547499,21.2275001,22.03,gara_traian,tram,1,synthetic_gps
2026-05-13 08:29:36,45.7547364,21.2274618,14.03,gara_traian,tram,1,synthetic_gps
2026-05-13 08:29:37,45.7546853,21.2275308,21.87,gara_traian,tram,1,synthetic_gps
2026-05-13 08:29:38,45.754693,21.2276116,13.87,gara_traian,tram,1,synthetic_gps
2026-05-13 08:29:39,45.7547439,21.2275736,9.13,gara_traian,tram,1,synthetic_gps
2026-05-13 08:29:40,45.7548062,21.2275662,17.13,gara_traian,tram,1,synthetic_gps
2026-05-13 08:29:41,45.7547245,21.2275387,25.13,gara_traian,tram,1,synthetic_gps
2026-05-13 08:29:42,45.75467,21.2275357,17.13,gara_traian,tram,1,synthetic_gps
2026-05-13 08:29:43,45.7546854,21.2276084,13.23,gara_traian,tram,1,synthetic_gps
2026-05-13 08:29:44,45.754722,21.2275592,6.6,gara_traian,tram,1,synthetic_gps
2026-05-13 08:29:45,45.7546921,21.227507,14.6,gara_traian,tram,1,synthetic_gps
2026-05-13 08:29:46,45.7547517,21.2276388,15.0,gara_traian,tram,1,synthetic_gps
2026-05-13 08:29:47,45.7547405,21.2275623,23.0,gara_traian,tram,1,synthetic_gps
2026-05-13 08:29:48,45.7548454,21.2276953,23.71,gara_traian,tram,1,synthetic_gps
2026-05-13 08:29:49,45.7547357,21.2276993,25.6,gara_traian,tram,1,synthetic_gps
2026-05-13 08:29:50,45.7547681,21.227673,28.81,gara_traian,tram,1,synthetic_gps
2026-05-13 08:29:51,45.7547242,21.2277014,20.81,gara_traian,tram,1,synthetic_gps
2026-05-13 08:29:52,45.7547403,21.2277338,12.81,gara_traian,tram,1,synthetic_gps
2026-05-13 08:29:53,45.7546891,21.2277229,20.81,gara_traian,tram,1,synthetic_gps
2026-05-13 08:29:54,45.7547284,21.2277504,17.38,gara_traian,tram,1,synthetic_gps
2026-05-13 08:29:55,45.7546595,21.2277861,19.67,gara_traian,tram,1,synthetic_gps
2026-05-13 08:29:56,45.7547122,21.2277636,11.67,gara_traian,tram,1,synthetic_gps
2026-05-13 08:29:57,45.7547948,21.2277727,18.91,gara_traian,tram,1,synthetic_gps
2026-05-13 08:29:58,45.7547433,21.227816,10.91,gara_traian,tram,1,synthetic_gps
2026-05-13 08:29:59,45.754746,21.2277684,7.67,gara_traian,tram,1,synthetic_gps
2026-05-13 08:30:00,45.7547031,21.2278458,15.67,gara_traian,tram,1,synthetic_gps
2026-05-13 08:30:01,45.7547759,21.2278355,14.57,gara_traian,tram,1,synthetic_gps
2026-05-13 08:30:02,45.7547811,21.2279436,14.68,gara_traian,tram,1,synthetic_gps
2026-05-13 08:30:03,45.7547501,21.2278371,12.25,gara_traian,tram,1,synthetic_gps
2026-05-13 08:30:04,45.7548102,21.2279191,20.25,gara_traian,tram,1,synthetic_gps
2026-05-13 08:30:05,45.7548321,21.2278326,12.25,gara_traian,tram,1,synthetic_gps
2026-05-13 08:30:06,45.7547691,21.2278525,18.82,gara_traian,tram,1,synthetic_gps
2026-05-13 08:30:07,45.754744,21.2279334,24.3,gara_traian,tram,1,synthetic_gps
2026-05-13 08:30:08,45.7548419,21.2278956,22.9,gara_traian,tram,1,synthetic_gps
2026-05-13 08:30:09,45.7547862,21.2279135,17.86,gara_traian,tram,1,synthetic_gps
2026-05-13 08:30:10,45.7547728,21.2279246,21.01,gara_traian,tram,1,synthetic_gps
2026-05-13 08:30:11,45.7547819,21.2280555,13.05,gara_traian,tram,1,synthetic_gps
2026-05-13 08:30:12,45.7547813,21.2280319,19.52,gara_traian,tram,1,synthetic_gps
2026-05-13 08:30:13,45.7547486,21.2280065,11.52,gara_traian,tram,1,synthetic_gps
2026-05-13 08:30:14,45.7548285,21.2280863,9.54,gara_traian,tram,1,synthetic_gps
2026-05-13 08:30:15,45.7548227,21.2281215,17.54,gara_traian,tram,1,synthetic_gps
2026-05-13 08:30:16,45.7548299,21.2280626,19.82,gara_traian,tram,1,synthetic_gps
2026-05-13 08:30:17,45.7548736,21.2280969,23.71,gara_traian,tram,1,synthetic_gps
2026-05-13 08:30:18,45.7548472,21.2281301,15.71,gara_traian,tram,1,synthetic_gps
2026-05-13 08:30:19,45.7548155,21.2280682,7.71,gara_traian,tram,1,synthetic_gps
2026-05-13 08:30:20,45.7549052,21.2281109,15.71,gara_traian,tram,1,synthetic_gps
2026-05-13 08:30:21,45.7548767,21.2281712,22.09,gara_traian,tram,1,synthetic_gps
2026-05-13 08:30:22,45.7547136,21.2280981,14.09,gara_traian,tram,1,synthetic_gps
2026-05-13 08:30:23,45.7547424,21.2282009,18.74,gara_traian,tram,1,synthetic_gps
2026-05-13 08:30:24,45.754857,21.2282055,24.84,gara_traian,tram,1,synthetic_gps
2026-05-13 08:30:25,45.7547788,21.2282189,19.17,gara_traian,tram,1,synthetic_gps
2026-05-13 08:30:26,45.7548206,21.228184,11.17,gara_traian,tram,1,synthetic_gps
2026-05-13 08:30:27,45.7548646,21.2282336,19.17,gara_traian,tram,1,synthetic_gps
2026-05-13 08:30:28,45.7548195,21.228284,11.93,gara_traian,tram,1,synthetic_gps
2026-05-13 08:30:29,45.7548822,21.2281899,17.68,gara_traian,tram,1,synthetic_gps
2026-05-13 08:30:30,45.7548758,21.2283064,15.9,gara_traian,tram,1,synthetic_gps
2026-05-13 08:30:31,45.7549045,21.2282915,20.49,gara_traian,tram,1,synthetic_gps
2026-05-13 08:30:32,45.7548163,21.2282768,24.64,gara_traian,tram,1,synthetic_gps
2026-05-13 08:30:33,45.7549239,21.2282734,28.04,gara_traian,tram,1,synthetic_gps
2026-05-13 08:30:34,45.7548472,21.2283586,20.04,gara_traian,tram,1,synthetic_gps
2026-05-13 08:30:35,45.7548843,21.2283523,17.48,gara_traian,tram,1,synthetic_gps
2026-05-13 08:30:36,45.7548944,21.2282879,12.57,gara_traian,tram,1,synthetic_gps
2026-05-13 08:30:37,45.7548644,21.2283917,20.57,gara_traian,tram,1,synthetic_gps
2026-05-13 08:30:38,45.75495,21.2283808,23.91,gara_traian,tram,1,synthetic_gps
2026-05-13 08:30:39,45.7547955,21.2284186,24.54,gara_traian,tram,1,synthetic_gps
2026-05-13 08:30:40,45.7549021,21.2283551,16.54,gara_traian,tram,1,synthetic_gps
2026-05-13 08:30:41,45.7548356,21.2284884,17.41,gara_traian,tram,1,synthetic_gps
2026-05-13 08:30:42,45.7548448,21.2284435,9.41,gara_traian,tram,1,synthetic_gps
2026-05-13 08:30:43,45.7549241,21.2284438,1.41,gara_traian,tram,1,synthetic_gps
2026-05-13 08:30:44,45.7548761,21.22853,9.41,gara_traian,tram,1,synthetic_gps
2026-05-13 08:30:45,45.7548496,21.2284286,17.41,gara_traian,tram,1,synthetic_gps
2026-05-13 08:30:46,45.7549485,21.2283962,9.41,gara_traian,tram,1,synthetic_gps
2026-05-13 08:30:47,45.7549602,21.2284402,9.83,gara_traian,tram,1,synthetic_gps
2026-05-13 08:30:48,45.7548621,21.2285204,6.83,gara_traian,tram,1,synthetic_gps
2026-05-13 08:30:49,45.7549951,21.228415,14.83,gara_traian,tram,1,synthetic_gps
2026-05-13 08:30:50,45.7549154,21.2285491,9.73,gara_traian,tram,1,synthetic_gps
2026-05-13 08:30:51,45.7549516,21.2284905,16.03,gara_traian,tram,1,synthetic_gps
2026-05-13 08:30:52,45.7550213,21.2285939,23.6,gara_traian,tram,1,synthetic_gps
2026-05-13 08:30:53,45.7549759,21.2285598,15.6,gara_traian,tram,1,synthetic_gps
2026-05-13 08:30:54,45.7549957,21.2285822,22.58,gara_traian,tram,1,synthetic_gps
2026-05-13 08:30:55,45.7549821,21.2285568,19.94,gara_traian,tram,1,synthetic_gps
2026-05-13 08:30:56,45.7550358,21.228659,18.97,gara_traian,tram,1,synthetic_gps
2026-05-13 08:30:57,45.7549613,21.2286683,10.97,gara_traian,tram,1,synthetic_gps
2026-05-13 08:30:58,45.7549313,21.2285651,12.61,gara_traian,tram,1,synthetic_gps
2026-05-13 08:30:59,45.7549694,21.2286889,17.42,gara_traian,tram,1,synthetic_gps
2026-05-13 08:31:00,45.7549006,21.228653,20.0,gara_traian,tram,1,synthetic_gps
2026-05-13 08:31:01,45.7549296,21.228691,19.72,gara_traian,tram,1,synthetic_gps
2026-05-13 08:31:02,45.7549317,21.2286041,18.18,gara_traian,tram,1,synthetic_gps
2026-05-13 08:31:03,45.7548934,21.2286626,14.6,gara_traian,tram,1,synthetic_gps
2026-05-13 08:31:04,45.7551036,21.228686,22.6,gara_traian,tram,1,synthetic_gps
2026-05-13 08:31:05,45.7549533,21.2287588,14.6,gara_traian,tram,1,synthetic_gps
2026-05-13 08:31:06,45.7549312,21.2286704,10.19,gara_traian,tram,1,synthetic_gps
2026-05-13 08:31:07,45.7549913,21.2286655,7.11,gara_traian,tram,1,synthetic_gps
2026-05-13 08:31:08,45.7550584,21.2287967,3.81,gara_traian,tram,1,synthetic_gps
2026-05-13 08:31:09,45.7549869,21.2287702,11.81,gara_traian,tram,1,synthetic_gps
2026-05-13 08:31:10,45.7549671,21.2288259,4.62,gara_traian,tram,1,synthetic_gps
2026-05-13 08:31:11,45.7549863,21.2287943,12.62,gara_traian,tram,1,synthetic_gps
2026-05-13 08:31:12,45.7550438,21.2287961,17.61,gara_traian,tram,1,synthetic_gps
2026-05-13 08:31:13,45.7549377,21.2288675,9.61,gara_traian,tram,1,synthetic_gps
2026-05-13 08:31:14,45.75499,21.228783,6.62,gara_traian,tram,1,synthetic_gps
2026-05-13 08:31:15,45.7550508,21.2289015,14.62,gara_traian,tram,1,synthetic_gps
2026-05-13 08:31:16,45.7549512,21.228972,22.62,gara_traian,tram,1,synthetic_gps
2026-05-13 08:31:17,45.7550325,21.228932,24.08,gara_traian,tram,1,synthetic_gps
2026-05-13 08:31:18,45.7550138,21.2289495,16.08,gara_traian,tram,1,synthetic_gps
2026-05-13 08:31:19,45.7550423,21.2289227,24.08,gara_traian,tram,1,synthetic_gps
2026-05-13 08:31:20,45.7550355,21.2290066,26.15,gara_traian,tram,1,synthetic_gps
2026-05-13 08:31:21,45.7550538,21.2289667,18.15,gara_traian,tram,1,synthetic_gps
2026-05-13 08:31:22,45.7550971,21.2290153,23.63,gara_traian,tram,1,synthetic_gps
2026-05-13 08:31:23,45.755113,21.2289979,24.2,gara_traian,tram,1,synthetic_gps
2026-05-13 08:31:24,45.7550343,21.2289818,19.83,gara_traian,tram,1,synthetic_gps
2026-05-13 08:31:25,45.7550749,21.2290043,11.83,gara_traian,tram,1,synthetic_gps
2026-05-13 08:31:26,45.7551112,21.2289884,18.53,gara_traian,tram,1,synthetic_gps
2026-05-13 08:31:27,45.7549728,21.2290368,21.57,gara_traian,tram,1,synthetic_gps
2026-05-13 08:31:28,45.7551358,21.2290812,16.79,gara_traian,tram,1,synthetic_gps
2026-05-13 08:31:29,45.7550836,21.2291055,17.67,gara_traian,tram,1,synthetic_gps
2026-05-13 08:31:30,45.7550845,21.2290881,14.69,gara_traian,tram,1,synthetic_gps
2026-05-13 08:31:31,45.7551386,21.2291229,22.69,gara_traian,tram,1,synthetic_gps
2026-05-13 08:31:32,45.7550505,21.2291043,18.85,gara_traian,tram,1,synthetic_gps
2026-05-13 08:31:33,45.755184,21.2291163,10.85,gara_traian,tram,1,synthetic_gps
2026-05-13 08:31:34,45.7551095,21.2291118,18.85,gara_traian,tram,1,synthetic_gps
2026-05-13 08:31:35,45.7550429,21.2291789,21.39,gara_traian,tram,1,synthetic_gps
2026-05-13 08:31:36,45.755036,21.2291402,13.39,gara_traian,tram,1,synthetic_gps
2026-05-13 08:31:37,45.7550696,21.2290966,21.39,gara_traian,tram,1,synthetic_gps
2026-05-13 08:31:38,45.7550898,21.2291912,14.53,gara_traian,tram,1,synthetic_gps
2026-05-13 08:31:39,45.7551373,21.2292572,13.9,gara_traian,tram,1,synthetic_gps
2026-05-13 08:31:40,45.7551031,21.2291698,15.32,gara_traian,tram,1,synthetic_gps
2026-05-13 08:31:41,45.7551218,21.229219,17.85,gara_traian,tram,1,synthetic_gps
2026-05-13 08:31:42,45.7551814,21.2292512,9.85,gara_traian,tram,1,synthetic_gps
2026-05-13 08:31:43,45.7550806,21.22931,14.55,gara_traian,tram,1,synthetic_gps
2026-05-13 08:31:44,45.7550865,21.229242,11.19,gara_traian,tram,1,synthetic_gps
2026-05-13 08:31:45,45.7551484,21.2292973,19.19,gara_traian,tram,1,synthetic_gps
2026-05-13 08:31:46,45.7551174,21.2292699,13.9,gara_traian,tram,1,synthetic_gps
2026-05-13 08:31:47,45.7552117,21.2293306,8.75,gara_traian,tram,1,synthetic_gps
2026-05-13 08:31:48,45.7550994,21.2292519,5.25,gara_traian,tram,1,synthetic_gps
2026-05-13 08:31:49,45.7551547,21.2293125,13.25,gara_traian,tram,1,synthetic_gps
2026-05-13 08:31:50,45.7551675,21.2293927,16.41,gara_traian,tram,1,synthetic_gps
2026-05-13 08:31:51,45.7550809,21.2293504,14.67,gara_traian,tram,1,synthetic_gps
2026-05-13 08:31:52,45.7551313,21.2294177,13.03,gara_traian,tram,1,synthetic_gps
2026-05-13 08:31:53,45.7551805,21.2294099,21.03,gara_traian,tram,1,synthetic_gps
2026-05-13 08:31:54,45.755205,21.2293883,13.03,gara_traian,tram,1,synthetic_gps
2026-05-13 08:31:55,45.7551987,21.2294007,10.53,gara_traian,tram,1,synthetic_gps
2026-05-13 08:31:56,45.7552274,21.2294228,16.85,gara_traian,tram,1,synthetic_gps
2026-05-13 08:31:57,45.7552006,21.2294209,11.44,gara_traian,tram,1,synthetic_gps
2026-05-13 08:31:58,45.7551354,21.229475,17.68,gara_traian,tram,1,synthetic_gps
2026-05-13 08:31:59,45.7551272,21.2295184,15.46,gara_traian,tram,1,synthetic_gps
2026-05-13 08:32:00,45.7551324,21.2294387,7.46,gara_traian,tram,1,synthetic_gps
2026-05-13 08:32:01,45.7551229,21.2295912,0.38,gara_traian,tram,1,synthetic_gps
2026-05-13 08:32:02,45.7551003,21.2294924,1.42,gara_traian,tram,1,synthetic_gps
2026-05-13 08:32:03,45.7551425,21.2294964,1.47,gara_traian,tram,1,synthetic_gps
2026-05-13 08:32:04,45.7552205,21.229643,1.76,gara_traian,tram,1,synthetic_gps
2026-05-13 08:32:05,45.7552576,21.2294876,1.21,gara_traian,tram,1,synthetic_gps
2026-05-13 08:32:06,45.7551967,21.2294877,1.86,gara_traian,tram,1,synthetic_gps
2026-05-13 08:32:07,45.7551836,21.2296711,2.01,gara_traian,tram,1,synthetic_gps
2026-05-13 08:32:08,45.755126,21.229669,0.89,gara_traian,tram,1,synthetic_gps
2026-05-13 08:32:09,45.7552231,21.2296325,0.98,gara_traian,tram,1,synthetic_gps
2026-05-13 08:32:10,45.7552333,21.2297289,1.78,gara_traian,tram,1,synthetic_gps
2026-05-13 08:32:11,45.7551222,21.2296228,0.88,gara_traian,tram,1,synthetic_gps
2026-05-13 08:32:12,45.755204,21.2296382,0.18,gara_traian,tram,1,synthetic_gps
2026-05-13 08:32:13,45.755142,21.2296794,1.05,gara_traian,tram,1,synthetic_gps
2026-05-13 08:32:14,45.7552008,21.2297268,1.22,gara_traian,tram,1,synthetic_gps
2026-05-13 08:32:15,45.7552477,21.2297536,1.35,gara_traian,tram,1,synthetic_gps
2026-05-13 08:32:16,45.7552772,21.2297521,2.22,gara_traian,tram,1,synthetic_gps
2026-05-13 08:32:17,45.7552107,21.2297278,1.29,gara_traian,tram,1,synthetic_gps
2026-05-13 08:32:18,45.755269,21.2296879,9.29,gara_traian,tram,1,synthetic_gps
2026-05-13 08:32:19,45.755215,21.2297479,12.2,gara_traian,tram,1,synthetic_gps
2026-05-13 08:32:20,45.7552415,21.2297048,20.2,gara_traian,tram,1,synthetic_gps
2026-05-13 08:32:21,45.7551852,21.2297504,24.72,gara_traian,tram,1,synthetic_gps
2026-05-13 08:32:22,45.7551755,21.2298022,16.72,gara_traian,tram,1,synthetic_gps
2026-05-13 08:32:23,45.7552275,21.229808,10.19,gara_traian,tram,1,synthetic_gps
2026-05-13 08:32:24,45.7552332,21.2298347,3.23,gara_traian,tram,1,synthetic_gps
2026-05-13 08:32:25,45.7552509,21.2299078,7.03,gara_traian,tram,1,synthetic_gps
2026-05-13 08:32:26,45.7552768,21.2298512,11.93,gara_traian,tram,1,synthetic_gps
2026-05-13 08:32:27,45.7553223,21.2299676,19.93,gara_traian,tram,1,synthetic_gps
2026-05-13 08:32:28,45.7552431,21.2299354,16.5,gara_traian,tram,1,synthetic_gps
2026-05-13 08:32:29,45.7552081,21.2298549,8.5,gara_traian,tram,1,synthetic_gps
2026-05-13 08:32:30,45.7552105,21.2299129,16.5,gara_traian,tram,1,synthetic_gps
2026-05-13 08:32:31,45.7552284,21.229933,24.5,gara_traian,tram,1,synthetic_gps
2026-05-13 08:32:32,45.7552234,21.2299128,19.45,gara_traian,tram,1,synthetic_gps
2026-05-13 08:32:33,45.755239,21.2300265,15.72,gara_traian,tram,1,synthetic_gps
2026-05-13 08:32:34,45.7553682,21.2299381,15.88,gara_traian,tram,1,synthetic_gps
2026-05-13 08:32:35,45.7552687,21.2299664,14.14,gara_traian,tram,1,synthetic_gps
2026-05-13 08:32:36,45.7553003,21.229957,22.14,gara_traian,tram,1,synthetic_gps
2026-05-13 08:32:37,45.7553217,21.229968,19.7,gara_traian,tram,1,synthetic_gps
2026-05-13 08:32:38,45.7552972,21.2300424,11.7,gara_traian,tram,1,synthetic_gps
2026-05-13 08:32:39,45.7552505,21.2300352,18.9,gara_traian,tram,1,synthetic_gps
2026-05-13 08:32:40,45.7552459,21.2300998,10.9,gara_traian,tram,1,synthetic_gps
2026-05-13 08:32:41,45.7553681,21.2300628,18.9,gara_traian,tram,1,synthetic_gps
2026-05-13 08:32:42,45.7553036,21.2300963,19.88,gara_traian,tram,1,synthetic_gps
2026-05-13 08:32:43,45.7552756,21.2300377,11.88,gara_traian,tram,1,synthetic_gps
2026-05-13 08:32:44,45.7553302,21.2300147,18.78,gara_traian,tram,1,synthetic_gps
2026-05-13 08:32:45,45.7553907,21.2301548,21.4,gara_traian,tram,1,synthetic_gps
2026-05-13 08:32:46,45.7553105,21.2301832,19.2,gara_traian,tram,1,synthetic_gps
2026-05-13 08:32:47,45.7553257,21.2301251,25.99,gara_traian,tram,1,synthetic_gps
2026-05-13 08:32:48,45.7552844,21.2301469,17.99,gara_traian,tram,1,synthetic_gps
2026-05-13 08:32:49,45.7553498,21.2301443,18.12,gara_traian,tram,1,synthetic_gps
2026-05-13 08:32:50,45.7552731,21.230209,16.71,gara_traian,tram,1,synthetic_gps
2026-05-13 08:32:51,45.7553585,21.2301853,22.19,gara_traian,tram,1,synthetic_gps
2026-05-13 08:32:52,45.7552922,21.2302401,17.5,gara_traian,tram,1,synthetic_gps
2026-05-13 08:32:53,45.7553066,21.2302291,14.77,gara_traian,tram,1,synthetic_gps
2026-05-13 08:32:54,45.7553577,21.2302033,11.5,gara_traian,tram,1,synthetic_gps
2026-05-13 08:32:55,45.7553088,21.2303148,14.03,gara_traian,tram,1,synthetic_gps
2026-05-13 08:32:56,45.7553394,21.230234,9.88,gara_traian,tram,1,synthetic_gps
2026-05-13 08:32:57,45.7553172,21.230245,14.39,gara_traian,tram,1,synthetic_gps
2026-05-13 08:32:58,45.7553992,21.2303297,13.32,gara_traian,tram,1,synthetic_gps
2026-05-13 08:32:59,45.7553847,21.2303582,13.32,gara_traian,tram,1,synthetic_gps
2026-05-13 08:33:00,45.7553604,21.2303944,20.81,gara_traian,tram,1,synthetic_gps
2026-05-13 08:33:01,45.7554166,21.2303318,12.81,gara_traian,tram,1,synthetic_gps
2026-05-13 08:33:02,45.7553883,21.2303211,10.46,gara_traian,tram,1,synthetic_gps
2026-05-13 08:33:03,45.7553962,21.2303371,5.8,gara_traian,tram,1,synthetic_gps
2026-05-13 08:33:04,45.7553705,21.2303811,13.8,gara_traian,tram,1,synthetic_gps
2026-05-13 08:33:05,45.7553775,21.2304596,19.5,gara_traian,tram,1,synthetic_gps
2026-05-13 08:33:06,45.7552645,21.2303531,12.81,gara_traian,tram,1,synthetic_gps
2026-05-13 08:33:07,45.7554123,21.2304935,20.81,gara_traian,tram,1,synthetic_gps
2026-05-13 08:33:08,45.7554036,21.230456,14.21,gara_traian,tram,1,synthetic_gps
2026-05-13 08:33:09,45.7553079,21.2304607,18.12,gara_traian,tram,1,synthetic_gps
2026-05-13 08:33:10,45.7554332,21.2304973,13.15,gara_traian,tram,1,synthetic_gps
2026-05-13 08:33:11,45.7554137,21.230431,11.84,gara_traian,tram,1,synthetic_gps
2026-05-13 08:33:12,45.7554011,21.2304977,3.84,gara_traian,tram,1,synthetic_gps
2026-05-13 08:33:13,45.7554979,21.2305226,11.84,gara_traian,tram,1,synthetic_gps
2026-05-13 08:33:14,45.7554053,21.2305701,13.66,gara_traian,tram,1,synthetic_gps
2026-05-13 08:33:15,45.7553602,21.2305883,17.42,gara_traian,tram,1,synthetic_gps
2026-05-13 08:33:16,45.7553825,21.2305326,12.69,gara_traian,tram,1,synthetic_gps
2026-05-13 08:33:17,45.7554084,21.2305499,11.35,gara_traian,tram,1,synthetic_gps
2026-05-13 08:33:18,45.7553765,21.2305648,19.35,gara_traian,tram,1,synthetic_gps
2026-05-13 08:33:19,45.7554295,21.2305939,14.24,gara_traian,tram,1,synthetic_gps
2026-05-13 08:33:20,45.7553897,21.2305639,22.24,gara_traian,tram,1,synthetic_gps
2026-05-13 08:33:21,45.755524,21.2305693,29.21,gara_traian,tram,1,synthetic_gps
2026-05-13 08:33:22,45.7555149,21.2306586,21.21,gara_traian,tram,1,synthetic_gps
2026-05-13 08:33:23,45.7555187,21.2306408,13.21,gara_traian,tram,1,synthetic_gps
2026-05-13 08:33:24,45.7554623,21.2305795,13.23,gara_traian,tram,1,synthetic_gps
2026-05-13 08:33:25,45.7554335,21.2307085,15.4,gara_traian,tram,1,synthetic_gps
2026-05-13 08:33:26,45.7553943,21.2306844,21.28,gara_traian,tram,1,synthetic_gps
2026-05-13 08:33:27,45.7553986,21.2306709,13.28,gara_traian,tram,1,synthetic_gps
2026-05-13 08:33:28,45.7554997,21.2307923,13.15,gara_traian,tram,1,synthetic_gps
2026-05-13 08:33:29,45.7555001,21.2306333,16.86,gara_traian,tram,1,synthetic_gps
2026-05-13 08:33:30,45.7554577,21.2307625,23.28,gara_traian,tram,1,synthetic_gps
2026-05-13 08:33:31,45.7555181,21.2307256,15.28,gara_traian,tram,1,synthetic_gps
2026-05-13 08:33:32,45.7554477,21.2307854,7.28,gara_traian,tram,1,synthetic_gps
2026-05-13 08:33:33,45.7554568,21.2308257,12.51,gara_traian,tram,1,synthetic_gps
2026-05-13 08:33:34,45.7555575,21.2307832,14.02,gara_traian,tram,1,synthetic_gps
2026-05-13 08:33:35,45.7554541,21.2307805,16.8,gara_traian,tram,1,synthetic_gps
2026-05-13 08:33:36,45.7554706,21.2308465,11.64,gara_traian,tram,1,synthetic_gps
2026-05-13 08:33:37,45.7554722,21.2308606,19.64,gara_traian,tram,1,synthetic_gps
2026-05-13 08:33:38,45.7555187,21.230848,27.07,gara_traian,tram,1,synthetic_gps
2026-05-13 08:33:39,45.7553845,21.2309116,19.07,gara_traian,tram,1,synthetic_gps
2026-05-13 08:33:40,45.7556129,21.2309196,17.29,gara_traian,tram,1,synthetic_gps
2026-05-13 08:33:41,45.755484,21.2309334,11.64,gara_traian,tram,1,synthetic_gps
2026-05-13 08:33:42,45.755542,21.2309195,19.64,gara_traian,tram,1,synthetic_gps
2026-05-13 08:33:43,45.7555254,21.2309254,27.64,gara_traian,tram,1,synthetic_gps
2026-05-13 08:33:44,45.7555202,21.2308904,19.64,gara_traian,tram,1,synthetic_gps
2026-05-13 08:33:45,45.7554903,21.2309487,23.7,gara_traian,tram,1,synthetic_gps
2026-05-13 08:33:46,45.7555277,21.2309861,20.42,gara_traian,tram,1,synthetic_gps
2026-05-13 08:33:47,45.7555477,21.2309462,25.44,gara_traian,tram,1,synthetic_gps
2026-05-13 08:33:48,45.7555898,21.2309743,17.44,gara_traian,tram,1,synthetic_gps
2026-05-13 08:33:49,45.7555638,21.2311004,18.68,gara_traian,tram,1,synthetic_gps
2026-05-13 08:33:50,45.7555149,21.2310439,10.68,gara_traian,tram,1,synthetic_gps
2026-05-13 08:33:51,45.755503,21.2310163,17.32,gara_traian,tram,1,synthetic_gps
2026-05-13 08:33:52,45.7555217,21.231104,9.32,gara_traian,tram,1,synthetic_gps
2026-05-13 08:33:53,45.7555439,21.2310805,17.32,gara_traian,tram,1,synthetic_gps
2026-05-13 08:33:54,45.7555025,21.2310614,25.32,gara_traian,tram,1,synthetic_gps
2026-05-13 08:33:55,45.755581,21.2311995,17.32,gara_traian,tram,1,synthetic_gps
2026-05-13 08:33:56,45.7555352,21.231085,15.13,gara_traian,tram,1,synthetic_gps
2026-05-13 08:33:57,45.7555319,21.2310885,23.13,gara_traian,tram,1,synthetic_gps
2026-05-13 08:33:58,45.7555232,21.2310902,18.59,gara_traian,tram,1,synthetic_gps
2026-05-13 08:33:59,45.7555328,21.2311691,13.56,gara_traian,tram,1,synthetic_gps
2026-05-13 08:34:00,45.7555339,21.2311758,11.68,gara_traian,tram,1,synthetic_gps
2026-05-13 08:34:01,45.7555512,21.2311722,19.68,gara_traian,tram,1,synthetic_gps
2026-05-13 08:34:02,45.7555986,21.231151,11.68,gara_traian,tram,1,synthetic_gps
2026-05-13 08:34:03,45.7556777,21.2312364,19.68,gara_traian,tram,1,synthetic_gps
2026-05-13 08:34:04,45.7556368,21.231195,23.48,gara_traian,tram,1,synthetic_gps
2026-05-13 08:34:05,45.7556462,21.2312972,15.48,gara_traian,tram,1,synthetic_gps
2026-05-13 08:34:06,45.7555533,21.2312773,7.48,gara_traian,tram,1,synthetic_gps
2026-05-13 08:34:07,45.7556429,21.2313685,15.48,gara_traian,tram,1,synthetic_gps
2026-05-13 08:34:08,45.7556644,21.2312766,19.01,gara_traian,tram,1,synthetic_gps
2026-05-13 08:34:09,45.7556309,21.231262,11.01,gara_traian,tram,1,synthetic_gps
2026-05-13 08:34:10,45.7556531,21.2312791,19.01,gara_traian,tram,1,synthetic_gps
2026-05-13 08:34:11,45.7556258,21.2313542,11.01,gara_traian,tram,1,synthetic_gps
2026-05-13 08:34:12,45.7555895,21.2313981,9.5,gara_traian,tram,1,synthetic_gps
2026-05-13 08:34:13,45.7556611,21.2313479,8.92,gara_traian,tram,1,synthetic_gps
2026-05-13 08:34:14,45.7555912,21.2312994,16.92,gara_traian,tram,1,synthetic_gps
2026-05-13 08:34:15,45.755523,21.2313644,21.29,gara_traian,tram,1,synthetic_gps
2026-05-13 08:34:16,45.7556704,21.2313538,13.29,gara_traian,tram,1,synthetic_gps
2026-05-13 08:34:17,45.755606,21.2313926,17.82,gara_traian,tram,1,synthetic_gps
2026-05-13 08:34:18,45.7556415,21.2314477,25.82,gara_traian,tram,1,synthetic_gps
2026-05-13 08:34:19,45.755636,21.2314593,19.01,gara_traian,tram,1,synthetic_gps
2026-05-13 08:34:20,45.7556767,21.231437,20.99,gara_traian,tram,1,synthetic_gps
2026-05-13 08:34:21,45.7556521,21.2314008,17.48,gara_traian,tram,1,synthetic_gps
2026-05-13 08:34:22,45.7556071,21.2314837,16.21,gara_traian,tram,1,synthetic_gps
2026-05-13 08:34:23,45.7556821,21.2313971,8.21,gara_traian,tram,1,synthetic_gps
2026-05-13 08:34:24,45.7556072,21.2315637,16.21,gara_traian,tram,1,synthetic_gps
2026-05-13 08:34:25,45.755631,21.2315112,19.72,gara_traian,tram,1,synthetic_gps
2026-05-13 08:34:26,45.7556894,21.2315023,20.22,gara_traian,tram,1,synthetic_gps
2026-05-13 08:34:27,45.7556721,21.2315732,12.22,gara_traian,tram,1,synthetic_gps
2026-05-13 08:34:28,45.75569,21.23149,9.01,gara_traian,tram,1,synthetic_gps
2026-05-13 08:34:29,45.7556429,21.2316009,10.32,gara_traian,tram,1,synthetic_gps
2026-05-13 08:34:30,45.755653,21.2315521,13.94,gara_traian,tram,1,synthetic_gps
2026-05-13 08:34:31,45.7556189,21.231618,19.9,gara_traian,tram,1,synthetic_gps
2026-05-13 08:34:32,45.7557294,21.2316141,11.9,gara_traian,tram,1,synthetic_gps
2026-05-13 08:34:33,45.755699,21.2316313,10.56,gara_traian,tram,1,synthetic_gps
2026-05-13 08:34:34,45.7556806,21.2315923,18.56,gara_traian,tram,1,synthetic_gps
2026-05-13 08:34:35,45.755689,21.2315632,10.56,gara_traian,tram,1,synthetic_gps
2026-05-13 08:34:36,45.7556668,21.2317004,18.56,gara_traian,tram,1,synthetic_gps
2026-05-13 08:34:37,45.7556557,21.2316606,10.56,gara_traian,tram,1,synthetic_gps
2026-05-13 08:34:38,45.7555993,21.2316742,9.05,gara_traian,tram,1,synthetic_gps
2026-05-13 08:34:39,45.7556587,21.2316978,1.79,gara_traian,tram,1,synthetic_gps
2026-05-13 08:34:40,45.7557489,21.2316666,9.79,gara_traian,tram,1,synthetic_gps
2026-05-13 08:34:41,45.7556827,21.2316323,17.79,gara_traian,tram,1,synthetic_gps
2026-05-13 08:34:42,45.7556947,21.2316972,25.79,gara_traian,tram,1,synthetic_gps
2026-05-13 08:34:43,45.7557757,21.2317621,17.79,gara_traian,tram,1,synthetic_gps
2026-05-13 08:34:44,45.7556873,21.2318355,23.88,gara_traian,tram,1,synthetic_gps
2026-05-13 08:34:45,45.7556644,21.2317573,18.73,gara_traian,tram,1,synthetic_gps
2026-05-13 08:34:46,45.7557316,21.2318108,26.73,gara_traian,tram,1,synthetic_gps
2026-05-13 08:34:47,45.7556546,21.2318066,18.73,gara_traian,tram,1,synthetic_gps
2026-05-13 08:34:48,45.755632,21.2318665,25.34,gara_traian,tram,1,synthetic_gps
2026-05-13 08:34:49,45.7557538,21.2318541,18.46,gara_traian,tram,1,synthetic_gps
2026-05-13 08:34:50,45.7556829,21.2319089,19.48,gara_traian,tram,1,synthetic_gps
2026-05-13 08:34:51,45.7557171,21.2318945,16.19,gara_traian,tram,1,synthetic_gps
2026-05-13 08:34:52,45.7557968,21.2318855,24.19,gara_traian,tram,1,synthetic_gps
2026-05-13 08:34:53,45.7558094,21.2319466,16.19,gara_traian,tram,1,synthetic_gps
2026-05-13 08:34:54,45.7557462,21.2319932,9.44,gara_traian,tram,1,synthetic_gps
2026-05-13 08:34:55,45.7557773,21.2319845,9.06,gara_traian,tram,1,synthetic_gps
2026-05-13 08:34:56,45.7557313,21.2319124,17.06,gara_traian,tram,1,synthetic_gps
2026-05-13 08:34:57,45.7558151,21.2318388,9.06,gara_traian,tram,1,synthetic_gps
2026-05-13 08:34:58,45.7557009,21.232005,10.59,gara_traian,tram,1,synthetic_gps
2026-05-13 08:34:59,45.7557648,21.231997,18.59,gara_traian,tram,1,synthetic_gps
2026-05-13 08:35:00,45.7557247,21.2320267,10.59,gara_traian,tram,1,synthetic_gps
2026-05-13 08:35:01,45.7557505,21.2320415,2.59,gara_traian,tram,1,synthetic_gps
2026-05-13 08:35:02,45.7557894,21.2320863,0.05,gara_traian,tram,1,synthetic_gps
2026-05-13 08:35:03,45.7557744,21.2320363,1.96,gara_traian,tram,1,synthetic_gps
2026-05-13 08:35:04,45.7558121,21.2319729,1.12,gara_traian,tram,1,synthetic_gps
2026-05-13 08:35:05,45.7557522,21.2320999,0.55,gara_traian,tram,1,synthetic_gps
2026-05-13 08:35:06,45.7557533,21.2321246,1.06,gara_traian,tram,1,synthetic_gps
2026-05-13 08:35:07,45.7557725,21.23208,2.05,gara_traian,tram,1,synthetic_gps
2026-05-13 08:35:08,45.7557586,21.2320911,0.41,gara_traian,tram,1,synthetic_gps
2026-05-13 08:35:09,45.7558384,21.2321619,0.69,gara_traian,tram,1,synthetic_gps
2026-05-13 08:35:10,45.7558004,21.232104,1.19,gara_traian,tram,1,synthetic_gps
2026-05-13 08:35:11,45.7558753,21.2321496,2.11,gara_traian,tram,1,synthetic_gps
2026-05-13 08:35:12,45.7557966,21.2321963,0.85,gara_traian,tram,1,synthetic_gps
2026-05-13 08:35:13,45.7558551,21.2322417,1.22,gara_traian,tram,1,synthetic_gps
2026-05-13 08:35:14,45.7557748,21.2321956,0.56,gara_traian,tram,1,synthetic_gps
2026-05-13 08:35:15,45.7558358,21.2322259,0.99,gara_traian,tram,1,synthetic_gps
2026-05-13 08:35:16,45.7558031,21.2322615,2.41,gara_traian,tram,1,synthetic_gps
2026-05-13 08:35:17,45.7557445,21.2322554,1.16,gara_traian,tram,1,synthetic_gps
2026-05-13 08:35:18,45.7557444,21.2322575,9.16,gara_traian,tram,1,synthetic_gps
2026-05-13 08:35:19,45.7559303,21.2322915,16.31,gara_traian,tram,1,synthetic_gps
2026-05-13 08:35:20,45.7558151,21.2323275,8.31,gara_traian,tram,1,synthetic_gps
2026-05-13 08:35:21,45.7558075,21.2324423,16.31,gara_traian,tram,1,synthetic_gps
2026-05-13 08:35:22,45.7558471,21.2322643,8.31,gara_traian,tram,1,synthetic_gps
2026-05-13 08:35:23,45.7558537,21.2324252,12.82,gara_traian,tram,1,synthetic_gps
2026-05-13 08:35:24,45.7558385,21.232387,15.91,gara_traian,tram,1,synthetic_gps
2026-05-13 08:35:25,45.755845,21.2323298,23.91,gara_traian,tram,1,synthetic_gps
2026-05-13 08:35:26,45.7558411,21.2323085,16.42,gara_traian,tram,1,synthetic_gps
2026-05-13 08:35:27,45.7559045,21.2324475,11.09,gara_traian,tram,1,synthetic_gps
2026-05-13 08:35:28,45.7558922,21.2323932,18.94,gara_traian,tram,1,synthetic_gps
2026-05-13 08:35:29,45.7557995,21.2324245,13.56,gara_traian,tram,1,synthetic_gps
2026-05-13 08:35:30,45.7559416,21.2323611,19.39,gara_traian,tram,1,synthetic_gps
2026-05-13 08:35:31,45.7558644,21.232305,11.39,gara_traian,tram,1,synthetic_gps
2026-05-13 08:35:32,45.7558687,21.2324466,3.39,gara_traian,tram,1,synthetic_gps
2026-05-13 08:35:33,45.7558386,21.2325466,11.39,gara_traian,tram,1,synthetic_gps
2026-05-13 08:35:34,45.7558147,21.2324619,18.63,gara_traian,tram,1,synthetic_gps
2026-05-13 08:35:35,45.7558276,21.2324974,10.63,gara_traian,tram,1,synthetic_gps
2026-05-13 08:35:36,45.7558655,21.2324401,10.22,gara_traian,tram,1,synthetic_gps
2026-05-13 08:35:37,45.7559647,21.2324629,18.22,gara_traian,tram,1,synthetic_gps
2026-05-13 08:35:38,45.7559568,21.2324786,22.85,gara_traian,tram,1,synthetic_gps
2026-05-13 08:35:39,45.7558427,21.2325216,17.96,gara_traian,tram,1,synthetic_gps
2026-05-13 08:35:40,45.7559946,21.2326003,13.12,gara_traian,tram,1,synthetic_gps
2026-05-13 08:35:41,45.7558726,21.232563,5.12,gara_traian,tram,1,synthetic_gps
2026-05-13 08:35:42,45.7559347,21.2325402,13.12,gara_traian,tram,1,synthetic_gps
2026-05-13 08:35:43,45.7560394,21.2325643,16.48,gara_traian,tram,1,synthetic_gps
2026-05-13 08:35:44,45.7559229,21.2325831,10.44,gara_traian,tram,1,synthetic_gps
2026-05-13 08:35:45,45.7559338,21.232574,18.44,gara_traian,tram,1,synthetic_gps
2026-05-13 08:35:46,45.7559613,21.2326425,17.41,gara_traian,tram,1,synthetic_gps
2026-05-13 08:35:47,45.7559453,21.2326894,9.41,gara_traian,tram,1,synthetic_gps
2026-05-13 08:35:48,45.7559256,21.2326454,17.41,gara_traian,tram,1,synthetic_gps
2026-05-13 08:35:49,45.7559517,21.2326503,15.2,gara_traian,tram,1,synthetic_gps
2026-05-13 08:35:50,45.7560163,21.2326437,17.99,gara_traian,tram,1,synthetic_gps
2026-05-13 08:35:51,45.7560256,21.2326822,25.99,gara_traian,tram,1,synthetic_gps
2026-05-13 08:35:52,45.7559505,21.2327253,25.92,gara_traian,tram,1,synthetic_gps
2026-05-13 08:35:53,45.7559076,21.2327559,17.92,gara_traian,tram,1,synthetic_gps
2026-05-13 08:35:54,45.7559411,21.2328394,14.36,gara_traian,tram,1,synthetic_gps
2026-05-13 08:35:55,45.7559257,21.2328207,13.98,gara_traian,tram,1,synthetic_gps
2026-05-13 08:35:56,45.7559536,21.2328349,19.56,gara_traian,tram,1,synthetic_gps
2026-05-13 08:35:57,45.7559642,21.2328112,14.97,gara_traian,tram,1,synthetic_gps
2026-05-13 08:35:58,45.7559685,21.2327852,10.94,gara_traian,tram,1,synthetic_gps
2026-05-13 08:35:59,45.7560019,21.2327962,18.94,gara_traian,tram,1,synthetic_gps
2026-05-13 08:36:00,45.7559987,21.2328815,20.17,gara_traian,tram,1,synthetic_gps
2026-05-13 08:36:01,45.7560156,21.232797,16.95,gara_traian,tram,1,synthetic_gps
2026-05-13 08:36:02,45.7558669,21.2329482,24.95,gara_traian,tram,1,synthetic_gps
2026-05-13 08:36:03,45.7559393,21.2329217,21.49,gara_traian,tram,1,synthetic_gps
2026-05-13 08:36:04,45.7559538,21.2328947,18.44,gara_traian,tram,1,synthetic_gps
2026-05-13 08:36:05,45.7559938,21.2329867,15.14,gara_traian,tram,1,synthetic_gps
2026-05-13 08:36:06,45.756036,21.232927,23.14,gara_traian,tram,1,synthetic_gps
2026-05-13 08:36:07,45.7559435,21.2330027,17.9,gara_traian,tram,1,synthetic_gps
2026-05-13 08:36:08,45.7560425,21.2330093,9.9,gara_traian,tram,1,synthetic_gps
2026-05-13 08:36:09,45.7560177,21.2329106,11.07,gara_traian,tram,1,synthetic_gps
2026-05-13 08:36:10,45.7560072,21.2329047,19.07,gara_traian,tram,1,synthetic_gps
2026-05-13 08:36:11,45.7559868,21.2329692,24.27,gara_traian,tram,1,synthetic_gps
2026-05-13 08:36:12,45.7560406,21.2330129,16.27,gara_traian,tram,1,synthetic_gps
2026-05-13 08:36:13,45.7560129,21.2330132,8.27,gara_traian,tram,1,synthetic_gps
2026-05-13 08:36:14,45.7560474,21.2330271,16.27,gara_traian,tram,1,synthetic_gps
2026-05-13 08:36:15,45.7559976,21.2330008,15.36,gara_traian,tram,1,synthetic_gps
2026-05-13 08:36:16,45.7560476,21.233044,15.62,gara_traian,tram,1,synthetic_gps
2026-05-13 08:36:17,45.7560274,21.2330568,18.66,gara_traian,tram,1,synthetic_gps
2026-05-13 08:36:18,45.755925,21.2330679,26.66,gara_traian,tram,1,synthetic_gps
2026-05-13 08:36:19,45.756074,21.2330783,18.66,gara_traian,tram,1,synthetic_gps
2026-05-13 08:36:20,45.7559928,21.2330745,12.08,gara_traian,tram,1,synthetic_gps
2026-05-13 08:36:21,45.7561272,21.233156,20.08,gara_traian,tram,1,synthetic_gps
2026-05-13 08:36:22,45.7560236,21.2331372,12.97,gara_traian,tram,1,synthetic_gps
2026-05-13 08:36:23,45.7560521,21.2331582,10.09,gara_traian,tram,1,synthetic_gps
2026-05-13 08:36:24,45.7560296,21.2332075,18.09,gara_traian,tram,1,synthetic_gps
2026-05-13 08:36:25,45.7559928,21.233108,23.89,gara_traian,tram,1,synthetic_gps
2026-05-13 08:36:26,45.7560454,21.2331576,27.39,gara_traian,tram,1,synthetic_gps
2026-05-13 08:36:27,45.7561485,21.2332348,19.39,gara_traian,tram,1,synthetic_gps
2026-05-13 08:36:28,45.7560052,21.2332456,14.63,gara_traian,tram,1,synthetic_gps
2026-05-13 08:36:29,45.7560877,21.2333143,21.39,gara_traian,tram,1,synthetic_gps
2026-05-13 08:36:30,45.7560862,21.233161,17.26,gara_traian,tram,1,synthetic_gps
2026-05-13 08:36:31,45.7561059,21.2331557,13.28,gara_traian,tram,1,synthetic_gps
2026-05-13 08:36:32,45.7560532,21.2332782,11.47,gara_traian,tram,1,synthetic_gps
2026-05-13 08:36:33,45.7560293,21.2332314,11.54,gara_traian,tram,1,synthetic_gps
2026-05-13 08:36:34,45.7560717,21.2332706,7.17,gara_traian,tram,1,synthetic_gps
2026-05-13 08:36:35,45.7561111,21.2333308,5.07,gara_traian,tram,1,synthetic_gps
2026-05-13 08:36:36,45.7561233,21.2333601,12.58,gara_traian,tram,1,synthetic_gps
2026-05-13 08:36:37,45.7561153,21.2333324,17.59,gara_traian,tram,1,synthetic_gps
2026-05-13 08:36:38,45.7559887,21.233314,9.59,gara_traian,tram,1,synthetic_gps
2026-05-13 08:36:39,45.7561279,21.2334769,17.59,gara_traian,tram,1,synthetic_gps
2026-05-13 08:36:40,45.756182,21.2334362,12.43,gara_traian,tram,1,synthetic_gps
2026-05-13 08:36:41,45.7560186,21.2334366,20.43,gara_traian,tram,1,synthetic_gps
2026-05-13 08:36:42,45.7560957,21.2333618,17.31,gara_traian,tram,1,synthetic_gps
2026-05-13 08:36:43,45.7560482,21.2333904,22.36,gara_traian,tram,1,synthetic_gps
2026-05-13 08:36:44,45.7561955,21.2334204,14.55,gara_traian,tram,1,synthetic_gps
2026-05-13 08:36:45,45.7561747,21.2334414,6.55,gara_traian,tram,1,synthetic_gps
2026-05-13 08:36:46,45.7561837,21.2334791,14.55,gara_traian,tram,1,synthetic_gps
2026-05-13 08:36:47,45.7561095,21.2334058,14.61,gara_traian,tram,1,synthetic_gps
2026-05-13 08:36:48,45.7560911,21.2335172,20.47,gara_traian,tram,1,synthetic_gps
2026-05-13 08:36:49,45.7561736,21.2334104,12.47,gara_traian,tram,1,synthetic_gps
2026-05-13 08:36:50,45.756216,21.2334095,14.31,gara_traian,tram,1,synthetic_gps
2026-05-13 08:36:51,45.7560661,21.2335459,6.31,gara_traian,tram,1,synthetic_gps
2026-05-13 08:36:52,45.7561884,21.2335368,14.31,gara_traian,tram,1,synthetic_gps
2026-05-13 08:36:53,45.7560516,21.2336101,8.03,gara_traian,tram,1,synthetic_gps
2026-05-13 08:36:54,45.7561977,21.2335268,6.49,gara_traian,tram,1,synthetic_gps
2026-05-13 08:36:55,45.7561281,21.2336268,14.49,gara_traian,tram,1,synthetic_gps
2026-05-13 08:36:56,45.7561672,21.2335477,6.49,gara_traian,tram,1,synthetic_gps
2026-05-13 08:36:57,45.7561544,21.2335745,14.49,gara_traian,tram,1,synthetic_gps
2026-05-13 08:36:58,45.7561878,21.2335584,16.5,gara_traian,tram,1,synthetic_gps
2026-05-13 08:36:59,45.7561376,21.2336128,8.5,gara_traian,tram,1,synthetic_gps
2026-05-13 08:37:00,45.7561948,21.2336872,2.16,gara_traian,tram,1,synthetic_gps
2026-05-13 08:37:01,45.7562054,21.2336637,7.49,gara_traian,tram,1,synthetic_gps
2026-05-13 08:37:02,45.7562554,21.2337213,15.49,gara_traian,tram,1,synthetic_gps
2026-05-13 08:37:03,45.7561418,21.2337709,11.54,gara_traian,tram,1,synthetic_gps
2026-05-13 08:37:04,45.7561695,21.2336912,17.67,gara_traian,tram,1,synthetic_gps
2026-05-13 08:37:05,45.7561672,21.233763,16.69,gara_traian,tram,1,synthetic_gps
2026-05-13 08:37:06,45.756205,21.2337329,8.69,gara_traian,tram,1,synthetic_gps
2026-05-13 08:37:07,45.7562472,21.2337718,16.69,gara_traian,tram,1,synthetic_gps
2026-05-13 08:37:08,45.7561356,21.2337675,17.71,gara_traian,tram,1,synthetic_gps
2026-05-13 08:37:09,45.7561307,21.2337597,14.82,gara_traian,tram,1,synthetic_gps
2026-05-13 08:37:10,45.7561636,21.2338208,6.82,gara_traian,tram,1,synthetic_gps
2026-05-13 08:37:11,45.756164,21.233847,14.82,gara_traian,tram,1,synthetic_gps
2026-05-13 08:37:12,45.7562564,21.23374,10.81,gara_traian,tram,1,synthetic_gps
2026-05-13 08:37:13,45.7562883,21.233892,11.31,gara_traian,tram,1,synthetic_gps
2026-05-13 08:37:14,45.7562415,21.2338133,15.41,gara_traian,tram,1,synthetic_gps
2026-05-13 08:37:15,45.756211,21.2338339,10.8,gara_traian,tram,1,synthetic_gps
2026-05-13 08:37:16,45.7562897,21.233887,11.62,gara_traian,tram,1,synthetic_gps
2026-05-13 08:37:17,45.7562813,21.2339033,19.62,gara_traian,tram,1,synthetic_gps
2026-05-13 08:37:18,45.7562173,21.2339186,24.28,gara_traian,tram,1,synthetic_gps
2026-05-13 08:37:19,45.7561974,21.2339635,16.28,gara_traian,tram,1,synthetic_gps
2026-05-13 08:37:20,45.7562739,21.2338577,8.28,gara_traian,tram,1,synthetic_gps
2026-05-13 08:37:21,45.7562786,21.2339718,16.28,gara_traian,tram,1,synthetic_gps
2026-05-13 08:37:22,45.756331,21.233992,10.71,gara_traian,tram,1,synthetic_gps
2026-05-13 08:37:23,45.7563224,21.2340792,18.31,gara_traian,tram,1,synthetic_gps
2026-05-13 08:37:24,45.756237,21.2339702,21.8,gara_traian,tram,1,synthetic_gps
2026-05-13 08:37:25,45.7562572,21.2339506,25.73,gara_traian,tram,1,synthetic_gps
2026-05-13 08:37:26,45.75628,21.2339928,23.48,gara_traian,tram,1,synthetic_gps
2026-05-13 08:37:27,45.7562624,21.2340922,20.14,gara_traian,tram,1,synthetic_gps
2026-05-13 08:37:28,45.756286,21.2340762,17.9,gara_traian,tram,1,synthetic_gps
2026-05-13 08:37:29,45.7562718,21.2340312,18.6,gara_traian,tram,1,synthetic_gps
2026-05-13 08:37:30,45.7562513,21.2340954,22.64,gara_traian,tram,1,synthetic_gps
2026-05-13 08:37:31,45.7562189,21.234061,18.53,gara_traian,tram,1,synthetic_gps
2026-05-13 08:37:32,45.7563529,21.2341319,19.23,gara_traian,tram,1,synthetic_gps
2026-05-13 08:37:33,45.756257,21.23419,24.0,gara_traian,tram,1,synthetic_gps
2026-05-13 08:37:34,45.756284,21.2341126,21.54,gara_traian,tram,1,synthetic_gps
2026-05-13 08:37:35,45.7563236,21.2341527,13.54,gara_traian,tram,1,synthetic_gps
2026-05-13 08:37:36,45.7563082,21.2341912,12.09,gara_traian,tram,1,synthetic_gps
2026-05-13 08:37:37,45.7563355,21.2342234,20.09,gara_traian,tram,1,synthetic_gps
2026-05-13 08:37:38,45.7563138,21.2341307,14.13,gara_traian,tram,1,synthetic_gps
2026-05-13 08:37:39,45.7563255,21.2343412,6.13,gara_traian,tram,1,synthetic_gps
2026-05-13 08:37:40,45.7563251,21.2341625,4.83,gara_traian,tram,1,synthetic_gps
2026-05-13 08:37:41,45.7562907,21.2341783,12.83,gara_traian,tram,1,synthetic_gps
2026-05-13 08:37:42,45.7562901,21.2342397,8.42,gara_traian,tram,1,synthetic_gps
2026-05-13 08:37:43,45.756348,21.2342861,16.42,gara_traian,tram,1,synthetic_gps
2026-05-13 08:37:44,45.7562668,21.2343449,22.08,gara_traian,tram,1,synthetic_gps
2026-05-13 08:37:45,45.7562421,21.2342483,14.08,gara_traian,tram,1,synthetic_gps
2026-05-13 08:37:46,45.7563324,21.2343836,22.08,gara_traian,tram,1,synthetic_gps
2026-05-13 08:37:47,45.7562916,21.2343233,14.64,gara_traian,tram,1,synthetic_gps
2026-05-13 08:37:48,45.7562969,21.2343769,14.82,gara_traian,tram,1,synthetic_gps
2026-05-13 08:37:49,45.7562991,21.2343253,18.34,gara_traian,tram,1,synthetic_gps
2026-05-13 08:37:50,45.7563381,21.2343451,23.37,gara_traian,tram,1,synthetic_gps
2026-05-13 08:37:51,45.7563925,21.2344336,20.74,gara_traian,tram,1,synthetic_gps
2026-05-13 08:37:52,45.7563882,21.2343462,19.39,gara_traian,tram,1,synthetic_gps
2026-05-13 08:37:53,45.756377,21.2343861,12.63,gara_traian,tram,1,synthetic_gps
2026-05-13 08:37:54,45.7562145,21.2345089,15.13,gara_traian,tram,1,synthetic_gps
2026-05-13 08:37:55,45.7563666,21.2344361,7.13,gara_traian,tram,1,synthetic_gps
2026-05-13 08:37:56,45.7562816,21.234447,15.13,gara_traian,tram,1,synthetic_gps
2026-05-13 08:37:57,45.7563774,21.2343992,18.89,gara_traian,tram,1,synthetic_gps
2026-05-13 08:37:58,45.7563434,21.234507,15.53,gara_traian,tram,1,synthetic_gps
2026-05-13 08:37:59,45.7563507,21.2345312,9.33,gara_traian,tram,1,synthetic_gps
2026-05-13 08:38:00,45.7563553,21.234508,1.66,gara_traian,tram,1,synthetic_gps
2026-05-13 08:38:01,45.7563982,21.2344823,0.0,gara_traian,tram,1,synthetic_gps
2026-05-13 08:38:02,45.7563662,21.2344922,1.93,gara_traian,tram,1,synthetic_gps
2026-05-13 08:38:03,45.7563689,21.2345649,1.54,gara_traian,tram,1,synthetic_gps
2026-05-13 08:38:04,45.7563769,21.2345448,0.9,gara_traian,tram,1,synthetic_gps
2026-05-13 08:38:05,45.7562897,21.2346196,2.06,gara_traian,tram,1,synthetic_gps
2026-05-13 08:38:06,45.7564449,21.2346388,2.39,gara_traian,tram,1,synthetic_gps
2026-05-13 08:38:07,45.7564896,21.2346265,1.09,gara_traian,tram,1,synthetic_gps
2026-05-13 08:38:08,45.7564647,21.2346605,0.98,gara_traian,tram,1,synthetic_gps
2026-05-13 08:38:09,45.7564433,21.2345934,1.26,gara_traian,tram,1,synthetic_gps
2026-05-13 08:38:10,45.7564253,21.2346772,0.78,gara_traian,tram,1,synthetic_gps
2026-05-13 08:38:11,45.7563732,21.2346303,0.98,gara_traian,tram,1,synthetic_gps
2026-05-13 08:38:12,45.7564196,21.234649,1.21,gara_traian,tram,1,synthetic_gps
2026-05-13 08:38:13,45.7564218,21.2346595,1.05,gara_traian,tram,1,synthetic_gps
2026-05-13 08:38:14,45.7564532,21.2347516,1.83,gara_traian,tram,1,synthetic_gps
2026-05-13 08:38:15,45.7564446,21.2347872,1.21,gara_traian,tram,1,synthetic_gps
2026-05-13 08:38:16,45.7564391,21.2347258,1.07,gara_traian,tram,1,synthetic_gps
2026-05-13 08:38:17,45.7564432,21.2346315,1.19,gara_traian,tram,1,synthetic_gps
2026-05-13 08:38:18,45.75638,21.2347443,9.19,gara_traian,tram,1,synthetic_gps
2026-05-13 08:38:19,45.7564898,21.234738,4.5,gara_traian,tram,1,synthetic_gps
2026-05-13 08:38:20,45.756431,21.2348326,4.48,gara_traian,tram,1,synthetic_gps
2026-05-13 08:38:21,45.7563953,21.2347647,12.48,gara_traian,tram,1,synthetic_gps
2026-05-13 08:38:22,45.7564384,21.2347849,17.0,gara_traian,tram,1,synthetic_gps
2026-05-13 08:38:23,45.7565125,21.2348449,11.38,gara_traian,tram,1,synthetic_gps
2026-05-13 08:38:24,45.7564462,21.2347929,3.38,gara_traian,tram,1,synthetic_gps
2026-05-13 08:38:25,45.7564287,21.2349006,10.06,gara_traian,tram,1,synthetic_gps
2026-05-13 08:38:26,45.7564694,21.2348493,18.06,gara_traian,tram,1,synthetic_gps
2026-05-13 08:38:27,45.7564793,21.2348914,20.48,gara_traian,tram,1,synthetic_gps
2026-05-13 08:38:28,45.7564222,21.234941,12.48,gara_traian,tram,1,synthetic_gps
2026-05-13 08:38:29,45.7565097,21.2349615,20.48,gara_traian,tram,1,synthetic_gps
2026-05-13 08:38:30,45.756446,21.2348872,16.48,gara_traian,tram,1,synthetic_gps
2026-05-13 08:38:31,45.7565222,21.2348913,19.05,gara_traian,tram,1,synthetic_gps
2026-05-13 08:38:32,45.7564251,21.2349833,16.71,gara_traian,tram,1,synthetic_gps
2026-05-13 08:38:33,45.7565585,21.2349735,22.69,gara_traian,tram,1,synthetic_gps
2026-05-13 08:38:34,45.7564168,21.2349568,14.69,gara_traian,tram,1,synthetic_gps
2026-05-13 08:38:35,45.7564675,21.2349687,6.69,gara_traian,tram,1,synthetic_gps
2026-05-13 08:38:36,45.7565138,21.2349764,12.29,gara_traian,tram,1,synthetic_gps
2026-05-13 08:38:37,45.7564561,21.235011,20.29,gara_traian,tram,1,synthetic_gps
2026-05-13 08:38:38,45.7565294,21.2349871,12.29,gara_traian,tram,1,synthetic_gps
2026-05-13 08:38:39,45.7564538,21.2349833,20.29,gara_traian,tram,1,synthetic_gps
2026-05-13 08:38:40,45.756474,21.23509,16.21,gara_traian,tram,1,synthetic_gps
2026-05-13 08:38:41,45.7565718,21.2350733,24.21,gara_traian,tram,1,synthetic_gps
2026-05-13 08:38:42,45.7565693,21.2351094,18.44,gara_traian,tram,1,synthetic_gps
2026-05-13 08:38:43,45.7565097,21.2350991,15.5,gara_traian,tram,1,synthetic_gps
2026-05-13 08:38:44,45.7564974,21.2351979,17.67,gara_traian,tram,1,synthetic_gps
2026-05-13 08:38:45,45.7565097,21.2350671,11.85,gara_traian,tram,1,synthetic_gps
2026-05-13 08:38:46,45.7565095,21.2351105,8.36,gara_traian,tram,1,synthetic_gps
2026-05-13 08:38:47,45.7565197,21.2351763,16.21,gara_traian,tram,1,synthetic_gps
2026-05-13 08:38:48,45.7565507,21.2351068,12.91,gara_traian,tram,1,synthetic_gps
2026-05-13 08:38:49,45.7565551,21.2351625,19.07,gara_traian,tram,1,synthetic_gps
2026-05-13 08:38:50,45.7564163,21.2352144,20.83,gara_traian,tram,1,synthetic_gps
2026-05-13 08:38:51,45.7565643,21.2352279,15.28,gara_traian,tram,1,synthetic_gps
2026-05-13 08:38:52,45.7566068,21.2351724,14.7,gara_traian,tram,1,synthetic_gps
2026-05-13 08:38:53,45.756512,21.235202,6.7,gara_traian,tram,1,synthetic_gps
2026-05-13 08:38:54,45.7564948,21.2352628,11.32,gara_traian,tram,1,synthetic_gps
2026-05-13 08:38:55,45.7565467,21.2352702,17.39,gara_traian,tram,1,synthetic_gps
2026-05-13 08:38:56,45.7565468,21.2352809,9.39,gara_traian,tram,1,synthetic_gps
2026-05-13 08:38:57,45.7565553,21.2352795,11.28,gara_traian,tram,1,synthetic_gps
2026-05-13 08:38:58,45.7565712,21.2352863,13.04,gara_traian,tram,1,synthetic_gps
2026-05-13 08:38:59,45.7565806,21.235333,8.64,gara_traian,tram,1,synthetic_gps
2026-05-13 08:39:00,45.7565695,21.2353022,8.73,gara_traian,tram,1,synthetic_gps
2026-05-13 08:39:01,45.7566796,21.2352611,13.82,gara_traian,tram,1,synthetic_gps
2026-05-13 08:39:02,45.7565557,21.2353922,13.8,gara_traian,tram,1,synthetic_gps
2026-05-13 08:39:03,45.7565885,21.2353159,15.03,gara_traian,tram,1,synthetic_gps
2026-05-13 08:39:04,45.756615,21.2353666,23.03,gara_traian,tram,1,synthetic_gps
2026-05-13 08:39:05,45.7566471,21.235402,18.07,gara_traian,tram,1,synthetic_gps
2026-05-13 08:39:06,45.7566546,21.2353916,19.14,gara_traian,tram,1,synthetic_gps
2026-05-13 08:39:07,45.756615,21.2354473,25.05,gara_traian,tram,1,synthetic_gps
2026-05-13 08:39:08,45.7565996,21.2354522,18.65,gara_traian,tram,1,synthetic_gps
2026-05-13 08:39:09,45.7566231,21.2354763,10.65,gara_traian,tram,1,synthetic_gps
2026-05-13 08:39:10,45.7566057,21.2354832,16.62,gara_traian,tram,1,synthetic_gps
2026-05-13 08:39:11,45.7566466,21.2354892,15.38,gara_traian,tram,1,synthetic_gps
2026-05-13 08:39:12,45.7566019,21.2355073,13.57,gara_traian,tram,1,synthetic_gps
2026-05-13 08:39:13,45.7565799,21.2355279,17.44,gara_traian,tram,1,synthetic_gps
2026-05-13 08:39:14,45.7566572,21.2354986,19.48,gara_traian,tram,1,synthetic_gps
2026-05-13 08:39:15,45.7565638,21.2354954,20.99,gara_traian,tram,1,synthetic_gps
2026-05-13 08:39:16,45.7565853,21.2355486,12.99,gara_traian,tram,1,synthetic_gps
2026-05-13 08:39:17,45.7565938,21.2355758,19.43,gara_traian,tram,1,synthetic_gps
2026-05-13 08:39:18,45.7566418,21.2355294,20.21,gara_traian,tram,1,synthetic_gps
2026-05-13 08:39:19,45.7565775,21.2355901,12.21,gara_traian,tram,1,synthetic_gps
2026-05-13 08:39:20,45.7566069,21.2355639,20.21,gara_traian,tram,1,synthetic_gps
2026-05-13 08:39:21,45.7566368,21.2356218,12.21,gara_traian,tram,1,synthetic_gps
2026-05-13 08:39:22,45.7565843,21.2356359,17.52,gara_traian,tram,1,synthetic_gps
2026-05-13 08:39:23,45.7566114,21.2355918,9.52,gara_traian,tram,1,synthetic_gps
2026-05-13 08:39:24,45.756608,21.2356866,14.17,gara_traian,tram,1,synthetic_gps
2026-05-13 08:39:25,45.7566204,21.235741,6.17,gara_traian,tram,1,synthetic_gps
2026-05-13 08:39:26,45.756737,21.2357075,13.92,gara_traian,tram,1,synthetic_gps
2026-05-13 08:39:27,45.7566919,21.2356936,14.77,gara_traian,tram,1,synthetic_gps
2026-05-13 08:39:28,45.7566879,21.2357067,12.63,gara_traian,tram,1,synthetic_gps
2026-05-13 08:39:29,45.7566638,21.2357395,7.09,gara_traian,tram,1,synthetic_gps
2026-05-13 08:39:30,45.7566983,21.2357428,14.86,gara_traian,tram,1,synthetic_gps
2026-05-13 08:39:31,45.7566509,21.2357723,22.86,gara_traian,tram,1,synthetic_gps
2026-05-13 08:39:32,45.7566813,21.2357463,14.86,gara_traian,tram,1,synthetic_gps
2026-05-13 08:39:33,45.7565772,21.2358267,16.67,gara_traian,tram,1,synthetic_gps
2026-05-13 08:39:34,45.7566913,21.2357557,22.27,gara_traian,tram,1,synthetic_gps
2026-05-13 08:39:35,45.7566993,21.2357442,14.27,gara_traian,tram,1,synthetic_gps
2026-05-13 08:39:36,45.7565862,21.2358196,12.47,gara_traian,tram,1,synthetic_gps
2026-05-13 08:39:37,45.7566825,21.2357692,15.62,gara_traian,tram,1,synthetic_gps
2026-05-13 08:39:38,45.7566617,21.2358105,16.45,gara_traian,tram,1,synthetic_gps
2026-05-13 08:39:39,45.756701,21.2357439,19.0,gara_traian,tram,1,synthetic_gps
2026-05-13 08:39:40,45.7566899,21.2358262,18.07,gara_traian,tram,1,synthetic_gps
2026-05-13 08:39:41,45.7566111,21.2358695,10.07,gara_traian,tram,1,synthetic_gps
2026-05-13 08:39:42,45.756719,21.2358544,18.07,gara_traian,tram,1,synthetic_gps
2026-05-13 08:39:43,45.7566377,21.2358515,10.07,gara_traian,tram,1,synthetic_gps
2026-05-13 08:39:44,45.7567725,21.2358992,17.82,gara_traian,tram,1,synthetic_gps
2026-05-13 08:39:45,45.756742,21.2358633,16.28,gara_traian,tram,1,synthetic_gps
2026-05-13 08:39:46,45.7567413,21.2359429,15.79,gara_traian,tram,1,synthetic_gps
2026-05-13 08:39:47,45.7567263,21.2359981,23.79,gara_traian,tram,1,synthetic_gps
2026-05-13 08:39:48,45.7566858,21.2360506,15.79,gara_traian,tram,1,synthetic_gps
2026-05-13 08:39:49,45.7567428,21.2360317,7.79,gara_traian,tram,1,synthetic_gps
2026-05-13 08:39:50,45.7566024,21.2359772,12.04,gara_traian,tram,1,synthetic_gps
2026-05-13 08:39:51,45.7566381,21.2360199,20.04,gara_traian,tram,1,synthetic_gps
2026-05-13 08:39:52,45.7567752,21.2360193,12.04,gara_traian,tram,1,synthetic_gps
2026-05-13 08:39:53,45.7566444,21.2360299,4.13,gara_traian,tram,1,synthetic_gps
2026-05-13 08:39:54,45.7566749,21.2360247,8.22,gara_traian,tram,1,synthetic_gps
2026-05-13 08:39:55,45.7567601,21.236101,16.22,gara_traian,tram,1,synthetic_gps
2026-05-13 08:39:56,45.7567383,21.2360864,14.64,gara_traian,tram,1,synthetic_gps
2026-05-13 08:39:57,45.7567457,21.2360524,6.64,gara_traian,tram,1,synthetic_gps
2026-05-13 08:39:58,45.7567305,21.2360678,14.16,gara_traian,tram,1,synthetic_gps
2026-05-13 08:39:59,45.7567619,21.2361395,10.78,gara_traian,tram,1,synthetic_gps
2026-05-13 08:40:00,45.7567873,21.2361487,4.22,gara_traian,tram,1,synthetic_gps
2026-05-13 08:40:01,45.7567573,21.2361603,12.22,gara_traian,tram,1,synthetic_gps
2026-05-13 08:40:02,45.756823,21.2361082,17.45,gara_traian,tram,1,synthetic_gps
2026-05-13 08:40:03,45.7567409,21.2361652,19.6,gara_traian,tram,1,synthetic_gps
2026-05-13 08:40:04,45.7568014,21.2361241,18.09,gara_traian,tram,1,synthetic_gps
2026-05-13 08:40:05,45.7567708,21.2361683,10.09,gara_traian,tram,1,synthetic_gps
2026-05-13 08:40:06,45.7567188,21.2362487,18.09,gara_traian,tram,1,synthetic_gps
2026-05-13 08:40:07,45.756782,21.2362468,16.59,gara_traian,tram,1,synthetic_gps
2026-05-13 08:40:08,45.7568023,21.2362866,11.29,gara_traian,tram,1,synthetic_gps
2026-05-13 08:40:09,45.7567952,21.236195,8.59,gara_traian,tram,1,synthetic_gps
2026-05-13 08:40:10,45.756788,21.2363417,1.16,gara_traian,tram,1,synthetic_gps
2026-05-13 08:40:11,45.756812,21.2362978,9.16,gara_traian,tram,1,synthetic_gps
2026-05-13 08:40:12,45.7568093,21.2362479,17.16,gara_traian,tram,1,synthetic_gps
2026-05-13 08:40:13,45.7567379,21.2363642,22.31,gara_traian,tram,1,synthetic_gps
2026-05-13 08:40:14,45.7567568,21.2363217,14.31,gara_traian,tram,1,synthetic_gps
2026-05-13 08:40:15,45.756751,21.2362943,10.61,gara_traian,tram,1,synthetic_gps
2026-05-13 08:40:16,45.7567748,21.2363929,15.96,gara_traian,tram,1,synthetic_gps
2026-05-13 08:40:17,45.7567616,21.2363688,23.52,gara_traian,tram,1,synthetic_gps
2026-05-13 08:40:18,45.7568971,21.2363669,15.52,gara_traian,tram,1,synthetic_gps
2026-05-13 08:40:19,45.7567963,21.2363936,16.44,gara_traian,tram,1,synthetic_gps
2026-05-13 08:40:20,45.7568459,21.236377,24.44,gara_traian,tram,1,synthetic_gps
2026-05-13 08:40:21,45.7568559,21.2364846,30.13,gara_traian,tram,1,synthetic_gps
2026-05-13 08:40:22,45.7567933,21.2364933,22.13,gara_traian,tram,1,synthetic_gps
2026-05-13 08:40:23,45.7568864,21.236437,20.66,gara_traian,tram,1,synthetic_gps
2026-05-13 08:40:24,45.7568836,21.236427,14.23,gara_traian,tram,1,synthetic_gps
2026-05-13 08:40:25,45.7567012,21.2365409,22.23,gara_traian,tram,1,synthetic_gps
2026-05-13 08:40:26,45.756803,21.2364162,14.23,gara_traian,tram,1,synthetic_gps
2026-05-13 08:40:27,45.7568045,21.2364551,22.23,gara_traian,tram,1,synthetic_gps
2026-05-13 08:40:28,45.7568275,21.2365219,15.64,gara_traian,tram,1,synthetic_gps
2026-05-13 08:40:29,45.7568122,21.2364269,21.64,gara_traian,tram,1,synthetic_gps
2026-05-13 08:40:30,45.7568621,21.2365077,24.11,gara_traian,tram,1,synthetic_gps
2026-05-13 08:40:31,45.7568842,21.2365574,18.96,gara_traian,tram,1,synthetic_gps
2026-05-13 08:40:32,45.7568978,21.2364749,25.63,gara_traian,tram,1,synthetic_gps
2026-05-13 08:40:33,45.7568642,21.2364919,21.93,gara_traian,tram,1,synthetic_gps
2026-05-13 08:40:34,45.7568303,21.2364959,13.93,gara_traian,tram,1,synthetic_gps
2026-05-13 08:40:35,45.7568095,21.2365447,13.65,gara_traian,tram,1,synthetic_gps
2026-05-13 08:40:36,45.7568138,21.2365929,11.83,gara_traian,tram,1,synthetic_gps
2026-05-13 08:40:37,45.7568961,21.2365893,3.83,gara_traian,tram,1,synthetic_gps
2026-05-13 08:40:38,45.7568205,21.2366411,0.0,gara_traian,tram,1,synthetic_gps
2026-05-13 08:40:39,45.7568802,21.2366392,8.0,gara_traian,tram,1,synthetic_gps
2026-05-13 08:40:40,45.7568493,21.2366846,12.09,gara_traian,tram,1,synthetic_gps
2026-05-13 08:40:41,45.7569136,21.2367103,20.09,gara_traian,tram,1,synthetic_gps
2026-05-13 08:40:42,45.7568416,21.2366961,12.09,gara_traian,tram,1,synthetic_gps
2026-05-13 08:40:43,45.75693,21.2367145,13.39,gara_traian,tram,1,synthetic_gps
2026-05-13 08:40:44,45.7568098,21.2367172,16.5,gara_traian,tram,1,synthetic_gps
2026-05-13 08:40:45,45.7568846,21.2367385,8.5,gara_traian,tram,1,synthetic_gps
2026-05-13 08:40:46,45.7568609,21.2367613,15.0,gara_traian,tram,1,synthetic_gps
2026-05-13 08:40:47,45.7568562,21.2367174,10.08,gara_traian,tram,1,synthetic_gps
2026-05-13 08:40:48,45.7568564,21.2367152,18.08,gara_traian,tram,1,synthetic_gps
2026-05-13 08:40:49,45.7569193,21.2368414,18.34,gara_traian,tram,1,synthetic_gps
2026-05-13 08:40:50,45.7569809,21.2368521,17.23,gara_traian,tram,1,synthetic_gps
2026-05-13 08:40:51,45.7568598,21.2367435,10.71,gara_traian,tram,1,synthetic_gps
2026-05-13 08:40:52,45.7569083,21.236792,18.71,gara_traian,tram,1,synthetic_gps
2026-05-13 08:40:53,45.7568269,21.236771,17.43,gara_traian,tram,1,synthetic_gps
2026-05-13 08:40:54,45.7570029,21.2368485,18.4,gara_traian,tram,1,synthetic_gps
2026-05-13 08:40:55,45.756842,21.2368687,24.19,gara_traian,tram,1,synthetic_gps
2026-05-13 08:40:56,45.756956,21.2368902,16.19,gara_traian,tram,1,synthetic_gps
2026-05-13 08:40:57,45.756939,21.2368333,8.19,gara_traian,tram,1,synthetic_gps
2026-05-13 08:40:58,45.7568877,21.2369126,16.19,gara_traian,tram,1,synthetic_gps
2026-05-13 08:40:59,45.7569133,21.2369105,21.45,gara_traian,tram,1,synthetic_gps
2026-05-13 08:41:00,45.7569019,21.2369668,13.45,gara_traian,tram,1,synthetic_gps
2026-05-13 08:41:01,45.7569272,21.2369339,5.45,gara_traian,tram,1,synthetic_gps
2026-05-13 08:41:02,45.7568856,21.2369628,0.85,gara_traian,tram,1,synthetic_gps
2026-05-13 08:41:03,45.7569328,21.2369537,1.99,gara_traian,tram,1,synthetic_gps
2026-05-13 08:41:04,45.7567396,21.236969,0.64,gara_traian,tram,1,synthetic_gps
2026-05-13 08:41:05,45.7570179,21.2369892,1.37,gara_traian,tram,1,synthetic_gps
2026-05-13 08:41:06,45.756976,21.2369794,2.31,gara_traian,tram,1,synthetic_gps
2026-05-13 08:41:07,45.7569463,21.2370527,2.39,gara_traian,tram,1,synthetic_gps
2026-05-13 08:41:08,45.7569902,21.2369738,1.68,gara_traian,tram,1,synthetic_gps
2026-05-13 08:41:09,45.7569971,21.2370733,0.39,gara_traian,tram,1,synthetic_gps
2026-05-13 08:41:10,45.7569174,21.2370156,2.3,gara_traian,tram,1,synthetic_gps
2026-05-13 08:41:11,45.7568733,21.2371035,0.0,gara_traian,tram,1,synthetic_gps
2026-05-13 08:41:12,45.7570229,21.2371172,1.44,gara_traian,tram,1,synthetic_gps
2026-05-13 08:41:13,45.7568989,21.2370836,2.09,gara_traian,tram,1,synthetic_gps
2026-05-13 08:41:14,45.7570018,21.2371428,1.13,gara_traian,tram,1,synthetic_gps
2026-05-13 08:41:15,45.7570067,21.2371382,1.7,gara_traian,tram,1,synthetic_gps
2026-05-13 08:41:16,45.7569255,21.2372296,2.2,gara_traian,tram,1,synthetic_gps
2026-05-13 08:41:17,45.7569679,21.2370923,1.83,gara_traian,tram,1,synthetic_gps
2026-05-13 08:41:18,45.7569834,21.2372071,9.83,gara_traian,tram,1,synthetic_gps
2026-05-13 08:41:19,45.7570172,21.2372711,17.83,gara_traian,tram,1,synthetic_gps
2026-05-13 08:41:20,45.7570096,21.2371777,16.86,gara_traian,tram,1,synthetic_gps
2026-05-13 08:41:21,45.7570258,21.2372712,17.31,gara_traian,tram,1,synthetic_gps
2026-05-13 08:41:22,45.7569875,21.2372447,21.43,gara_traian,tram,1,synthetic_gps
2026-05-13 08:41:23,45.7570308,21.2372115,15.54,gara_traian,tram,1,synthetic_gps
2026-05-13 08:41:24,45.7569453,21.237294,18.42,gara_traian,tram,1,synthetic_gps
2026-05-13 08:41:25,45.7569616,21.2373192,24.09,gara_traian,tram,1,synthetic_gps
2026-05-13 08:41:26,45.7570038,21.2373284,23.52,gara_traian,tram,1,synthetic_gps
2026-05-13 08:41:27,45.7571452,21.2374151,15.52,gara_traian,tram,1,synthetic_gps
2026-05-13 08:41:28,45.7570255,21.2374411,10.91,gara_traian,tram,1,synthetic_gps
2026-05-13 08:41:29,45.7569775,21.2372989,18.91,gara_traian,tram,1,synthetic_gps
2026-05-13 08:41:30,45.757005,21.2373669,12.03,gara_traian,tram,1,synthetic_gps
2026-05-13 08:41:31,45.7570046,21.2373767,8.22,gara_traian,tram,1,synthetic_gps
2026-05-13 08:41:32,45.7570075,21.2374136,16.22,gara_traian,tram,1,synthetic_gps
2026-05-13 08:41:33,45.7570878,21.2373524,18.64,gara_traian,tram,1,synthetic_gps
2026-05-13 08:41:34,45.7570645,21.2374367,15.27,gara_traian,tram,1,synthetic_gps
2026-05-13 08:41:35,45.7569858,21.2374321,23.27,gara_traian,tram,1,synthetic_gps
2026-05-13 08:41:36,45.7570875,21.2373694,19.7,gara_traian,tram,1,synthetic_gps
2026-05-13 08:41:37,45.7570977,21.2374737,19.37,gara_traian,tram,1,synthetic_gps
2026-05-13 08:41:38,45.7570906,21.2374414,12.99,gara_traian,tram,1,synthetic_gps
2026-05-13 08:41:39,45.7571577,21.2375087,20.99,gara_traian,tram,1,synthetic_gps
2026-05-13 08:41:40,45.7570554,21.2374585,16.64,gara_traian,tram,1,synthetic_gps
2026-05-13 08:41:41,45.7570997,21.2374248,10.76,gara_traian,tram,1,synthetic_gps
2026-05-13 08:41:42,45.757122,21.2375246,18.76,gara_traian,tram,1,synthetic_gps
2026-05-13 08:41:43,45.7570702,21.2376044,17.28,gara_traian,tram,1,synthetic_gps
2026-05-13 08:41:44,45.7570582,21.2376184,20.23,gara_traian,tram,1,synthetic_gps
2026-05-13 08:41:45,45.7569553,21.2375118,12.23,gara_traian,tram,1,synthetic_gps
2026-05-13 08:41:46,45.7571233,21.237492,20.23,gara_traian,tram,1,synthetic_gps
2026-05-13 08:41:47,45.7570521,21.2376012,12.23,gara_traian,tram,1,synthetic_gps
2026-05-13 08:41:48,45.7569781,21.2375763,14.29,gara_traian,tram,1,synthetic_gps
2026-05-13 08:41:49,45.7570928,21.2376178,22.12,gara_traian,tram,1,synthetic_gps
2026-05-13 08:41:50,45.7571166,21.2376323,14.46,gara_traian,tram,1,synthetic_gps
2026-05-13 08:41:51,45.7570637,21.2377023,22.46,gara_traian,tram,1,synthetic_gps
2026-05-13 08:41:52,45.7570241,21.2376292,14.46,gara_traian,tram,1,synthetic_gps
2026-05-13 08:41:53,45.7571339,21.2377192,22.17,gara_traian,tram,1,synthetic_gps
2026-05-13 08:41:54,45.7570646,21.2376376,14.17,gara_traian,tram,1,synthetic_gps
2026-05-13 08:41:55,45.7570753,21.2376431,6.75,gara_traian,tram,1,synthetic_gps
2026-05-13 08:41:56,45.757071,21.2376729,14.75,gara_traian,tram,1,synthetic_gps
2026-05-13 08:41:57,45.7571007,21.2377684,18.61,gara_traian,tram,1,synthetic_gps
2026-05-13 08:41:58,45.7570111,21.2376662,26.61,gara_traian,tram,1,synthetic_gps
2026-05-13 08:41:59,45.7570863,21.2377858,18.61,gara_traian,tram,1,synthetic_gps
2026-05-13 08:42:00,45.7571348,21.2377966,19.45,gara_traian,tram,1,synthetic_gps
2026-05-13 08:42:01,45.757143,21.2377442,11.45,gara_traian,tram,1,synthetic_gps
2026-05-13 08:42:02,45.757107,21.2378494,14.04,gara_traian,tram,1,synthetic_gps
2026-05-13 08:42:03,45.7571288,21.2377845,19.99,gara_traian,tram,1,synthetic_gps
2026-05-13 08:42:04,45.7571018,21.2378459,11.99,gara_traian,tram,1,synthetic_gps
2026-05-13 08:42:05,45.7570327,21.2379016,6.52,gara_traian,tram,1,synthetic_gps
2026-05-13 08:42:06,45.757096,21.2378228,4.6,gara_traian,tram,1,synthetic_gps
2026-05-13 08:42:07,45.7571337,21.2379531,12.6,gara_traian,tram,1,synthetic_gps
2026-05-13 08:42:08,45.7570997,21.2378795,18.72,gara_traian,tram,1,synthetic_gps
2026-05-13 08:42:09,45.7571549,21.2379338,15.6,gara_traian,tram,1,synthetic_gps
2026-05-13 08:42:10,45.7572023,21.2379842,10.2,gara_traian,tram,1,synthetic_gps
2026-05-13 08:42:11,45.7571647,21.2379541,18.2,gara_traian,tram,1,synthetic_gps
2026-05-13 08:42:12,45.7572164,21.2378993,10.2,gara_traian,tram,1,synthetic_gps
2026-05-13 08:42:13,45.7571491,21.2379759,18.2,gara_traian,tram,1,synthetic_gps
2026-05-13 08:42:14,45.7570665,21.2378875,20.25,gara_traian,tram,1,synthetic_gps
2026-05-13 08:42:15,45.7571444,21.2380049,12.25,gara_traian,tram,1,synthetic_gps
2026-05-13 08:42:16,45.7571082,21.2380048,20.25,gara_traian,tram,1,synthetic_gps
2026-05-13 08:42:17,45.7571124,21.2378508,25.48,gara_traian,tram,1,synthetic_gps
2026-05-13 08:42:18,45.7571113,21.2380642,17.48,gara_traian,tram,1,synthetic_gps
2026-05-13 08:42:19,45.7570787,21.238058,9.48,gara_traian,tram,1,synthetic_gps
2026-05-13 08:42:20,45.7571519,21.2380205,12.95,gara_traian,tram,1,synthetic_gps
2026-05-13 08:42:21,45.7571923,21.2380822,12.93,gara_traian,tram,1,synthetic_gps
2026-05-13 08:42:22,45.7571732,21.2379949,10.01,gara_traian,tram,1,synthetic_gps
2026-05-13 08:42:23,45.7571235,21.2380615,2.01,gara_traian,tram,1,synthetic_gps
2026-05-13 08:42:24,45.7572118,21.2380153,10.01,gara_traian,tram,1,synthetic_gps
2026-05-13 08:42:25,45.7572177,21.2381071,15.88,gara_traian,tram,1,synthetic_gps
2026-05-13 08:42:26,45.7571987,21.2382042,10.73,gara_traian,tram,1,synthetic_gps
2026-05-13 08:42:27,45.757237,21.2381518,15.69,gara_traian,tram,1,synthetic_gps
2026-05-13 08:42:28,45.7571612,21.2380999,7.69,gara_traian,tram,1,synthetic_gps
2026-05-13 08:42:29,45.7571274,21.2381248,15.69,gara_traian,tram,1,synthetic_gps
2026-05-13 08:42:30,45.757311,21.2381358,20.71,gara_traian,tram,1,synthetic_gps
2026-05-13 08:42:31,45.7572019,21.2382397,12.71,gara_traian,tram,1,synthetic_gps
2026-05-13 08:42:32,45.7572608,21.2382709,4.71,gara_traian,tram,1,synthetic_gps
2026-05-13 08:42:33,45.7571437,21.2381764,10.96,gara_traian,tram,1,synthetic_gps
2026-05-13 08:42:34,45.7571837,21.2381294,11.96,gara_traian,tram,1,synthetic_gps
2026-05-13 08:42:35,45.757228,21.2382098,11.37,gara_traian,tram,1,synthetic_gps
2026-05-13 08:42:36,45.7571826,21.238259,19.37,gara_traian,tram,1,synthetic_gps
2026-05-13 08:42:37,45.7573,21.2382559,23.37,gara_traian,tram,1,synthetic_gps
2026-05-13 08:42:38,45.7572479,21.2383081,17.22,gara_traian,tram,1,synthetic_gps
2026-05-13 08:42:39,45.7572201,21.2383294,12.86,gara_traian,tram,1,synthetic_gps
2026-05-13 08:42:40,45.7571768,21.2382983,15.83,gara_traian,tram,1,synthetic_gps
2026-05-13 08:42:41,45.757165,21.2383504,18.88,gara_traian,tram,1,synthetic_gps
2026-05-13 08:42:42,45.7571986,21.2383152,26.43,gara_traian,tram,1,synthetic_gps
2026-05-13 08:42:43,45.7572586,21.2384146,20.93,gara_traian,tram,1,synthetic_gps
2026-05-13 08:42:44,45.7572608,21.238352,12.93,gara_traian,tram,1,synthetic_gps
2026-05-13 08:42:45,45.757285,21.2383695,19.98,gara_traian,tram,1,synthetic_gps
2026-05-13 08:42:46,45.7572082,21.2383887,16.24,gara_traian,tram,1,synthetic_gps
2026-05-13 08:42:47,45.757278,21.2383891,19.26,gara_traian,tram,1,synthetic_gps
2026-05-13 08:42:48,45.757322,21.2383144,11.26,gara_traian,tram,1,synthetic_gps
2026-05-13 08:42:49,45.7572784,21.2384946,7.32,gara_traian,tram,1,synthetic_gps
2026-05-13 08:42:50,45.7573353,21.2384608,6.72,gara_traian,tram,1,synthetic_gps
2026-05-13 08:42:51,45.7572905,21.2383987,14.72,gara_traian,tram,1,synthetic_gps
2026-05-13 08:42:52,45.7573145,21.2385267,16.59,gara_traian,tram,1,synthetic_gps
2026-05-13 08:42:53,45.7573026,21.2384877,12.7,gara_traian,tram,1,synthetic_gps
2026-05-13 08:42:54,45.7573456,21.2386245,20.7,gara_traian,tram,1,synthetic_gps
2026-05-13 08:42:55,45.7573214,21.2384213,12.7,gara_traian,tram,1,synthetic_gps
2026-05-13 08:42:56,45.7572968,21.2385861,16.08,gara_traian,tram,1,synthetic_gps
2026-05-13 08:42:57,45.7572473,21.2385349,8.08,gara_traian,tram,1,synthetic_gps
2026-05-13 08:42:58,45.7572553,21.2385261,16.08,gara_traian,tram,1,synthetic_gps
2026-05-13 08:42:59,45.7572077,21.238494,12.0,gara_traian,tram,1,synthetic_gps
2026-05-13 08:43:00,45.7573683,21.2386002,20.0,gara_traian,tram,1,synthetic_gps
2026-05-13 08:43:01,45.7573272,21.2385903,13.78,gara_traian,tram,1,synthetic_gps
2026-05-13 08:43:02,45.7573476,21.2386339,6.34,gara_traian,tram,1,synthetic_gps
2026-05-13 08:43:03,45.7573812,21.2385191,14.34,gara_traian,tram,1,synthetic_gps
2026-05-13 08:43:04,45.7573517,21.2386143,19.36,gara_traian,tram,1,synthetic_gps
2026-05-13 08:43:05,45.7573042,21.2386064,11.36,gara_traian,tram,1,synthetic_gps
2026-05-13 08:43:06,45.7572636,21.2386645,19.36,gara_traian,tram,1,synthetic_gps
2026-05-13 08:43:07,45.7573081,21.2385977,13.01,gara_traian,tram,1,synthetic_gps
2026-05-13 08:43:08,45.7572756,21.2386729,10.49,gara_traian,tram,1,synthetic_gps
2026-05-13 08:43:09,45.757217,21.2387252,12.14,gara_traian,tram,1,synthetic_gps
2026-05-13 08:43:10,45.7573195,21.2386976,20.14,gara_traian,tram,1,synthetic_gps
2026-05-13 08:43:11,45.7572483,21.2387347,16.79,gara_traian,tram,1,synthetic_gps
2026-05-13 08:43:12,45.7573162,21.2387061,24.79,gara_traian,tram,1,synthetic_gps
2026-05-13 08:43:13,45.7573125,21.2387292,17.47,gara_traian,tram,1,synthetic_gps
2026-05-13 08:43:14,45.7573472,21.2387111,11.81,gara_traian,tram,1,synthetic_gps
2026-05-13 08:43:15,45.7573721,21.2387955,11.9,gara_traian,tram,1,synthetic_gps
2026-05-13 08:43:16,45.7574416,21.2388292,19.9,gara_traian,tram,1,synthetic_gps
2026-05-13 08:43:17,45.7573352,21.2388043,16.4,gara_traian,tram,1,synthetic_gps
2026-05-13 08:43:18,45.7573512,21.2387456,11.12,gara_traian,tram,1,synthetic_gps
2026-05-13 08:43:19,45.7573594,21.2388203,15.76,gara_traian,tram,1,synthetic_gps
2026-05-13 08:43:20,45.7573397,21.2388534,7.76,gara_traian,tram,1,synthetic_gps
2026-05-13 08:43:21,45.7572758,21.2388587,12.83,gara_traian,tram,1,synthetic_gps
2026-05-13 08:43:22,45.7573686,21.2388381,17.57,gara_traian,tram,1,synthetic_gps
2026-05-13 08:43:23,45.7573342,21.2389091,20.74,gara_traian,tram,1,synthetic_gps
2026-05-13 08:43:24,45.7573015,21.2388545,12.74,gara_traian,tram,1,synthetic_gps
2026-05-13 08:43:25,45.7573741,21.2389716,10.07,gara_traian,tram,1,synthetic_gps
2026-05-13 08:43:26,45.7574028,21.2388724,18.07,gara_traian,tram,1,synthetic_gps
2026-05-13 08:43:27,45.7573793,21.2389331,23.49,gara_traian,tram,1,synthetic_gps
2026-05-13 08:43:28,45.7574049,21.238928,19.43,gara_traian,tram,1,synthetic_gps
2026-05-13 08:43:29,45.7573982,21.2389737,19.25,gara_traian,tram,1,synthetic_gps
2026-05-13 08:43:30,45.7574739,21.2388852,25.1,gara_traian,tram,1,synthetic_gps
2026-05-13 08:43:31,45.7573843,21.2390184,17.1,gara_traian,tram,1,synthetic_gps
2026-05-13 08:43:32,45.7573324,21.2389923,23.26,gara_traian,tram,1,synthetic_gps
2026-05-13 08:43:33,45.7574537,21.2389873,20.54,gara_traian,tram,1,synthetic_gps
2026-05-13 08:43:34,45.7574149,21.2390731,17.28,gara_traian,tram,1,synthetic_gps
2026-05-13 08:43:35,45.7574056,21.2390045,9.28,gara_traian,tram,1,synthetic_gps
2026-05-13 08:43:36,45.7573642,21.2390011,7.57,gara_traian,tram,1,synthetic_gps
2026-05-13 08:43:37,45.757357,21.2390661,15.57,gara_traian,tram,1,synthetic_gps
2026-05-13 08:43:38,45.757419,21.2390557,10.13,gara_traian,tram,1,synthetic_gps
2026-05-13 08:43:39,45.7574986,21.2391084,5.54,gara_traian,tram,1,synthetic_gps
2026-05-13 08:43:40,45.7574866,21.2390932,13.54,gara_traian,tram,1,synthetic_gps
2026-05-13 08:43:41,45.7574202,21.2390915,21.54,gara_traian,tram,1,synthetic_gps
2026-05-13 08:43:42,45.7574399,21.2392129,16.39,gara_traian,tram,1,synthetic_gps
2026-05-13 08:43:43,45.7574088,21.2390746,19.99,gara_traian,tram,1,synthetic_gps
2026-05-13 08:43:44,45.757365,21.2390974,11.99,gara_traian,tram,1,synthetic_gps
2026-05-13 08:43:45,45.7574561,21.2391614,7.21,gara_traian,tram,1,synthetic_gps
2026-05-13 08:43:46,45.7573916,21.2391881,15.21,gara_traian,tram,1,synthetic_gps
2026-05-13 08:43:47,45.757399,21.2392412,23.21,gara_traian,tram,1,synthetic_gps
2026-05-13 08:43:48,45.7574107,21.2392505,15.21,gara_traian,tram,1,synthetic_gps
2026-05-13 08:43:49,45.7574163,21.2391597,20.98,gara_traian,tram,1,synthetic_gps
2026-05-13 08:43:50,45.7574197,21.2392094,12.98,gara_traian,tram,1,synthetic_gps
2026-05-13 08:43:51,45.7574343,21.2392408,20.98,gara_traian,tram,1,synthetic_gps
2026-05-13 08:43:52,45.7574971,21.2392061,25.18,gara_traian,tram,1,synthetic_gps
2026-05-13 08:43:53,45.7574926,21.2392633,17.18,gara_traian,tram,1,synthetic_gps
2026-05-13 08:43:54,45.7574407,21.2392857,16.46,gara_traian,tram,1,synthetic_gps
2026-05-13 08:43:55,45.7574215,21.239304,17.22,gara_traian,tram,1,synthetic_gps
2026-05-13 08:43:56,45.7574018,21.2393158,12.68,gara_traian,tram,1,synthetic_gps
2026-05-13 08:43:57,45.7574831,21.2393491,7.24,gara_traian,tram,1,synthetic_gps
2026-05-13 08:43:58,45.7574638,21.2392888,14.59,gara_traian,tram,1,synthetic_gps
2026-05-13 08:43:59,45.7574396,21.2393634,8.09,gara_traian,tram,1,synthetic_gps
2026-05-13 08:44:00,45.7574733,21.2393363,1.64,gara_traian,tram,1,synthetic_gps
2026-05-13 08:44:01,45.7575305,21.2394134,1.78,gara_traian,tram,1,synthetic_gps
2026-05-13 08:44:02,45.7575562,21.2394204,2.41,gara_traian,tram,1,synthetic_gps
2026-05-13 08:44:03,45.757519,21.2394087,0.81,gara_traian,tram,1,synthetic_gps
2026-05-13 08:44:04,45.757446,21.239458,1.29,gara_traian,tram,1,synthetic_gps
2026-05-13 08:44:05,45.7574662,21.2394756,2.04,gara_traian,tram,1,synthetic_gps
2026-05-13 08:44:06,45.7575386,21.2395629,1.84,gara_traian,tram,1,synthetic_gps
2026-05-13 08:44:07,45.7575526,21.2394609,1.44,gara_traian,tram,1,synthetic_gps
2026-05-13 08:44:08,45.7575054,21.2394139,1.4,gara_traian,tram,1,synthetic_gps
2026-05-13 08:44:09,45.7574448,21.2394696,1.66,gara_traian,tram,1,synthetic_gps
2026-05-13 08:44:10,45.7575046,21.2395528,0.71,gara_traian,tram,1,synthetic_gps
2026-05-13 08:44:11,45.7574556,21.2395256,1.45,gara_traian,tram,1,synthetic_gps
2026-05-13 08:44:12,45.7574707,21.2394986,1.22,gara_traian,tram,1,synthetic_gps
2026-05-13 08:44:13,45.7574506,21.2395923,1.52,gara_traian,tram,1,synthetic_gps
2026-05-13 08:44:14,45.7574212,21.2395703,1.63,gara_traian,tram,1,synthetic_gps
2026-05-13 08:44:15,45.7575107,21.2395896,1.13,gara_traian,tram,1,synthetic_gps
2026-05-13 08:44:16,45.7574199,21.2395781,0.58,gara_traian,tram,1,synthetic_gps
2026-05-13 08:44:17,45.7574949,21.2395367,0.88,gara_traian,tram,1,synthetic_gps
2026-05-13 08:44:18,45.7576214,21.2396059,8.88,gara_traian,tram,1,synthetic_gps
2026-05-13 08:44:19,45.7575464,21.2395794,6.53,gara_traian,tram,1,synthetic_gps
2026-05-13 08:44:20,45.7574956,21.2396124,14.53,gara_traian,tram,1,synthetic_gps
2026-05-13 08:44:21,45.7574859,21.2397025,22.05,gara_traian,tram,1,synthetic_gps
2026-05-13 08:44:22,45.757492,21.2396763,24.19,gara_traian,tram,1,synthetic_gps
2026-05-13 08:44:23,45.7575374,21.239633,16.19,gara_traian,tram,1,synthetic_gps
2026-05-13 08:44:24,45.7574943,21.2397978,10.82,gara_traian,tram,1,synthetic_gps
2026-05-13 08:44:25,45.7575071,21.2397224,16.07,gara_traian,tram,1,synthetic_gps
2026-05-13 08:44:26,45.7574858,21.2397097,8.07,gara_traian,tram,1,synthetic_gps
2026-05-13 08:44:27,45.7575378,21.2397292,16.07,gara_traian,tram,1,synthetic_gps
2026-05-13 08:44:28,45.7575574,21.239808,23.06,gara_traian,tram,1,synthetic_gps
2026-05-13 08:44:29,45.7576695,21.2398247,15.06,gara_traian,tram,1,synthetic_gps
2026-05-13 08:44:30,45.7575573,21.2397385,16.84,gara_traian,tram,1,synthetic_gps
2026-05-13 08:44:31,45.7576121,21.2398083,10.33,gara_traian,tram,1,synthetic_gps
2026-05-13 08:44:32,45.7575834,21.2397467,8.87,gara_traian,tram,1,synthetic_gps
2026-05-13 08:44:33,45.7575495,21.2398986,7.7,gara_traian,tram,1,synthetic_gps
2026-05-13 08:44:34,45.7575701,21.2398101,9.45,gara_traian,tram,1,synthetic_gps
2026-05-13 08:44:35,45.757585,21.2398056,17.45,gara_traian,tram,1,synthetic_gps
2026-05-13 08:44:36,45.7576136,21.2398785,22.54,gara_traian,tram,1,synthetic_gps
2026-05-13 08:44:37,45.7575343,21.2398801,14.54,gara_traian,tram,1,synthetic_gps
2026-05-13 08:44:38,45.7576411,21.2398766,10.99,gara_traian,tram,1,synthetic_gps
2026-05-13 08:44:39,45.75753,21.2398834,18.75,gara_traian,tram,1,synthetic_gps
2026-05-13 08:44:40,45.7575421,21.2399442,12.32,gara_traian,tram,1,synthetic_gps
2026-05-13 08:44:41,45.757557,21.2398682,18.97,gara_traian,tram,1,synthetic_gps
2026-05-13 08:44:42,45.7575588,21.2399348,26.97,gara_traian,tram,1,synthetic_gps
2026-05-13 08:44:43,45.7576109,21.2399422,18.97,gara_traian,tram,1,synthetic_gps
2026-05-13 08:44:44,45.7575999,21.2398973,10.97,gara_traian,tram,1,synthetic_gps
2026-05-13 08:44:45,45.757555,21.23999,8.26,gara_traian,tram,1,synthetic_gps
2026-05-13 08:44:46,45.7576326,21.2399401,15.4,gara_traian,tram,1,synthetic_gps
2026-05-13 08:44:47,45.7575894,21.2400231,15.37,gara_traian,tram,1,synthetic_gps
2026-05-13 08:44:48,45.7575445,21.2400968,22.59,gara_traian,tram,1,synthetic_gps
2026-05-13 08:44:49,45.7575393,21.2400184,16.54,gara_traian,tram,1,synthetic_gps
2026-05-13 08:44:50,45.7575905,21.2400553,16.63,gara_traian,tram,1,synthetic_gps
2026-05-13 08:44:51,45.7575541,21.2401271,19.07,gara_traian,tram,1,synthetic_gps
2026-05-13 08:44:52,45.7575431,21.2400598,23.98,gara_traian,tram,1,synthetic_gps
2026-05-13 08:44:53,45.7576401,21.2400688,25.63,gara_traian,tram,1,synthetic_gps
2026-05-13 08:44:54,45.7576369,21.240127,19.11,gara_traian,tram,1,synthetic_gps
2026-05-13 08:44:55,45.757672,21.2402105,20.7,gara_traian,tram,1,synthetic_gps
2026-05-13 08:44:56,45.7576762,21.2402157,28.7,gara_traian,tram,1,synthetic_gps
2026-05-13 08:44:57,45.7576777,21.240147,25.77,gara_traian,tram,1,synthetic_gps
2026-05-13 08:44:58,45.7576322,21.2402397,20.1,gara_traian,tram,1,synthetic_gps
2026-05-13 08:44:59,45.7576295,21.2401694,15.29,gara_traian,tram,1,synthetic_gps
2026-05-13 08:45:00,45.7576491,21.2401606,11.19,gara_traian,tram,1,synthetic_gps
2026-05-13 08:45:01,45.7576705,21.2402027,8.47,gara_traian,tram,1,synthetic_gps
2026-05-13 08:45:02,45.7576559,21.2401709,0.47,gara_traian,tram,1,synthetic_gps
2026-05-13 08:45:03,45.757578,21.240176,0.0,gara_traian,tram,1,synthetic_gps
2026-05-13 08:45:04,45.7576712,21.2402275,8.0,gara_traian,tram,1,synthetic_gps
2026-05-13 08:45:05,45.7576469,21.240274,12.93,gara_traian,tram,1,synthetic_gps
2026-05-13 08:45:06,45.7576927,21.2403205,12.85,gara_traian,tram,1,synthetic_gps
2026-05-13 08:45:07,45.7576964,21.2403257,20.85,gara_traian,tram,1,synthetic_gps
2026-05-13 08:45:08,45.7576296,21.2402744,26.27,gara_traian,tram,1,synthetic_gps
2026-05-13 08:45:09,45.7576677,21.2403166,18.27,gara_traian,tram,1,synthetic_gps
2026-05-13 08:45:10,45.757673,21.2403634,15.69,gara_traian,tram,1,synthetic_gps
2026-05-13 08:45:11,45.7576751,21.2403535,7.76,gara_traian,tram,1,synthetic_gps
2026-05-13 08:45:12,45.7576762,21.2403504,15.76,gara_traian,tram,1,synthetic_gps
2026-05-13 08:45:13,45.7577142,21.2403665,22.33,gara_traian,tram,1,synthetic_gps
2026-05-13 08:45:14,45.7577001,21.2403868,14.33,gara_traian,tram,1,synthetic_gps
2026-05-13 08:45:15,45.7576941,21.240315,6.33,gara_traian,tram,1,synthetic_gps
2026-05-13 08:45:16,45.7576784,21.2404365,14.33,gara_traian,tram,1,synthetic_gps
2026-05-13 08:45:17,45.7576823,21.2404933,16.68,gara_traian,tram,1,synthetic_gps
2026-05-13 08:45:18,45.7576985,21.2404675,14.84,gara_traian,tram,1,synthetic_gps
2026-05-13 08:45:19,45.7577183,21.2404907,9.57,gara_traian,tram,1,synthetic_gps
2026-05-13 08:45:20,45.7577011,21.2404296,7.14,gara_traian,tram,1,synthetic_gps
2026-05-13 08:45:21,45.7577501,21.2404333,0.0,gara_traian,tram,1,synthetic_gps
2026-05-13 08:45:22,45.757622,21.2404588,6.7,gara_traian,tram,1,synthetic_gps
2026-05-13 08:45:23,45.7577076,21.2404432,4.16,gara_traian,tram,1,synthetic_gps
2026-05-13 08:45:24,45.7576559,21.2405211,8.61,gara_traian,tram,1,synthetic_gps
2026-05-13 08:45:25,45.7577048,21.240537,6.01,gara_traian,tram,1,synthetic_gps
2026-05-13 08:45:26,45.7577423,21.240509,0.31,gara_traian,tram,1,synthetic_gps
2026-05-13 08:45:27,45.7577295,21.2405567,8.31,gara_traian,tram,1,synthetic_gps
2026-05-13 08:45:28,45.7576599,21.24055,3.54,gara_traian,tram,1,synthetic_gps
2026-05-13 08:45:29,45.7577126,21.240579,7.62,gara_traian,tram,1,synthetic_gps
2026-05-13 08:45:30,45.7577663,21.2406195,2.49,gara_traian,tram,1,synthetic_gps
2026-05-13 08:45:31,45.7577968,21.2405297,1.07,gara_traian,tram,1,synthetic_gps
2026-05-13 08:45:32,45.7577311,21.2405763,3.56,gara_traian,tram,1,synthetic_gps
2026-05-13 08:45:33,45.7577743,21.2406238,6.5,gara_traian,tram,1,synthetic_gps
2026-05-13 08:45:34,45.7577864,21.2406212,4.05,gara_traian,tram,1,synthetic_gps
2026-05-13 08:45:35,45.7577323,21.2406416,2.59,gara_traian,tram,1,synthetic_gps
2026-05-13 08:45:36,45.7577778,21.2407105,7.03,gara_traian,tram,1,synthetic_gps
2026-05-13 08:45:37,45.757822,21.2406965,7.31,gara_traian,tram,1,synthetic_gps
2026-05-13 08:45:38,45.7578027,21.2407383,4.74,gara_traian,tram,1,synthetic_gps
2026-05-13 08:45:39,45.7577873,21.2407347,5.39,gara_traian,tram,1,synthetic_gps
2026-05-13 08:45:40,45.7578446,21.2406957,8.28,gara_traian,tram,1,synthetic_gps
2026-05-13 08:45:41,45.7577889,21.2407629,4.33,gara_traian,tram,1,synthetic_gps
2026-05-13 08:45:42,45.7577509,21.2406764,7.57,gara_traian,tram,1,synthetic_gps
2026-05-13 08:45:43,45.7576392,21.2407806,11.63,gara_traian,tram,1,synthetic_gps
2026-05-13 08:45:44,45.7577565,21.2407834,8.0,gara_traian,tram,1,synthetic_gps
2026-05-13 08:45:45,45.7577162,21.2407935,3.28,gara_traian,tram,1,synthetic_gps
2026-05-13 08:45:46,45.757853,21.2408318,5.92,gara_traian,tram,1,synthetic_gps
2026-05-13 08:45:47,45.7578226,21.2408603,2.84,gara_traian,tram,1,synthetic_gps
2026-05-13 08:45:48,45.7577998,21.2407899,1.91,gara_traian,tram,1,synthetic_gps
2026-05-13 08:45:49,45.7577419,21.2408289,7.65,gara_traian,tram,1,synthetic_gps
2026-05-13 08:45:50,45.757813,21.2407975,2.31,gara_traian,tram,1,synthetic_gps
2026-05-13 08:45:51,45.7577829,21.240837,5.15,gara_traian,tram,1,synthetic_gps
2026-05-13 08:45:52,45.7577316,21.2409066,4.78,gara_traian,tram,1,synthetic_gps
2026-05-13 08:45:53,45.7577325,21.2408684,9.38,gara_traian,tram,1,synthetic_gps
2026-05-13 08:45:54,45.757808,21.2409105,2.22,gara_traian,tram,1,synthetic_gps
2026-05-13 08:45:55,45.7579075,21.2408853,3.62,gara_traian,tram,1,synthetic_gps
2026-05-13 08:45:56,45.7578711,21.2410066,6.71,gara_traian,tram,1,synthetic_gps
2026-05-13 08:45:57,45.7578488,21.2409845,3.51,gara_traian,tram,1,synthetic_gps
2026-05-13 08:45:58,45.7578896,21.2408609,5.16,gara_traian,tram,1,synthetic_gps
2026-05-13 08:45:59,45.7578851,21.2409954,2.21,gara_traian,tram,1,synthetic_gps
2026-05-13 08:46:00,45.7577738,21.2410923,2.79,gara_traian,tram,1,synthetic_gps
2026-05-13 08:46:01,45.7578185,21.2409391,4.46,gara_traian,tram,1,synthetic_gps
2026-05-13 08:46:02,45.7577984,21.2409202,5.78,gara_traian,tram,1,synthetic_gps
2026-05-13 08:46:03,45.7579105,21.2409934,2.74,gara_traian,tram,1,synthetic_gps
2026-05-13 08:46:04,45.7578828,21.2411305,1.25,gara_traian,tram,1,synthetic_gps
2026-05-13 08:46:05,45.7578875,21.2410889,1.76,gara_traian,tram,1,synthetic_gps
2026-05-13 08:46:06,45.7578186,21.2411719,4.79,gara_traian,tram,1,synthetic_gps
2026-05-13 08:46:07,45.7578916,21.241105,1.89,gara_traian,tram,1,synthetic_gps
2026-05-13 08:46:08,45.7577814,21.2411109,1.46,gara_traian,tram,1,synthetic_gps
2026-05-13 08:46:09,45.7578276,21.2411577,7.3,gara_traian,tram,1,synthetic_gps
2026-05-13 08:46:10,45.7578172,21.2411352,5.65,gara_traian,tram,1,synthetic_gps
2026-05-13 08:46:11,45.7578154,21.2410998,5.51,gara_traian,tram,1,synthetic_gps
2026-05-13 08:46:12,45.7578666,21.2411128,5.18,gara_traian,tram,1,synthetic_gps
2026-05-13 08:46:13,45.7578557,21.2411163,12.01,gara_traian,tram,1,synthetic_gps
2026-05-13 08:46:14,45.7577913,21.2411563,7.86,gara_traian,tram,1,synthetic_gps
2026-05-13 08:46:15,45.7578636,21.2412138,4.34,gara_traian,tram,1,synthetic_gps
2026-05-13 08:46:16,45.7578428,21.241225,7.29,gara_traian,tram,1,synthetic_gps
2026-05-13 08:46:17,45.7578163,21.2411873,6.03,gara_traian,tram,1,synthetic_gps
2026-05-13 08:46:18,45.7578131,21.241188,7.9,gara_traian,tram,1,synthetic_gps
2026-05-13 08:46:19,45.7579712,21.241289,6.2,gara_traian,tram,1,synthetic_gps
2026-05-13 08:46:20,45.7579143,21.2412908,6.47,gara_traian,tram,1,synthetic_gps
2026-05-13 08:46:21,45.7578903,21.2412542,4.82,gara_traian,tram,1,synthetic_gps
2026-05-13 08:46:22,45.7579404,21.2413319,6.07,gara_traian,tram,1,synthetic_gps
2026-05-13 08:46:23,45.7579429,21.2412915,8.32,gara_traian,tram,1,synthetic_gps
2026-05-13 08:46:24,45.7579497,21.241313,4.69,gara_traian,tram,1,synthetic_gps
2026-05-13 08:46:25,45.7578662,21.2413189,5.63,gara_traian,tram,1,synthetic_gps
2026-05-13 08:46:26,45.7578623,21.2413455,12.11,gara_traian,tram,1,synthetic_gps
2026-05-13 08:46:27,45.7579835,21.2414541,4.11,gara_traian,tram,1,synthetic_gps
2026-05-13 08:46:28,45.7579071,21.241392,4.82,gara_traian,tram,1,synthetic_gps
2026-05-13 08:46:29,45.7578778,21.2413891,2.39,gara_traian,tram,1,synthetic_gps
2026-05-13 08:46:30,45.7579436,21.2413909,7.72,gara_traian,tram,1,synthetic_gps
2026-05-13 08:46:31,45.757889,21.2414214,7.57,gara_traian,tram,1,synthetic_gps
2026-05-13 08:46:32,45.7578533,21.2414821,6.71,gara_traian,tram,1,synthetic_gps
2026-05-13 08:46:33,45.7579485,21.2414278,5.12,gara_traian,tram,1,synthetic_gps
2026-05-13 08:46:34,45.7579485,21.2414331,0.41,gara_traian,tram,1,synthetic_gps
2026-05-13 08:46:35,45.7580105,21.2414904,8.03,gara_traian,tram,1,synthetic_gps
2026-05-13 08:46:36,45.7579617,21.2414108,7.08,gara_traian,tram,1,synthetic_gps
2026-05-13 08:46:37,45.7578839,21.2414946,3.42,gara_traian,tram,1,synthetic_gps
2026-05-13 08:46:38,45.7579337,21.2415798,3.34,gara_traian,tram,1,synthetic_gps
2026-05-13 08:46:39,45.7578913,21.241464,1.74,gara_traian,tram,1,synthetic_gps
2026-05-13 08:46:40,45.7579796,21.2414934,3.91,gara_traian,tram,1,synthetic_gps
2026-05-13 08:46:41,45.7579562,21.2415397,2.76,gara_traian,tram,1,synthetic_gps
2026-05-13 08:46:42,45.7579831,21.2416356,1.77,gara_traian,tram,1,synthetic_gps
2026-05-13 08:46:43,45.7579764,21.2415853,2.24,gara_traian,tram,1,synthetic_gps
2026-05-13 08:46:44,45.757918,21.241509,6.39,gara_traian,tram,1,synthetic_gps
2026-05-13 08:46:45,45.7579695,21.2415853,5.71,gara_traian,tram,1,synthetic_gps
2026-05-13 08:46:46,45.7579408,21.2415979,3.79,gara_traian,tram,1,synthetic_gps
2026-05-13 08:46:47,45.7579418,21.2416604,1.5,gara_traian,tram,1,synthetic_gps
2026-05-13 08:46:48,45.7578805,21.2416524,5.44,gara_traian,tram,1,synthetic_gps
2026-05-13 08:46:49,45.7579738,21.2416355,5.46,gara_traian,tram,1,synthetic_gps
2026-05-13 08:46:50,45.7579455,21.2416558,7.07,gara_traian,tram,1,synthetic_gps
2026-05-13 08:46:51,45.7580129,21.2416978,4.98,gara_traian,tram,1,synthetic_gps
2026-05-13 08:46:52,45.7579829,21.2417471,5.08,gara_traian,tram,1,synthetic_gps
2026-05-13 08:46:53,45.7579857,21.2417455,0.0,gara_traian,tram,1,synthetic_gps
2026-05-13 08:46:54,45.7579363,21.2416226,8.0,gara_traian,tram,1,synthetic_gps
2026-05-13 08:46:55,45.7579426,21.2417171,4.07,gara_traian,tram,1,synthetic_gps
2026-05-13 08:46:56,45.7579943,21.2417748,4.87,gara_traian,tram,1,synthetic_gps
2026-05-13 08:46:57,45.7579439,21.2417024,6.94,gara_traian,tram,1,synthetic_gps
2026-05-13 08:46:58,45.7580201,21.2418221,3.49,gara_traian,tram,1,synthetic_gps
2026-05-13 08:46:59,45.7579142,21.2418923,3.07,gara_traian,tram,1,synthetic_gps
