timestamp,latitude,longitude,speed_kmh,route_id,transport_mode,is_peak_hour,source
2026-05-21 17:46:00,45.7759698,21.2701668,21.61,iulius_airport,car,1,synthetic_gps
2026-05-21 17:46:01,45.7759978,21.2700691,13.61,iulius_airport,car,1,synthetic_gps
2026-05-21 17:46:02,45.7760225,21.2701544,17.27,iulius_airport,car,1,synthetic_gps
2026-05-21 17:46:03,45.7760539,21.2700491,24.29,iulius_airport,car,1,synthetic_gps
2026-05-21 17:46:04,45.7759145,21.2701225,16.29,iulius_airport,car,1,synthetic_gps
2026-05-21 17:46:05,45.7760773,21.2702342,9.83,iulius_airport,car,1,synthetic_gps
2026-05-21 17:46:06,45.7759271,21.2702007,17.83,iulius_airport,car,1,synthetic_gps
2026-05-21 17:46:07,45.7760902,21.2702562,25.81,iulius_airport,car,1,synthetic_gps
2026-05-21 17:46:08,45.7760674,21.2703881,21.43,iulius_airport,car,1,synthetic_gps
2026-05-21 17:46:09,45.7761195,21.2703876,15.16,iulius_airport,car,1,synthetic_gps
2026-05-21 17:46:10,45.7760938,21.2704705,23.08,iulius_airport,car,1,synthetic_gps
2026-05-21 17:46:11,45.7760991,21.2704196,15.08,iulius_airport,car,1,synthetic_gps
2026-05-21 17:46:12,45.7760773,21.2706416,7.08,iulius_airport,car,1,synthetic_gps
2026-05-21 17:46:13,45.776103,21.270457,15.08,iulius_airport,car,1,synthetic_gps
2026-05-21 17:46:14,45.7760843,21.2705687,13.96,iulius_airport,car,1,synthetic_gps
2026-05-21 17:46:15,45.7761152,21.2706276,15.19,iulius_airport,car,1,synthetic_gps
2026-05-21 17:46:16,45.7760658,21.2707607,17.28,iulius_airport,car,1,synthetic_gps
2026-05-21 17:46:17,45.7760546,21.2707926,22.17,iulius_airport,car,1,synthetic_gps
2026-05-21 17:46:18,45.7760294,21.2708028,19.7,iulius_airport,car,1,synthetic_gps
2026-05-21 17:46:19,45.7760124,21.2707726,11.7,iulius_airport,car,1,synthetic_gps
2026-05-21 17:46:20,45.776145,21.2709069,19.7,iulius_airport,car,1,synthetic_gps
2026-05-21 17:46:21,45.776126,21.270852,16.37,iulius_airport,car,1,synthetic_gps
2026-05-21 17:46:22,45.7760613,21.2710212,16.98,iulius_airport,car,1,synthetic_gps
2026-05-21 17:46:23,45.7761174,21.2709546,8.98,iulius_airport,car,1,synthetic_gps
2026-05-21 17:46:24,45.7760439,21.2709034,16.68,iulius_airport,car,1,synthetic_gps
2026-05-21 17:46:25,45.7761273,21.2710587,18.13,iulius_airport,car,1,synthetic_gps
2026-05-21 17:46:26,45.7761716,21.2711304,18.41,iulius_airport,car,1,synthetic_gps
2026-05-21 17:46:27,45.7761726,21.2711742,17.99,iulius_airport,car,1,synthetic_gps
2026-05-21 17:46:28,45.776093,21.2713175,12.83,iulius_airport,car,1,synthetic_gps
2026-05-21 17:46:29,45.7760281,21.2712308,7.92,iulius_airport,car,1,synthetic_gps
2026-05-21 17:46:30,45.776213,21.2712977,15.92,iulius_airport,car,1,synthetic_gps
2026-05-21 17:46:31,45.7761505,21.271279,19.96,iulius_airport,car,1,synthetic_gps
2026-05-21 17:46:32,45.776162,21.2713707,19.63,iulius_airport,car,1,synthetic_gps
2026-05-21 17:46:33,45.7762005,21.2714222,27.63,iulius_airport,car,1,synthetic_gps
2026-05-21 17:46:34,45.7761402,21.2714704,22.37,iulius_airport,car,1,synthetic_gps
2026-05-21 17:46:35,45.7761687,21.2715858,22.65,iulius_airport,car,1,synthetic_gps
2026-05-21 17:46:36,45.7761977,21.2715092,16.42,iulius_airport,car,1,synthetic_gps
2026-05-21 17:46:37,45.776228,21.2716451,19.79,iulius_airport,car,1,synthetic_gps
2026-05-21 17:46:38,45.7762651,21.2716581,16.21,iulius_airport,car,1,synthetic_gps
2026-05-21 17:46:39,45.7762923,21.2716542,19.8,iulius_airport,car,1,synthetic_gps
2026-05-21 17:46:40,45.7762912,21.2717434,17.34,iulius_airport,car,1,synthetic_gps
2026-05-21 17:46:41,45.7761684,21.2718732,9.34,iulius_airport,car,1,synthetic_gps
2026-05-21 17:46:42,45.7763276,21.2717449,17.34,iulius_airport,car,1,synthetic_gps
2026-05-21 17:46:43,45.7761489,21.2718235,19.44,iulius_airport,car,1,synthetic_gps
2026-05-21 17:46:44,45.7763459,21.2719374,22.55,iulius_airport,car,1,synthetic_gps
2026-05-21 17:46:45,45.7761127,21.2719399,26.82,iulius_airport,car,1,synthetic_gps
2026-05-21 17:46:46,45.7763064,21.2719197,18.82,iulius_airport,car,1,synthetic_gps
2026-05-21 17:46:47,45.776295,21.2720339,10.82,iulius_airport,car,1,synthetic_gps
2026-05-21 17:46:48,45.7761976,21.2721388,18.82,iulius_airport,car,1,synthetic_gps
2026-05-21 17:46:49,45.7762476,21.2720968,18.74,iulius_airport,car,1,synthetic_gps
2026-05-21 17:46:50,45.7763228,21.2720331,25.62,iulius_airport,car,1,synthetic_gps
2026-05-21 17:46:51,45.7763178,21.2722119,27.19,iulius_airport,car,1,synthetic_gps
2026-05-21 17:46:52,45.7763228,21.2722581,22.52,iulius_airport,car,1,synthetic_gps
2026-05-21 17:46:53,45.7763064,21.27224,20.04,iulius_airport,car,1,synthetic_gps
2026-05-21 17:46:54,45.776259,21.2722873,24.69,iulius_airport,car,1,synthetic_gps
2026-05-21 17:46:55,45.7762128,21.2724763,16.69,iulius_airport,car,1,synthetic_gps
2026-05-21 17:46:56,45.7762681,21.272478,21.82,iulius_airport,car,1,synthetic_gps
2026-05-21 17:46:57,45.7764031,21.2725476,13.82,iulius_airport,car,1,synthetic_gps
2026-05-21 17:46:58,45.776166,21.2725787,21.82,iulius_airport,car,1,synthetic_gps
2026-05-21 17:46:59,45.7763662,21.2725751,25.91,iulius_airport,car,1,synthetic_gps
2026-05-21 17:47:00,45.776405,21.2726892,21.16,iulius_airport,car,1,synthetic_gps
2026-05-21 17:47:01,45.7763674,21.2725647,21.76,iulius_airport,car,1,synthetic_gps
2026-05-21 17:47:02,45.7762837,21.2726192,13.76,iulius_airport,car,1,synthetic_gps
2026-05-21 17:47:03,45.7763268,21.2727972,21.76,iulius_airport,car,1,synthetic_gps
2026-05-21 17:47:04,45.7763889,21.2727547,13.76,iulius_airport,car,1,synthetic_gps
2026-05-21 17:47:05,45.7764578,21.2727747,21.76,iulius_airport,car,1,synthetic_gps
2026-05-21 17:47:06,45.7763388,21.2728996,29.76,iulius_airport,car,1,synthetic_gps
2026-05-21 17:47:07,45.7764891,21.2729154,37.76,iulius_airport,car,1,synthetic_gps
2026-05-21 17:47:08,45.7763995,21.2730242,45.76,iulius_airport,car,1,synthetic_gps
2026-05-21 17:47:09,45.7763272,21.2729831,37.92,iulius_airport,car,1,synthetic_gps
2026-05-21 17:47:10,45.776432,21.2730715,45.92,iulius_airport,car,1,synthetic_gps
2026-05-21 17:47:11,45.7764393,21.2730706,53.92,iulius_airport,car,1,synthetic_gps
2026-05-21 17:47:12,45.7763741,21.2730871,45.92,iulius_airport,car,1,synthetic_gps
2026-05-21 17:47:13,45.7764449,21.2731428,50.28,iulius_airport,car,1,synthetic_gps
2026-05-21 17:47:14,45.7763967,21.2732439,42.28,iulius_airport,car,1,synthetic_gps
2026-05-21 17:47:15,45.7763921,21.2732634,50.28,iulius_airport,car,1,synthetic_gps
2026-05-21 17:47:16,45.7764641,21.2733887,55.93,iulius_airport,car,1,synthetic_gps
2026-05-21 17:47:17,45.7764561,21.2733893,47.93,iulius_airport,car,1,synthetic_gps
2026-05-21 17:47:18,45.7764975,21.2733721,45.39,iulius_airport,car,1,synthetic_gps
2026-05-21 17:47:19,45.7763843,21.2734014,53.39,iulius_airport,car,1,synthetic_gps
2026-05-21 17:47:20,45.7763943,21.2733703,56.11,iulius_airport,car,1,synthetic_gps
2026-05-21 17:47:21,45.7765681,21.2735016,53.32,iulius_airport,car,1,synthetic_gps
2026-05-21 17:47:22,45.7764551,21.2734488,45.32,iulius_airport,car,1,synthetic_gps
2026-05-21 17:47:23,45.7764012,21.2736485,43.77,iulius_airport,car,1,synthetic_gps
2026-05-21 17:47:24,45.7764934,21.2736914,51.77,iulius_airport,car,1,synthetic_gps
2026-05-21 17:47:25,45.7764365,21.2738085,43.77,iulius_airport,car,1,synthetic_gps
2026-05-21 17:47:26,45.7764133,21.2737844,39.09,iulius_airport,car,1,synthetic_gps
2026-05-21 17:47:27,45.7766305,21.273725,37.84,iulius_airport,car,1,synthetic_gps
2026-05-21 17:47:28,45.7765657,21.2738499,45.84,iulius_airport,car,1,synthetic_gps
2026-05-21 17:47:29,45.7765255,21.273867,53.84,iulius_airport,car,1,synthetic_gps
2026-05-21 17:47:30,45.7764632,21.2739233,45.84,iulius_airport,car,1,synthetic_gps
2026-05-21 17:47:31,45.7765406,21.2740793,53.84,iulius_airport,car,1,synthetic_gps
2026-05-21 17:47:32,45.7764473,21.2738999,61.84,iulius_airport,car,1,synthetic_gps
2026-05-21 17:47:33,45.7765992,21.2741373,53.84,iulius_airport,car,1,synthetic_gps
2026-05-21 17:47:34,45.7765813,21.274278,61.84,iulius_airport,car,1,synthetic_gps
2026-05-21 17:47:35,45.7765282,21.2742263,53.84,iulius_airport,car,1,synthetic_gps
2026-05-21 17:47:36,45.7765718,21.2741541,56.97,iulius_airport,car,1,synthetic_gps
2026-05-21 17:47:37,45.7765282,21.274174,60.61,iulius_airport,car,1,synthetic_gps
2026-05-21 17:47:38,45.7766355,21.2742788,52.61,iulius_airport,car,1,synthetic_gps
2026-05-21 17:47:39,45.7765385,21.2743502,56.1,iulius_airport,car,1,synthetic_gps
2026-05-21 17:47:40,45.7765803,21.2743339,48.16,iulius_airport,car,1,synthetic_gps
2026-05-21 17:47:41,45.7765239,21.2744706,42.66,iulius_airport,car,1,synthetic_gps
2026-05-21 17:47:42,45.7765736,21.2745154,50.66,iulius_airport,car,1,synthetic_gps
2026-05-21 17:47:43,45.7765257,21.2745187,58.66,iulius_airport,car,1,synthetic_gps
2026-05-21 17:47:44,45.7765724,21.2744496,58.59,iulius_airport,car,1,synthetic_gps
2026-05-21 17:47:45,45.7766075,21.2745937,50.59,iulius_airport,car,1,synthetic_gps
2026-05-21 17:47:46,45.7766219,21.2746465,51.43,iulius_airport,car,1,synthetic_gps
2026-05-21 17:47:47,45.7766616,21.2747044,43.43,iulius_airport,car,1,synthetic_gps
2026-05-21 17:47:48,45.7766494,21.2746552,51.43,iulius_airport,car,1,synthetic_gps
2026-05-21 17:47:49,45.77661,21.2746709,54.12,iulius_airport,car,1,synthetic_gps
2026-05-21 17:47:50,45.7766811,21.2748168,55.79,iulius_airport,car,1,synthetic_gps
2026-05-21 17:47:51,45.7766071,21.2747511,47.79,iulius_airport,car,1,synthetic_gps
2026-05-21 17:47:52,45.7766058,21.274947,55.79,iulius_airport,car,1,synthetic_gps
2026-05-21 17:47:53,45.7765885,21.2748894,63.79,iulius_airport,car,1,synthetic_gps
2026-05-21 17:47:54,45.7765785,21.2750296,55.79,iulius_airport,car,1,synthetic_gps
2026-05-21 17:47:55,45.7766652,21.2749635,47.79,iulius_airport,car,1,synthetic_gps
2026-05-21 17:47:56,45.7766446,21.2750142,48.52,iulius_airport,car,1,synthetic_gps
2026-05-21 17:47:57,45.7766856,21.2750865,40.52,iulius_airport,car,1,synthetic_gps
2026-05-21 17:47:58,45.776756,21.2751961,33.03,iulius_airport,car,1,synthetic_gps
2026-05-21 17:47:59,45.7766883,21.275153,41.03,iulius_airport,car,1,synthetic_gps
2026-05-21 17:48:00,45.7766543,21.2751862,49.03,iulius_airport,car,1,synthetic_gps
2026-05-21 17:48:01,45.7767429,21.2752215,41.03,iulius_airport,car,1,synthetic_gps
2026-05-21 17:48:02,45.7766465,21.2753274,36.22,iulius_airport,car,1,synthetic_gps
2026-05-21 17:48:03,45.7767496,21.2753464,44.22,iulius_airport,car,1,synthetic_gps
2026-05-21 17:48:04,45.7766018,21.2754643,48.39,iulius_airport,car,1,synthetic_gps
2026-05-21 17:48:05,45.7767196,21.2755808,56.39,iulius_airport,car,1,synthetic_gps
2026-05-21 17:48:06,45.7766294,21.275562,48.39,iulius_airport,car,1,synthetic_gps
2026-05-21 17:48:07,45.7767063,21.2754672,56.39,iulius_airport,car,1,synthetic_gps
2026-05-21 17:48:08,45.7766952,21.2756182,50.76,iulius_airport,car,1,synthetic_gps
2026-05-21 17:48:09,45.7767805,21.2757023,58.76,iulius_airport,car,1,synthetic_gps
2026-05-21 17:48:10,45.7767582,21.2756549,50.76,iulius_airport,car,1,synthetic_gps
2026-05-21 17:48:11,45.7768816,21.2756498,56.59,iulius_airport,car,1,synthetic_gps
2026-05-21 17:48:12,45.776748,21.2756923,48.59,iulius_airport,car,1,synthetic_gps
2026-05-21 17:48:13,45.7767342,21.2757865,56.59,iulius_airport,car,1,synthetic_gps
2026-05-21 17:48:14,45.7767065,21.2757223,48.59,iulius_airport,car,1,synthetic_gps
2026-05-21 17:48:15,45.7767638,21.2758482,42.73,iulius_airport,car,1,synthetic_gps
2026-05-21 17:48:16,45.7767487,21.2758993,50.73,iulius_airport,car,1,synthetic_gps
2026-05-21 17:48:17,45.7766955,21.2759066,42.73,iulius_airport,car,1,synthetic_gps
2026-05-21 17:48:18,45.77668,21.2760707,50.73,iulius_airport,car,1,synthetic_gps
2026-05-21 17:48:19,45.776774,21.2760572,58.73,iulius_airport,car,1,synthetic_gps
2026-05-21 17:48:20,45.776888,21.2760271,66.73,iulius_airport,car,1,synthetic_gps
2026-05-21 17:48:21,45.7767998,21.2761561,74.73,iulius_airport,car,1,synthetic_gps
2026-05-21 17:48:22,45.7768617,21.2762105,66.73,iulius_airport,car,1,synthetic_gps
2026-05-21 17:48:23,45.7767561,21.2763091,58.73,iulius_airport,car,1,synthetic_gps
2026-05-21 17:48:24,45.7767451,21.2763399,58.26,iulius_airport,car,1,synthetic_gps
2026-05-21 17:48:25,45.7768235,21.2763007,62.91,iulius_airport,car,1,synthetic_gps
2026-05-21 17:48:26,45.776784,21.2764092,54.91,iulius_airport,car,1,synthetic_gps
2026-05-21 17:48:27,45.7767513,21.276428,46.91,iulius_airport,car,1,synthetic_gps
2026-05-21 17:48:28,45.7768098,21.2764368,38.91,iulius_airport,car,1,synthetic_gps
2026-05-21 17:48:29,45.7768509,21.2764739,46.91,iulius_airport,car,1,synthetic_gps
2026-05-21 17:48:30,45.7768485,21.2765808,38.91,iulius_airport,car,1,synthetic_gps
2026-05-21 17:48:31,45.7768453,21.2765137,41.07,iulius_airport,car,1,synthetic_gps
2026-05-21 17:48:32,45.7768746,21.276559,37.82,iulius_airport,car,1,synthetic_gps
2026-05-21 17:48:33,45.7768712,21.2766045,45.82,iulius_airport,car,1,synthetic_gps
2026-05-21 17:48:34,45.7767623,21.2767849,43.1,iulius_airport,car,1,synthetic_gps
2026-05-21 17:48:35,45.776955,21.2767711,51.1,iulius_airport,car,1,synthetic_gps
2026-05-21 17:48:36,45.7769031,21.2768804,54.07,iulius_airport,car,1,synthetic_gps
2026-05-21 17:48:37,45.7768782,21.2769538,62.07,iulius_airport,car,1,synthetic_gps
2026-05-21 17:48:38,45.7769167,21.2768533,54.07,iulius_airport,car,1,synthetic_gps
2026-05-21 17:48:39,45.7770229,21.2768783,46.07,iulius_airport,car,1,synthetic_gps
2026-05-21 17:48:40,45.7768166,21.2769024,54.07,iulius_airport,car,1,synthetic_gps
2026-05-21 17:48:41,45.7768997,21.2769831,46.07,iulius_airport,car,1,synthetic_gps
2026-05-21 17:48:42,45.7769792,21.2770606,54.07,iulius_airport,car,1,synthetic_gps
2026-05-21 17:48:43,45.7769743,21.2771414,46.07,iulius_airport,car,1,synthetic_gps
2026-05-21 17:48:44,45.7769514,21.2771967,54.07,iulius_airport,car,1,synthetic_gps
2026-05-21 17:48:45,45.7769342,21.2772415,49.68,iulius_airport,car,1,synthetic_gps
2026-05-21 17:48:46,45.7769653,21.2772718,41.68,iulius_airport,car,1,synthetic_gps
2026-05-21 17:48:47,45.776992,21.27735,33.68,iulius_airport,car,1,synthetic_gps
2026-05-21 17:48:48,45.7769655,21.2774117,34.98,iulius_airport,car,1,synthetic_gps
2026-05-21 17:48:49,45.7769331,21.2774714,42.98,iulius_airport,car,1,synthetic_gps
2026-05-21 17:48:50,45.7768946,21.2774195,34.98,iulius_airport,car,1,synthetic_gps
2026-05-21 17:48:51,45.7769497,21.2773567,42.98,iulius_airport,car,1,synthetic_gps
2026-05-21 17:48:52,45.7770742,21.2775234,50.98,iulius_airport,car,1,synthetic_gps
2026-05-21 17:48:53,45.7769284,21.2775223,58.27,iulius_airport,car,1,synthetic_gps
2026-05-21 17:48:54,45.7769894,21.2775655,50.27,iulius_airport,car,1,synthetic_gps
2026-05-21 17:48:55,45.7770616,21.2776401,46.82,iulius_airport,car,1,synthetic_gps
2026-05-21 17:48:56,45.7770484,21.2777427,53.69,iulius_airport,car,1,synthetic_gps
2026-05-21 17:48:57,45.7769873,21.2776646,45.69,iulius_airport,car,1,synthetic_gps
2026-05-21 17:48:58,45.7770925,21.2778881,53.69,iulius_airport,car,1,synthetic_gps
2026-05-21 17:48:59,45.7770655,21.2777998,61.69,iulius_airport,car,1,synthetic_gps
2026-05-21 17:49:00,45.7769844,21.2777359,53.69,iulius_airport,car,1,synthetic_gps
2026-05-21 17:49:01,45.7769935,21.2778796,58.37,iulius_airport,car,1,synthetic_gps
2026-05-21 17:49:02,45.7769907,21.2779043,52.94,iulius_airport,car,1,synthetic_gps
2026-05-21 17:49:03,45.7769933,21.2780138,60.4,iulius_airport,car,1,synthetic_gps
2026-05-21 17:49:04,45.7771181,21.2779758,52.4,iulius_airport,car,1,synthetic_gps
2026-05-21 17:49:05,45.7770304,21.2781112,44.4,iulius_airport,car,1,synthetic_gps
2026-05-21 17:49:06,45.7770926,21.2780942,52.4,iulius_airport,car,1,synthetic_gps
2026-05-21 17:49:07,45.7771027,21.2782537,60.4,iulius_airport,car,1,synthetic_gps
2026-05-21 17:49:08,45.7771458,21.2781863,52.4,iulius_airport,car,1,synthetic_gps
2026-05-21 17:49:09,45.7770354,21.2782634,44.4,iulius_airport,car,1,synthetic_gps
2026-05-21 17:49:10,45.7770446,21.2781409,36.4,iulius_airport,car,1,synthetic_gps
2026-05-21 17:49:11,45.7770425,21.2782363,35.76,iulius_airport,car,1,synthetic_gps
2026-05-21 17:49:12,45.7771136,21.2784878,43.76,iulius_airport,car,1,synthetic_gps
2026-05-21 17:49:13,45.7770373,21.278421,35.76,iulius_airport,car,1,synthetic_gps
2026-05-21 17:49:14,45.7770616,21.2784044,43.76,iulius_airport,car,1,synthetic_gps
2026-05-21 17:49:15,45.7770691,21.2784777,39.15,iulius_airport,car,1,synthetic_gps
2026-05-21 17:49:16,45.777133,21.2785383,47.15,iulius_airport,car,1,synthetic_gps
2026-05-21 17:49:17,45.7770165,21.2786597,55.15,iulius_airport,car,1,synthetic_gps
2026-05-21 17:49:18,45.7770633,21.2784801,50.37,iulius_airport,car,1,synthetic_gps
2026-05-21 17:49:19,45.7770951,21.2785856,58.37,iulius_airport,car,1,synthetic_gps
2026-05-21 17:49:20,45.7770005,21.278837,55.68,iulius_airport,car,1,synthetic_gps
2026-05-21 17:49:21,45.7771667,21.278696,63.68,iulius_airport,car,1,synthetic_gps
2026-05-21 17:49:22,45.7771507,21.2788543,55.68,iulius_airport,car,1,synthetic_gps
2026-05-21 17:49:23,45.7771097,21.2789127,47.68,iulius_airport,car,1,synthetic_gps
2026-05-21 17:49:24,45.7772013,21.2788355,46.69,iulius_airport,car,1,synthetic_gps
2026-05-21 17:49:25,45.777159,21.2789118,38.69,iulius_airport,car,1,synthetic_gps
2026-05-21 17:49:26,45.777164,21.2789824,46.69,iulius_airport,car,1,synthetic_gps
2026-05-21 17:49:27,45.7770674,21.2790035,54.69,iulius_airport,car,1,synthetic_gps
2026-05-21 17:49:28,45.7773023,21.2790279,48.98,iulius_airport,car,1,synthetic_gps
2026-05-21 17:49:29,45.7771336,21.2790745,46.76,iulius_airport,car,1,synthetic_gps
2026-05-21 17:49:30,45.7771879,21.2791297,38.76,iulius_airport,car,1,synthetic_gps
2026-05-21 17:49:31,45.777181,21.279199,46.76,iulius_airport,car,1,synthetic_gps
2026-05-21 17:49:32,45.7771392,21.2792713,54.76,iulius_airport,car,1,synthetic_gps
2026-05-21 17:49:33,45.7772432,21.2794145,46.76,iulius_airport,car,1,synthetic_gps
2026-05-21 17:49:34,45.7772101,21.2794386,50.09,iulius_airport,car,1,synthetic_gps
2026-05-21 17:49:35,45.7772142,21.2794175,58.09,iulius_airport,car,1,synthetic_gps
2026-05-21 17:49:36,45.7771922,21.2793116,66.09,iulius_airport,car,1,synthetic_gps
2026-05-21 17:49:37,45.7772617,21.2794386,58.09,iulius_airport,car,1,synthetic_gps
2026-05-21 17:49:38,45.7771541,21.2795183,64.01,iulius_airport,car,1,synthetic_gps
2026-05-21 17:49:39,45.7772474,21.2795872,56.01,iulius_airport,car,1,synthetic_gps
2026-05-21 17:49:40,45.7772833,21.2795025,48.01,iulius_airport,car,1,synthetic_gps
2026-05-21 17:49:41,45.7771499,21.2797264,50.92,iulius_airport,car,1,synthetic_gps
2026-05-21 17:49:42,45.7773075,21.2798891,58.92,iulius_airport,car,1,synthetic_gps
2026-05-21 17:49:43,45.7773439,21.2796156,66.92,iulius_airport,car,1,synthetic_gps
2026-05-21 17:49:44,45.7771102,21.2797872,58.92,iulius_airport,car,1,synthetic_gps
2026-05-21 17:49:45,45.7772815,21.2797833,63.12,iulius_airport,car,1,synthetic_gps
2026-05-21 17:49:46,45.7773436,21.2798419,55.12,iulius_airport,car,1,synthetic_gps
2026-05-21 17:49:47,45.7772433,21.279849,63.12,iulius_airport,car,1,synthetic_gps
2026-05-21 17:49:48,45.7772864,21.2799233,69.18,iulius_airport,car,1,synthetic_gps
2026-05-21 17:49:49,45.7774204,21.2799488,61.18,iulius_airport,car,1,synthetic_gps
2026-05-21 17:49:50,45.777337,21.2799945,53.18,iulius_airport,car,1,synthetic_gps
2026-05-21 17:49:51,45.7771985,21.2799876,54.32,iulius_airport,car,1,synthetic_gps
2026-05-21 17:49:52,45.7772531,21.2801272,50.15,iulius_airport,car,1,synthetic_gps
2026-05-21 17:49:53,45.7773733,21.2800788,53.48,iulius_airport,car,1,synthetic_gps
2026-05-21 17:49:54,45.7772543,21.280145,51.95,iulius_airport,car,1,synthetic_gps
2026-05-21 17:49:55,45.7772917,21.2802919,59.95,iulius_airport,car,1,synthetic_gps
2026-05-21 17:49:56,45.7773391,21.2803655,51.95,iulius_airport,car,1,synthetic_gps
2026-05-21 17:49:57,45.7774641,21.2802471,43.95,iulius_airport,car,1,synthetic_gps
2026-05-21 17:49:58,45.7773938,21.2803764,35.95,iulius_airport,car,1,synthetic_gps
2026-05-21 17:49:59,45.77732,21.28037,32.32,iulius_airport,car,1,synthetic_gps
2026-05-21 17:50:00,45.7773285,21.2804194,40.32,iulius_airport,car,1,synthetic_gps
2026-05-21 17:50:01,45.7773881,21.2804882,48.32,iulius_airport,car,1,synthetic_gps
2026-05-21 17:50:02,45.7774783,21.2805042,56.32,iulius_airport,car,1,synthetic_gps
2026-05-21 17:50:03,45.7773026,21.2806919,64.32,iulius_airport,car,1,synthetic_gps
2026-05-21 17:50:04,45.7773938,21.280747,56.32,iulius_airport,car,1,synthetic_gps
2026-05-21 17:50:05,45.7773786,21.2807407,64.32,iulius_airport,car,1,synthetic_gps
2026-05-21 17:50:06,45.777432,21.2808741,56.32,iulius_airport,car,1,synthetic_gps
2026-05-21 17:50:07,45.7774576,21.280821,48.32,iulius_airport,car,1,synthetic_gps
2026-05-21 17:50:08,45.7774456,21.2808078,56.32,iulius_airport,car,1,synthetic_gps
2026-05-21 17:50:09,45.7774749,21.2807959,64.32,iulius_airport,car,1,synthetic_gps
2026-05-21 17:50:10,45.7773336,21.2809733,57.56,iulius_airport,car,1,synthetic_gps
2026-05-21 17:50:11,45.7773644,21.2809206,65.56,iulius_airport,car,1,synthetic_gps
2026-05-21 17:50:12,45.7774465,21.2810221,61.68,iulius_airport,car,1,synthetic_gps
2026-05-21 17:50:13,45.7774758,21.2810095,53.68,iulius_airport,car,1,synthetic_gps
2026-05-21 17:50:14,45.777528,21.2810799,52.35,iulius_airport,car,1,synthetic_gps
2026-05-21 17:50:15,45.7773827,21.2811678,51.92,iulius_airport,car,1,synthetic_gps
2026-05-21 17:50:16,45.7773475,21.2809795,49.97,iulius_airport,car,1,synthetic_gps
2026-05-21 17:50:17,45.7774922,21.2812031,46.07,iulius_airport,car,1,synthetic_gps
2026-05-21 17:50:18,45.7774115,21.28129,48.38,iulius_airport,car,1,synthetic_gps
2026-05-21 17:50:19,45.7774067,21.2812984,40.38,iulius_airport,car,1,synthetic_gps
2026-05-21 17:50:20,45.7774722,21.2814304,47.77,iulius_airport,car,1,synthetic_gps
2026-05-21 17:50:21,45.7774693,21.2813988,39.77,iulius_airport,car,1,synthetic_gps
2026-05-21 17:50:22,45.7774694,21.2815072,32.42,iulius_airport,car,1,synthetic_gps
2026-05-21 17:50:23,45.7774841,21.2814921,40.42,iulius_airport,car,1,synthetic_gps
2026-05-21 17:50:24,45.7774531,21.2815831,48.42,iulius_airport,car,1,synthetic_gps
2026-05-21 17:50:25,45.7774332,21.2816287,42.65,iulius_airport,car,1,synthetic_gps
2026-05-21 17:50:26,45.7775267,21.2816698,39.69,iulius_airport,car,1,synthetic_gps
2026-05-21 17:50:27,45.777452,21.2816379,47.69,iulius_airport,car,1,synthetic_gps
2026-05-21 17:50:28,45.7774939,21.2817192,55.69,iulius_airport,car,1,synthetic_gps
2026-05-21 17:50:29,45.7774961,21.281802,47.69,iulius_airport,car,1,synthetic_gps
2026-05-21 17:50:30,45.777584,21.281904,55.69,iulius_airport,car,1,synthetic_gps
2026-05-21 17:50:31,45.7775324,21.2818672,58.51,iulius_airport,car,1,synthetic_gps
2026-05-21 17:50:32,45.7774909,21.2819679,50.51,iulius_airport,car,1,synthetic_gps
2026-05-21 17:50:33,45.7775895,21.2820562,49.53,iulius_airport,car,1,synthetic_gps
2026-05-21 17:50:34,45.7775355,21.2820239,46.75,iulius_airport,car,1,synthetic_gps
2026-05-21 17:50:35,45.7775371,21.2819267,54.75,iulius_airport,car,1,synthetic_gps
2026-05-21 17:50:36,45.7774571,21.2820896,46.75,iulius_airport,car,1,synthetic_gps
2026-05-21 17:50:37,45.7776696,21.2821566,54.75,iulius_airport,car,1,synthetic_gps
2026-05-21 17:50:38,45.7774759,21.2820717,46.75,iulius_airport,car,1,synthetic_gps
2026-05-21 17:50:39,45.7775197,21.2821935,38.75,iulius_airport,car,1,synthetic_gps
2026-05-21 17:50:40,45.7774754,21.2821201,30.75,iulius_airport,car,1,synthetic_gps
2026-05-21 17:50:41,45.7776573,21.2822122,38.75,iulius_airport,car,1,synthetic_gps
2026-05-21 17:50:42,45.7776411,21.2822558,46.75,iulius_airport,car,1,synthetic_gps
2026-05-21 17:50:43,45.7775215,21.2823956,38.75,iulius_airport,car,1,synthetic_gps
2026-05-21 17:50:44,45.777616,21.2823815,46.75,iulius_airport,car,1,synthetic_gps
2026-05-21 17:50:45,45.7776402,21.2824759,38.75,iulius_airport,car,1,synthetic_gps
2026-05-21 17:50:46,45.7776462,21.2824568,45.81,iulius_airport,car,1,synthetic_gps
2026-05-21 17:50:47,45.7777004,21.282615,37.81,iulius_airport,car,1,synthetic_gps
2026-05-21 17:50:48,45.7777197,21.2825603,45.81,iulius_airport,car,1,synthetic_gps
2026-05-21 17:50:49,45.7776669,21.2826919,37.81,iulius_airport,car,1,synthetic_gps
2026-05-21 17:50:50,45.7776504,21.2826871,45.81,iulius_airport,car,1,synthetic_gps
2026-05-21 17:50:51,45.7776817,21.2826641,53.81,iulius_airport,car,1,synthetic_gps
2026-05-21 17:50:52,45.7776553,21.2826734,61.81,iulius_airport,car,1,synthetic_gps
2026-05-21 17:50:53,45.7776481,21.2827183,53.81,iulius_airport,car,1,synthetic_gps
2026-05-21 17:50:54,45.777631,21.2828093,60.04,iulius_airport,car,1,synthetic_gps
2026-05-21 17:50:55,45.7777605,21.2828766,52.04,iulius_airport,car,1,synthetic_gps
2026-05-21 17:50:56,45.7776455,21.2830058,44.04,iulius_airport,car,1,synthetic_gps
2026-05-21 17:50:57,45.7776765,21.2829682,36.04,iulius_airport,car,1,synthetic_gps
2026-05-21 17:50:58,45.7777601,21.2829838,44.04,iulius_airport,car,1,synthetic_gps
2026-05-21 17:50:59,45.7776992,21.2830234,52.04,iulius_airport,car,1,synthetic_gps
2026-05-21 17:51:00,45.7776795,21.2830151,56.71,iulius_airport,car,1,synthetic_gps
2026-05-21 17:51:01,45.7776817,21.2830113,54.57,iulius_airport,car,1,synthetic_gps
2026-05-21 17:51:02,45.7776713,21.2830917,62.57,iulius_airport,car,1,synthetic_gps
2026-05-21 17:51:03,45.7777598,21.2832073,57.69,iulius_airport,car,1,synthetic_gps
2026-05-21 17:51:04,45.7777635,21.2832693,65.03,iulius_airport,car,1,synthetic_gps
2026-05-21 17:51:05,45.7777544,21.2832815,65.57,iulius_airport,car,1,synthetic_gps
2026-05-21 17:51:06,45.777807,21.2834727,58.83,iulius_airport,car,1,synthetic_gps
2026-05-21 17:51:07,45.7777016,21.2833695,50.83,iulius_airport,car,1,synthetic_gps
2026-05-21 17:51:08,45.7776587,21.2833477,42.83,iulius_airport,car,1,synthetic_gps
2026-05-21 17:51:09,45.7777852,21.2834469,50.83,iulius_airport,car,1,synthetic_gps
2026-05-21 17:51:10,45.7777447,21.2834935,58.83,iulius_airport,car,1,synthetic_gps
2026-05-21 17:51:11,45.777872,21.2834757,56.64,iulius_airport,car,1,synthetic_gps
2026-05-21 17:51:12,45.7777563,21.2835602,48.64,iulius_airport,car,1,synthetic_gps
2026-05-21 17:51:13,45.7776589,21.2835715,56.64,iulius_airport,car,1,synthetic_gps
2026-05-21 17:51:14,45.7778092,21.2836863,61.71,iulius_airport,car,1,synthetic_gps
2026-05-21 17:51:15,45.7777584,21.2837149,53.71,iulius_airport,car,1,synthetic_gps
2026-05-21 17:51:16,45.7777592,21.2837237,46.56,iulius_airport,car,1,synthetic_gps
2026-05-21 17:51:17,45.7778401,21.2838825,54.56,iulius_airport,car,1,synthetic_gps
2026-05-21 17:51:18,45.77769,21.2839265,62.56,iulius_airport,car,1,synthetic_gps
2026-05-21 17:51:19,45.7777801,21.2838812,54.56,iulius_airport,car,1,synthetic_gps
2026-05-21 17:51:20,45.7778207,21.284078,46.56,iulius_airport,car,1,synthetic_gps
2026-05-21 17:51:21,45.7777576,21.2839001,54.56,iulius_airport,car,1,synthetic_gps
2026-05-21 17:51:22,45.7778033,21.2841122,62.56,iulius_airport,car,1,synthetic_gps
2026-05-21 17:51:23,45.7777695,21.284026,65.94,iulius_airport,car,1,synthetic_gps
2026-05-21 17:51:24,45.7777348,21.2842021,57.94,iulius_airport,car,1,synthetic_gps
2026-05-21 17:51:25,45.7777933,21.2841805,56.91,iulius_airport,car,1,synthetic_gps
2026-05-21 17:51:26,45.7777761,21.2842135,54.55,iulius_airport,car,1,synthetic_gps
2026-05-21 17:51:27,45.7778002,21.2842598,56.26,iulius_airport,car,1,synthetic_gps
2026-05-21 17:51:28,45.777763,21.2842935,48.26,iulius_airport,car,1,synthetic_gps
2026-05-21 17:51:29,45.7778539,21.2843542,40.26,iulius_airport,car,1,synthetic_gps
2026-05-21 17:51:30,45.7778748,21.284415,48.26,iulius_airport,car,1,synthetic_gps
2026-05-21 17:51:31,45.7779514,21.2845596,40.26,iulius_airport,car,1,synthetic_gps
2026-05-21 17:51:32,45.7778652,21.2843084,48.26,iulius_airport,car,1,synthetic_gps
2026-05-21 17:51:33,45.7779525,21.2844009,56.26,iulius_airport,car,1,synthetic_gps
2026-05-21 17:51:34,45.7778986,21.2845249,48.26,iulius_airport,car,1,synthetic_gps
2026-05-21 17:51:35,45.7777998,21.2846326,40.26,iulius_airport,car,1,synthetic_gps
2026-05-21 17:51:36,45.7779774,21.2847706,48.26,iulius_airport,car,1,synthetic_gps
2026-05-21 17:51:37,45.7780226,21.2846813,56.26,iulius_airport,car,1,synthetic_gps
2026-05-21 17:51:38,45.7778694,21.2846151,62.18,iulius_airport,car,1,synthetic_gps
2026-05-21 17:51:39,45.7779138,21.2847878,55.08,iulius_airport,car,1,synthetic_gps
2026-05-21 17:51:40,45.7779594,21.2848082,50.3,iulius_airport,car,1,synthetic_gps
2026-05-21 17:51:41,45.7780396,21.2848697,45.11,iulius_airport,car,1,synthetic_gps
2026-05-21 17:51:42,45.7778621,21.2849244,53.11,iulius_airport,car,1,synthetic_gps
2026-05-21 17:51:43,45.7780152,21.2851117,61.11,iulius_airport,car,1,synthetic_gps
2026-05-21 17:51:44,45.777919,21.2850911,53.11,iulius_airport,car,1,synthetic_gps
2026-05-21 17:51:45,45.7779705,21.2849719,61.11,iulius_airport,car,1,synthetic_gps
2026-05-21 17:51:46,45.7780621,21.2850839,69.11,iulius_airport,car,1,synthetic_gps
2026-05-21 17:51:47,45.7780255,21.2851413,65.15,iulius_airport,car,1,synthetic_gps
2026-05-21 17:51:48,45.7779427,21.2850884,57.32,iulius_airport,car,1,synthetic_gps
2026-05-21 17:51:49,45.7778477,21.2851857,49.32,iulius_airport,car,1,synthetic_gps
2026-05-21 17:51:50,45.7779746,21.2853326,41.32,iulius_airport,car,1,synthetic_gps
2026-05-21 17:51:51,45.7780014,21.2853333,33.32,iulius_airport,car,1,synthetic_gps
2026-05-21 17:51:52,45.7780212,21.2854575,41.32,iulius_airport,car,1,synthetic_gps
2026-05-21 17:51:53,45.7781186,21.2854005,49.32,iulius_airport,car,1,synthetic_gps
2026-05-21 17:51:54,45.7779147,21.2854234,41.32,iulius_airport,car,1,synthetic_gps
2026-05-21 17:51:55,45.7779959,21.285429,49.32,iulius_airport,car,1,synthetic_gps
2026-05-21 17:51:56,45.7779417,21.2854679,42.53,iulius_airport,car,1,synthetic_gps
2026-05-21 17:51:57,45.7779474,21.2855367,39.12,iulius_airport,car,1,synthetic_gps
2026-05-21 17:51:58,45.7779574,21.2856096,47.12,iulius_airport,car,1,synthetic_gps
2026-05-21 17:51:59,45.7780242,21.2856929,55.12,iulius_airport,car,1,synthetic_gps
2026-05-21 17:52:00,45.7781161,21.2856728,63.12,iulius_airport,car,1,synthetic_gps
2026-05-21 17:52:01,45.7780267,21.2856388,55.12,iulius_airport,car,1,synthetic_gps
2026-05-21 17:52:02,45.7780879,21.2856748,58.46,iulius_airport,car,1,synthetic_gps
2026-05-21 17:52:03,45.7780279,21.285806,50.46,iulius_airport,car,1,synthetic_gps
2026-05-21 17:52:04,45.7780272,21.2858735,42.46,iulius_airport,car,1,synthetic_gps
2026-05-21 17:52:05,45.778173,21.2859663,42.88,iulius_airport,car,1,synthetic_gps
2026-05-21 17:52:06,45.7780998,21.2858932,48.76,iulius_airport,car,1,synthetic_gps
2026-05-21 17:52:07,45.7779688,21.2859864,54.52,iulius_airport,car,1,synthetic_gps
2026-05-21 17:52:08,45.7781227,21.2859709,56.92,iulius_airport,car,1,synthetic_gps
2026-05-21 17:52:09,45.7780931,21.2860788,48.92,iulius_airport,car,1,synthetic_gps
2026-05-21 17:52:10,45.7781178,21.286127,49.61,iulius_airport,car,1,synthetic_gps
2026-05-21 17:52:11,45.7780731,21.2861241,57.61,iulius_airport,car,1,synthetic_gps
2026-05-21 17:52:12,45.7780412,21.2862456,56.67,iulius_airport,car,1,synthetic_gps
2026-05-21 17:52:13,45.7780554,21.2862671,51.01,iulius_airport,car,1,synthetic_gps
2026-05-21 17:52:14,45.7781934,21.2862805,43.01,iulius_airport,car,1,synthetic_gps
2026-05-21 17:52:15,45.7780679,21.2862995,35.01,iulius_airport,car,1,synthetic_gps
2026-05-21 17:52:16,45.778155,21.2865029,43.01,iulius_airport,car,1,synthetic_gps
2026-05-21 17:52:17,45.7781208,21.2864078,42.18,iulius_airport,car,1,synthetic_gps
2026-05-21 17:52:18,45.7781163,21.2865206,41.97,iulius_airport,car,1,synthetic_gps
2026-05-21 17:52:19,45.7781921,21.2865942,48.51,iulius_airport,car,1,synthetic_gps
2026-05-21 17:52:20,45.7781718,21.2865808,56.51,iulius_airport,car,1,synthetic_gps
2026-05-21 17:52:21,45.7781799,21.2866029,48.51,iulius_airport,car,1,synthetic_gps
2026-05-21 17:52:22,45.7781435,21.2866933,51.25,iulius_airport,car,1,synthetic_gps
2026-05-21 17:52:23,45.7781461,21.286736,59.25,iulius_airport,car,1,synthetic_gps
2026-05-21 17:52:24,45.7780773,21.2866861,51.25,iulius_airport,car,1,synthetic_gps
2026-05-21 17:52:25,45.7781626,21.2867836,59.25,iulius_airport,car,1,synthetic_gps
2026-05-21 17:52:26,45.7781149,21.2868022,51.25,iulius_airport,car,1,synthetic_gps
2026-05-21 17:52:27,45.7782163,21.2867512,43.25,iulius_airport,car,1,synthetic_gps
2026-05-21 17:52:28,45.7780454,21.2868784,41.71,iulius_airport,car,1,synthetic_gps
2026-05-21 17:52:29,45.7783372,21.2869661,49.71,iulius_airport,car,1,synthetic_gps
2026-05-21 17:52:30,45.7782867,21.2869911,55.21,iulius_airport,car,1,synthetic_gps
2026-05-21 17:52:31,45.7782293,21.2870397,63.21,iulius_airport,car,1,synthetic_gps
2026-05-21 17:52:32,45.7781409,21.2870949,57.81,iulius_airport,car,1,synthetic_gps
2026-05-21 17:52:33,45.7781384,21.2872152,60.0,iulius_airport,car,1,synthetic_gps
2026-05-21 17:52:34,45.7782373,21.2872287,63.72,iulius_airport,car,1,synthetic_gps
2026-05-21 17:52:35,45.7782554,21.2872452,55.72,iulius_airport,car,1,synthetic_gps
2026-05-21 17:52:36,45.7781138,21.2873483,50.29,iulius_airport,car,1,synthetic_gps
2026-05-21 17:52:37,45.7782662,21.287271,58.29,iulius_airport,car,1,synthetic_gps
2026-05-21 17:52:38,45.7782643,21.2872647,56.85,iulius_airport,car,1,synthetic_gps
2026-05-21 17:52:39,45.7783423,21.2873964,64.85,iulius_airport,car,1,synthetic_gps
2026-05-21 17:52:40,45.7782805,21.2874755,57.22,iulius_airport,car,1,synthetic_gps
2026-05-21 17:52:41,45.7782185,21.2875798,49.22,iulius_airport,car,1,synthetic_gps
2026-05-21 17:52:42,45.7783396,21.2875049,57.22,iulius_airport,car,1,synthetic_gps
2026-05-21 17:52:43,45.7782487,21.2875987,65.22,iulius_airport,car,1,synthetic_gps
2026-05-21 17:52:44,45.7783738,21.2877218,73.22,iulius_airport,car,1,synthetic_gps
2026-05-21 17:52:45,45.7783576,21.2875717,65.22,iulius_airport,car,1,synthetic_gps
2026-05-21 17:52:46,45.7782271,21.2876837,61.05,iulius_airport,car,1,synthetic_gps
2026-05-21 17:52:47,45.778339,21.2878184,53.05,iulius_airport,car,1,synthetic_gps
2026-05-21 17:52:48,45.7783154,21.2878159,53.95,iulius_airport,car,1,synthetic_gps
2026-05-21 17:52:49,45.7784002,21.2878621,45.95,iulius_airport,car,1,synthetic_gps
2026-05-21 17:52:50,45.7784364,21.2880348,53.95,iulius_airport,car,1,synthetic_gps
2026-05-21 17:52:51,45.7784825,21.287907,53.2,iulius_airport,car,1,synthetic_gps
2026-05-21 17:52:52,45.7783003,21.287944,53.16,iulius_airport,car,1,synthetic_gps
2026-05-21 17:52:53,45.7784043,21.288027,61.16,iulius_airport,car,1,synthetic_gps
2026-05-21 17:52:54,45.7781496,21.2880997,53.16,iulius_airport,car,1,synthetic_gps
2026-05-21 17:52:55,45.7782875,21.2881114,48.68,iulius_airport,car,1,synthetic_gps
2026-05-21 17:52:56,45.7782718,21.2880722,40.68,iulius_airport,car,1,synthetic_gps
2026-05-21 17:52:57,45.7785069,21.2882355,48.68,iulius_airport,car,1,synthetic_gps
2026-05-21 17:52:58,45.7784035,21.2882175,47.06,iulius_airport,car,1,synthetic_gps
2026-05-21 17:52:59,45.7784489,21.2884022,39.06,iulius_airport,car,1,synthetic_gps
2026-05-21 17:53:00,45.7783242,21.2883909,47.06,iulius_airport,car,1,synthetic_gps
2026-05-21 17:53:01,45.7783446,21.2885711,55.06,iulius_airport,car,1,synthetic_gps
2026-05-21 17:53:02,45.7784224,21.2884956,55.31,iulius_airport,car,1,synthetic_gps
2026-05-21 17:53:03,45.7783356,21.2884727,63.31,iulius_airport,car,1,synthetic_gps
2026-05-21 17:53:04,45.7784415,21.2885707,60.01,iulius_airport,car,1,synthetic_gps
2026-05-21 17:53:05,45.7783657,21.2885146,52.01,iulius_airport,car,1,synthetic_gps
2026-05-21 17:53:06,45.7785111,21.2887314,59.95,iulius_airport,car,1,synthetic_gps
2026-05-21 17:53:07,45.7784836,21.2888199,62.59,iulius_airport,car,1,synthetic_gps
2026-05-21 17:53:08,45.7784118,21.2888252,59.52,iulius_airport,car,1,synthetic_gps
2026-05-21 17:53:09,45.7784669,21.2888207,51.52,iulius_airport,car,1,synthetic_gps
2026-05-21 17:53:10,45.778383,21.2887937,45.75,iulius_airport,car,1,synthetic_gps
2026-05-21 17:53:11,45.7783621,21.2889797,53.75,iulius_airport,car,1,synthetic_gps
2026-05-21 17:53:12,45.7784679,21.2889242,61.75,iulius_airport,car,1,synthetic_gps
2026-05-21 17:53:13,45.7784237,21.2889533,53.75,iulius_airport,car,1,synthetic_gps
2026-05-21 17:53:14,45.7784219,21.2889955,56.05,iulius_airport,car,1,synthetic_gps
2026-05-21 17:53:15,45.7784792,21.2890523,64.05,iulius_airport,car,1,synthetic_gps
2026-05-21 17:53:16,45.7784334,21.2891048,56.05,iulius_airport,car,1,synthetic_gps
2026-05-21 17:53:17,45.7784236,21.2891647,48.83,iulius_airport,car,1,synthetic_gps
2026-05-21 17:53:18,45.7784582,21.2892133,50.57,iulius_airport,car,1,synthetic_gps
2026-05-21 17:53:19,45.778463,21.2893082,58.57,iulius_airport,car,1,synthetic_gps
2026-05-21 17:53:20,45.7784929,21.289298,51.11,iulius_airport,car,1,synthetic_gps
2026-05-21 17:53:21,45.7783884,21.2893707,59.11,iulius_airport,car,1,synthetic_gps
2026-05-21 17:53:22,45.7784466,21.2893665,67.11,iulius_airport,car,1,synthetic_gps
2026-05-21 17:53:23,45.7785277,21.2895179,59.11,iulius_airport,car,1,synthetic_gps
2026-05-21 17:53:24,45.7785975,21.2894555,67.11,iulius_airport,car,1,synthetic_gps
2026-05-21 17:53:25,45.7785526,21.2896165,67.45,iulius_airport,car,1,synthetic_gps
2026-05-21 17:53:26,45.7785359,21.2896201,59.45,iulius_airport,car,1,synthetic_gps
2026-05-21 17:53:27,45.7785486,21.2896407,51.62,iulius_airport,car,1,synthetic_gps
2026-05-21 17:53:28,45.7785474,21.289537,59.62,iulius_airport,car,1,synthetic_gps
2026-05-21 17:53:29,45.7784541,21.2898085,51.62,iulius_airport,car,1,synthetic_gps
2026-05-21 17:53:30,45.7785769,21.2896501,59.62,iulius_airport,car,1,synthetic_gps
2026-05-21 17:53:31,45.7786167,21.2898261,51.62,iulius_airport,car,1,synthetic_gps
2026-05-21 17:53:32,45.778517,21.2898113,43.62,iulius_airport,car,1,synthetic_gps
2026-05-21 17:53:33,45.7785534,21.289944,35.62,iulius_airport,car,1,synthetic_gps
2026-05-21 17:53:34,45.7783985,21.2898512,43.62,iulius_airport,car,1,synthetic_gps
2026-05-21 17:53:35,45.7786374,21.2900114,48.58,iulius_airport,car,1,synthetic_gps
2026-05-21 17:53:36,45.7786385,21.2900409,40.58,iulius_airport,car,1,synthetic_gps
2026-05-21 17:53:37,45.7786646,21.2901775,48.58,iulius_airport,car,1,synthetic_gps
2026-05-21 17:53:38,45.7786638,21.2901647,52.26,iulius_airport,car,1,synthetic_gps
2026-05-21 17:53:39,45.7786441,21.2902208,44.26,iulius_airport,car,1,synthetic_gps
2026-05-21 17:53:40,45.7785548,21.2902104,36.26,iulius_airport,car,1,synthetic_gps
2026-05-21 17:53:41,45.7785982,21.2902386,34.96,iulius_airport,car,1,synthetic_gps
2026-05-21 17:53:42,45.7785588,21.2905147,42.6,iulius_airport,car,1,synthetic_gps
2026-05-21 17:53:43,45.7786576,21.2903899,50.6,iulius_airport,car,1,synthetic_gps
2026-05-21 17:53:44,45.7786098,21.2904586,56.81,iulius_airport,car,1,synthetic_gps
2026-05-21 17:53:45,45.7786735,21.2904869,59.37,iulius_airport,car,1,synthetic_gps
2026-05-21 17:53:46,45.7785543,21.290455,61.47,iulius_airport,car,1,synthetic_gps
2026-05-21 17:53:47,45.7786832,21.290536,53.47,iulius_airport,car,1,synthetic_gps
2026-05-21 17:53:48,45.7785897,21.2906199,45.47,iulius_airport,car,1,synthetic_gps
2026-05-21 17:53:49,45.7787052,21.2906129,53.47,iulius_airport,car,1,synthetic_gps
2026-05-21 17:53:50,45.7786688,21.2907529,61.47,iulius_airport,car,1,synthetic_gps
2026-05-21 17:53:51,45.7787201,21.2907676,53.47,iulius_airport,car,1,synthetic_gps
2026-05-21 17:53:52,45.7787096,21.2908351,45.47,iulius_airport,car,1,synthetic_gps
2026-05-21 17:53:53,45.7787203,21.2908875,53.47,iulius_airport,car,1,synthetic_gps
2026-05-21 17:53:54,45.7787186,21.2909225,61.47,iulius_airport,car,1,synthetic_gps
2026-05-21 17:53:55,45.778718,21.2909785,53.47,iulius_airport,car,1,synthetic_gps
2026-05-21 17:53:56,45.7787749,21.2909622,61.47,iulius_airport,car,1,synthetic_gps
2026-05-21 17:53:57,45.7787931,21.2909944,53.75,iulius_airport,car,1,synthetic_gps
2026-05-21 17:53:58,45.7785827,21.2910603,61.75,iulius_airport,car,1,synthetic_gps
2026-05-21 17:53:59,45.7786054,21.2910986,68.34,iulius_airport,car,1,synthetic_gps
2026-05-21 17:54:00,45.7786987,21.2911138,60.34,iulius_airport,car,1,synthetic_gps
2026-05-21 17:54:01,45.7787514,21.2911782,52.34,iulius_airport,car,1,synthetic_gps
2026-05-21 17:54:02,45.7787458,21.2912813,55.75,iulius_airport,car,1,synthetic_gps
2026-05-21 17:54:03,45.7787572,21.2913018,47.75,iulius_airport,car,1,synthetic_gps
2026-05-21 17:54:04,45.778802,21.2913307,55.75,iulius_airport,car,1,synthetic_gps
2026-05-21 17:54:05,45.7787011,21.2913756,63.75,iulius_airport,car,1,synthetic_gps
2026-05-21 17:54:06,45.7786814,21.2914138,68.93,iulius_airport,car,1,synthetic_gps
2026-05-21 17:54:07,45.7786782,21.2914278,60.93,iulius_airport,car,1,synthetic_gps
2026-05-21 17:54:08,45.778737,21.291538,58.02,iulius_airport,car,1,synthetic_gps
2026-05-21 17:54:09,45.7787719,21.2915796,50.02,iulius_airport,car,1,synthetic_gps
2026-05-21 17:54:10,45.7788417,21.2916354,58.02,iulius_airport,car,1,synthetic_gps
2026-05-21 17:54:11,45.7788855,21.2917352,50.02,iulius_airport,car,1,synthetic_gps
2026-05-21 17:54:12,45.778767,21.291654,42.02,iulius_airport,car,1,synthetic_gps
2026-05-21 17:54:13,45.7787864,21.2916826,50.02,iulius_airport,car,1,synthetic_gps
2026-05-21 17:54:14,45.778725,21.2917071,46.39,iulius_airport,car,1,synthetic_gps
2026-05-21 17:54:15,45.7788688,21.2919295,54.39,iulius_airport,car,1,synthetic_gps
2026-05-21 17:54:16,45.7788655,21.2920319,62.39,iulius_airport,car,1,synthetic_gps
2026-05-21 17:54:17,45.7788488,21.2919849,54.39,iulius_airport,car,1,synthetic_gps
2026-05-21 17:54:18,45.7787776,21.2920367,49.73,iulius_airport,car,1,synthetic_gps
2026-05-21 17:54:19,45.778876,21.292057,41.73,iulius_airport,car,1,synthetic_gps
2026-05-21 17:54:20,45.778856,21.292017,49.73,iulius_airport,car,1,synthetic_gps
2026-05-21 17:54:21,45.7790426,21.2922345,53.35,iulius_airport,car,1,synthetic_gps
2026-05-21 17:54:22,45.7788417,21.2921778,61.35,iulius_airport,car,1,synthetic_gps
2026-05-21 17:54:23,45.7788587,21.2921413,54.46,iulius_airport,car,1,synthetic_gps
2026-05-21 17:54:24,45.7787831,21.2922,61.68,iulius_airport,car,1,synthetic_gps
2026-05-21 17:54:25,45.7788374,21.2922579,53.68,iulius_airport,car,1,synthetic_gps
2026-05-21 17:54:26,45.7788488,21.2923619,47.54,iulius_airport,car,1,synthetic_gps
2026-05-21 17:54:27,45.7788657,21.2923566,39.54,iulius_airport,car,1,synthetic_gps
2026-05-21 17:54:28,45.7788699,21.2924562,47.54,iulius_airport,car,1,synthetic_gps
2026-05-21 17:54:29,45.7789378,21.2925552,44.43,iulius_airport,car,1,synthetic_gps
2026-05-21 17:54:30,45.778919,21.292574,45.23,iulius_airport,car,1,synthetic_gps
2026-05-21 17:54:31,45.7787915,21.2927041,51.71,iulius_airport,car,1,synthetic_gps
2026-05-21 17:54:32,45.7788806,21.2924904,56.81,iulius_airport,car,1,synthetic_gps
2026-05-21 17:54:33,45.7788718,21.2927982,64.81,iulius_airport,car,1,synthetic_gps
2026-05-21 17:54:34,45.7787931,21.2927585,59.57,iulius_airport,car,1,synthetic_gps
2026-05-21 17:54:35,45.7788566,21.2928557,65.4,iulius_airport,car,1,synthetic_gps
2026-05-21 17:54:36,45.7788583,21.2928585,57.4,iulius_airport,car,1,synthetic_gps
2026-05-21 17:54:37,45.7789857,21.2927795,51.66,iulius_airport,car,1,synthetic_gps
2026-05-21 17:54:38,45.7790239,21.2929017,59.66,iulius_airport,car,1,synthetic_gps
2026-05-21 17:54:39,45.7789544,21.2929562,51.66,iulius_airport,car,1,synthetic_gps
2026-05-21 17:54:40,45.7788917,21.2930063,49.84,iulius_airport,car,1,synthetic_gps
2026-05-21 17:54:41,45.7788287,21.2931058,41.84,iulius_airport,car,1,synthetic_gps
2026-05-21 17:54:42,45.7789778,21.2930951,49.84,iulius_airport,car,1,synthetic_gps
2026-05-21 17:54:43,45.7790764,21.29323,51.27,iulius_airport,car,1,synthetic_gps
2026-05-21 17:54:44,45.7789616,21.2932485,43.27,iulius_airport,car,1,synthetic_gps
2026-05-21 17:54:45,45.778995,21.293199,51.27,iulius_airport,car,1,synthetic_gps
2026-05-21 17:54:46,45.7789461,21.2932813,59.27,iulius_airport,car,1,synthetic_gps
2026-05-21 17:54:47,45.7789553,21.2933259,51.27,iulius_airport,car,1,synthetic_gps
2026-05-21 17:54:48,45.7790058,21.2933814,59.27,iulius_airport,car,1,synthetic_gps
2026-05-21 17:54:49,45.7790522,21.2934672,67.27,iulius_airport,car,1,synthetic_gps
2026-05-21 17:54:50,45.7790948,21.2935218,59.27,iulius_airport,car,1,synthetic_gps
2026-05-21 17:54:51,45.7789497,21.29349,67.27,iulius_airport,car,1,synthetic_gps
2026-05-21 17:54:52,45.7789922,21.2935073,71.56,iulius_airport,car,1,synthetic_gps
2026-05-21 17:54:53,45.7791003,21.2936649,63.56,iulius_airport,car,1,synthetic_gps
2026-05-21 17:54:54,45.7789806,21.2936256,56.52,iulius_airport,car,1,synthetic_gps
2026-05-21 17:54:55,45.7789455,21.2936779,63.12,iulius_airport,car,1,synthetic_gps
2026-05-21 17:54:56,45.7790067,21.2937538,55.42,iulius_airport,car,1,synthetic_gps
2026-05-21 17:54:57,45.7789741,21.2938282,47.42,iulius_airport,car,1,synthetic_gps
2026-05-21 17:54:58,45.7790266,21.2938529,55.42,iulius_airport,car,1,synthetic_gps
2026-05-21 17:54:59,45.7790246,21.294038,48.2,iulius_airport,car,1,synthetic_gps
2026-05-21 17:55:00,45.7791045,21.2938975,56.2,iulius_airport,car,1,synthetic_gps
2026-05-21 17:55:01,45.7791443,21.2939564,50.78,iulius_airport,car,1,synthetic_gps
2026-05-21 17:55:02,45.7791538,21.2940071,42.78,iulius_airport,car,1,synthetic_gps
2026-05-21 17:55:03,45.7791925,21.294003,50.78,iulius_airport,car,1,synthetic_gps
2026-05-21 17:55:04,45.7790291,21.2941181,42.78,iulius_airport,car,1,synthetic_gps
2026-05-21 17:55:05,45.7792331,21.2941553,50.78,iulius_airport,car,1,synthetic_gps
2026-05-21 17:55:06,45.7791798,21.294074,42.84,iulius_airport,car,1,synthetic_gps
2026-05-21 17:55:07,45.7790946,21.2942814,50.84,iulius_airport,car,1,synthetic_gps
2026-05-21 17:55:08,45.7791513,21.2941588,58.84,iulius_airport,car,1,synthetic_gps
2026-05-21 17:55:09,45.7791713,21.2942842,63.57,iulius_airport,car,1,synthetic_gps
2026-05-21 17:55:10,45.7792365,21.2943773,63.39,iulius_airport,car,1,synthetic_gps
2026-05-21 17:55:11,45.7792115,21.2944935,55.39,iulius_airport,car,1,synthetic_gps
2026-05-21 17:55:12,45.7792706,21.2945142,55.76,iulius_airport,car,1,synthetic_gps
2026-05-21 17:55:13,45.7792371,21.2945653,47.76,iulius_airport,car,1,synthetic_gps
2026-05-21 17:55:14,45.7792098,21.2945315,55.76,iulius_airport,car,1,synthetic_gps
2026-05-21 17:55:15,45.7791715,21.2945379,48.74,iulius_airport,car,1,synthetic_gps
2026-05-21 17:55:16,45.7792403,21.2946454,55.18,iulius_airport,car,1,synthetic_gps
2026-05-21 17:55:17,45.7790508,21.2946866,47.18,iulius_airport,car,1,synthetic_gps
2026-05-21 17:55:18,45.7792438,21.2946418,51.33,iulius_airport,car,1,synthetic_gps
2026-05-21 17:55:19,45.7791907,21.2947725,43.33,iulius_airport,car,1,synthetic_gps
2026-05-21 17:55:20,45.7792687,21.2947907,38.94,iulius_airport,car,1,synthetic_gps
2026-05-21 17:55:21,45.7792401,21.2948831,46.94,iulius_airport,car,1,synthetic_gps
2026-05-21 17:55:22,45.7791952,21.2949739,38.94,iulius_airport,car,1,synthetic_gps
2026-05-21 17:55:23,45.7792755,21.295018,45.56,iulius_airport,car,1,synthetic_gps
2026-05-21 17:55:24,45.7791285,21.294953,53.56,iulius_airport,car,1,synthetic_gps
2026-05-21 17:55:25,45.7792217,21.2951185,45.56,iulius_airport,car,1,synthetic_gps
2026-05-21 17:55:26,45.7791966,21.2951832,37.56,iulius_airport,car,1,synthetic_gps
2026-05-21 17:55:27,45.7792563,21.2952284,37.7,iulius_airport,car,1,synthetic_gps
2026-05-21 17:55:28,45.7791831,21.2952765,45.7,iulius_airport,car,1,synthetic_gps
2026-05-21 17:55:29,45.779209,21.2952899,37.7,iulius_airport,car,1,synthetic_gps
2026-05-21 17:55:30,45.7793384,21.2952776,45.7,iulius_airport,car,1,synthetic_gps
2026-05-21 17:55:31,45.7792411,21.2953724,37.7,iulius_airport,car,1,synthetic_gps
2026-05-21 17:55:32,45.7793605,21.2953874,45.7,iulius_airport,car,1,synthetic_gps
2026-05-21 17:55:33,45.7793301,21.2954055,52.87,iulius_airport,car,1,synthetic_gps
2026-05-21 17:55:34,45.7792475,21.2955127,44.87,iulius_airport,car,1,synthetic_gps
2026-05-21 17:55:35,45.7792365,21.2956338,52.87,iulius_airport,car,1,synthetic_gps
2026-05-21 17:55:36,45.7792805,21.2956754,44.87,iulius_airport,car,1,synthetic_gps
2026-05-21 17:55:37,45.7793516,21.2956282,52.87,iulius_airport,car,1,synthetic_gps
2026-05-21 17:55:38,45.7793227,21.2956733,52.65,iulius_airport,car,1,synthetic_gps
2026-05-21 17:55:39,45.7792862,21.2957668,60.65,iulius_airport,car,1,synthetic_gps
2026-05-21 17:55:40,45.7792399,21.2958769,52.65,iulius_airport,car,1,synthetic_gps
2026-05-21 17:55:41,45.7792989,21.2959371,53.65,iulius_airport,car,1,synthetic_gps
2026-05-21 17:55:42,45.7793566,21.2958818,45.65,iulius_airport,car,1,synthetic_gps
2026-05-21 17:55:43,45.7792405,21.2958689,53.65,iulius_airport,car,1,synthetic_gps
2026-05-21 17:55:44,45.7793225,21.2960578,45.65,iulius_airport,car,1,synthetic_gps
2026-05-21 17:55:45,45.7793202,21.2960397,37.65,iulius_airport,car,1,synthetic_gps
2026-05-21 17:55:46,45.7793148,21.296073,43.35,iulius_airport,car,1,synthetic_gps
2026-05-21 17:55:47,45.7793377,21.296109,51.35,iulius_airport,car,1,synthetic_gps
2026-05-21 17:55:48,45.7794112,21.296136,59.35,iulius_airport,car,1,synthetic_gps
2026-05-21 17:55:49,45.779349,21.2962085,67.35,iulius_airport,car,1,synthetic_gps
2026-05-21 17:55:50,45.7793007,21.2962195,74.15,iulius_airport,car,1,synthetic_gps
2026-05-21 17:55:51,45.7794251,21.2963508,66.15,iulius_airport,car,1,synthetic_gps
2026-05-21 17:55:52,45.7792847,21.296343,58.15,iulius_airport,car,1,synthetic_gps
2026-05-21 17:55:53,45.7792944,21.2964439,50.15,iulius_airport,car,1,synthetic_gps
2026-05-21 17:55:54,45.7793834,21.2965083,58.15,iulius_airport,car,1,synthetic_gps
2026-05-21 17:55:55,45.7794398,21.2964711,50.15,iulius_airport,car,1,synthetic_gps
2026-05-21 17:55:56,45.7793559,21.296454,42.15,iulius_airport,car,1,synthetic_gps
2026-05-21 17:55:57,45.7794055,21.2966077,50.15,iulius_airport,car,1,synthetic_gps
2026-05-21 17:55:58,45.7794231,21.2966025,53.11,iulius_airport,car,1,synthetic_gps
2026-05-21 17:55:59,45.7794291,21.2966547,45.51,iulius_airport,car,1,synthetic_gps
2026-05-21 17:56:00,45.7794394,21.2967514,37.51,iulius_airport,car,1,synthetic_gps
2026-05-21 17:56:01,45.7795505,21.2966074,29.51,iulius_airport,car,1,synthetic_gps
2026-05-21 17:56:02,45.7795502,21.2967748,37.51,iulius_airport,car,1,synthetic_gps
2026-05-21 17:56:03,45.7794753,21.2968518,45.51,iulius_airport,car,1,synthetic_gps
2026-05-21 17:56:04,45.7794505,21.2968221,45.41,iulius_airport,car,1,synthetic_gps
2026-05-21 17:56:05,45.7794748,21.2968903,53.41,iulius_airport,car,1,synthetic_gps
2026-05-21 17:56:06,45.7795563,21.2969813,47.01,iulius_airport,car,1,synthetic_gps
2026-05-21 17:56:07,45.7794694,21.2970939,50.44,iulius_airport,car,1,synthetic_gps
2026-05-21 17:56:08,45.7794009,21.2970425,47.37,iulius_airport,car,1,synthetic_gps
2026-05-21 17:56:09,45.7796005,21.2972043,53.11,iulius_airport,car,1,synthetic_gps
2026-05-21 17:56:10,45.7795701,21.2971855,56.7,iulius_airport,car,1,synthetic_gps
2026-05-21 17:56:11,45.7795597,21.297099,59.26,iulius_airport,car,1,synthetic_gps
2026-05-21 17:56:12,45.7794904,21.2972797,64.85,iulius_airport,car,1,synthetic_gps
2026-05-21 17:56:13,45.7796031,21.2972889,56.85,iulius_airport,car,1,synthetic_gps
2026-05-21 17:56:14,45.7795757,21.2973769,64.85,iulius_airport,car,1,synthetic_gps
2026-05-21 17:56:15,45.7796141,21.2973884,61.79,iulius_airport,car,1,synthetic_gps
2026-05-21 17:56:16,45.7795355,21.2974173,53.79,iulius_airport,car,1,synthetic_gps
2026-05-21 17:56:17,45.7795854,21.2974837,49.37,iulius_airport,car,1,synthetic_gps
2026-05-21 17:56:18,45.7795122,21.297431,41.37,iulius_airport,car,1,synthetic_gps
2026-05-21 17:56:19,45.7795532,21.2975817,49.37,iulius_airport,car,1,synthetic_gps
2026-05-21 17:56:20,45.7795598,21.2976116,57.37,iulius_airport,car,1,synthetic_gps
2026-05-21 17:56:21,45.7794926,21.2976215,59.59,iulius_airport,car,1,synthetic_gps
2026-05-21 17:56:22,45.7796269,21.2978419,67.59,iulius_airport,car,1,synthetic_gps
2026-05-21 17:56:23,45.7795499,21.2977143,64.66,iulius_airport,car,1,synthetic_gps
2026-05-21 17:56:24,45.7794742,21.2977828,56.66,iulius_airport,car,1,synthetic_gps
2026-05-21 17:56:25,45.7795885,21.2978852,64.29,iulius_airport,car,1,synthetic_gps
2026-05-21 17:56:26,45.7796724,21.2979036,72.29,iulius_airport,car,1,synthetic_gps
2026-05-21 17:56:27,45.7795887,21.2979026,64.29,iulius_airport,car,1,synthetic_gps
2026-05-21 17:56:28,45.7797061,21.2979771,68.52,iulius_airport,car,1,synthetic_gps
2026-05-21 17:56:29,45.7796309,21.2980703,60.52,iulius_airport,car,1,synthetic_gps
2026-05-21 17:56:30,45.7795794,21.2980446,52.52,iulius_airport,car,1,synthetic_gps
2026-05-21 17:56:31,45.7796551,21.298193,60.52,iulius_airport,car,1,synthetic_gps
2026-05-21 17:56:32,45.7797124,21.2981856,52.52,iulius_airport,car,1,synthetic_gps
2026-05-21 17:56:33,45.7795998,21.2983151,54.74,iulius_airport,car,1,synthetic_gps
2026-05-21 17:56:34,45.7796457,21.2982696,46.74,iulius_airport,car,1,synthetic_gps
2026-05-21 17:56:35,45.779554,21.2982859,54.74,iulius_airport,car,1,synthetic_gps
2026-05-21 17:56:36,45.7796871,21.2983846,62.74,iulius_airport,car,1,synthetic_gps
2026-05-21 17:56:37,45.7795735,21.2982856,54.74,iulius_airport,car,1,synthetic_gps
2026-05-21 17:56:38,45.7796174,21.2985659,46.74,iulius_airport,car,1,synthetic_gps
2026-05-21 17:56:39,45.7796811,21.2984577,54.74,iulius_airport,car,1,synthetic_gps
2026-05-21 17:56:40,45.7796149,21.2985071,52.58,iulius_airport,car,1,synthetic_gps
2026-05-21 17:56:41,45.7796193,21.2986136,53.13,iulius_airport,car,1,synthetic_gps
2026-05-21 17:56:42,45.7796403,21.2987318,59.09,iulius_airport,car,1,synthetic_gps
2026-05-21 17:56:43,45.7797007,21.2987206,67.09,iulius_airport,car,1,synthetic_gps
2026-05-21 17:56:44,45.7797081,21.2987008,62.6,iulius_airport,car,1,synthetic_gps
2026-05-21 17:56:45,45.7796322,21.2987215,54.6,iulius_airport,car,1,synthetic_gps
2026-05-21 17:56:46,45.7797311,21.2988371,54.98,iulius_airport,car,1,synthetic_gps
2026-05-21 17:56:47,45.779751,21.2988808,49.75,iulius_airport,car,1,synthetic_gps
2026-05-21 17:56:48,45.7797115,21.298987,50.83,iulius_airport,car,1,synthetic_gps
2026-05-21 17:56:49,45.7797528,21.2989231,56.31,iulius_airport,car,1,synthetic_gps
2026-05-21 17:56:50,45.779744,21.2989382,48.31,iulius_airport,car,1,synthetic_gps
2026-05-21 17:56:51,45.779867,21.2990155,47.0,iulius_airport,car,1,synthetic_gps
2026-05-21 17:56:52,45.7797101,21.2991438,39.0,iulius_airport,car,1,synthetic_gps
2026-05-21 17:56:53,45.7797397,21.2991519,47.0,iulius_airport,car,1,synthetic_gps
2026-05-21 17:56:54,45.7797751,21.2991995,39.55,iulius_airport,car,1,synthetic_gps
2026-05-21 17:56:55,45.7797265,21.2993786,31.55,iulius_airport,car,1,synthetic_gps
2026-05-21 17:56:56,45.7797144,21.2992547,39.55,iulius_airport,car,1,synthetic_gps
2026-05-21 17:56:57,45.7797902,21.2993579,47.55,iulius_airport,car,1,synthetic_gps
2026-05-21 17:56:58,45.7797645,21.2993322,51.8,iulius_airport,car,1,synthetic_gps
2026-05-21 17:56:59,45.7798177,21.2992828,48.91,iulius_airport,car,1,synthetic_gps
2026-05-21 17:57:00,45.7798063,21.2994698,55.38,iulius_airport,car,1,synthetic_gps
2026-05-21 17:57:01,45.7798457,21.2993998,47.38,iulius_airport,car,1,synthetic_gps
2026-05-21 17:57:02,45.7798045,21.2995332,46.08,iulius_airport,car,1,synthetic_gps
2026-05-21 17:57:03,45.779863,21.299605,38.08,iulius_airport,car,1,synthetic_gps
2026-05-21 17:57:04,45.7798279,21.2997179,46.08,iulius_airport,car,1,synthetic_gps
2026-05-21 17:57:05,45.7797985,21.2995852,54.08,iulius_airport,car,1,synthetic_gps
2026-05-21 17:57:06,45.7797712,21.2997925,46.08,iulius_airport,car,1,synthetic_gps
2026-05-21 17:57:07,45.7799098,21.2997864,54.08,iulius_airport,car,1,synthetic_gps
2026-05-21 17:57:08,45.7799299,21.2997769,46.08,iulius_airport,car,1,synthetic_gps
2026-05-21 17:57:09,45.7797982,21.2998664,54.08,iulius_airport,car,1,synthetic_gps
2026-05-21 17:57:10,45.7798611,21.3000119,54.42,iulius_airport,car,1,synthetic_gps
2026-05-21 17:57:11,45.7799237,21.2999648,47.09,iulius_airport,car,1,synthetic_gps
2026-05-21 17:57:12,45.7798197,21.2999988,39.09,iulius_airport,car,1,synthetic_gps
2026-05-21 17:57:13,45.7798335,21.3000363,47.09,iulius_airport,car,1,synthetic_gps
2026-05-21 17:57:14,45.7799601,21.3001588,48.17,iulius_airport,car,1,synthetic_gps
2026-05-21 17:57:15,45.7798926,21.2999973,41.16,iulius_airport,car,1,synthetic_gps
2026-05-21 17:57:16,45.7797842,21.3002528,36.63,iulius_airport,car,1,synthetic_gps
2026-05-21 17:57:17,45.7799252,21.3001341,28.63,iulius_airport,car,1,synthetic_gps
2026-05-21 17:57:18,45.7799979,21.3004021,36.63,iulius_airport,car,1,synthetic_gps
2026-05-21 17:57:19,45.7798141,21.3003347,44.63,iulius_airport,car,1,synthetic_gps
2026-05-21 17:57:20,45.7799109,21.3003577,49.11,iulius_airport,car,1,synthetic_gps
2026-05-21 17:57:21,45.7799416,21.3004545,47.03,iulius_airport,car,1,synthetic_gps
2026-05-21 17:57:22,45.7798385,21.3004904,55.03,iulius_airport,car,1,synthetic_gps
2026-05-21 17:57:23,45.7799412,21.3004638,49.29,iulius_airport,car,1,synthetic_gps
2026-05-21 17:57:24,45.7799122,21.300537,57.25,iulius_airport,car,1,synthetic_gps
2026-05-21 17:57:25,45.7798976,21.3005604,49.25,iulius_airport,car,1,synthetic_gps
2026-05-21 17:57:26,45.7799293,21.3007187,56.21,iulius_airport,car,1,synthetic_gps
2026-05-21 17:57:27,45.7799267,21.3007007,48.21,iulius_airport,car,1,synthetic_gps
2026-05-21 17:57:28,45.7800147,21.3007187,44.69,iulius_airport,car,1,synthetic_gps
2026-05-21 17:57:29,45.7800481,21.3007876,52.69,iulius_airport,car,1,synthetic_gps
2026-05-21 17:57:30,45.7799435,21.3007943,60.69,iulius_airport,car,1,synthetic_gps
2026-05-21 17:57:31,45.780069,21.3008016,52.69,iulius_airport,car,1,synthetic_gps
2026-05-21 17:57:32,45.779955,21.300909,44.69,iulius_airport,car,1,synthetic_gps
2026-05-21 17:57:33,45.7799204,21.3010036,36.69,iulius_airport,car,1,synthetic_gps
2026-05-21 17:57:34,45.7799406,21.3010211,41.35,iulius_airport,car,1,synthetic_gps
2026-05-21 17:57:35,45.7799607,21.3010235,33.35,iulius_airport,car,1,synthetic_gps
2026-05-21 17:57:36,45.7799556,21.301054,41.35,iulius_airport,car,1,synthetic_gps
2026-05-21 17:57:37,45.7800607,21.3011053,49.35,iulius_airport,car,1,synthetic_gps
2026-05-21 17:57:38,45.7799651,21.3012862,43.06,iulius_airport,car,1,synthetic_gps
2026-05-21 17:57:39,45.7800292,21.3013529,51.06,iulius_airport,car,1,synthetic_gps
2026-05-21 17:57:40,45.7800888,21.3013035,43.06,iulius_airport,car,1,synthetic_gps
2026-05-21 17:57:41,45.780013,21.3013598,50.6,iulius_airport,car,1,synthetic_gps
2026-05-21 17:57:42,45.780053,21.3014443,58.6,iulius_airport,car,1,synthetic_gps
2026-05-21 17:57:43,45.7801027,21.3014751,60.04,iulius_airport,car,1,synthetic_gps
2026-05-21 17:57:44,45.7801439,21.3014834,52.04,iulius_airport,car,1,synthetic_gps
2026-05-21 17:57:45,45.780171,21.3016166,60.04,iulius_airport,car,1,synthetic_gps
2026-05-21 17:57:46,45.7801033,21.3015072,52.04,iulius_airport,car,1,synthetic_gps
2026-05-21 17:57:47,45.7800866,21.3016489,44.04,iulius_airport,car,1,synthetic_gps
2026-05-21 17:57:48,45.7799815,21.3016546,36.04,iulius_airport,car,1,synthetic_gps
2026-05-21 17:57:49,45.7800418,21.3017101,28.04,iulius_airport,car,1,synthetic_gps
2026-05-21 17:57:50,45.7800921,21.301694,36.04,iulius_airport,car,1,synthetic_gps
2026-05-21 17:57:51,45.7799997,21.3016884,44.04,iulius_airport,car,1,synthetic_gps
2026-05-21 17:57:52,45.780143,21.3018528,52.04,iulius_airport,car,1,synthetic_gps
2026-05-21 17:57:53,45.7800032,21.3018395,53.42,iulius_airport,car,1,synthetic_gps
2026-05-21 17:57:54,45.7801676,21.302047,54.37,iulius_airport,car,1,synthetic_gps
2026-05-21 17:57:55,45.7801985,21.3020558,59.96,iulius_airport,car,1,synthetic_gps
2026-05-21 17:57:56,45.7802061,21.3020897,58.21,iulius_airport,car,1,synthetic_gps
2026-05-21 17:57:57,45.780183,21.3021438,54.77,iulius_airport,car,1,synthetic_gps
2026-05-21 17:57:58,45.7800893,21.302081,54.18,iulius_airport,car,1,synthetic_gps
2026-05-21 17:57:59,45.7801411,21.302277,62.18,iulius_airport,car,1,synthetic_gps
2026-05-21 17:58:00,45.7801369,21.3023117,54.18,iulius_airport,car,1,synthetic_gps
2026-05-21 17:58:01,45.7801938,21.3023299,49.92,iulius_airport,car,1,synthetic_gps
2026-05-21 17:58:02,45.7801906,21.3024754,50.22,iulius_airport,car,1,synthetic_gps
2026-05-21 17:58:03,45.7800523,21.3024588,58.22,iulius_airport,car,1,synthetic_gps
2026-05-21 17:58:04,45.7801766,21.3024979,50.22,iulius_airport,car,1,synthetic_gps
2026-05-21 17:58:05,45.78007,21.3024971,58.22,iulius_airport,car,1,synthetic_gps
2026-05-21 17:58:06,45.7801708,21.3023718,50.22,iulius_airport,car,1,synthetic_gps
2026-05-21 17:58:07,45.7802645,21.3025582,42.37,iulius_airport,car,1,synthetic_gps
2026-05-21 17:58:08,45.7802119,21.3025933,50.37,iulius_airport,car,1,synthetic_gps
2026-05-21 17:58:09,45.7802434,21.3026322,51.02,iulius_airport,car,1,synthetic_gps
2026-05-21 17:58:10,45.7802053,21.3026642,46.57,iulius_airport,car,1,synthetic_gps
2026-05-21 17:58:11,45.7802571,21.3026766,54.57,iulius_airport,car,1,synthetic_gps
2026-05-21 17:58:12,45.7802655,21.3027724,46.57,iulius_airport,car,1,synthetic_gps
2026-05-21 17:58:13,45.7802305,21.3028578,54.57,iulius_airport,car,1,synthetic_gps
2026-05-21 17:58:14,45.780205,21.3028158,46.87,iulius_airport,car,1,synthetic_gps
2026-05-21 17:58:15,45.7801671,21.3029486,38.87,iulius_airport,car,1,synthetic_gps
2026-05-21 17:58:16,45.7802851,21.3030099,46.87,iulius_airport,car,1,synthetic_gps
2026-05-21 17:58:17,45.7802886,21.3030398,54.87,iulius_airport,car,1,synthetic_gps
2026-05-21 17:58:18,45.7803113,21.3030983,53.93,iulius_airport,car,1,synthetic_gps
2026-05-21 17:58:19,45.7803291,21.3030723,58.47,iulius_airport,car,1,synthetic_gps
2026-05-21 17:58:20,45.780222,21.3031423,50.47,iulius_airport,car,1,synthetic_gps
2026-05-21 17:58:21,45.7802809,21.3032072,58.47,iulius_airport,car,1,synthetic_gps
2026-05-21 17:58:22,45.7803595,21.3032405,50.47,iulius_airport,car,1,synthetic_gps
2026-05-21 17:58:23,45.7802262,21.3032653,51.97,iulius_airport,car,1,synthetic_gps
2026-05-21 17:58:24,45.7802981,21.3033182,52.07,iulius_airport,car,1,synthetic_gps
2026-05-21 17:58:25,45.7803299,21.3034361,44.07,iulius_airport,car,1,synthetic_gps
2026-05-21 17:58:26,45.7803599,21.3034456,52.07,iulius_airport,car,1,synthetic_gps
2026-05-21 17:58:27,45.7803338,21.3034497,60.07,iulius_airport,car,1,synthetic_gps
2026-05-21 17:58:28,45.7804145,21.3034616,52.07,iulius_airport,car,1,synthetic_gps
2026-05-21 17:58:29,45.7803356,21.3035222,54.48,iulius_airport,car,1,synthetic_gps
2026-05-21 17:58:30,45.7803127,21.3035911,46.48,iulius_airport,car,1,synthetic_gps
2026-05-21 17:58:31,45.7803624,21.3037363,54.48,iulius_airport,car,1,synthetic_gps
2026-05-21 17:58:32,45.7803562,21.3036677,46.48,iulius_airport,car,1,synthetic_gps
2026-05-21 17:58:33,45.7803358,21.3036711,49.92,iulius_airport,car,1,synthetic_gps
2026-05-21 17:58:34,45.780248,21.3038003,57.92,iulius_airport,car,1,synthetic_gps
2026-05-21 17:58:35,45.7803844,21.3038558,49.92,iulius_airport,car,1,synthetic_gps
2026-05-21 17:58:36,45.7803973,21.3039157,43.14,iulius_airport,car,1,synthetic_gps
2026-05-21 17:58:37,45.7803337,21.3039237,51.14,iulius_airport,car,1,synthetic_gps
2026-05-21 17:58:38,45.780401,21.304063,48.18,iulius_airport,car,1,synthetic_gps
2026-05-21 17:58:39,45.780383,21.3040779,50.97,iulius_airport,car,1,synthetic_gps
2026-05-21 17:58:40,45.780373,21.3040855,42.97,iulius_airport,car,1,synthetic_gps
2026-05-21 17:58:41,45.7804134,21.3042077,34.97,iulius_airport,car,1,synthetic_gps
2026-05-21 17:58:42,45.780424,21.3041886,42.97,iulius_airport,car,1,synthetic_gps
2026-05-21 17:58:43,45.7803477,21.3042122,34.97,iulius_airport,car,1,synthetic_gps
2026-05-21 17:58:44,45.7803568,21.3042869,42.97,iulius_airport,car,1,synthetic_gps
2026-05-21 17:58:45,45.780381,21.304368,46.45,iulius_airport,car,1,synthetic_gps
2026-05-21 17:58:46,45.7805118,21.3043994,43.51,iulius_airport,car,1,synthetic_gps
2026-05-21 17:58:47,45.780448,21.304359,47.83,iulius_airport,car,1,synthetic_gps
2026-05-21 17:58:48,45.7804018,21.3044156,43.32,iulius_airport,car,1,synthetic_gps
2026-05-21 17:58:49,45.7804282,21.3045263,51.32,iulius_airport,car,1,synthetic_gps
2026-05-21 17:58:50,45.7804443,21.3045942,59.32,iulius_airport,car,1,synthetic_gps
2026-05-21 17:58:51,45.780358,21.3044752,51.32,iulius_airport,car,1,synthetic_gps
2026-05-21 17:58:52,45.7804451,21.3046053,43.32,iulius_airport,car,1,synthetic_gps
2026-05-21 17:58:53,45.7805052,21.3046362,45.53,iulius_airport,car,1,synthetic_gps
2026-05-21 17:58:54,45.7804748,21.3047397,37.53,iulius_airport,car,1,synthetic_gps
2026-05-21 17:58:55,45.7804992,21.3047256,45.53,iulius_airport,car,1,synthetic_gps
2026-05-21 17:58:56,45.7803804,21.3048544,37.53,iulius_airport,car,1,synthetic_gps
2026-05-21 17:58:57,45.7804971,21.3048441,45.53,iulius_airport,car,1,synthetic_gps
2026-05-21 17:58:58,45.7804626,21.3049558,53.53,iulius_airport,car,1,synthetic_gps
2026-05-21 17:58:59,45.7804845,21.3049398,45.53,iulius_airport,car,1,synthetic_gps
2026-05-21 17:59:00,45.7804716,21.3049652,52.31,iulius_airport,car,1,synthetic_gps
2026-05-21 17:59:01,45.7804726,21.3051054,44.31,iulius_airport,car,1,synthetic_gps
2026-05-21 17:59:02,45.780503,21.3051446,49.12,iulius_airport,car,1,synthetic_gps
2026-05-21 17:59:03,45.7806216,21.3051787,57.12,iulius_airport,car,1,synthetic_gps
2026-05-21 17:59:04,45.7803762,21.3051481,64.32,iulius_airport,car,1,synthetic_gps
2026-05-21 17:59:05,45.7804483,21.3051709,56.32,iulius_airport,car,1,synthetic_gps
2026-05-21 17:59:06,45.7805144,21.3052118,64.32,iulius_airport,car,1,synthetic_gps
2026-05-21 17:59:07,45.7805623,21.305312,56.42,iulius_airport,car,1,synthetic_gps
2026-05-21 17:59:08,45.7806039,21.3053171,64.42,iulius_airport,car,1,synthetic_gps
2026-05-21 17:59:09,45.7805271,21.3052827,56.42,iulius_airport,car,1,synthetic_gps
2026-05-21 17:59:10,45.7806093,21.3054888,48.42,iulius_airport,car,1,synthetic_gps
2026-05-21 17:59:11,45.7806764,21.3054903,53.37,iulius_airport,car,1,synthetic_gps
2026-05-21 17:59:12,45.7806103,21.3056022,45.37,iulius_airport,car,1,synthetic_gps
2026-05-21 17:59:13,45.7806262,21.3056021,53.37,iulius_airport,car,1,synthetic_gps
2026-05-21 17:59:14,45.7806542,21.3057197,55.23,iulius_airport,car,1,synthetic_gps
2026-05-21 17:59:15,45.7805844,21.3058101,52.13,iulius_airport,car,1,synthetic_gps
2026-05-21 17:59:16,45.7806785,21.3057008,58.8,iulius_airport,car,1,synthetic_gps
2026-05-21 17:59:17,45.7805785,21.305797,50.8,iulius_airport,car,1,synthetic_gps
2026-05-21 17:59:18,45.7806305,21.3057506,42.8,iulius_airport,car,1,synthetic_gps
2026-05-21 17:59:19,45.7805677,21.3058965,50.8,iulius_airport,car,1,synthetic_gps
2026-05-21 17:59:20,45.7805651,21.3059188,58.8,iulius_airport,car,1,synthetic_gps
2026-05-21 17:59:21,45.7805487,21.3060378,63.25,iulius_airport,car,1,synthetic_gps
2026-05-21 17:59:22,45.7805561,21.3059423,55.25,iulius_airport,car,1,synthetic_gps
2026-05-21 17:59:23,45.7806598,21.3059729,53.66,iulius_airport,car,1,synthetic_gps
2026-05-21 17:59:24,45.7807118,21.3059887,45.66,iulius_airport,car,1,synthetic_gps
2026-05-21 17:59:25,45.7807481,21.306085,53.66,iulius_airport,car,1,synthetic_gps
2026-05-21 17:59:26,45.7807286,21.306092,45.66,iulius_airport,car,1,synthetic_gps
2026-05-21 17:59:27,45.780768,21.3061497,53.66,iulius_airport,car,1,synthetic_gps
2026-05-21 17:59:28,45.7807178,21.3061753,61.66,iulius_airport,car,1,synthetic_gps
2026-05-21 17:59:29,45.7806808,21.3062685,53.66,iulius_airport,car,1,synthetic_gps
2026-05-21 17:59:30,45.7806842,21.3063104,61.66,iulius_airport,car,1,synthetic_gps
2026-05-21 17:59:31,45.7806812,21.3064363,54.35,iulius_airport,car,1,synthetic_gps
2026-05-21 17:59:32,45.7806981,21.3064399,46.35,iulius_airport,car,1,synthetic_gps
2026-05-21 17:59:33,45.7805308,21.3064156,38.92,iulius_airport,car,1,synthetic_gps
2026-05-21 17:59:34,45.7807281,21.3064653,46.92,iulius_airport,car,1,synthetic_gps
2026-05-21 17:59:35,45.7807348,21.3066324,54.92,iulius_airport,car,1,synthetic_gps
2026-05-21 17:59:36,45.7807139,21.306537,62.92,iulius_airport,car,1,synthetic_gps
2026-05-21 17:59:37,45.780803,21.3065633,54.92,iulius_airport,car,1,synthetic_gps
2026-05-21 17:59:38,45.7808029,21.3066707,50.26,iulius_airport,car,1,synthetic_gps
2026-05-21 17:59:39,45.7807973,21.306699,42.26,iulius_airport,car,1,synthetic_gps
2026-05-21 17:59:40,45.7806103,21.3067571,50.26,iulius_airport,car,1,synthetic_gps
2026-05-21 17:59:41,45.7807702,21.3068304,58.26,iulius_airport,car,1,synthetic_gps
2026-05-21 17:59:42,45.780696,21.3069344,50.26,iulius_airport,car,1,synthetic_gps
2026-05-21 17:59:43,45.7807504,21.3068804,51.45,iulius_airport,car,1,synthetic_gps
2026-05-21 17:59:44,45.7807963,21.3069408,59.45,iulius_airport,car,1,synthetic_gps
2026-05-21 17:59:45,45.7806895,21.306923,53.57,iulius_airport,car,1,synthetic_gps
2026-05-21 17:59:46,45.7808196,21.3070369,45.57,iulius_airport,car,1,synthetic_gps
2026-05-21 17:59:47,45.7808992,21.3069724,37.57,iulius_airport,car,1,synthetic_gps
2026-05-21 17:59:48,45.7808439,21.3070405,37.16,iulius_airport,car,1,synthetic_gps
2026-05-21 17:59:49,45.7808014,21.307078,45.16,iulius_airport,car,1,synthetic_gps
2026-05-21 17:59:50,45.7808188,21.3072095,39.42,iulius_airport,car,1,synthetic_gps
2026-05-21 17:59:51,45.7808636,21.3072257,33.55,iulius_airport,car,1,synthetic_gps
2026-05-21 17:59:52,45.7808241,21.3073045,39.46,iulius_airport,car,1,synthetic_gps
2026-05-21 17:59:53,45.780808,21.3073954,47.46,iulius_airport,car,1,synthetic_gps
2026-05-21 17:59:54,45.780864,21.3073567,46.33,iulius_airport,car,1,synthetic_gps
2026-05-21 17:59:55,45.7809231,21.3073722,38.33,iulius_airport,car,1,synthetic_gps
2026-05-21 17:59:56,45.7809202,21.307407,46.33,iulius_airport,car,1,synthetic_gps
2026-05-21 17:59:57,45.7809111,21.3076068,44.23,iulius_airport,car,1,synthetic_gps
2026-05-21 17:59:58,45.7808907,21.3075554,52.23,iulius_airport,car,1,synthetic_gps
2026-05-21 17:59:59,45.7809272,21.3075961,46.1,iulius_airport,car,1,synthetic_gps
2026-05-21 18:00:00,45.7809423,21.3075764,54.1,iulius_airport,car,1,synthetic_gps
2026-05-21 18:00:01,45.7808414,21.3076742,62.1,iulius_airport,car,1,synthetic_gps
2026-05-21 18:00:02,45.7808404,21.3077063,60.63,iulius_airport,car,1,synthetic_gps
2026-05-21 18:00:03,45.7808517,21.3077634,52.63,iulius_airport,car,1,synthetic_gps
2026-05-21 18:00:04,45.7808668,21.3078214,52.52,iulius_airport,car,1,synthetic_gps
2026-05-21 18:00:05,45.7809388,21.3077988,44.52,iulius_airport,car,1,synthetic_gps
2026-05-21 18:00:06,45.7809097,21.3079687,52.52,iulius_airport,car,1,synthetic_gps
2026-05-21 18:00:07,45.7808209,21.3078825,52.24,iulius_airport,car,1,synthetic_gps
2026-05-21 18:00:08,45.7808498,21.307966,58.1,iulius_airport,car,1,synthetic_gps
2026-05-21 18:00:09,45.7808708,21.3080007,50.65,iulius_airport,car,1,synthetic_gps
2026-05-21 18:00:10,45.7809059,21.3080881,42.65,iulius_airport,car,1,synthetic_gps
2026-05-21 18:00:11,45.7810432,21.3081493,50.65,iulius_airport,car,1,synthetic_gps
2026-05-21 18:00:12,45.780952,21.3080357,55.45,iulius_airport,car,1,synthetic_gps
2026-05-21 18:00:13,45.7808943,21.3080817,47.45,iulius_airport,car,1,synthetic_gps
2026-05-21 18:00:14,45.7809993,21.3082507,39.45,iulius_airport,car,1,synthetic_gps
2026-05-21 18:00:15,45.7808277,21.308293,31.45,iulius_airport,car,1,synthetic_gps
2026-05-21 18:00:16,45.7810286,21.3082083,39.45,iulius_airport,car,1,synthetic_gps
2026-05-21 18:00:17,45.7810088,21.3083271,45.78,iulius_airport,car,1,synthetic_gps
2026-05-21 18:00:18,45.7810926,21.3084809,53.78,iulius_airport,car,1,synthetic_gps
2026-05-21 18:00:19,45.7809376,21.3085339,61.78,iulius_airport,car,1,synthetic_gps
2026-05-21 18:00:20,45.7810274,21.3084817,53.78,iulius_airport,car,1,synthetic_gps
2026-05-21 18:00:21,45.7809715,21.3085398,53.27,iulius_airport,car,1,synthetic_gps
2026-05-21 18:00:22,45.7810488,21.308616,45.27,iulius_airport,car,1,synthetic_gps
2026-05-21 18:00:23,45.7810544,21.3085862,53.27,iulius_airport,car,1,synthetic_gps
2026-05-21 18:00:24,45.7809938,21.3086274,45.27,iulius_airport,car,1,synthetic_gps
2026-05-21 18:00:25,45.7811055,21.3087341,37.27,iulius_airport,car,1,synthetic_gps
2026-05-21 18:00:26,45.7809217,21.308704,45.27,iulius_airport,car,1,synthetic_gps
2026-05-21 18:00:27,45.7810337,21.3088356,37.27,iulius_airport,car,1,synthetic_gps
2026-05-21 18:00:28,45.781024,21.3087632,43.15,iulius_airport,car,1,synthetic_gps
2026-05-21 18:00:29,45.7810973,21.3089084,51.15,iulius_airport,car,1,synthetic_gps
2026-05-21 18:00:30,45.7810011,21.3089288,43.15,iulius_airport,car,1,synthetic_gps
2026-05-21 18:00:31,45.7810661,21.3090306,35.15,iulius_airport,car,1,synthetic_gps
2026-05-21 18:00:32,45.7810731,21.3090088,43.15,iulius_airport,car,1,synthetic_gps
2026-05-21 18:00:33,45.781096,21.3090484,51.15,iulius_airport,car,1,synthetic_gps
2026-05-21 18:00:34,45.7811779,21.3090764,50.99,iulius_airport,car,1,synthetic_gps
2026-05-21 18:00:35,45.7811411,21.3092158,49.86,iulius_airport,car,1,synthetic_gps
2026-05-21 18:00:36,45.7811705,21.3092183,57.86,iulius_airport,car,1,synthetic_gps
2026-05-21 18:00:37,45.7811027,21.3092085,49.86,iulius_airport,car,1,synthetic_gps
2026-05-21 18:00:38,45.7810503,21.3093764,57.86,iulius_airport,car,1,synthetic_gps
2026-05-21 18:00:39,45.7811798,21.3092558,60.28,iulius_airport,car,1,synthetic_gps
2026-05-21 18:00:40,45.7812172,21.3092893,52.28,iulius_airport,car,1,synthetic_gps
2026-05-21 18:00:41,45.7811082,21.3094025,45.37,iulius_airport,car,1,synthetic_gps
2026-05-21 18:00:42,45.7811517,21.309463,37.37,iulius_airport,car,1,synthetic_gps
2026-05-21 18:00:43,45.7811435,21.3095641,45.37,iulius_airport,car,1,synthetic_gps
2026-05-21 18:00:44,45.7811865,21.3095864,50.44,iulius_airport,car,1,synthetic_gps
2026-05-21 18:00:45,45.7810946,21.3095073,58.44,iulius_airport,car,1,synthetic_gps
2026-05-21 18:00:46,45.781187,21.3096119,50.44,iulius_airport,car,1,synthetic_gps
2026-05-21 18:00:47,45.7812813,21.3097227,42.61,iulius_airport,car,1,synthetic_gps
2026-05-21 18:00:48,45.781205,21.3097101,50.61,iulius_airport,car,1,synthetic_gps
2026-05-21 18:00:49,45.7812077,21.3096889,43.23,iulius_airport,car,1,synthetic_gps
2026-05-21 18:00:50,45.7812346,21.3098452,35.23,iulius_airport,car,1,synthetic_gps
2026-05-21 18:00:51,45.7811872,21.3098142,43.23,iulius_airport,car,1,synthetic_gps
2026-05-21 18:00:52,45.781324,21.309775,35.23,iulius_airport,car,1,synthetic_gps
2026-05-21 18:00:53,45.7811971,21.3098936,42.57,iulius_airport,car,1,synthetic_gps
2026-05-21 18:00:54,45.7812717,21.3099711,49.12,iulius_airport,car,1,synthetic_gps
2026-05-21 18:00:55,45.7812329,21.3099364,41.12,iulius_airport,car,1,synthetic_gps
2026-05-21 18:00:56,45.7812964,21.3101553,49.12,iulius_airport,car,1,synthetic_gps
2026-05-21 18:00:57,45.781197,21.3100813,44.13,iulius_airport,car,1,synthetic_gps
2026-05-21 18:00:58,45.7812337,21.3100172,48.44,iulius_airport,car,1,synthetic_gps
2026-05-21 18:00:59,45.7813619,21.310193,56.44,iulius_airport,car,1,synthetic_gps
2026-05-21 18:01:00,45.7813196,21.3101662,64.44,iulius_airport,car,1,synthetic_gps
2026-05-21 18:01:01,45.781332,21.310315,56.44,iulius_airport,car,1,synthetic_gps
2026-05-21 18:01:02,45.7812991,21.3102692,48.44,iulius_airport,car,1,synthetic_gps
2026-05-21 18:01:03,45.781343,21.3103129,40.44,iulius_airport,car,1,synthetic_gps
2026-05-21 18:01:04,45.7812766,21.3103177,48.44,iulius_airport,car,1,synthetic_gps
2026-05-21 18:01:05,45.7813062,21.3103197,56.44,iulius_airport,car,1,synthetic_gps
2026-05-21 18:01:06,45.7813554,21.3105323,48.82,iulius_airport,car,1,synthetic_gps
2026-05-21 18:01:07,45.7811473,21.3105826,56.82,iulius_airport,car,1,synthetic_gps
2026-05-21 18:01:08,45.7814009,21.3105029,48.82,iulius_airport,car,1,synthetic_gps
2026-05-21 18:01:09,45.7813023,21.3106541,40.82,iulius_airport,car,1,synthetic_gps
2026-05-21 18:01:10,45.7812379,21.310704,48.82,iulius_airport,car,1,synthetic_gps
2026-05-21 18:01:11,45.7813122,21.3106442,56.82,iulius_airport,car,1,synthetic_gps
2026-05-21 18:01:12,45.7814581,21.3107764,55.36,iulius_airport,car,1,synthetic_gps
2026-05-21 18:01:13,45.7813919,21.3108559,47.36,iulius_airport,car,1,synthetic_gps
2026-05-21 18:01:14,45.7813362,21.3108413,39.36,iulius_airport,car,1,synthetic_gps
2026-05-21 18:01:15,45.7813444,21.3108304,47.36,iulius_airport,car,1,synthetic_gps
2026-05-21 18:01:16,45.7813916,21.3108918,55.36,iulius_airport,car,1,synthetic_gps
2026-05-21 18:01:17,45.7813343,21.3109944,61.78,iulius_airport,car,1,synthetic_gps
2026-05-21 18:01:18,45.7812256,21.3109968,56.49,iulius_airport,car,1,synthetic_gps
2026-05-21 18:01:19,45.7815387,21.3109272,48.49,iulius_airport,car,1,synthetic_gps
2026-05-21 18:01:20,45.7814452,21.3110643,51.31,iulius_airport,car,1,synthetic_gps
2026-05-21 18:01:21,45.7813886,21.31109,59.31,iulius_airport,car,1,synthetic_gps
2026-05-21 18:01:22,45.7814674,21.3111702,66.19,iulius_airport,car,1,synthetic_gps
2026-05-21 18:01:23,45.781465,21.3112162,58.19,iulius_airport,car,1,synthetic_gps
2026-05-21 18:01:24,45.7814282,21.3113399,50.19,iulius_airport,car,1,synthetic_gps
2026-05-21 18:01:25,45.7814809,21.3112745,42.19,iulius_airport,car,1,synthetic_gps
2026-05-21 18:01:26,45.781337,21.3115143,34.19,iulius_airport,car,1,synthetic_gps
2026-05-21 18:01:27,45.7814902,21.3114184,42.19,iulius_airport,car,1,synthetic_gps
2026-05-21 18:01:28,45.7814296,21.3114086,50.19,iulius_airport,car,1,synthetic_gps
2026-05-21 18:01:29,45.7814519,21.3114496,58.19,iulius_airport,car,1,synthetic_gps
2026-05-21 18:01:30,45.781468,21.3115084,50.19,iulius_airport,car,1,synthetic_gps
2026-05-21 18:01:31,45.7814293,21.3116028,58.19,iulius_airport,car,1,synthetic_gps
2026-05-21 18:01:32,45.7814333,21.3116681,59.82,iulius_airport,car,1,synthetic_gps
2026-05-21 18:01:33,45.7814381,21.3116087,59.56,iulius_airport,car,1,synthetic_gps
2026-05-21 18:01:34,45.7815043,21.3117414,51.56,iulius_airport,car,1,synthetic_gps
2026-05-21 18:01:35,45.7814606,21.3117965,57.1,iulius_airport,car,1,synthetic_gps
2026-05-21 18:01:36,45.7814086,21.3117921,49.1,iulius_airport,car,1,synthetic_gps
2026-05-21 18:01:37,45.7815326,21.3120049,56.97,iulius_airport,car,1,synthetic_gps
2026-05-21 18:01:38,45.7815496,21.3119486,48.97,iulius_airport,car,1,synthetic_gps
2026-05-21 18:01:39,45.781499,21.3120037,56.97,iulius_airport,car,1,synthetic_gps
2026-05-21 18:01:40,45.7814925,21.3120286,64.97,iulius_airport,car,1,synthetic_gps
2026-05-21 18:01:41,45.7815417,21.3120728,72.97,iulius_airport,car,1,synthetic_gps
2026-05-21 18:01:42,45.781687,21.3119983,64.97,iulius_airport,car,1,synthetic_gps
2026-05-21 18:01:43,45.7815682,21.3120587,67.43,iulius_airport,car,1,synthetic_gps
2026-05-21 18:01:44,45.7815353,21.3121208,59.43,iulius_airport,car,1,synthetic_gps
2026-05-21 18:01:45,45.7815982,21.3121573,51.43,iulius_airport,car,1,synthetic_gps
2026-05-21 18:01:46,45.7815592,21.312397,59.43,iulius_airport,car,1,synthetic_gps
2026-05-21 18:01:47,45.7815982,21.312248,51.43,iulius_airport,car,1,synthetic_gps
2026-05-21 18:01:48,45.7814879,21.312334,54.65,iulius_airport,car,1,synthetic_gps
2026-05-21 18:01:49,45.7815718,21.3124746,50.31,iulius_airport,car,1,synthetic_gps
2026-05-21 18:01:50,45.7814882,21.3123186,49.51,iulius_airport,car,1,synthetic_gps
2026-05-21 18:01:51,45.7815411,21.3124403,41.51,iulius_airport,car,1,synthetic_gps
2026-05-21 18:01:52,45.7816694,21.3125185,49.51,iulius_airport,car,1,synthetic_gps
2026-05-21 18:01:53,45.7816434,21.3125581,41.51,iulius_airport,car,1,synthetic_gps
2026-05-21 18:01:54,45.781582,21.3126015,33.51,iulius_airport,car,1,synthetic_gps
2026-05-21 18:01:55,45.7815756,21.3126288,33.85,iulius_airport,car,1,synthetic_gps
2026-05-21 18:01:56,45.7816717,21.3126999,25.85,iulius_airport,car,1,synthetic_gps
2026-05-21 18:01:57,45.7815994,21.3126346,33.85,iulius_airport,car,1,synthetic_gps
2026-05-21 18:01:58,45.7816326,21.3127876,30.99,iulius_airport,car,1,synthetic_gps
2026-05-21 18:01:59,45.7816467,21.3126888,38.99,iulius_airport,car,1,synthetic_gps
2026-05-21 18:02:00,45.7817582,21.3128513,46.99,iulius_airport,car,1,synthetic_gps
2026-05-21 18:02:01,45.7816887,21.3128767,54.99,iulius_airport,car,1,synthetic_gps
2026-05-21 18:02:02,45.7816965,21.3129242,62.95,iulius_airport,car,1,synthetic_gps
2026-05-21 18:02:03,45.7817027,21.3129625,65.26,iulius_airport,car,1,synthetic_gps
2026-05-21 18:02:04,45.7817382,21.3131087,59.53,iulius_airport,car,1,synthetic_gps
2026-05-21 18:02:05,45.7816698,21.3131143,51.53,iulius_airport,car,1,synthetic_gps
2026-05-21 18:02:06,45.7817035,21.3130213,59.53,iulius_airport,car,1,synthetic_gps
2026-05-21 18:02:07,45.7816942,21.3130406,51.53,iulius_airport,car,1,synthetic_gps
2026-05-21 18:02:08,45.7816733,21.3132953,48.99,iulius_airport,car,1,synthetic_gps
2026-05-21 18:02:09,45.7817403,21.313232,40.99,iulius_airport,car,1,synthetic_gps
2026-05-21 18:02:10,45.7816877,21.3132849,46.95,iulius_airport,car,1,synthetic_gps
2026-05-21 18:02:11,45.7817329,21.3133719,54.95,iulius_airport,car,1,synthetic_gps
2026-05-21 18:02:12,45.781732,21.3133663,46.95,iulius_airport,car,1,synthetic_gps
2026-05-21 18:02:13,45.7817423,21.3134261,54.95,iulius_airport,car,1,synthetic_gps
2026-05-21 18:02:14,45.7817422,21.3134535,51.13,iulius_airport,car,1,synthetic_gps
2026-05-21 18:02:15,45.7817929,21.3135041,43.13,iulius_airport,car,1,synthetic_gps
2026-05-21 18:02:16,45.7817041,21.3135532,35.13,iulius_airport,car,1,synthetic_gps
2026-05-21 18:02:17,45.7817217,21.3135181,38.98,iulius_airport,car,1,synthetic_gps
2026-05-21 18:02:18,45.7817157,21.3135738,46.98,iulius_airport,car,1,synthetic_gps
2026-05-21 18:02:19,45.7817823,21.3136854,49.79,iulius_airport,car,1,synthetic_gps
2026-05-21 18:02:20,45.7818148,21.3136137,42.95,iulius_airport,car,1,synthetic_gps
2026-05-21 18:02:21,45.7817617,21.3136973,50.95,iulius_airport,car,1,synthetic_gps
2026-05-21 18:02:22,45.7817532,21.3137251,45.67,iulius_airport,car,1,synthetic_gps
2026-05-21 18:02:23,45.7817366,21.3138509,45.76,iulius_airport,car,1,synthetic_gps
2026-05-21 18:02:24,45.7817865,21.3138988,40.15,iulius_airport,car,1,synthetic_gps
2026-05-21 18:02:25,45.7817896,21.3138814,48.15,iulius_airport,car,1,synthetic_gps
2026-05-21 18:02:26,45.7817484,21.3139581,40.15,iulius_airport,car,1,synthetic_gps
2026-05-21 18:02:27,45.7818946,21.3139927,48.15,iulius_airport,car,1,synthetic_gps
2026-05-21 18:02:28,45.7818942,21.3139828,56.15,iulius_airport,car,1,synthetic_gps
2026-05-21 18:02:29,45.7818998,21.3140732,48.15,iulius_airport,car,1,synthetic_gps
2026-05-21 18:02:30,45.781851,21.3141647,56.1,iulius_airport,car,1,synthetic_gps
2026-05-21 18:02:31,45.781794,21.3142525,56.9,iulius_airport,car,1,synthetic_gps
2026-05-21 18:02:32,45.7818372,21.3142429,48.9,iulius_airport,car,1,synthetic_gps
2026-05-21 18:02:33,45.7818219,21.3143099,40.9,iulius_airport,car,1,synthetic_gps
2026-05-21 18:02:34,45.7819055,21.314324,37.58,iulius_airport,car,1,synthetic_gps
2026-05-21 18:02:35,45.7818787,21.3144766,45.58,iulius_airport,car,1,synthetic_gps
2026-05-21 18:02:36,45.7819894,21.3144731,53.58,iulius_airport,car,1,synthetic_gps
2026-05-21 18:02:37,45.781979,21.3144822,60.6,iulius_airport,car,1,synthetic_gps
2026-05-21 18:02:38,45.7819676,21.3146022,58.71,iulius_airport,car,1,synthetic_gps
2026-05-21 18:02:39,45.7819705,21.3146611,50.71,iulius_airport,car,1,synthetic_gps
2026-05-21 18:02:40,45.7819742,21.3145055,57.52,iulius_airport,car,1,synthetic_gps
2026-05-21 18:02:41,45.7819628,21.3147887,58.87,iulius_airport,car,1,synthetic_gps
2026-05-21 18:02:42,45.7819072,21.3146008,50.87,iulius_airport,car,1,synthetic_gps
2026-05-21 18:02:43,45.781939,21.3146691,58.87,iulius_airport,car,1,synthetic_gps
2026-05-21 18:02:44,45.7820538,21.31477,50.87,iulius_airport,car,1,synthetic_gps
2026-05-21 18:02:45,45.7818837,21.314786,58.87,iulius_airport,car,1,synthetic_gps
2026-05-21 18:02:46,45.7819693,21.3148421,52.68,iulius_airport,car,1,synthetic_gps
2026-05-21 18:02:47,45.7820119,21.3149093,50.79,iulius_airport,car,1,synthetic_gps
2026-05-21 18:02:48,45.781953,21.3148084,49.07,iulius_airport,car,1,synthetic_gps
2026-05-21 18:02:49,45.7819364,21.3149602,51.68,iulius_airport,car,1,synthetic_gps
2026-05-21 18:02:50,45.7818965,21.315058,59.68,iulius_airport,car,1,synthetic_gps
2026-05-21 18:02:51,45.7818651,21.3150868,51.68,iulius_airport,car,1,synthetic_gps
2026-05-21 18:02:52,45.7819166,21.3150114,59.68,iulius_airport,car,1,synthetic_gps
2026-05-21 18:02:53,45.7820627,21.3151673,53.04,iulius_airport,car,1,synthetic_gps
2026-05-21 18:02:54,45.7819801,21.3151792,60.56,iulius_airport,car,1,synthetic_gps
2026-05-21 18:02:55,45.7820411,21.3153019,68.56,iulius_airport,car,1,synthetic_gps
2026-05-21 18:02:56,45.7818579,21.3153324,60.56,iulius_airport,car,1,synthetic_gps
2026-05-21 18:02:57,45.7820336,21.315351,63.78,iulius_airport,car,1,synthetic_gps
2026-05-21 18:02:58,45.7820752,21.3153729,55.78,iulius_airport,car,1,synthetic_gps
2026-05-21 18:02:59,45.7820723,21.3154629,61.67,iulius_airport,car,1,synthetic_gps
2026-05-21 18:03:00,45.7821142,21.3154417,69.06,iulius_airport,car,1,synthetic_gps
2026-05-21 18:03:01,45.782112,21.3155151,61.06,iulius_airport,car,1,synthetic_gps
2026-05-21 18:03:02,45.7821817,21.3155219,53.06,iulius_airport,car,1,synthetic_gps
2026-05-21 18:03:03,45.7821314,21.3155947,50.81,iulius_airport,car,1,synthetic_gps
2026-05-21 18:03:04,45.782112,21.3155384,58.81,iulius_airport,car,1,synthetic_gps
2026-05-21 18:03:05,45.7820736,21.3155972,50.81,iulius_airport,car,1,synthetic_gps
2026-05-21 18:03:06,45.7821307,21.3156959,58.81,iulius_airport,car,1,synthetic_gps
2026-05-21 18:03:07,45.7820601,21.3156828,66.45,iulius_airport,car,1,synthetic_gps
2026-05-21 18:03:08,45.7820513,21.3158199,62.14,iulius_airport,car,1,synthetic_gps
2026-05-21 18:03:09,45.7822213,21.3159051,54.14,iulius_airport,car,1,synthetic_gps
2026-05-21 18:03:10,45.7821161,21.3157613,46.14,iulius_airport,car,1,synthetic_gps
2026-05-21 18:03:11,45.7821214,21.3158343,38.14,iulius_airport,car,1,synthetic_gps
2026-05-21 18:03:12,45.7820876,21.3159834,40.16,iulius_airport,car,1,synthetic_gps
2026-05-21 18:03:13,45.7821202,21.3159535,43.83,iulius_airport,car,1,synthetic_gps
2026-05-21 18:03:14,45.7821346,21.3160735,35.83,iulius_airport,car,1,synthetic_gps
2026-05-21 18:03:15,45.782105,21.3161352,43.83,iulius_airport,car,1,synthetic_gps
2026-05-21 18:03:16,45.7821733,21.3161136,35.83,iulius_airport,car,1,synthetic_gps
2026-05-21 18:03:17,45.7821158,21.3162146,27.83,iulius_airport,car,1,synthetic_gps
2026-05-21 18:03:18,45.7820818,21.3163637,19.83,iulius_airport,car,1,synthetic_gps
2026-05-21 18:03:19,45.782128,21.3162068,27.83,iulius_airport,car,1,synthetic_gps
2026-05-21 18:03:20,45.7821594,21.3163155,35.83,iulius_airport,car,1,synthetic_gps
2026-05-21 18:03:21,45.7821544,21.3163025,27.83,iulius_airport,car,1,synthetic_gps
2026-05-21 18:03:22,45.782268,21.316333,35.83,iulius_airport,car,1,synthetic_gps
2026-05-21 18:03:23,45.7821272,21.3164763,42.14,iulius_airport,car,1,synthetic_gps
2026-05-21 18:03:24,45.7820646,21.3165076,45.26,iulius_airport,car,1,synthetic_gps
2026-05-21 18:03:25,45.7821705,21.3165793,53.26,iulius_airport,car,1,synthetic_gps
2026-05-21 18:03:26,45.7820951,21.3166199,49.46,iulius_airport,car,1,synthetic_gps
2026-05-21 18:03:27,45.7823082,21.3166711,57.46,iulius_airport,car,1,synthetic_gps
2026-05-21 18:03:28,45.7820804,21.3166678,49.46,iulius_airport,car,1,synthetic_gps
2026-05-21 18:03:29,45.7823006,21.3166655,48.36,iulius_airport,car,1,synthetic_gps
2026-05-21 18:03:30,45.7822408,21.3168358,55.38,iulius_airport,car,1,synthetic_gps
2026-05-21 18:03:31,45.7822045,21.3167666,63.38,iulius_airport,car,1,synthetic_gps
2026-05-21 18:03:32,45.7822303,21.3168298,55.38,iulius_airport,car,1,synthetic_gps
2026-05-21 18:03:33,45.7823506,21.316867,62.2,iulius_airport,car,1,synthetic_gps
2026-05-21 18:03:34,45.7821953,21.3169766,54.2,iulius_airport,car,1,synthetic_gps
2026-05-21 18:03:35,45.7822878,21.3169736,49.7,iulius_airport,car,1,synthetic_gps
2026-05-21 18:03:36,45.7823039,21.3170415,41.7,iulius_airport,car,1,synthetic_gps
2026-05-21 18:03:37,45.7823686,21.3170401,49.7,iulius_airport,car,1,synthetic_gps
2026-05-21 18:03:38,45.7823441,21.3171555,57.7,iulius_airport,car,1,synthetic_gps
2026-05-21 18:03:39,45.7824104,21.3173057,49.7,iulius_airport,car,1,synthetic_gps
2026-05-21 18:03:40,45.7823255,21.3172659,41.7,iulius_airport,car,1,synthetic_gps
2026-05-21 18:03:41,45.7823481,21.3171866,49.7,iulius_airport,car,1,synthetic_gps
2026-05-21 18:03:42,45.7822789,21.3172802,43.34,iulius_airport,car,1,synthetic_gps
2026-05-21 18:03:43,45.7823112,21.3173515,35.6,iulius_airport,car,1,synthetic_gps
2026-05-21 18:03:44,45.7823918,21.3173993,43.6,iulius_airport,car,1,synthetic_gps
2026-05-21 18:03:45,45.7823375,21.3175375,51.6,iulius_airport,car,1,synthetic_gps
2026-05-21 18:03:46,45.7821884,21.3174588,43.6,iulius_airport,car,1,synthetic_gps
2026-05-21 18:03:47,45.7822991,21.317473,51.6,iulius_airport,car,1,synthetic_gps
2026-05-21 18:03:48,45.7824587,21.3175645,51.3,iulius_airport,car,1,synthetic_gps
2026-05-21 18:03:49,45.782384,21.3176238,43.3,iulius_airport,car,1,synthetic_gps
2026-05-21 18:03:50,45.782316,21.3176078,35.3,iulius_airport,car,1,synthetic_gps
2026-05-21 18:03:51,45.7824399,21.3176129,43.3,iulius_airport,car,1,synthetic_gps
2026-05-21 18:03:52,45.7822979,21.3178394,35.3,iulius_airport,car,1,synthetic_gps
2026-05-21 18:03:53,45.7823542,21.3177124,27.3,iulius_airport,car,1,synthetic_gps
2026-05-21 18:03:54,45.7822921,21.317803,35.3,iulius_airport,car,1,synthetic_gps
2026-05-21 18:03:55,45.782444,21.3178226,43.3,iulius_airport,car,1,synthetic_gps
2026-05-21 18:03:56,45.7824249,21.318027,36.45,iulius_airport,car,1,synthetic_gps
2026-05-21 18:03:57,45.7824146,21.3178605,44.45,iulius_airport,car,1,synthetic_gps
2026-05-21 18:03:58,45.7824242,21.3179265,36.45,iulius_airport,car,1,synthetic_gps
2026-05-21 18:03:59,45.7824432,21.3180735,44.45,iulius_airport,car,1,synthetic_gps
2026-05-21 18:04:00,45.7824055,21.3180852,48.65,iulius_airport,car,1,synthetic_gps
2026-05-21 18:04:01,45.7823909,21.3181469,47.37,iulius_airport,car,1,synthetic_gps
2026-05-21 18:04:02,45.7824368,21.3181199,55.06,iulius_airport,car,1,synthetic_gps
2026-05-21 18:04:03,45.7823947,21.3182255,47.06,iulius_airport,car,1,synthetic_gps
2026-05-21 18:04:04,45.7824676,21.318295,47.87,iulius_airport,car,1,synthetic_gps
2026-05-21 18:04:05,45.7825341,21.3182733,49.38,iulius_airport,car,1,synthetic_gps
2026-05-21 18:04:06,45.7824334,21.3183676,52.89,iulius_airport,car,1,synthetic_gps
2026-05-21 18:04:07,45.7824352,21.3183893,60.89,iulius_airport,car,1,synthetic_gps
2026-05-21 18:04:08,45.7824169,21.3184573,60.02,iulius_airport,car,1,synthetic_gps
2026-05-21 18:04:09,45.7823409,21.3184198,52.02,iulius_airport,car,1,synthetic_gps
2026-05-21 18:04:10,45.7824417,21.3185102,60.02,iulius_airport,car,1,synthetic_gps
2026-05-21 18:04:11,45.7825291,21.318665,52.02,iulius_airport,car,1,synthetic_gps
2026-05-21 18:04:12,45.7824963,21.3187174,60.02,iulius_airport,car,1,synthetic_gps
2026-05-21 18:04:13,45.7825918,21.3184793,68.02,iulius_airport,car,1,synthetic_gps
2026-05-21 18:04:14,45.7826542,21.3187911,62.04,iulius_airport,car,1,synthetic_gps
2026-05-21 18:04:15,45.7824986,21.3187866,54.04,iulius_airport,car,1,synthetic_gps
2026-05-21 18:04:16,45.7825689,21.3186826,46.04,iulius_airport,car,1,synthetic_gps
2026-05-21 18:04:17,45.7824962,21.3188542,38.24,iulius_airport,car,1,synthetic_gps
2026-05-21 18:04:18,45.7825678,21.3190102,46.24,iulius_airport,car,1,synthetic_gps
2026-05-21 18:04:19,45.7826029,21.3188721,54.24,iulius_airport,car,1,synthetic_gps
2026-05-21 18:04:20,45.7824975,21.3190226,60.06,iulius_airport,car,1,synthetic_gps
2026-05-21 18:04:21,45.7826213,21.3190114,59.68,iulius_airport,car,1,synthetic_gps
2026-05-21 18:04:22,45.782528,21.3189585,51.68,iulius_airport,car,1,synthetic_gps
2026-05-21 18:04:23,45.7826032,21.319106,53.55,iulius_airport,car,1,synthetic_gps
2026-05-21 18:04:24,45.7825042,21.319142,46.34,iulius_airport,car,1,synthetic_gps
2026-05-21 18:04:25,45.7825906,21.3190664,39.89,iulius_airport,car,1,synthetic_gps
2026-05-21 18:04:26,45.7825656,21.3193283,47.89,iulius_airport,car,1,synthetic_gps
2026-05-21 18:04:27,45.7826588,21.3192743,42.61,iulius_airport,car,1,synthetic_gps
2026-05-21 18:04:28,45.7825598,21.3192288,50.61,iulius_airport,car,1,synthetic_gps
2026-05-21 18:04:29,45.7826047,21.3193411,58.61,iulius_airport,car,1,synthetic_gps
2026-05-21 18:04:30,45.7825856,21.3193152,59.32,iulius_airport,car,1,synthetic_gps
2026-05-21 18:04:31,45.7826869,21.3194974,51.32,iulius_airport,car,1,synthetic_gps
2026-05-21 18:04:32,45.7826609,21.3195167,59.32,iulius_airport,car,1,synthetic_gps
2026-05-21 18:04:33,45.7825944,21.3193487,51.32,iulius_airport,car,1,synthetic_gps
2026-05-21 18:04:34,45.782634,21.319568,59.32,iulius_airport,car,1,synthetic_gps
2026-05-21 18:04:35,45.7825826,21.3195714,61.1,iulius_airport,car,1,synthetic_gps
2026-05-21 18:04:36,45.7826603,21.3196561,69.1,iulius_airport,car,1,synthetic_gps
2026-05-21 18:04:37,45.7825544,21.3197347,61.1,iulius_airport,car,1,synthetic_gps
2026-05-21 18:04:38,45.7827426,21.3196701,63.0,iulius_airport,car,1,synthetic_gps
2026-05-21 18:04:39,45.7827093,21.3197929,55.0,iulius_airport,car,1,synthetic_gps
2026-05-21 18:04:40,45.7827108,21.3198585,61.43,iulius_airport,car,1,synthetic_gps
2026-05-21 18:04:41,45.7828195,21.3199436,53.43,iulius_airport,car,1,synthetic_gps
2026-05-21 18:04:42,45.7827333,21.3198329,55.71,iulius_airport,car,1,synthetic_gps
2026-05-21 18:04:43,45.782686,21.3200153,60.49,iulius_airport,car,1,synthetic_gps
2026-05-21 18:04:44,45.7828527,21.3200949,68.49,iulius_airport,car,1,synthetic_gps
2026-05-21 18:04:45,45.7827291,21.3201733,60.49,iulius_airport,car,1,synthetic_gps
2026-05-21 18:04:46,45.7826686,21.3200307,57.37,iulius_airport,car,1,synthetic_gps
2026-05-21 18:04:47,45.7827687,21.3200778,51.59,iulius_airport,car,1,synthetic_gps
2026-05-21 18:04:48,45.782723,21.3200525,48.11,iulius_airport,car,1,synthetic_gps
2026-05-21 18:04:49,45.782742,21.3202092,49.44,iulius_airport,car,1,synthetic_gps
2026-05-21 18:04:50,45.7826433,21.3202989,47.86,iulius_airport,car,1,synthetic_gps
2026-05-21 18:04:51,45.7827142,21.3203307,39.86,iulius_airport,car,1,synthetic_gps
2026-05-21 18:04:52,45.7827547,21.3203433,45.62,iulius_airport,car,1,synthetic_gps
2026-05-21 18:04:53,45.7826683,21.3204186,53.62,iulius_airport,car,1,synthetic_gps
2026-05-21 18:04:54,45.7827376,21.3203941,45.62,iulius_airport,car,1,synthetic_gps
2026-05-21 18:04:55,45.7827281,21.3204704,51.69,iulius_airport,car,1,synthetic_gps
2026-05-21 18:04:56,45.7828574,21.3205092,43.69,iulius_airport,car,1,synthetic_gps
2026-05-21 18:04:57,45.7827358,21.3205125,51.69,iulius_airport,car,1,synthetic_gps
2026-05-21 18:04:58,45.7827121,21.3205816,59.69,iulius_airport,car,1,synthetic_gps
2026-05-21 18:04:59,45.7828476,21.3205944,67.69,iulius_airport,car,1,synthetic_gps
2026-05-21 18:05:00,45.7827843,21.3207818,59.69,iulius_airport,car,1,synthetic_gps
2026-05-21 18:05:01,45.7828643,21.3206786,53.09,iulius_airport,car,1,synthetic_gps
2026-05-21 18:05:02,45.7828015,21.3207254,49.96,iulius_airport,car,1,synthetic_gps
2026-05-21 18:05:03,45.7828749,21.3208364,57.96,iulius_airport,car,1,synthetic_gps
2026-05-21 18:05:04,45.7828626,21.3209659,62.21,iulius_airport,car,1,synthetic_gps
2026-05-21 18:05:05,45.7827898,21.3207845,70.21,iulius_airport,car,1,synthetic_gps
2026-05-21 18:05:06,45.7828507,21.3208847,62.21,iulius_airport,car,1,synthetic_gps
2026-05-21 18:05:07,45.7829496,21.3209382,54.21,iulius_airport,car,1,synthetic_gps
2026-05-21 18:05:08,45.7828557,21.321,53.26,iulius_airport,car,1,synthetic_gps
2026-05-21 18:05:09,45.7828128,21.3210658,45.26,iulius_airport,car,1,synthetic_gps
2026-05-21 18:05:10,45.7829235,21.3211914,53.26,iulius_airport,car,1,synthetic_gps
2026-05-21 18:05:11,45.7828352,21.321129,53.91,iulius_airport,car,1,synthetic_gps
2026-05-21 18:05:12,45.7829457,21.321149,61.91,iulius_airport,car,1,synthetic_gps
2026-05-21 18:05:13,45.7828217,21.3212684,55.07,iulius_airport,car,1,synthetic_gps
2026-05-21 18:05:14,45.7828938,21.3213128,56.61,iulius_airport,car,1,synthetic_gps
2026-05-21 18:05:15,45.7830087,21.3213406,64.61,iulius_airport,car,1,synthetic_gps
2026-05-21 18:05:16,45.7829564,21.3213865,56.61,iulius_airport,car,1,synthetic_gps
2026-05-21 18:05:17,45.7829026,21.3214065,64.61,iulius_airport,car,1,synthetic_gps
2026-05-21 18:05:18,45.7829111,21.3214329,65.56,iulius_airport,car,1,synthetic_gps
2026-05-21 18:05:19,45.7828958,21.3216084,57.56,iulius_airport,car,1,synthetic_gps
2026-05-21 18:05:20,45.7830277,21.3215637,64.51,iulius_airport,car,1,synthetic_gps
2026-05-21 18:05:21,45.7830322,21.3216148,56.51,iulius_airport,car,1,synthetic_gps
2026-05-21 18:05:22,45.7829434,21.3216607,48.51,iulius_airport,car,1,synthetic_gps
2026-05-21 18:05:23,45.7829846,21.3217764,51.36,iulius_airport,car,1,synthetic_gps
2026-05-21 18:05:24,45.7829363,21.3217617,59.36,iulius_airport,car,1,synthetic_gps
2026-05-21 18:05:25,45.7829961,21.3217949,51.36,iulius_airport,car,1,synthetic_gps
2026-05-21 18:05:26,45.7829102,21.321827,52.54,iulius_airport,car,1,synthetic_gps
2026-05-21 18:05:27,45.7830503,21.3218537,44.54,iulius_airport,car,1,synthetic_gps
2026-05-21 18:05:28,45.7830833,21.3219766,42.35,iulius_airport,car,1,synthetic_gps
2026-05-21 18:05:29,45.7830414,21.3219283,50.35,iulius_airport,car,1,synthetic_gps
2026-05-21 18:05:30,45.7829292,21.3219403,47.82,iulius_airport,car,1,synthetic_gps
2026-05-21 18:05:31,45.7830666,21.3221377,55.82,iulius_airport,car,1,synthetic_gps
2026-05-21 18:05:32,45.7829154,21.3220698,47.82,iulius_airport,car,1,synthetic_gps
2026-05-21 18:05:33,45.7829995,21.3220743,47.31,iulius_airport,car,1,synthetic_gps
2026-05-21 18:05:34,45.7830924,21.322074,42.66,iulius_airport,car,1,synthetic_gps
2026-05-21 18:05:35,45.7830948,21.3222139,50.66,iulius_airport,car,1,synthetic_gps
2026-05-21 18:05:36,45.7829603,21.3222332,58.66,iulius_airport,car,1,synthetic_gps
2026-05-21 18:05:37,45.7831442,21.3223023,66.66,iulius_airport,car,1,synthetic_gps
2026-05-21 18:05:38,45.7830692,21.3223221,58.66,iulius_airport,car,1,synthetic_gps
2026-05-21 18:05:39,45.7830664,21.322372,51.07,iulius_airport,car,1,synthetic_gps
2026-05-21 18:05:40,45.7829648,21.3224267,59.07,iulius_airport,car,1,synthetic_gps
2026-05-21 18:05:41,45.7831445,21.3223714,51.07,iulius_airport,car,1,synthetic_gps
2026-05-21 18:05:42,45.7831311,21.3224741,51.39,iulius_airport,car,1,synthetic_gps
2026-05-21 18:05:43,45.7831026,21.3224953,52.63,iulius_airport,car,1,synthetic_gps
2026-05-21 18:05:44,45.7830714,21.3225838,60.63,iulius_airport,car,1,synthetic_gps
2026-05-21 18:05:45,45.7830213,21.322492,62.8,iulius_airport,car,1,synthetic_gps
2026-05-21 18:05:46,45.7830879,21.3226308,60.41,iulius_airport,car,1,synthetic_gps
2026-05-21 18:05:47,45.7831328,21.3226885,52.41,iulius_airport,car,1,synthetic_gps
2026-05-21 18:05:48,45.783027,21.3225325,60.41,iulius_airport,car,1,synthetic_gps
2026-05-21 18:05:49,45.7830566,21.3227699,52.41,iulius_airport,car,1,synthetic_gps
2026-05-21 18:05:50,45.7830554,21.3227184,53.48,iulius_airport,car,1,synthetic_gps
2026-05-21 18:05:51,45.7832033,21.322827,60.54,iulius_airport,car,1,synthetic_gps
2026-05-21 18:05:52,45.7831001,21.3228661,52.54,iulius_airport,car,1,synthetic_gps
2026-05-21 18:05:53,45.783236,21.3230106,44.54,iulius_airport,car,1,synthetic_gps
2026-05-21 18:05:54,45.7832692,21.3229675,52.54,iulius_airport,car,1,synthetic_gps
2026-05-21 18:05:55,45.7831732,21.322911,44.54,iulius_airport,car,1,synthetic_gps
2026-05-21 18:05:56,45.7830839,21.3229008,52.54,iulius_airport,car,1,synthetic_gps
2026-05-21 18:05:57,45.7831477,21.3230748,44.54,iulius_airport,car,1,synthetic_gps
2026-05-21 18:05:58,45.783197,21.3230934,40.81,iulius_airport,car,1,synthetic_gps
2026-05-21 18:05:59,45.7832343,21.3230919,32.81,iulius_airport,car,1,synthetic_gps
2026-05-21 18:06:00,45.7831358,21.3230375,24.81,iulius_airport,car,1,synthetic_gps
2026-05-21 18:06:01,45.7831876,21.3231453,32.81,iulius_airport,car,1,synthetic_gps
2026-05-21 18:06:02,45.7831771,21.3232058,40.81,iulius_airport,car,1,synthetic_gps
2026-05-21 18:06:03,45.7830678,21.3232486,48.81,iulius_airport,car,1,synthetic_gps
2026-05-21 18:06:04,45.7831618,21.3233159,40.81,iulius_airport,car,1,synthetic_gps
2026-05-21 18:06:05,45.7833454,21.3233481,36.18,iulius_airport,car,1,synthetic_gps
2026-05-21 18:06:06,45.7831166,21.3232949,44.18,iulius_airport,car,1,synthetic_gps
2026-05-21 18:06:07,45.7831973,21.3234699,36.18,iulius_airport,car,1,synthetic_gps
2026-05-21 18:06:08,45.7832513,21.3234979,44.18,iulius_airport,car,1,synthetic_gps
2026-05-21 18:06:09,45.7831223,21.3235377,43.86,iulius_airport,car,1,synthetic_gps
2026-05-21 18:06:10,45.7832888,21.3235636,35.86,iulius_airport,car,1,synthetic_gps
2026-05-21 18:06:11,45.7831972,21.323496,43.86,iulius_airport,car,1,synthetic_gps
2026-05-21 18:06:12,45.7831986,21.3236456,42.35,iulius_airport,car,1,synthetic_gps
2026-05-21 18:06:13,45.7832161,21.3237464,50.35,iulius_airport,car,1,synthetic_gps
2026-05-21 18:06:14,45.7833111,21.3236703,46.63,iulius_airport,car,1,synthetic_gps
2026-05-21 18:06:15,45.7832653,21.3237209,47.95,iulius_airport,car,1,synthetic_gps
2026-05-21 18:06:16,45.7832061,21.323851,55.95,iulius_airport,car,1,synthetic_gps
2026-05-21 18:06:17,45.7832353,21.323829,63.95,iulius_airport,car,1,synthetic_gps
2026-05-21 18:06:18,45.7833736,21.3238543,55.95,iulius_airport,car,1,synthetic_gps
2026-05-21 18:06:19,45.7832682,21.3239302,63.95,iulius_airport,car,1,synthetic_gps
2026-05-21 18:06:20,45.7832715,21.3239662,57.52,iulius_airport,car,1,synthetic_gps
2026-05-21 18:06:21,45.7833382,21.3238011,49.52,iulius_airport,car,1,synthetic_gps
2026-05-21 18:06:22,45.7831963,21.3239565,57.52,iulius_airport,car,1,synthetic_gps
2026-05-21 18:06:23,45.783368,21.3240503,65.52,iulius_airport,car,1,synthetic_gps
2026-05-21 18:06:24,45.7832523,21.3240354,57.52,iulius_airport,car,1,synthetic_gps
2026-05-21 18:06:25,45.7833243,21.3240951,49.52,iulius_airport,car,1,synthetic_gps
2026-05-21 18:06:26,45.7833298,21.3242302,43.42,iulius_airport,car,1,synthetic_gps
2026-05-21 18:06:27,45.7832437,21.3241534,47.93,iulius_airport,car,1,synthetic_gps
2026-05-21 18:06:28,45.7833012,21.3241976,55.93,iulius_airport,car,1,synthetic_gps
2026-05-21 18:06:29,45.7833313,21.3242213,47.93,iulius_airport,car,1,synthetic_gps
2026-05-21 18:06:30,45.7833486,21.3242745,55.93,iulius_airport,car,1,synthetic_gps
2026-05-21 18:06:31,45.7832728,21.3242799,59.78,iulius_airport,car,1,synthetic_gps
2026-05-21 18:06:32,45.783396,21.3244009,54.79,iulius_airport,car,1,synthetic_gps
2026-05-21 18:06:33,45.783299,21.3244409,46.79,iulius_airport,car,1,synthetic_gps
2026-05-21 18:06:34,45.7833547,21.3244665,54.79,iulius_airport,car,1,synthetic_gps
2026-05-21 18:06:35,45.7833327,21.324501,46.79,iulius_airport,car,1,synthetic_gps
2026-05-21 18:06:36,45.7834057,21.324511,54.79,iulius_airport,car,1,synthetic_gps
2026-05-21 18:06:37,45.7833812,21.3246163,57.06,iulius_airport,car,1,synthetic_gps
2026-05-21 18:06:38,45.783379,21.3245994,49.06,iulius_airport,car,1,synthetic_gps
2026-05-21 18:06:39,45.7834684,21.3246499,57.06,iulius_airport,car,1,synthetic_gps
2026-05-21 18:06:40,45.7833916,21.3246438,65.06,iulius_airport,car,1,synthetic_gps
2026-05-21 18:06:41,45.7833966,21.3247763,57.06,iulius_airport,car,1,synthetic_gps
2026-05-21 18:06:42,45.7834432,21.32474,49.06,iulius_airport,car,1,synthetic_gps
2026-05-21 18:06:43,45.7834253,21.3247236,57.06,iulius_airport,car,1,synthetic_gps
2026-05-21 18:06:44,45.7834293,21.3247423,55.04,iulius_airport,car,1,synthetic_gps
2026-05-21 18:06:45,45.7834692,21.3247998,58.6,iulius_airport,car,1,synthetic_gps
2026-05-21 18:06:46,45.7834787,21.3249791,50.6,iulius_airport,car,1,synthetic_gps
2026-05-21 18:06:47,45.78342,21.3250136,42.6,iulius_airport,car,1,synthetic_gps
2026-05-21 18:06:48,45.7834169,21.3250488,44.79,iulius_airport,car,1,synthetic_gps
2026-05-21 18:06:49,45.7834277,21.3250322,36.79,iulius_airport,car,1,synthetic_gps
2026-05-21 18:06:50,45.7834648,21.324951,44.79,iulius_airport,car,1,synthetic_gps
2026-05-21 18:06:51,45.783367,21.3251215,39.04,iulius_airport,car,1,synthetic_gps
2026-05-21 18:06:52,45.7833734,21.3251189,47.04,iulius_airport,car,1,synthetic_gps
2026-05-21 18:06:53,45.7834079,21.324995,41.88,iulius_airport,car,1,synthetic_gps
2026-05-21 18:06:54,45.7834278,21.3252141,49.88,iulius_airport,car,1,synthetic_gps
2026-05-21 18:06:55,45.7835622,21.3253923,52.15,iulius_airport,car,1,synthetic_gps
2026-05-21 18:06:56,45.7834966,21.3252011,58.47,iulius_airport,car,1,synthetic_gps
2026-05-21 18:06:57,45.7834217,21.3252479,63.88,iulius_airport,car,1,synthetic_gps
2026-05-21 18:06:58,45.7834257,21.3254148,60.86,iulius_airport,car,1,synthetic_gps
2026-05-21 18:06:59,45.7836204,21.3254242,56.99,iulius_airport,car,1,synthetic_gps
2026-05-21 18:07:00,45.7834934,21.3254266,48.99,iulius_airport,car,1,synthetic_gps
2026-05-21 18:07:01,45.78345,21.3255047,42.08,iulius_airport,car,1,synthetic_gps
2026-05-21 18:07:02,45.7835154,21.325638,50.08,iulius_airport,car,1,synthetic_gps
2026-05-21 18:07:03,45.7835227,21.3256405,42.08,iulius_airport,car,1,synthetic_gps
2026-05-21 18:07:04,45.7834765,21.3256695,50.08,iulius_airport,car,1,synthetic_gps
2026-05-21 18:07:05,45.783532,21.3256559,50.87,iulius_airport,car,1,synthetic_gps
2026-05-21 18:07:06,45.7834865,21.325825,58.87,iulius_airport,car,1,synthetic_gps
2026-05-21 18:07:07,45.7834602,21.3256616,50.87,iulius_airport,car,1,synthetic_gps
2026-05-21 18:07:08,45.7834576,21.3258333,58.87,iulius_airport,car,1,synthetic_gps
2026-05-21 18:07:09,45.7836226,21.32577,66.87,iulius_airport,car,1,synthetic_gps
2026-05-21 18:07:10,45.7835761,21.3258394,59.46,iulius_airport,car,1,synthetic_gps
2026-05-21 18:07:11,45.7834401,21.3258855,67.46,iulius_airport,car,1,synthetic_gps
2026-05-21 18:07:12,45.7835909,21.3259436,66.29,iulius_airport,car,1,synthetic_gps
2026-05-21 18:07:13,45.7835167,21.3260315,58.29,iulius_airport,car,1,synthetic_gps
2026-05-21 18:07:14,45.7834962,21.3259661,50.29,iulius_airport,car,1,synthetic_gps
2026-05-21 18:07:15,45.7835107,21.3260341,45.56,iulius_airport,car,1,synthetic_gps
2026-05-21 18:07:16,45.7835457,21.3260302,43.49,iulius_airport,car,1,synthetic_gps
2026-05-21 18:07:17,45.7836375,21.3261061,35.49,iulius_airport,car,1,synthetic_gps
2026-05-21 18:07:18,45.7835486,21.3261245,43.49,iulius_airport,car,1,synthetic_gps
2026-05-21 18:07:19,45.7835331,21.3260922,51.49,iulius_airport,car,1,synthetic_gps
2026-05-21 18:07:20,45.7836089,21.3261244,59.49,iulius_airport,car,1,synthetic_gps
2026-05-21 18:07:21,45.7836864,21.3262794,63.75,iulius_airport,car,1,synthetic_gps
2026-05-21 18:07:22,45.7835657,21.3263479,55.75,iulius_airport,car,1,synthetic_gps
2026-05-21 18:07:23,45.7834955,21.3262169,47.75,iulius_airport,car,1,synthetic_gps
2026-05-21 18:07:24,45.78353,21.3263976,39.75,iulius_airport,car,1,synthetic_gps
2026-05-21 18:07:25,45.7837262,21.326448,31.75,iulius_airport,car,1,synthetic_gps
2026-05-21 18:07:26,45.7835991,21.3264803,39.75,iulius_airport,car,1,synthetic_gps
2026-05-21 18:07:27,45.7835799,21.3264195,47.75,iulius_airport,car,1,synthetic_gps
2026-05-21 18:07:28,45.7837064,21.3265692,39.75,iulius_airport,car,1,synthetic_gps
2026-05-21 18:07:29,45.7836233,21.3265485,47.75,iulius_airport,car,1,synthetic_gps
2026-05-21 18:07:30,45.783605,21.3265717,55.75,iulius_airport,car,1,synthetic_gps
2026-05-21 18:07:31,45.7837313,21.3265962,49.23,iulius_airport,car,1,synthetic_gps
2026-05-21 18:07:32,45.783643,21.3267452,57.23,iulius_airport,car,1,synthetic_gps
2026-05-21 18:07:33,45.7836838,21.326697,56.3,iulius_airport,car,1,synthetic_gps
2026-05-21 18:07:34,45.7835906,21.3268266,57.31,iulius_airport,car,1,synthetic_gps
2026-05-21 18:07:35,45.7835976,21.3267397,52.76,iulius_airport,car,1,synthetic_gps
2026-05-21 18:07:36,45.7836616,21.3268948,44.76,iulius_airport,car,1,synthetic_gps
2026-05-21 18:07:37,45.7836588,21.3269383,52.76,iulius_airport,car,1,synthetic_gps
2026-05-21 18:07:38,45.7837531,21.3269284,44.76,iulius_airport,car,1,synthetic_gps
2026-05-21 18:07:39,45.7836441,21.3270421,47.13,iulius_airport,car,1,synthetic_gps
2026-05-21 18:07:40,45.7837423,21.3271004,55.13,iulius_airport,car,1,synthetic_gps
2026-05-21 18:07:41,45.7838099,21.3270577,47.13,iulius_airport,car,1,synthetic_gps
2026-05-21 18:07:42,45.7837092,21.327097,39.13,iulius_airport,car,1,synthetic_gps
2026-05-21 18:07:43,45.7838104,21.3270393,31.13,iulius_airport,car,1,synthetic_gps
2026-05-21 18:07:44,45.783626,21.3271015,39.13,iulius_airport,car,1,synthetic_gps
2026-05-21 18:07:45,45.7837006,21.3271716,46.31,iulius_airport,car,1,synthetic_gps
2026-05-21 18:07:46,45.7836975,21.3272781,54.31,iulius_airport,car,1,synthetic_gps
2026-05-21 18:07:47,45.7838625,21.3272722,59.97,iulius_airport,car,1,synthetic_gps
2026-05-21 18:07:48,45.7837889,21.3273196,58.76,iulius_airport,car,1,synthetic_gps
2026-05-21 18:07:49,45.7837386,21.3274079,50.76,iulius_airport,car,1,synthetic_gps
2026-05-21 18:07:50,45.7837395,21.3274284,57.45,iulius_airport,car,1,synthetic_gps
2026-05-21 18:07:51,45.7837993,21.3273873,49.45,iulius_airport,car,1,synthetic_gps
2026-05-21 18:07:52,45.7838026,21.3275219,57.45,iulius_airport,car,1,synthetic_gps
2026-05-21 18:07:53,45.783757,21.3274704,56.33,iulius_airport,car,1,synthetic_gps
2026-05-21 18:07:54,45.7837659,21.3275116,53.84,iulius_airport,car,1,synthetic_gps
2026-05-21 18:07:55,45.7838285,21.3274936,61.84,iulius_airport,car,1,synthetic_gps
2026-05-21 18:07:56,45.7837589,21.3275871,69.84,iulius_airport,car,1,synthetic_gps
2026-05-21 18:07:57,45.7837848,21.3276005,61.84,iulius_airport,car,1,synthetic_gps
2026-05-21 18:07:58,45.7838026,21.3276539,55.42,iulius_airport,car,1,synthetic_gps
2026-05-21 18:07:59,45.7836454,21.3277131,63.09,iulius_airport,car,1,synthetic_gps
2026-05-21 18:08:00,45.7837707,21.3276755,57.43,iulius_airport,car,1,synthetic_gps
2026-05-21 18:08:01,45.7838098,21.3277875,63.0,iulius_airport,car,1,synthetic_gps
2026-05-21 18:08:02,45.7837998,21.3278082,55.0,iulius_airport,car,1,synthetic_gps
2026-05-21 18:08:03,45.7838051,21.3279532,47.0,iulius_airport,car,1,synthetic_gps
2026-05-21 18:08:04,45.7838508,21.3279176,39.0,iulius_airport,car,1,synthetic_gps
2026-05-21 18:08:05,45.783735,21.3279749,47.0,iulius_airport,car,1,synthetic_gps
2026-05-21 18:08:06,45.7838198,21.3279894,49.22,iulius_airport,car,1,synthetic_gps
2026-05-21 18:08:07,45.7839256,21.3279512,57.22,iulius_airport,car,1,synthetic_gps
2026-05-21 18:08:08,45.7838567,21.3280575,59.27,iulius_airport,car,1,synthetic_gps
2026-05-21 18:08:09,45.7839038,21.3280036,59.66,iulius_airport,car,1,synthetic_gps
2026-05-21 18:08:10,45.7837851,21.3281745,67.66,iulius_airport,car,1,synthetic_gps
2026-05-21 18:08:11,45.7838143,21.3281804,59.66,iulius_airport,car,1,synthetic_gps
2026-05-21 18:08:12,45.7839135,21.3281845,53.17,iulius_airport,car,1,synthetic_gps
2026-05-21 18:08:13,45.7840023,21.3283768,61.17,iulius_airport,car,1,synthetic_gps
2026-05-21 18:08:14,45.7839002,21.3283357,57.06,iulius_airport,car,1,synthetic_gps
2026-05-21 18:08:15,45.7838458,21.3284104,65.06,iulius_airport,car,1,synthetic_gps
2026-05-21 18:08:16,45.7838465,21.3283559,57.06,iulius_airport,car,1,synthetic_gps
2026-05-21 18:08:17,45.7839896,21.3284197,49.06,iulius_airport,car,1,synthetic_gps
2026-05-21 18:08:18,45.7838679,21.3283488,57.06,iulius_airport,car,1,synthetic_gps
2026-05-21 18:08:19,45.7838812,21.3284869,49.06,iulius_airport,car,1,synthetic_gps
2026-05-21 18:08:20,45.7838494,21.3285687,55.68,iulius_airport,car,1,synthetic_gps
2026-05-21 18:08:21,45.7838985,21.3285284,56.62,iulius_airport,car,1,synthetic_gps
2026-05-21 18:08:22,45.7838837,21.3285477,48.62,iulius_airport,car,1,synthetic_gps
2026-05-21 18:08:23,45.7839367,21.3286422,56.62,iulius_airport,car,1,synthetic_gps
2026-05-21 18:08:24,45.7839458,21.3286289,61.93,iulius_airport,car,1,synthetic_gps
2026-05-21 18:08:25,45.7839926,21.328796,57.28,iulius_airport,car,1,synthetic_gps
2026-05-21 18:08:26,45.7840559,21.3287316,55.92,iulius_airport,car,1,synthetic_gps
2026-05-21 18:08:27,45.7839855,21.3288016,47.92,iulius_airport,car,1,synthetic_gps
2026-05-21 18:08:28,45.7839775,21.3287456,55.92,iulius_airport,car,1,synthetic_gps
2026-05-21 18:08:29,45.7839899,21.3289435,47.92,iulius_airport,car,1,synthetic_gps
2026-05-21 18:08:30,45.7839273,21.3289458,55.92,iulius_airport,car,1,synthetic_gps
2026-05-21 18:08:31,45.783948,21.3289399,63.92,iulius_airport,car,1,synthetic_gps
2026-05-21 18:08:32,45.7839752,21.3289684,55.92,iulius_airport,car,1,synthetic_gps
2026-05-21 18:08:33,45.784057,21.3289803,63.92,iulius_airport,car,1,synthetic_gps
2026-05-21 18:08:34,45.7840463,21.3290481,67.52,iulius_airport,car,1,synthetic_gps
2026-05-21 18:08:35,45.7839052,21.3290025,59.52,iulius_airport,car,1,synthetic_gps
2026-05-21 18:08:36,45.7839275,21.3291563,51.52,iulius_airport,car,1,synthetic_gps
2026-05-21 18:08:37,45.783991,21.3291163,43.52,iulius_airport,car,1,synthetic_gps
2026-05-21 18:08:38,45.7839788,21.3292284,35.52,iulius_airport,car,1,synthetic_gps
2026-05-21 18:08:39,45.7839339,21.3292457,43.52,iulius_airport,car,1,synthetic_gps
2026-05-21 18:08:40,45.7840109,21.3292778,51.52,iulius_airport,car,1,synthetic_gps
2026-05-21 18:08:41,45.783982,21.329386,59.52,iulius_airport,car,1,synthetic_gps
2026-05-21 18:08:42,45.7839472,21.3294019,67.52,iulius_airport,car,1,synthetic_gps
2026-05-21 18:08:43,45.783988,21.3293501,75.52,iulius_airport,car,1,synthetic_gps
2026-05-21 18:08:44,45.7840067,21.3294467,67.52,iulius_airport,car,1,synthetic_gps
2026-05-21 18:08:45,45.7841588,21.3294306,59.52,iulius_airport,car,1,synthetic_gps
2026-05-21 18:08:46,45.7840347,21.3293629,51.52,iulius_airport,car,1,synthetic_gps
2026-05-21 18:08:47,45.7840814,21.3294961,54.3,iulius_airport,car,1,synthetic_gps
2026-05-21 18:08:48,45.7840201,21.3296796,56.39,iulius_airport,car,1,synthetic_gps
2026-05-21 18:08:49,45.7840629,21.3295689,64.39,iulius_airport,car,1,synthetic_gps
2026-05-21 18:08:50,45.7840383,21.329723,62.58,iulius_airport,car,1,synthetic_gps
2026-05-21 18:08:51,45.7840363,21.3297647,65.11,iulius_airport,car,1,synthetic_gps
2026-05-21 18:08:52,45.7840879,21.3297364,73.11,iulius_airport,car,1,synthetic_gps
2026-05-21 18:08:53,45.7841836,21.3298156,65.11,iulius_airport,car,1,synthetic_gps
2026-05-21 18:08:54,45.7841785,21.32992,64.48,iulius_airport,car,1,synthetic_gps
2026-05-21 18:08:55,45.7841691,21.3299188,64.59,iulius_airport,car,1,synthetic_gps
2026-05-21 18:08:56,45.7841479,21.3298695,56.59,iulius_airport,car,1,synthetic_gps
2026-05-21 18:08:57,45.7840278,21.3299049,50.72,iulius_airport,car,1,synthetic_gps
2026-05-21 18:08:58,45.7840238,21.3299265,58.72,iulius_airport,car,1,synthetic_gps
2026-05-21 18:08:59,45.784077,21.3300548,50.72,iulius_airport,car,1,synthetic_gps
2026-05-21 18:09:00,45.784158,21.3300442,58.72,iulius_airport,car,1,synthetic_gps
2026-05-21 18:09:01,45.7841074,21.3301014,50.72,iulius_airport,car,1,synthetic_gps
2026-05-21 18:09:02,45.7841537,21.3302323,42.72,iulius_airport,car,1,synthetic_gps
2026-05-21 18:09:03,45.78422,21.3301498,34.72,iulius_airport,car,1,synthetic_gps
2026-05-21 18:09:04,45.7841459,21.3301777,26.72,iulius_airport,car,1,synthetic_gps
2026-05-21 18:09:05,45.7841034,21.3302538,34.72,iulius_airport,car,1,synthetic_gps
2026-05-21 18:09:06,45.7840767,21.330377,42.72,iulius_airport,car,1,synthetic_gps
2026-05-21 18:09:07,45.7841482,21.3302582,39.63,iulius_airport,car,1,synthetic_gps
2026-05-21 18:09:08,45.7842063,21.3304052,31.63,iulius_airport,car,1,synthetic_gps
2026-05-21 18:09:09,45.7841602,21.33039,39.63,iulius_airport,car,1,synthetic_gps
2026-05-21 18:09:10,45.784156,21.3304839,47.63,iulius_airport,car,1,synthetic_gps
2026-05-21 18:09:11,45.7840607,21.3304908,52.98,iulius_airport,car,1,synthetic_gps
2026-05-21 18:09:12,45.7841911,21.3304875,45.05,iulius_airport,car,1,synthetic_gps
2026-05-21 18:09:13,45.7841572,21.3305084,53.05,iulius_airport,car,1,synthetic_gps
2026-05-21 18:09:14,45.7841914,21.3306004,52.95,iulius_airport,car,1,synthetic_gps
2026-05-21 18:09:15,45.7841407,21.3306525,56.11,iulius_airport,car,1,synthetic_gps
2026-05-21 18:09:16,45.78409,21.3306662,48.11,iulius_airport,car,1,synthetic_gps
2026-05-21 18:09:17,45.7841708,21.3306913,44.75,iulius_airport,car,1,synthetic_gps
2026-05-21 18:09:18,45.7841652,21.3308165,52.75,iulius_airport,car,1,synthetic_gps
2026-05-21 18:09:19,45.784253,21.3308239,60.75,iulius_airport,car,1,synthetic_gps
2026-05-21 18:09:20,45.784197,21.3309035,52.75,iulius_airport,car,1,synthetic_gps
2026-05-21 18:09:21,45.7841809,21.3307956,46.27,iulius_airport,car,1,synthetic_gps
2026-05-21 18:09:22,45.784233,21.3308528,42.49,iulius_airport,car,1,synthetic_gps
2026-05-21 18:09:23,45.784189,21.3309665,34.49,iulius_airport,car,1,synthetic_gps
2026-05-21 18:09:24,45.7842818,21.3309312,42.49,iulius_airport,car,1,synthetic_gps
2026-05-21 18:09:25,45.784258,21.3308826,34.49,iulius_airport,car,1,synthetic_gps
2026-05-21 18:09:26,45.7842746,21.331043,42.49,iulius_airport,car,1,synthetic_gps
2026-05-21 18:09:27,45.7842782,21.3309374,50.49,iulius_airport,car,1,synthetic_gps
2026-05-21 18:09:28,45.7843222,21.3312445,42.49,iulius_airport,car,1,synthetic_gps
2026-05-21 18:09:29,45.7842836,21.3310724,50.49,iulius_airport,car,1,synthetic_gps
2026-05-21 18:09:30,45.7842827,21.3312195,47.9,iulius_airport,car,1,synthetic_gps
2026-05-21 18:09:31,45.7843007,21.3312901,55.9,iulius_airport,car,1,synthetic_gps
2026-05-21 18:09:32,45.7841859,21.3312526,47.9,iulius_airport,car,1,synthetic_gps
2026-05-21 18:09:33,45.784319,21.3313408,45.6,iulius_airport,car,1,synthetic_gps
2026-05-21 18:09:34,45.7842298,21.3314783,52.4,iulius_airport,car,1,synthetic_gps
2026-05-21 18:09:35,45.7844134,21.3314232,60.4,iulius_airport,car,1,synthetic_gps
2026-05-21 18:09:36,45.7844184,21.3314304,52.4,iulius_airport,car,1,synthetic_gps
2026-05-21 18:09:37,45.7843246,21.331514,60.4,iulius_airport,car,1,synthetic_gps
2026-05-21 18:09:38,45.7843944,21.3315758,68.4,iulius_airport,car,1,synthetic_gps
2026-05-21 18:09:39,45.7844044,21.3315673,66.43,iulius_airport,car,1,synthetic_gps
2026-05-21 18:09:40,45.7843253,21.3316671,64.44,iulius_airport,car,1,synthetic_gps
2026-05-21 18:09:41,45.784325,21.3316977,56.44,iulius_airport,car,1,synthetic_gps
2026-05-21 18:09:42,45.7844078,21.3316741,64.44,iulius_airport,car,1,synthetic_gps
2026-05-21 18:09:43,45.7842895,21.331716,56.44,iulius_airport,car,1,synthetic_gps
2026-05-21 18:09:44,45.7843295,21.3317608,48.44,iulius_airport,car,1,synthetic_gps
2026-05-21 18:09:45,45.7844347,21.3317859,51.89,iulius_airport,car,1,synthetic_gps
2026-05-21 18:09:46,45.784363,21.3318541,59.89,iulius_airport,car,1,synthetic_gps
2026-05-21 18:09:47,45.784387,21.3318772,54.66,iulius_airport,car,1,synthetic_gps
2026-05-21 18:09:48,45.7844115,21.3319325,62.66,iulius_airport,car,1,synthetic_gps
2026-05-21 18:09:49,45.7843702,21.3318856,55.4,iulius_airport,car,1,synthetic_gps
2026-05-21 18:09:50,45.7845093,21.3319588,47.4,iulius_airport,car,1,synthetic_gps
2026-05-21 18:09:51,45.7844655,21.3319491,55.4,iulius_airport,car,1,synthetic_gps
2026-05-21 18:09:52,45.7844702,21.3321095,47.4,iulius_airport,car,1,synthetic_gps
2026-05-21 18:09:53,45.784309,21.3320623,39.66,iulius_airport,car,1,synthetic_gps
2026-05-21 18:09:54,45.7844167,21.3321295,47.66,iulius_airport,car,1,synthetic_gps
2026-05-21 18:09:55,45.7843835,21.3321191,44.05,iulius_airport,car,1,synthetic_gps
2026-05-21 18:09:56,45.7844119,21.3322882,36.05,iulius_airport,car,1,synthetic_gps
2026-05-21 18:09:57,45.7845705,21.3322061,44.05,iulius_airport,car,1,synthetic_gps
2026-05-21 18:09:58,45.7843729,21.3324183,52.05,iulius_airport,car,1,synthetic_gps
2026-05-21 18:09:59,45.7844934,21.3323511,53.84,iulius_airport,car,1,synthetic_gps
2026-05-21 18:10:00,45.7843638,21.3323982,61.84,iulius_airport,car,1,synthetic_gps
2026-05-21 18:10:01,45.784536,21.3324058,68.99,iulius_airport,car,1,synthetic_gps
2026-05-21 18:10:02,45.7844425,21.3325613,74.25,iulius_airport,car,1,synthetic_gps
2026-05-21 18:10:03,45.7844711,21.3324433,66.25,iulius_airport,car,1,synthetic_gps
2026-05-21 18:10:04,45.7845575,21.3326179,58.25,iulius_airport,car,1,synthetic_gps
2026-05-21 18:10:05,45.7843774,21.3325011,56.57,iulius_airport,car,1,synthetic_gps
2026-05-21 18:10:06,45.7845564,21.3325901,48.57,iulius_airport,car,1,synthetic_gps
2026-05-21 18:10:07,45.7845525,21.3326242,56.57,iulius_airport,car,1,synthetic_gps
2026-05-21 18:10:08,45.7845655,21.3327855,54.75,iulius_airport,car,1,synthetic_gps
2026-05-21 18:10:09,45.7845376,21.3327041,62.75,iulius_airport,car,1,synthetic_gps
2026-05-21 18:10:10,45.7844822,21.3326921,54.75,iulius_airport,car,1,synthetic_gps
2026-05-21 18:10:11,45.7844427,21.3327835,62.75,iulius_airport,car,1,synthetic_gps
2026-05-21 18:10:12,45.7845173,21.3328383,66.04,iulius_airport,car,1,synthetic_gps
2026-05-21 18:10:13,45.7845847,21.3329156,72.71,iulius_airport,car,1,synthetic_gps
2026-05-21 18:10:14,45.7845574,21.3328562,80.71,iulius_airport,car,1,synthetic_gps
2026-05-21 18:10:15,45.7846611,21.3329326,72.71,iulius_airport,car,1,synthetic_gps
2026-05-21 18:10:16,45.7844743,21.3330154,64.71,iulius_airport,car,1,synthetic_gps
2026-05-21 18:10:17,45.7844551,21.3330297,58.39,iulius_airport,car,1,synthetic_gps
2026-05-21 18:10:18,45.7846152,21.33307,50.39,iulius_airport,car,1,synthetic_gps
2026-05-21 18:10:19,45.7845374,21.3331313,49.71,iulius_airport,car,1,synthetic_gps
2026-05-21 18:10:20,45.7845353,21.3331878,51.85,iulius_airport,car,1,synthetic_gps
2026-05-21 18:10:21,45.78447,21.3332381,56.09,iulius_airport,car,1,synthetic_gps
2026-05-21 18:10:22,45.7847046,21.3332377,53.76,iulius_airport,car,1,synthetic_gps
2026-05-21 18:10:23,45.7845116,21.3333581,61.76,iulius_airport,car,1,synthetic_gps
2026-05-21 18:10:24,45.78451,21.3333144,53.76,iulius_airport,car,1,synthetic_gps
2026-05-21 18:10:25,45.7845917,21.3334059,61.76,iulius_airport,car,1,synthetic_gps
2026-05-21 18:10:26,45.7845194,21.3333791,53.76,iulius_airport,car,1,synthetic_gps
2026-05-21 18:10:27,45.7845805,21.3333764,57.95,iulius_airport,car,1,synthetic_gps
2026-05-21 18:10:28,45.7846202,21.3334262,49.95,iulius_airport,car,1,synthetic_gps
2026-05-21 18:10:29,45.7845594,21.3335407,57.95,iulius_airport,car,1,synthetic_gps
2026-05-21 18:10:30,45.784505,21.3335401,49.95,iulius_airport,car,1,synthetic_gps
2026-05-21 18:10:31,45.7846084,21.3335999,41.95,iulius_airport,car,1,synthetic_gps
2026-05-21 18:10:32,45.7847418,21.3335799,49.95,iulius_airport,car,1,synthetic_gps
2026-05-21 18:10:33,45.7846574,21.3335706,57.95,iulius_airport,car,1,synthetic_gps
2026-05-21 18:10:34,45.7846413,21.3336241,57.86,iulius_airport,car,1,synthetic_gps
2026-05-21 18:10:35,45.7845836,21.3337491,65.86,iulius_airport,car,1,synthetic_gps
2026-05-21 18:10:36,45.7846094,21.3338259,57.86,iulius_airport,car,1,synthetic_gps
2026-05-21 18:10:37,45.784654,21.3338618,61.94,iulius_airport,car,1,synthetic_gps
2026-05-21 18:10:38,45.7845956,21.3339287,53.94,iulius_airport,car,1,synthetic_gps
2026-05-21 18:10:39,45.7846967,21.3339763,58.06,iulius_airport,car,1,synthetic_gps
2026-05-21 18:10:40,45.7846676,21.3341004,55.79,iulius_airport,car,1,synthetic_gps
2026-05-21 18:10:41,45.7845516,21.3339173,47.79,iulius_airport,car,1,synthetic_gps
2026-05-21 18:10:42,45.78459,21.3339335,55.14,iulius_airport,car,1,synthetic_gps
2026-05-21 18:10:43,45.7846125,21.3340065,50.09,iulius_airport,car,1,synthetic_gps
2026-05-21 18:10:44,45.7845982,21.334096,42.09,iulius_airport,car,1,synthetic_gps
2026-05-21 18:10:45,45.7846376,21.3342082,34.09,iulius_airport,car,1,synthetic_gps
2026-05-21 18:10:46,45.7846622,21.3341942,42.09,iulius_airport,car,1,synthetic_gps
2026-05-21 18:10:47,45.7846377,21.3341811,50.09,iulius_airport,car,1,synthetic_gps
2026-05-21 18:10:48,45.7846652,21.3342017,48.74,iulius_airport,car,1,synthetic_gps
2026-05-21 18:10:49,45.7847014,21.3342784,56.74,iulius_airport,car,1,synthetic_gps
2026-05-21 18:10:50,45.784721,21.3343832,48.74,iulius_airport,car,1,synthetic_gps
2026-05-21 18:10:51,45.7845969,21.3343469,56.74,iulius_airport,car,1,synthetic_gps
2026-05-21 18:10:52,45.7846258,21.3344489,48.74,iulius_airport,car,1,synthetic_gps
2026-05-21 18:10:53,45.78464,21.3344657,40.74,iulius_airport,car,1,synthetic_gps
2026-05-21 18:10:54,45.7847931,21.3345175,48.74,iulius_airport,car,1,synthetic_gps
2026-05-21 18:10:55,45.784809,21.3345546,40.74,iulius_airport,car,1,synthetic_gps
2026-05-21 18:10:56,45.784764,21.3346116,32.74,iulius_airport,car,1,synthetic_gps
2026-05-21 18:10:57,45.7847743,21.3346167,40.74,iulius_airport,car,1,synthetic_gps
2026-05-21 18:10:58,45.7847121,21.334541,32.74,iulius_airport,car,1,synthetic_gps
2026-05-21 18:10:59,45.7847438,21.3346233,24.74,iulius_airport,car,1,synthetic_gps
2026-05-21 18:11:00,45.7846718,21.3347347,19.36,iulius_airport,car,1,synthetic_gps
2026-05-21 18:11:01,45.7847687,21.3348178,18.24,iulius_airport,car,1,synthetic_gps
2026-05-21 18:11:02,45.7847567,21.3347386,18.39,iulius_airport,car,1,synthetic_gps
2026-05-21 18:11:03,45.7847123,21.3347956,26.39,iulius_airport,car,1,synthetic_gps
2026-05-21 18:11:04,45.7848473,21.3349132,18.39,iulius_airport,car,1,synthetic_gps
2026-05-21 18:11:05,45.7848072,21.3349081,19.98,iulius_airport,car,1,synthetic_gps
2026-05-21 18:11:06,45.7848957,21.3349716,21.87,iulius_airport,car,1,synthetic_gps
2026-05-21 18:11:07,45.7848564,21.3348356,18.99,iulius_airport,car,1,synthetic_gps
2026-05-21 18:11:08,45.7847713,21.3349467,22.37,iulius_airport,car,1,synthetic_gps
2026-05-21 18:11:09,45.784815,21.3350324,14.37,iulius_airport,car,1,synthetic_gps
2026-05-21 18:11:10,45.7848686,21.3350613,22.37,iulius_airport,car,1,synthetic_gps
2026-05-21 18:11:11,45.7847517,21.3350595,19.48,iulius_airport,car,1,synthetic_gps
2026-05-21 18:11:12,45.7848679,21.3351756,16.88,iulius_airport,car,1,synthetic_gps
2026-05-21 18:11:13,45.7848398,21.335198,19.63,iulius_airport,car,1,synthetic_gps
2026-05-21 18:11:14,45.7849272,21.3353063,17.29,iulius_airport,car,1,synthetic_gps
2026-05-21 18:11:15,45.7848871,21.3351909,21.34,iulius_airport,car,1,synthetic_gps
2026-05-21 18:11:16,45.7848406,21.3353991,19.49,iulius_airport,car,1,synthetic_gps
2026-05-21 18:11:17,45.7847996,21.3352504,16.85,iulius_airport,car,1,synthetic_gps
2026-05-21 18:11:18,45.7849935,21.3354089,13.77,iulius_airport,car,1,synthetic_gps
2026-05-21 18:11:19,45.784743,21.3354372,21.77,iulius_airport,car,1,synthetic_gps
2026-05-21 18:11:20,45.7849879,21.33538,16.64,iulius_airport,car,1,synthetic_gps
2026-05-21 18:11:21,45.7848291,21.3355241,12.55,iulius_airport,car,1,synthetic_gps
2026-05-21 18:11:22,45.7849181,21.3354311,11.4,iulius_airport,car,1,synthetic_gps
2026-05-21 18:11:23,45.7848544,21.335642,11.33,iulius_airport,car,1,synthetic_gps
2026-05-21 18:11:24,45.7848577,21.3355832,17.67,iulius_airport,car,1,synthetic_gps
2026-05-21 18:11:25,45.7849512,21.3356918,25.67,iulius_airport,car,1,synthetic_gps
2026-05-21 18:11:26,45.7849518,21.3357948,17.67,iulius_airport,car,1,synthetic_gps
2026-05-21 18:11:27,45.7848965,21.3357766,24.07,iulius_airport,car,1,synthetic_gps
2026-05-21 18:11:28,45.7848523,21.3357447,23.68,iulius_airport,car,1,synthetic_gps
2026-05-21 18:11:29,45.7849255,21.3358554,24.01,iulius_airport,car,1,synthetic_gps
2026-05-21 18:11:30,45.7849163,21.3359003,24.68,iulius_airport,car,1,synthetic_gps
2026-05-21 18:11:31,45.7849899,21.3359418,18.33,iulius_airport,car,1,synthetic_gps
2026-05-21 18:11:32,45.7850344,21.3359651,15.93,iulius_airport,car,1,synthetic_gps
2026-05-21 18:11:33,45.7850389,21.3358803,19.25,iulius_airport,car,1,synthetic_gps
2026-05-21 18:11:34,45.7847986,21.336046,19.27,iulius_airport,car,1,synthetic_gps
2026-05-21 18:11:35,45.7850057,21.3359885,25.3,iulius_airport,car,1,synthetic_gps
2026-05-21 18:11:36,45.784813,21.3359687,23.25,iulius_airport,car,1,synthetic_gps
2026-05-21 18:11:37,45.7849606,21.3361749,15.25,iulius_airport,car,1,synthetic_gps
2026-05-21 18:11:38,45.7849472,21.3361039,14.53,iulius_airport,car,1,synthetic_gps
2026-05-21 18:11:39,45.7849788,21.3363006,20.28,iulius_airport,car,1,synthetic_gps
2026-05-21 18:11:40,45.7850322,21.3362627,13.49,iulius_airport,car,1,synthetic_gps
2026-05-21 18:11:41,45.7849058,21.3362425,20.89,iulius_airport,car,1,synthetic_gps
2026-05-21 18:11:42,45.7849992,21.336228,13.48,iulius_airport,car,1,synthetic_gps
2026-05-21 18:11:43,45.7849874,21.3362742,21.48,iulius_airport,car,1,synthetic_gps
2026-05-21 18:11:44,45.7849993,21.3362945,13.48,iulius_airport,car,1,synthetic_gps
2026-05-21 18:11:45,45.7850285,21.3365097,10.25,iulius_airport,car,1,synthetic_gps
2026-05-21 18:11:46,45.7849639,21.3364564,13.01,iulius_airport,car,1,synthetic_gps
2026-05-21 18:11:47,45.7849407,21.3364214,12.98,iulius_airport,car,1,synthetic_gps
2026-05-21 18:11:48,45.7849522,21.3364881,17.98,iulius_airport,car,1,synthetic_gps
2026-05-21 18:11:49,45.7850943,21.3366254,14.66,iulius_airport,car,1,synthetic_gps
2026-05-21 18:11:50,45.7851059,21.3366003,7.76,iulius_airport,car,1,synthetic_gps
2026-05-21 18:11:51,45.785024,21.3365959,0.0,iulius_airport,car,1,synthetic_gps
2026-05-21 18:11:52,45.7851735,21.3366624,8.0,iulius_airport,car,1,synthetic_gps
2026-05-21 18:11:53,45.7850461,21.3367176,16.0,iulius_airport,car,1,synthetic_gps
2026-05-21 18:11:54,45.7850765,21.336691,19.62,iulius_airport,car,1,synthetic_gps
2026-05-21 18:11:55,45.785122,21.3368871,13.93,iulius_airport,car,1,synthetic_gps
2026-05-21 18:11:56,45.7851557,21.3368866,20.29,iulius_airport,car,1,synthetic_gps
2026-05-21 18:11:57,45.7851049,21.3367962,16.0,iulius_airport,car,1,synthetic_gps
2026-05-21 18:11:58,45.7850164,21.3368343,12.19,iulius_airport,car,1,synthetic_gps
2026-05-21 18:11:59,45.7851341,21.337029,20.19,iulius_airport,car,1,synthetic_gps
