timestamp,latitude,longitude,speed_kmh,route_id,transport_mode,is_peak_hour,source
2026-05-14 18:12:00,45.7470041,21.2390355,0.74,complex_aem,tram,1,synthetic_gps
2026-05-14 18:12:01,45.7469632,21.2390529,0.67,complex_aem,tram,1,synthetic_gps
2026-05-14 18:12:02,45.7469715,21.2390424,0.63,complex_aem,tram,1,synthetic_gps
2026-05-14 18:12:03,45.7470353,21.238989,0.53,complex_aem,tram,1,synthetic_gps
2026-05-14 18:12:04,45.7469565,21.2389814,0.41,complex_aem,tram,1,synthetic_gps
2026-05-14 18:12:05,45.7469368,21.2391058,0.02,complex_aem,tram,1,synthetic_gps
2026-05-14 18:12:06,45.7469618,21.2390466,0.55,complex_aem,tram,1,synthetic_gps
2026-05-14 18:12:07,45.7469889,21.2391114,0.07,complex_aem,tram,1,synthetic_gps
2026-05-14 18:12:08,45.7469641,21.2391621,0.46,complex_aem,tram,1,synthetic_gps
2026-05-14 18:12:09,45.7469962,21.2391104,0.55,complex_aem,tram,1,synthetic_gps
2026-05-14 18:12:10,45.7469453,21.239077,0.52,complex_aem,tram,1,synthetic_gps
2026-05-14 18:12:11,45.7469576,21.2390133,0.34,complex_aem,tram,1,synthetic_gps
2026-05-14 18:12:12,45.7469294,21.2392219,0.38,complex_aem,tram,1,synthetic_gps
2026-05-14 18:12:13,45.7469526,21.2390696,0.77,complex_aem,tram,1,synthetic_gps
2026-05-14 18:12:14,45.7469147,21.2390465,0.26,complex_aem,tram,1,synthetic_gps
2026-05-14 18:12:15,45.746948,21.239103,0.43,complex_aem,tram,1,synthetic_gps
2026-05-14 18:12:16,45.7468839,21.2391895,0.37,complex_aem,tram,1,synthetic_gps
2026-05-14 18:12:17,45.7468599,21.239136,0.45,complex_aem,tram,1,synthetic_gps
2026-05-14 18:12:18,45.7469257,21.2391539,8.44,complex_aem,tram,1,synthetic_gps
2026-05-14 18:12:19,45.7469068,21.2392912,3.76,complex_aem,tram,1,synthetic_gps
2026-05-14 18:12:20,45.746925,21.2391907,4.65,complex_aem,tram,1,synthetic_gps
2026-05-14 18:12:21,45.7468687,21.2391288,5.01,complex_aem,tram,1,synthetic_gps
2026-05-14 18:12:22,45.7469406,21.2392298,7.9,complex_aem,tram,1,synthetic_gps
2026-05-14 18:12:23,45.7469699,21.2393289,6.06,complex_aem,tram,1,synthetic_gps
2026-05-14 18:12:24,45.7469207,21.2393389,2.21,complex_aem,tram,1,synthetic_gps
2026-05-14 18:12:25,45.7468494,21.2392627,8.38,complex_aem,tram,1,synthetic_gps
2026-05-14 18:12:26,45.7468583,21.2392641,2.19,complex_aem,tram,1,synthetic_gps
2026-05-14 18:12:27,45.7468426,21.2392516,3.76,complex_aem,tram,1,synthetic_gps
2026-05-14 18:12:28,45.7468733,21.2392396,8.83,complex_aem,tram,1,synthetic_gps
2026-05-14 18:12:29,45.7468593,21.2393223,4.51,complex_aem,tram,1,synthetic_gps
2026-05-14 18:12:30,45.7468485,21.2392528,0.68,complex_aem,tram,1,synthetic_gps
2026-05-14 18:12:31,45.7468762,21.2393147,5.82,complex_aem,tram,1,synthetic_gps
2026-05-14 18:12:32,45.7469272,21.2393669,5.88,complex_aem,tram,1,synthetic_gps
2026-05-14 18:12:33,45.7469311,21.2393874,8.54,complex_aem,tram,1,synthetic_gps
2026-05-14 18:12:34,45.7468836,21.2393655,3.88,complex_aem,tram,1,synthetic_gps
2026-05-14 18:12:35,45.7468892,21.2393606,4.29,complex_aem,tram,1,synthetic_gps
2026-05-14 18:12:36,45.7467871,21.2393316,8.39,complex_aem,tram,1,synthetic_gps
2026-05-14 18:12:37,45.7468654,21.2393407,5.06,complex_aem,tram,1,synthetic_gps
2026-05-14 18:12:38,45.7468638,21.2393671,3.75,complex_aem,tram,1,synthetic_gps
2026-05-14 18:12:39,45.7468174,21.2394085,1.79,complex_aem,tram,1,synthetic_gps
2026-05-14 18:12:40,45.7468527,21.2392551,3.97,complex_aem,tram,1,synthetic_gps
2026-05-14 18:12:41,45.7468205,21.239481,7.59,complex_aem,tram,1,synthetic_gps
2026-05-14 18:12:42,45.7467751,21.2394598,3.98,complex_aem,tram,1,synthetic_gps
2026-05-14 18:12:43,45.7468076,21.2394575,2.18,complex_aem,tram,1,synthetic_gps
2026-05-14 18:12:44,45.7468759,21.2394853,2.01,complex_aem,tram,1,synthetic_gps
2026-05-14 18:12:45,45.7468401,21.2395057,3.58,complex_aem,tram,1,synthetic_gps
2026-05-14 18:12:46,45.7469018,21.2394654,3.26,complex_aem,tram,1,synthetic_gps
2026-05-14 18:12:47,45.7467982,21.2395219,6.21,complex_aem,tram,1,synthetic_gps
2026-05-14 18:12:48,45.7467174,21.2395093,4.87,complex_aem,tram,1,synthetic_gps
2026-05-14 18:12:49,45.7468069,21.2395256,9.13,complex_aem,tram,1,synthetic_gps
2026-05-14 18:12:50,45.7467578,21.2394787,8.65,complex_aem,tram,1,synthetic_gps
2026-05-14 18:12:51,45.7467814,21.2394445,3.06,complex_aem,tram,1,synthetic_gps
2026-05-14 18:12:52,45.7468631,21.2394513,7.81,complex_aem,tram,1,synthetic_gps
2026-05-14 18:12:53,45.746753,21.2395836,7.49,complex_aem,tram,1,synthetic_gps
2026-05-14 18:12:54,45.746827,21.2395973,1.2,complex_aem,tram,1,synthetic_gps
2026-05-14 18:12:55,45.7467611,21.2394867,4.28,complex_aem,tram,1,synthetic_gps
2026-05-14 18:12:56,45.746794,21.2395764,3.9,complex_aem,tram,1,synthetic_gps
2026-05-14 18:12:57,45.7467416,21.2395325,5.94,complex_aem,tram,1,synthetic_gps
2026-05-14 18:12:58,45.746795,21.2395743,5.42,complex_aem,tram,1,synthetic_gps
2026-05-14 18:12:59,45.7468365,21.2395922,6.97,complex_aem,tram,1,synthetic_gps
2026-05-14 18:13:00,45.7467407,21.239656,5.38,complex_aem,tram,1,synthetic_gps
2026-05-14 18:13:01,45.7467504,21.239633,10.0,complex_aem,tram,1,synthetic_gps
2026-05-14 18:13:02,45.7467831,21.2397181,2.97,complex_aem,tram,1,synthetic_gps
2026-05-14 18:13:03,45.7466879,21.2396122,8.12,complex_aem,tram,1,synthetic_gps
2026-05-14 18:13:04,45.7467178,21.2397184,4.08,complex_aem,tram,1,synthetic_gps
2026-05-14 18:13:05,45.7467299,21.2396514,7.67,complex_aem,tram,1,synthetic_gps
2026-05-14 18:13:06,45.7467544,21.2396347,5.34,complex_aem,tram,1,synthetic_gps
2026-05-14 18:13:07,45.7467505,21.23973,4.33,complex_aem,tram,1,synthetic_gps
2026-05-14 18:13:08,45.7467181,21.2396602,5.53,complex_aem,tram,1,synthetic_gps
2026-05-14 18:13:09,45.7467923,21.2396567,9.19,complex_aem,tram,1,synthetic_gps
2026-05-14 18:13:10,45.7467405,21.2397443,9.73,complex_aem,tram,1,synthetic_gps
2026-05-14 18:13:11,45.7467307,21.2397479,1.73,complex_aem,tram,1,synthetic_gps
2026-05-14 18:13:12,45.7467211,21.2396827,9.73,complex_aem,tram,1,synthetic_gps
2026-05-14 18:13:13,45.7467352,21.2397209,10.36,complex_aem,tram,1,synthetic_gps
2026-05-14 18:13:14,45.7466795,21.2398059,6.89,complex_aem,tram,1,synthetic_gps
2026-05-14 18:13:15,45.7466675,21.2398201,7.97,complex_aem,tram,1,synthetic_gps
2026-05-14 18:13:16,45.746701,21.2398143,7.93,complex_aem,tram,1,synthetic_gps
2026-05-14 18:13:17,45.7466634,21.2398464,9.95,complex_aem,tram,1,synthetic_gps
2026-05-14 18:13:18,45.7466288,21.2397626,9.17,complex_aem,tram,1,synthetic_gps
2026-05-14 18:13:19,45.7467203,21.2398303,2.47,complex_aem,tram,1,synthetic_gps
2026-05-14 18:13:20,45.7468012,21.2397645,7.65,complex_aem,tram,1,synthetic_gps
2026-05-14 18:13:21,45.7467328,21.2398896,3.72,complex_aem,tram,1,synthetic_gps
2026-05-14 18:13:22,45.7467231,21.2398173,5.39,complex_aem,tram,1,synthetic_gps
2026-05-14 18:13:23,45.7466301,21.2399281,1.65,complex_aem,tram,1,synthetic_gps
2026-05-14 18:13:24,45.7466771,21.2398869,6.21,complex_aem,tram,1,synthetic_gps
2026-05-14 18:13:25,45.7466358,21.2398577,5.86,complex_aem,tram,1,synthetic_gps
2026-05-14 18:13:26,45.7466189,21.239885,6.13,complex_aem,tram,1,synthetic_gps
2026-05-14 18:13:27,45.7467103,21.2399431,2.91,complex_aem,tram,1,synthetic_gps
2026-05-14 18:13:28,45.7465923,21.2399119,6.3,complex_aem,tram,1,synthetic_gps
2026-05-14 18:13:29,45.7465662,21.2399572,2.71,complex_aem,tram,1,synthetic_gps
2026-05-14 18:13:30,45.7466375,21.2399224,7.0,complex_aem,tram,1,synthetic_gps
2026-05-14 18:13:31,45.7467183,21.2398691,8.31,complex_aem,tram,1,synthetic_gps
2026-05-14 18:13:32,45.7466438,21.2399505,16.31,complex_aem,tram,1,synthetic_gps
2026-05-14 18:13:33,45.7466397,21.2400261,10.1,complex_aem,tram,1,synthetic_gps
2026-05-14 18:13:34,45.7466559,21.2400279,13.54,complex_aem,tram,1,synthetic_gps
2026-05-14 18:13:35,45.7466378,21.2400421,20.56,complex_aem,tram,1,synthetic_gps
2026-05-14 18:13:36,45.7466184,21.2400006,18.34,complex_aem,tram,1,synthetic_gps
2026-05-14 18:13:37,45.7465654,21.2400699,10.34,complex_aem,tram,1,synthetic_gps
2026-05-14 18:13:38,45.746642,21.2400194,18.34,complex_aem,tram,1,synthetic_gps
2026-05-14 18:13:39,45.7465721,21.2399665,13.5,complex_aem,tram,1,synthetic_gps
2026-05-14 18:13:40,45.7466769,21.2401186,10.76,complex_aem,tram,1,synthetic_gps
2026-05-14 18:13:41,45.7466045,21.2400533,5.17,complex_aem,tram,1,synthetic_gps
2026-05-14 18:13:42,45.7465681,21.240059,13.17,complex_aem,tram,1,synthetic_gps
2026-05-14 18:13:43,45.7465796,21.2400273,21.17,complex_aem,tram,1,synthetic_gps
2026-05-14 18:13:44,45.7465352,21.2400549,13.17,complex_aem,tram,1,synthetic_gps
2026-05-14 18:13:45,45.74661,21.2400589,21.17,complex_aem,tram,1,synthetic_gps
2026-05-14 18:13:46,45.7465609,21.24007,23.02,complex_aem,tram,1,synthetic_gps
2026-05-14 18:13:47,45.7466141,21.2401478,15.02,complex_aem,tram,1,synthetic_gps
2026-05-14 18:13:48,45.7467026,21.2400963,23.02,complex_aem,tram,1,synthetic_gps
2026-05-14 18:13:49,45.7465538,21.2401607,15.02,complex_aem,tram,1,synthetic_gps
2026-05-14 18:13:50,45.7465064,21.2401472,23.02,complex_aem,tram,1,synthetic_gps
2026-05-14 18:13:51,45.7465593,21.2401047,26.11,complex_aem,tram,1,synthetic_gps
2026-05-14 18:13:52,45.7465842,21.2401669,18.17,complex_aem,tram,1,synthetic_gps
2026-05-14 18:13:53,45.7466016,21.2401801,26.17,complex_aem,tram,1,synthetic_gps
2026-05-14 18:13:54,45.7466099,21.2401946,18.17,complex_aem,tram,1,synthetic_gps
2026-05-14 18:13:55,45.7465242,21.2401655,13.39,complex_aem,tram,1,synthetic_gps
2026-05-14 18:13:56,45.7465922,21.2402179,17.6,complex_aem,tram,1,synthetic_gps
2026-05-14 18:13:57,45.7465256,21.2402516,19.1,complex_aem,tram,1,synthetic_gps
2026-05-14 18:13:58,45.7465247,21.2402665,11.1,complex_aem,tram,1,synthetic_gps
2026-05-14 18:13:59,45.7465304,21.240236,15.32,complex_aem,tram,1,synthetic_gps
2026-05-14 18:14:00,45.7464953,21.2402842,9.16,complex_aem,tram,1,synthetic_gps
2026-05-14 18:14:01,45.7465751,21.2402871,17.16,complex_aem,tram,1,synthetic_gps
2026-05-14 18:14:02,45.7465041,21.2403112,10.66,complex_aem,tram,1,synthetic_gps
2026-05-14 18:14:03,45.7465209,21.2402774,13.49,complex_aem,tram,1,synthetic_gps
2026-05-14 18:14:04,45.7465379,21.2403658,15.78,complex_aem,tram,1,synthetic_gps
2026-05-14 18:14:05,45.7465678,21.2403469,7.78,complex_aem,tram,1,synthetic_gps
2026-05-14 18:14:06,45.7465699,21.2403135,3.2,complex_aem,tram,1,synthetic_gps
2026-05-14 18:14:07,45.7465116,21.2403408,11.2,complex_aem,tram,1,synthetic_gps
2026-05-14 18:14:08,45.7465133,21.240305,19.2,complex_aem,tram,1,synthetic_gps
2026-05-14 18:14:09,45.746527,21.2403808,25.08,complex_aem,tram,1,synthetic_gps
2026-05-14 18:14:10,45.7464747,21.2403059,26.46,complex_aem,tram,1,synthetic_gps
2026-05-14 18:14:11,45.7465774,21.2403558,18.46,complex_aem,tram,1,synthetic_gps
2026-05-14 18:14:12,45.7464506,21.2404631,11.54,complex_aem,tram,1,synthetic_gps
2026-05-14 18:14:13,45.7465081,21.2403819,9.56,complex_aem,tram,1,synthetic_gps
2026-05-14 18:14:14,45.7464528,21.2404615,17.56,complex_aem,tram,1,synthetic_gps
2026-05-14 18:14:15,45.7464961,21.2404293,17.31,complex_aem,tram,1,synthetic_gps
2026-05-14 18:14:16,45.7464187,21.2404641,17.6,complex_aem,tram,1,synthetic_gps
2026-05-14 18:14:17,45.746382,21.2404186,11.87,complex_aem,tram,1,synthetic_gps
2026-05-14 18:14:18,45.746452,21.2405376,18.67,complex_aem,tram,1,synthetic_gps
2026-05-14 18:14:19,45.7464135,21.2404838,14.94,complex_aem,tram,1,synthetic_gps
2026-05-14 18:14:20,45.7465018,21.2404726,22.94,complex_aem,tram,1,synthetic_gps
2026-05-14 18:14:21,45.7464843,21.2405117,14.94,complex_aem,tram,1,synthetic_gps
2026-05-14 18:14:22,45.7464542,21.2404572,10.0,complex_aem,tram,1,synthetic_gps
2026-05-14 18:14:23,45.746529,21.2405413,16.6,complex_aem,tram,1,synthetic_gps
2026-05-14 18:14:24,45.7464891,21.2405415,17.71,complex_aem,tram,1,synthetic_gps
2026-05-14 18:14:25,45.746495,21.2405664,15.26,complex_aem,tram,1,synthetic_gps
2026-05-14 18:14:26,45.7464186,21.2405343,14.36,complex_aem,tram,1,synthetic_gps
2026-05-14 18:14:27,45.7464803,21.2405614,15.54,complex_aem,tram,1,synthetic_gps
2026-05-14 18:14:28,45.7465112,21.2406019,7.54,complex_aem,tram,1,synthetic_gps
2026-05-14 18:14:29,45.7463864,21.2405585,9.94,complex_aem,tram,1,synthetic_gps
2026-05-14 18:14:30,45.7462667,21.2405728,9.01,complex_aem,tram,1,synthetic_gps
2026-05-14 18:14:31,45.7464066,21.2405579,12.99,complex_aem,tram,1,synthetic_gps
2026-05-14 18:14:32,45.7463813,21.2406676,20.99,complex_aem,tram,1,synthetic_gps
2026-05-14 18:14:33,45.7464314,21.2405053,12.99,complex_aem,tram,1,synthetic_gps
2026-05-14 18:14:34,45.7463883,21.2407225,15.58,complex_aem,tram,1,synthetic_gps
2026-05-14 18:14:35,45.7463799,21.2406199,19.59,complex_aem,tram,1,synthetic_gps
2026-05-14 18:14:36,45.7464271,21.2406776,12.6,complex_aem,tram,1,synthetic_gps
2026-05-14 18:14:37,45.7463485,21.2406287,10.73,complex_aem,tram,1,synthetic_gps
2026-05-14 18:14:38,45.7463572,21.2406411,4.63,complex_aem,tram,1,synthetic_gps
2026-05-14 18:14:39,45.7463934,21.2406838,12.63,complex_aem,tram,1,synthetic_gps
2026-05-14 18:14:40,45.7463767,21.2406396,17.74,complex_aem,tram,1,synthetic_gps
2026-05-14 18:14:41,45.7463713,21.2407143,9.74,complex_aem,tram,1,synthetic_gps
2026-05-14 18:14:42,45.7464129,21.2407469,17.24,complex_aem,tram,1,synthetic_gps
2026-05-14 18:14:43,45.7463403,21.2406889,20.97,complex_aem,tram,1,synthetic_gps
2026-05-14 18:14:44,45.7462594,21.2407332,16.42,complex_aem,tram,1,synthetic_gps
2026-05-14 18:14:45,45.7463998,21.2408016,19.97,complex_aem,tram,1,synthetic_gps
2026-05-14 18:14:46,45.7463209,21.2407824,11.97,complex_aem,tram,1,synthetic_gps
2026-05-14 18:14:47,45.7463514,21.2407065,10.76,complex_aem,tram,1,synthetic_gps
2026-05-14 18:14:48,45.7463567,21.240745,9.65,complex_aem,tram,1,synthetic_gps
2026-05-14 18:14:49,45.746371,21.2408087,5.59,complex_aem,tram,1,synthetic_gps
2026-05-14 18:14:50,45.7463308,21.2409081,13.59,complex_aem,tram,1,synthetic_gps
2026-05-14 18:14:51,45.7463773,21.2407983,12.91,complex_aem,tram,1,synthetic_gps
2026-05-14 18:14:52,45.7462994,21.2407262,8.9,complex_aem,tram,1,synthetic_gps
2026-05-14 18:14:53,45.746228,21.2409256,14.4,complex_aem,tram,1,synthetic_gps
2026-05-14 18:14:54,45.7462698,21.2407446,6.4,complex_aem,tram,1,synthetic_gps
2026-05-14 18:14:55,45.7462521,21.2408343,10.44,complex_aem,tram,1,synthetic_gps
2026-05-14 18:14:56,45.7462596,21.2408679,15.37,complex_aem,tram,1,synthetic_gps
2026-05-14 18:14:57,45.7463018,21.240855,23.37,complex_aem,tram,1,synthetic_gps
2026-05-14 18:14:58,45.7462824,21.2409135,23.15,complex_aem,tram,1,synthetic_gps
2026-05-14 18:14:59,45.7462508,21.2408968,15.73,complex_aem,tram,1,synthetic_gps
2026-05-14 18:15:00,45.7463021,21.2409772,7.73,complex_aem,tram,1,synthetic_gps
2026-05-14 18:15:01,45.7462959,21.2408447,0.31,complex_aem,tram,1,synthetic_gps
2026-05-14 18:15:02,45.7463304,21.2409147,2.2,complex_aem,tram,1,synthetic_gps
2026-05-14 18:15:03,45.746238,21.2409493,1.67,complex_aem,tram,1,synthetic_gps
2026-05-14 18:15:04,45.7463154,21.2409195,0.58,complex_aem,tram,1,synthetic_gps
2026-05-14 18:15:05,45.7462947,21.24096,0.0,complex_aem,tram,1,synthetic_gps
2026-05-14 18:15:06,45.7461862,21.2410926,1.63,complex_aem,tram,1,synthetic_gps
2026-05-14 18:15:07,45.7462503,21.2410258,1.05,complex_aem,tram,1,synthetic_gps
2026-05-14 18:15:08,45.7462367,21.2410294,2.12,complex_aem,tram,1,synthetic_gps
2026-05-14 18:15:09,45.7462543,21.2410309,1.2,complex_aem,tram,1,synthetic_gps
2026-05-14 18:15:10,45.7462524,21.2409403,1.58,complex_aem,tram,1,synthetic_gps
2026-05-14 18:15:11,45.7462005,21.2410491,1.04,complex_aem,tram,1,synthetic_gps
2026-05-14 18:15:12,45.746247,21.241066,2.45,complex_aem,tram,1,synthetic_gps
2026-05-14 18:15:13,45.7462398,21.2411075,2.52,complex_aem,tram,1,synthetic_gps
2026-05-14 18:15:14,45.7462099,21.241006,0.93,complex_aem,tram,1,synthetic_gps
2026-05-14 18:15:15,45.746209,21.2410206,2.05,complex_aem,tram,1,synthetic_gps
2026-05-14 18:15:16,45.7462543,21.241092,0.61,complex_aem,tram,1,synthetic_gps
2026-05-14 18:15:17,45.7462467,21.2411138,0.73,complex_aem,tram,1,synthetic_gps
2026-05-14 18:15:18,45.7462085,21.2410242,5.43,complex_aem,tram,1,synthetic_gps
2026-05-14 18:15:19,45.746258,21.2410734,13.43,complex_aem,tram,1,synthetic_gps
2026-05-14 18:15:20,45.7461911,21.2412036,15.27,complex_aem,tram,1,synthetic_gps
2026-05-14 18:15:21,45.7462397,21.2409755,17.36,complex_aem,tram,1,synthetic_gps
2026-05-14 18:15:22,45.7462502,21.2411618,23.4,complex_aem,tram,1,synthetic_gps
2026-05-14 18:15:23,45.7461543,21.2411246,31.07,complex_aem,tram,1,synthetic_gps
2026-05-14 18:15:24,45.7461869,21.2412076,23.07,complex_aem,tram,1,synthetic_gps
2026-05-14 18:15:25,45.7461301,21.2411901,31.07,complex_aem,tram,1,synthetic_gps
2026-05-14 18:15:26,45.7461684,21.2411209,23.07,complex_aem,tram,1,synthetic_gps
2026-05-14 18:15:27,45.7461368,21.2412961,23.08,complex_aem,tram,1,synthetic_gps
2026-05-14 18:15:28,45.7461644,21.2412016,15.08,complex_aem,tram,1,synthetic_gps
2026-05-14 18:15:29,45.7462523,21.2411992,12.47,complex_aem,tram,1,synthetic_gps
2026-05-14 18:15:30,45.7462087,21.2411625,11.74,complex_aem,tram,1,synthetic_gps
2026-05-14 18:15:31,45.7462028,21.2412288,19.74,complex_aem,tram,1,synthetic_gps
2026-05-14 18:15:32,45.7461392,21.2412141,11.74,complex_aem,tram,1,synthetic_gps
2026-05-14 18:15:33,45.7461762,21.2411679,19.74,complex_aem,tram,1,synthetic_gps
2026-05-14 18:15:34,45.7461164,21.2413037,14.78,complex_aem,tram,1,synthetic_gps
2026-05-14 18:15:35,45.7462132,21.241346,17.78,complex_aem,tram,1,synthetic_gps
2026-05-14 18:15:36,45.7461542,21.2412276,12.56,complex_aem,tram,1,synthetic_gps
2026-05-14 18:15:37,45.7460576,21.2413915,16.19,complex_aem,tram,1,synthetic_gps
2026-05-14 18:15:38,45.7461792,21.241341,24.19,complex_aem,tram,1,synthetic_gps
2026-05-14 18:15:39,45.7461525,21.2412179,16.19,complex_aem,tram,1,synthetic_gps
2026-05-14 18:15:40,45.7460991,21.241322,22.82,complex_aem,tram,1,synthetic_gps
2026-05-14 18:15:41,45.7461635,21.2413321,14.82,complex_aem,tram,1,synthetic_gps
2026-05-14 18:15:42,45.7460948,21.2413249,10.68,complex_aem,tram,1,synthetic_gps
2026-05-14 18:15:43,45.7462412,21.2414125,18.68,complex_aem,tram,1,synthetic_gps
2026-05-14 18:15:44,45.7461073,21.2413957,11.22,complex_aem,tram,1,synthetic_gps
2026-05-14 18:15:45,45.7460897,21.2414334,3.91,complex_aem,tram,1,synthetic_gps
2026-05-14 18:15:46,45.7461109,21.2414538,11.91,complex_aem,tram,1,synthetic_gps
2026-05-14 18:15:47,45.746093,21.2414249,19.91,complex_aem,tram,1,synthetic_gps
2026-05-14 18:15:48,45.7461068,21.2414321,24.22,complex_aem,tram,1,synthetic_gps
2026-05-14 18:15:49,45.7461135,21.2414431,16.22,complex_aem,tram,1,synthetic_gps
2026-05-14 18:15:50,45.7460988,21.2414133,17.61,complex_aem,tram,1,synthetic_gps
2026-05-14 18:15:51,45.7460874,21.2414946,25.61,complex_aem,tram,1,synthetic_gps
2026-05-14 18:15:52,45.7460673,21.2414563,21.09,complex_aem,tram,1,synthetic_gps
2026-05-14 18:15:53,45.746138,21.2414802,14.07,complex_aem,tram,1,synthetic_gps
2026-05-14 18:15:54,45.746175,21.2415062,16.6,complex_aem,tram,1,synthetic_gps
2026-05-14 18:15:55,45.7460323,21.2415014,9.2,complex_aem,tram,1,synthetic_gps
2026-05-14 18:15:56,45.7460089,21.2414646,17.2,complex_aem,tram,1,synthetic_gps
2026-05-14 18:15:57,45.7460803,21.2414996,24.63,complex_aem,tram,1,synthetic_gps
2026-05-14 18:15:58,45.7460432,21.2414641,18.75,complex_aem,tram,1,synthetic_gps
2026-05-14 18:15:59,45.7459467,21.2414949,10.75,complex_aem,tram,1,synthetic_gps
2026-05-14 18:16:00,45.7460891,21.2415367,17.71,complex_aem,tram,1,synthetic_gps
2026-05-14 18:16:01,45.7460625,21.2414712,17.88,complex_aem,tram,1,synthetic_gps
2026-05-14 18:16:02,45.7461181,21.241564,12.88,complex_aem,tram,1,synthetic_gps
2026-05-14 18:16:03,45.7459844,21.2415549,20.86,complex_aem,tram,1,synthetic_gps
2026-05-14 18:16:04,45.7459992,21.2416087,23.48,complex_aem,tram,1,synthetic_gps
2026-05-14 18:16:05,45.7460405,21.2415989,18.27,complex_aem,tram,1,synthetic_gps
2026-05-14 18:16:06,45.7460395,21.2416419,21.38,complex_aem,tram,1,synthetic_gps
2026-05-14 18:16:07,45.7460174,21.2414962,28.63,complex_aem,tram,1,synthetic_gps
2026-05-14 18:16:08,45.7459928,21.2416087,20.63,complex_aem,tram,1,synthetic_gps
2026-05-14 18:16:09,45.7460624,21.2416578,12.63,complex_aem,tram,1,synthetic_gps
2026-05-14 18:16:10,45.7460102,21.2416358,4.63,complex_aem,tram,1,synthetic_gps
2026-05-14 18:16:11,45.7459863,21.2416623,12.63,complex_aem,tram,1,synthetic_gps
2026-05-14 18:16:12,45.7459783,21.2416135,20.63,complex_aem,tram,1,synthetic_gps
2026-05-14 18:16:13,45.7459999,21.2416436,28.62,complex_aem,tram,1,synthetic_gps
2026-05-14 18:16:14,45.7459629,21.2416701,20.62,complex_aem,tram,1,synthetic_gps
2026-05-14 18:16:15,45.7460268,21.2416939,15.8,complex_aem,tram,1,synthetic_gps
2026-05-14 18:16:16,45.7459884,21.2417177,11.43,complex_aem,tram,1,synthetic_gps
2026-05-14 18:16:17,45.7460485,21.24165,15.54,complex_aem,tram,1,synthetic_gps
2026-05-14 18:16:18,45.74599,21.2416775,21.66,complex_aem,tram,1,synthetic_gps
2026-05-14 18:16:19,45.7460771,21.2417328,13.66,complex_aem,tram,1,synthetic_gps
2026-05-14 18:16:20,45.7459338,21.2417087,9.29,complex_aem,tram,1,synthetic_gps
2026-05-14 18:16:21,45.7460027,21.2417626,17.29,complex_aem,tram,1,synthetic_gps
2026-05-14 18:16:22,45.745932,21.2416606,20.21,complex_aem,tram,1,synthetic_gps
2026-05-14 18:16:23,45.7459121,21.241788,21.19,complex_aem,tram,1,synthetic_gps
2026-05-14 18:16:24,45.7459035,21.2417535,16.47,complex_aem,tram,1,synthetic_gps
2026-05-14 18:16:25,45.7460231,21.2417685,14.03,complex_aem,tram,1,synthetic_gps
2026-05-14 18:16:26,45.7459569,21.2417302,22.03,complex_aem,tram,1,synthetic_gps
2026-05-14 18:16:27,45.7458854,21.241804,14.03,complex_aem,tram,1,synthetic_gps
2026-05-14 18:16:28,45.7460282,21.2417614,22.03,complex_aem,tram,1,synthetic_gps
2026-05-14 18:16:29,45.7459722,21.2417827,20.51,complex_aem,tram,1,synthetic_gps
2026-05-14 18:16:30,45.7459912,21.2417984,16.21,complex_aem,tram,1,synthetic_gps
2026-05-14 18:16:31,45.7459053,21.2418834,12.57,complex_aem,tram,1,synthetic_gps
2026-05-14 18:16:32,45.7458462,21.241911,20.57,complex_aem,tram,1,synthetic_gps
2026-05-14 18:16:33,45.745902,21.241847,28.57,complex_aem,tram,1,synthetic_gps
2026-05-14 18:16:34,45.7459656,21.2418465,20.57,complex_aem,tram,1,synthetic_gps
2026-05-14 18:16:35,45.7459412,21.2419331,17.03,complex_aem,tram,1,synthetic_gps
2026-05-14 18:16:36,45.7458911,21.2419157,10.51,complex_aem,tram,1,synthetic_gps
2026-05-14 18:16:37,45.7459646,21.2419623,13.35,complex_aem,tram,1,synthetic_gps
2026-05-14 18:16:38,45.7458804,21.2418806,5.35,complex_aem,tram,1,synthetic_gps
2026-05-14 18:16:39,45.7458512,21.2419247,11.88,complex_aem,tram,1,synthetic_gps
2026-05-14 18:16:40,45.745855,21.2418824,19.88,complex_aem,tram,1,synthetic_gps
2026-05-14 18:16:41,45.745953,21.2419365,19.24,complex_aem,tram,1,synthetic_gps
2026-05-14 18:16:42,45.7459156,21.2420448,19.32,complex_aem,tram,1,synthetic_gps
2026-05-14 18:16:43,45.745912,21.2419683,11.32,complex_aem,tram,1,synthetic_gps
2026-05-14 18:16:44,45.7458817,21.2420762,17.57,complex_aem,tram,1,synthetic_gps
2026-05-14 18:16:45,45.745928,21.2419857,10.86,complex_aem,tram,1,synthetic_gps
2026-05-14 18:16:46,45.7458948,21.2420109,18.86,complex_aem,tram,1,synthetic_gps
2026-05-14 18:16:47,45.7458753,21.2420735,16.43,complex_aem,tram,1,synthetic_gps
2026-05-14 18:16:48,45.7458451,21.2420635,23.5,complex_aem,tram,1,synthetic_gps
2026-05-14 18:16:49,45.7458686,21.2420422,15.5,complex_aem,tram,1,synthetic_gps
2026-05-14 18:16:50,45.7459106,21.2420764,20.12,complex_aem,tram,1,synthetic_gps
2026-05-14 18:16:51,45.7457738,21.2420744,14.96,complex_aem,tram,1,synthetic_gps
2026-05-14 18:16:52,45.7458408,21.2420919,17.11,complex_aem,tram,1,synthetic_gps
2026-05-14 18:16:53,45.745799,21.2420915,25.11,complex_aem,tram,1,synthetic_gps
2026-05-14 18:16:54,45.7458473,21.2420669,17.11,complex_aem,tram,1,synthetic_gps
2026-05-14 18:16:55,45.7458639,21.242084,9.11,complex_aem,tram,1,synthetic_gps
2026-05-14 18:16:56,45.7458001,21.2421064,17.11,complex_aem,tram,1,synthetic_gps
2026-05-14 18:16:57,45.745754,21.242112,17.97,complex_aem,tram,1,synthetic_gps
2026-05-14 18:16:58,45.7458041,21.242184,9.97,complex_aem,tram,1,synthetic_gps
2026-05-14 18:16:59,45.7458353,21.242129,14.82,complex_aem,tram,1,synthetic_gps
2026-05-14 18:17:00,45.7459322,21.2421768,21.29,complex_aem,tram,1,synthetic_gps
2026-05-14 18:17:01,45.745863,21.2421351,13.29,complex_aem,tram,1,synthetic_gps
2026-05-14 18:17:02,45.7457872,21.2422051,18.53,complex_aem,tram,1,synthetic_gps
2026-05-14 18:17:03,45.7457964,21.2423003,16.24,complex_aem,tram,1,synthetic_gps
2026-05-14 18:17:04,45.7458312,21.2422713,11.47,complex_aem,tram,1,synthetic_gps
2026-05-14 18:17:05,45.7458272,21.2422873,4.65,complex_aem,tram,1,synthetic_gps
2026-05-14 18:17:06,45.7457768,21.2422643,12.65,complex_aem,tram,1,synthetic_gps
2026-05-14 18:17:07,45.7457574,21.2422338,15.65,complex_aem,tram,1,synthetic_gps
2026-05-14 18:17:08,45.7457342,21.2421896,23.65,complex_aem,tram,1,synthetic_gps
2026-05-14 18:17:09,45.7457292,21.2422202,21.95,complex_aem,tram,1,synthetic_gps
2026-05-14 18:17:10,45.7458491,21.2422285,25.0,complex_aem,tram,1,synthetic_gps
2026-05-14 18:17:11,45.7457807,21.2421933,33.0,complex_aem,tram,1,synthetic_gps
2026-05-14 18:17:12,45.7457795,21.2422336,25.0,complex_aem,tram,1,synthetic_gps
2026-05-14 18:17:13,45.7457897,21.2423486,22.87,complex_aem,tram,1,synthetic_gps
2026-05-14 18:17:14,45.7457636,21.2423109,30.87,complex_aem,tram,1,synthetic_gps
2026-05-14 18:17:15,45.7456936,21.2423594,22.87,complex_aem,tram,1,synthetic_gps
2026-05-14 18:17:16,45.7457084,21.2422954,19.69,complex_aem,tram,1,synthetic_gps
2026-05-14 18:17:17,45.7457846,21.2423843,19.42,complex_aem,tram,1,synthetic_gps
2026-05-14 18:17:18,45.7457293,21.242388,18.45,complex_aem,tram,1,synthetic_gps
2026-05-14 18:17:19,45.7457608,21.2424153,26.45,complex_aem,tram,1,synthetic_gps
2026-05-14 18:17:20,45.7456609,21.2424058,23.1,complex_aem,tram,1,synthetic_gps
2026-05-14 18:17:21,45.7457476,21.2423878,15.1,complex_aem,tram,1,synthetic_gps
2026-05-14 18:17:22,45.7457519,21.2423986,20.71,complex_aem,tram,1,synthetic_gps
2026-05-14 18:17:23,45.7457196,21.2422685,12.71,complex_aem,tram,1,synthetic_gps
2026-05-14 18:17:24,45.7457164,21.2423574,20.71,complex_aem,tram,1,synthetic_gps
2026-05-14 18:17:25,45.7456907,21.2424273,21.02,complex_aem,tram,1,synthetic_gps
2026-05-14 18:17:26,45.7457917,21.2424614,18.43,complex_aem,tram,1,synthetic_gps
2026-05-14 18:17:27,45.7457276,21.2423788,10.43,complex_aem,tram,1,synthetic_gps
2026-05-14 18:17:28,45.7457551,21.2424781,18.43,complex_aem,tram,1,synthetic_gps
2026-05-14 18:17:29,45.7457079,21.2425064,22.75,complex_aem,tram,1,synthetic_gps
2026-05-14 18:17:30,45.7457099,21.2424881,16.03,complex_aem,tram,1,synthetic_gps
2026-05-14 18:17:31,45.7456764,21.2424067,18.68,complex_aem,tram,1,synthetic_gps
2026-05-14 18:17:32,45.7456692,21.2424889,19.05,complex_aem,tram,1,synthetic_gps
2026-05-14 18:17:33,45.7456009,21.2424761,14.21,complex_aem,tram,1,synthetic_gps
2026-05-14 18:17:34,45.7457481,21.2424491,11.74,complex_aem,tram,1,synthetic_gps
2026-05-14 18:17:35,45.745746,21.2424481,19.74,complex_aem,tram,1,synthetic_gps
2026-05-14 18:17:36,45.7456692,21.2425246,11.74,complex_aem,tram,1,synthetic_gps
2026-05-14 18:17:37,45.7456558,21.242572,19.74,complex_aem,tram,1,synthetic_gps
2026-05-14 18:17:38,45.7456936,21.242541,12.41,complex_aem,tram,1,synthetic_gps
2026-05-14 18:17:39,45.745719,21.2425758,15.42,complex_aem,tram,1,synthetic_gps
2026-05-14 18:17:40,45.7457016,21.2425207,7.42,complex_aem,tram,1,synthetic_gps
2026-05-14 18:17:41,45.74568,21.2426731,4.58,complex_aem,tram,1,synthetic_gps
2026-05-14 18:17:42,45.7456524,21.2426351,12.58,complex_aem,tram,1,synthetic_gps
2026-05-14 18:17:43,45.7457166,21.2425866,8.49,complex_aem,tram,1,synthetic_gps
2026-05-14 18:17:44,45.7456267,21.2426725,16.49,complex_aem,tram,1,synthetic_gps
2026-05-14 18:17:45,45.7456304,21.2425872,8.69,complex_aem,tram,1,synthetic_gps
2026-05-14 18:17:46,45.74558,21.2426522,16.69,complex_aem,tram,1,synthetic_gps
2026-05-14 18:17:47,45.7456168,21.2426362,24.69,complex_aem,tram,1,synthetic_gps
2026-05-14 18:17:48,45.7456292,21.2426507,16.69,complex_aem,tram,1,synthetic_gps
2026-05-14 18:17:49,45.7455407,21.2426895,15.95,complex_aem,tram,1,synthetic_gps
2026-05-14 18:17:50,45.7456749,21.2427377,11.29,complex_aem,tram,1,synthetic_gps
2026-05-14 18:17:51,45.7455626,21.242661,19.29,complex_aem,tram,1,synthetic_gps
2026-05-14 18:17:52,45.7455715,21.2427039,20.41,complex_aem,tram,1,synthetic_gps
2026-05-14 18:17:53,45.7456411,21.242732,18.11,complex_aem,tram,1,synthetic_gps
2026-05-14 18:17:54,45.7456167,21.2427293,15.12,complex_aem,tram,1,synthetic_gps
2026-05-14 18:17:55,45.7456023,21.2428162,23.04,complex_aem,tram,1,synthetic_gps
2026-05-14 18:17:56,45.7456067,21.2427182,23.19,complex_aem,tram,1,synthetic_gps
2026-05-14 18:17:57,45.7455293,21.2427398,15.19,complex_aem,tram,1,synthetic_gps
2026-05-14 18:17:58,45.7455696,21.2427411,13.59,complex_aem,tram,1,synthetic_gps
2026-05-14 18:17:59,45.7456254,21.2428469,6.05,complex_aem,tram,1,synthetic_gps
2026-05-14 18:18:00,45.7455471,21.2428219,1.03,complex_aem,tram,1,synthetic_gps
2026-05-14 18:18:01,45.7456186,21.2428569,0.26,complex_aem,tram,1,synthetic_gps
2026-05-14 18:18:02,45.7454961,21.2427204,0.8,complex_aem,tram,1,synthetic_gps
2026-05-14 18:18:03,45.7455597,21.2428568,0.81,complex_aem,tram,1,synthetic_gps
2026-05-14 18:18:04,45.745544,21.242757,1.96,complex_aem,tram,1,synthetic_gps
2026-05-14 18:18:05,45.7455071,21.2428633,1.86,complex_aem,tram,1,synthetic_gps
2026-05-14 18:18:06,45.7454757,21.2428391,1.0,complex_aem,tram,1,synthetic_gps
2026-05-14 18:18:07,45.7454931,21.2428494,2.13,complex_aem,tram,1,synthetic_gps
2026-05-14 18:18:08,45.7455915,21.2428563,1.46,complex_aem,tram,1,synthetic_gps
2026-05-14 18:18:09,45.7455304,21.2429146,1.05,complex_aem,tram,1,synthetic_gps
2026-05-14 18:18:10,45.7454974,21.2428463,2.43,complex_aem,tram,1,synthetic_gps
2026-05-14 18:18:11,45.7455495,21.2429368,0.92,complex_aem,tram,1,synthetic_gps
2026-05-14 18:18:12,45.7454876,21.242923,0.74,complex_aem,tram,1,synthetic_gps
2026-05-14 18:18:13,45.745582,21.2429442,1.72,complex_aem,tram,1,synthetic_gps
2026-05-14 18:18:14,45.7455136,21.2429495,1.46,complex_aem,tram,1,synthetic_gps
2026-05-14 18:18:15,45.7455511,21.2430214,0.07,complex_aem,tram,1,synthetic_gps
2026-05-14 18:18:16,45.7454668,21.2429523,1.59,complex_aem,tram,1,synthetic_gps
2026-05-14 18:18:17,45.7455218,21.2429062,0.75,complex_aem,tram,1,synthetic_gps
2026-05-14 18:18:18,45.7455089,21.2429345,8.75,complex_aem,tram,1,synthetic_gps
2026-05-14 18:18:19,45.7455018,21.2430117,16.75,complex_aem,tram,1,synthetic_gps
2026-05-14 18:18:20,45.7455214,21.2429931,24.75,complex_aem,tram,1,synthetic_gps
2026-05-14 18:18:21,45.7455763,21.2429887,16.75,complex_aem,tram,1,synthetic_gps
2026-05-14 18:18:22,45.7454779,21.2430373,19.33,complex_aem,tram,1,synthetic_gps
2026-05-14 18:18:23,45.7455055,21.2429618,21.46,complex_aem,tram,1,synthetic_gps
2026-05-14 18:18:24,45.745461,21.2431052,13.46,complex_aem,tram,1,synthetic_gps
2026-05-14 18:18:25,45.745451,21.2430573,21.46,complex_aem,tram,1,synthetic_gps
2026-05-14 18:18:26,45.7454721,21.2430766,21.67,complex_aem,tram,1,synthetic_gps
2026-05-14 18:18:27,45.7453844,21.2431075,18.61,complex_aem,tram,1,synthetic_gps
2026-05-14 18:18:28,45.7454298,21.2431824,12.39,complex_aem,tram,1,synthetic_gps
2026-05-14 18:18:29,45.7455006,21.2431049,20.39,complex_aem,tram,1,synthetic_gps
2026-05-14 18:18:30,45.7454624,21.2431347,14.85,complex_aem,tram,1,synthetic_gps
2026-05-14 18:18:31,45.7454892,21.2432328,14.66,complex_aem,tram,1,synthetic_gps
2026-05-14 18:18:32,45.7453905,21.243146,22.66,complex_aem,tram,1,synthetic_gps
2026-05-14 18:18:33,45.7453945,21.2431376,23.81,complex_aem,tram,1,synthetic_gps
2026-05-14 18:18:34,45.745407,21.2432072,25.17,complex_aem,tram,1,synthetic_gps
2026-05-14 18:18:35,45.7454728,21.2432547,17.17,complex_aem,tram,1,synthetic_gps
2026-05-14 18:18:36,45.7454172,21.2431442,15.91,complex_aem,tram,1,synthetic_gps
2026-05-14 18:18:37,45.7453362,21.2432987,15.1,complex_aem,tram,1,synthetic_gps
2026-05-14 18:18:38,45.745397,21.2432021,7.1,complex_aem,tram,1,synthetic_gps
2026-05-14 18:18:39,45.7453817,21.2432421,15.1,complex_aem,tram,1,synthetic_gps
2026-05-14 18:18:40,45.7452919,21.2432564,15.64,complex_aem,tram,1,synthetic_gps
2026-05-14 18:18:41,45.7453918,21.2433877,18.93,complex_aem,tram,1,synthetic_gps
2026-05-14 18:18:42,45.7453574,21.2433497,13.94,complex_aem,tram,1,synthetic_gps
2026-05-14 18:18:43,45.7453969,21.2432705,16.22,complex_aem,tram,1,synthetic_gps
2026-05-14 18:18:44,45.7453408,21.2433652,17.23,complex_aem,tram,1,synthetic_gps
2026-05-14 18:18:45,45.7453961,21.2433308,23.78,complex_aem,tram,1,synthetic_gps
2026-05-14 18:18:46,45.7453154,21.2433095,25.95,complex_aem,tram,1,synthetic_gps
2026-05-14 18:18:47,45.7453196,21.2433781,17.95,complex_aem,tram,1,synthetic_gps
2026-05-14 18:18:48,45.7453348,21.2433545,16.5,complex_aem,tram,1,synthetic_gps
2026-05-14 18:18:49,45.7452941,21.2434121,10.74,complex_aem,tram,1,synthetic_gps
2026-05-14 18:18:50,45.7452944,21.243429,6.62,complex_aem,tram,1,synthetic_gps
2026-05-14 18:18:51,45.7453479,21.2434023,14.62,complex_aem,tram,1,synthetic_gps
2026-05-14 18:18:52,45.7452491,21.243489,22.62,complex_aem,tram,1,synthetic_gps
2026-05-14 18:18:53,45.7453155,21.2434941,25.14,complex_aem,tram,1,synthetic_gps
2026-05-14 18:18:54,45.7453688,21.2435615,17.14,complex_aem,tram,1,synthetic_gps
2026-05-14 18:18:55,45.7452178,21.2435708,13.21,complex_aem,tram,1,synthetic_gps
2026-05-14 18:18:56,45.7452568,21.2435347,21.21,complex_aem,tram,1,synthetic_gps
2026-05-14 18:18:57,45.7452384,21.2435062,17.48,complex_aem,tram,1,synthetic_gps
2026-05-14 18:18:58,45.7452814,21.2435344,9.48,complex_aem,tram,1,synthetic_gps
2026-05-14 18:18:59,45.7453011,21.2435439,10.23,complex_aem,tram,1,synthetic_gps
2026-05-14 18:19:00,45.7452417,21.2435565,14.61,complex_aem,tram,1,synthetic_gps
2026-05-14 18:19:01,45.7452763,21.2435297,22.61,complex_aem,tram,1,synthetic_gps
2026-05-14 18:19:02,45.7452578,21.2436281,27.73,complex_aem,tram,1,synthetic_gps
2026-05-14 18:19:03,45.745236,21.2436313,25.49,complex_aem,tram,1,synthetic_gps
2026-05-14 18:19:04,45.7452583,21.2436223,17.49,complex_aem,tram,1,synthetic_gps
2026-05-14 18:19:05,45.7452449,21.2436889,20.65,complex_aem,tram,1,synthetic_gps
2026-05-14 18:19:06,45.7451936,21.2437278,12.65,complex_aem,tram,1,synthetic_gps
2026-05-14 18:19:07,45.7451268,21.2436835,20.65,complex_aem,tram,1,synthetic_gps
2026-05-14 18:19:08,45.7452099,21.2436581,20.99,complex_aem,tram,1,synthetic_gps
2026-05-14 18:19:09,45.7452224,21.2437585,18.38,complex_aem,tram,1,synthetic_gps
2026-05-14 18:19:10,45.7451025,21.2436998,15.65,complex_aem,tram,1,synthetic_gps
2026-05-14 18:19:11,45.7452117,21.2436956,16.92,complex_aem,tram,1,synthetic_gps
2026-05-14 18:19:12,45.7451386,21.2436759,15.26,complex_aem,tram,1,synthetic_gps
2026-05-14 18:19:13,45.7451297,21.2437856,10.19,complex_aem,tram,1,synthetic_gps
2026-05-14 18:19:14,45.7451895,21.2438075,14.93,complex_aem,tram,1,synthetic_gps
2026-05-14 18:19:15,45.7451173,21.2438361,22.93,complex_aem,tram,1,synthetic_gps
2026-05-14 18:19:16,45.7451072,21.2438059,21.7,complex_aem,tram,1,synthetic_gps
2026-05-14 18:19:17,45.7451731,21.243812,21.95,complex_aem,tram,1,synthetic_gps
2026-05-14 18:19:18,45.7451307,21.2438549,13.95,complex_aem,tram,1,synthetic_gps
2026-05-14 18:19:19,45.7451138,21.243802,21.95,complex_aem,tram,1,synthetic_gps
2026-05-14 18:19:20,45.7451619,21.2438444,13.95,complex_aem,tram,1,synthetic_gps
2026-05-14 18:19:21,45.7450781,21.2439192,15.4,complex_aem,tram,1,synthetic_gps
2026-05-14 18:19:22,45.7450844,21.2438944,7.4,complex_aem,tram,1,synthetic_gps
2026-05-14 18:19:23,45.7451032,21.2438156,15.4,complex_aem,tram,1,synthetic_gps
2026-05-14 18:19:24,45.7451068,21.2439419,9.94,complex_aem,tram,1,synthetic_gps
2026-05-14 18:19:25,45.7450035,21.2439253,17.94,complex_aem,tram,1,synthetic_gps
2026-05-14 18:19:26,45.7451407,21.2439338,13.57,complex_aem,tram,1,synthetic_gps
2026-05-14 18:19:27,45.7450465,21.2439593,16.68,complex_aem,tram,1,synthetic_gps
2026-05-14 18:19:28,45.7451,21.2439013,18.73,complex_aem,tram,1,synthetic_gps
2026-05-14 18:19:29,45.7450859,21.2440334,13.97,complex_aem,tram,1,synthetic_gps
2026-05-14 18:19:30,45.7450941,21.2440371,12.68,complex_aem,tram,1,synthetic_gps
2026-05-14 18:19:31,45.745087,21.2440505,8.16,complex_aem,tram,1,synthetic_gps
2026-05-14 18:19:32,45.7449858,21.2440235,16.16,complex_aem,tram,1,synthetic_gps
2026-05-14 18:19:33,45.7450113,21.244025,9.78,complex_aem,tram,1,synthetic_gps
2026-05-14 18:19:34,45.7449459,21.2440792,13.56,complex_aem,tram,1,synthetic_gps
2026-05-14 18:19:35,45.7449784,21.2440542,16.6,complex_aem,tram,1,synthetic_gps
2026-05-14 18:19:36,45.745053,21.2440409,20.75,complex_aem,tram,1,synthetic_gps
2026-05-14 18:19:37,45.7449182,21.2441083,18.72,complex_aem,tram,1,synthetic_gps
2026-05-14 18:19:38,45.745022,21.244126,16.91,complex_aem,tram,1,synthetic_gps
2026-05-14 18:19:39,45.7449305,21.2441011,14.11,complex_aem,tram,1,synthetic_gps
2026-05-14 18:19:40,45.7450335,21.2440825,11.35,complex_aem,tram,1,synthetic_gps
2026-05-14 18:19:41,45.7450426,21.2441396,15.83,complex_aem,tram,1,synthetic_gps
2026-05-14 18:19:42,45.7449229,21.2441375,23.83,complex_aem,tram,1,synthetic_gps
2026-05-14 18:19:43,45.7449426,21.2441436,15.83,complex_aem,tram,1,synthetic_gps
2026-05-14 18:19:44,45.7449054,21.2442461,15.27,complex_aem,tram,1,synthetic_gps
2026-05-14 18:19:45,45.7448541,21.2442693,23.27,complex_aem,tram,1,synthetic_gps
2026-05-14 18:19:46,45.7448892,21.2442912,15.27,complex_aem,tram,1,synthetic_gps
2026-05-14 18:19:47,45.7448436,21.2442631,9.95,complex_aem,tram,1,synthetic_gps
2026-05-14 18:19:48,45.7448831,21.2443053,17.95,complex_aem,tram,1,synthetic_gps
2026-05-14 18:19:49,45.744801,21.2443755,17.65,complex_aem,tram,1,synthetic_gps
2026-05-14 18:19:50,45.7448374,21.244321,25.65,complex_aem,tram,1,synthetic_gps
2026-05-14 18:19:51,45.7448565,21.2443044,17.65,complex_aem,tram,1,synthetic_gps
2026-05-14 18:19:52,45.7449006,21.2442837,19.95,complex_aem,tram,1,synthetic_gps
2026-05-14 18:19:53,45.7449263,21.2444237,20.46,complex_aem,tram,1,synthetic_gps
2026-05-14 18:19:54,45.7449189,21.2443773,18.54,complex_aem,tram,1,synthetic_gps
2026-05-14 18:19:55,45.7449215,21.2444244,10.54,complex_aem,tram,1,synthetic_gps
2026-05-14 18:19:56,45.7449169,21.2443856,16.09,complex_aem,tram,1,synthetic_gps
2026-05-14 18:19:57,45.7447927,21.2443507,14.31,complex_aem,tram,1,synthetic_gps
2026-05-14 18:19:58,45.7448351,21.2444001,17.68,complex_aem,tram,1,synthetic_gps
2026-05-14 18:19:59,45.744776,21.2444651,11.57,complex_aem,tram,1,synthetic_gps
2026-05-14 18:20:00,45.7448522,21.2444747,19.57,complex_aem,tram,1,synthetic_gps
2026-05-14 18:20:01,45.7448216,21.2444181,11.57,complex_aem,tram,1,synthetic_gps
2026-05-14 18:20:02,45.7448916,21.2444668,17.23,complex_aem,tram,1,synthetic_gps
2026-05-14 18:20:03,45.7448233,21.2444995,10.9,complex_aem,tram,1,synthetic_gps
2026-05-14 18:20:04,45.7448172,21.244498,18.9,complex_aem,tram,1,synthetic_gps
2026-05-14 18:20:05,45.744843,21.244494,23.76,complex_aem,tram,1,synthetic_gps
2026-05-14 18:20:06,45.74483,21.2445193,19.27,complex_aem,tram,1,synthetic_gps
2026-05-14 18:20:07,45.7448176,21.2445526,11.27,complex_aem,tram,1,synthetic_gps
2026-05-14 18:20:08,45.7448192,21.2445968,14.23,complex_aem,tram,1,synthetic_gps
2026-05-14 18:20:09,45.7447968,21.2445797,15.81,complex_aem,tram,1,synthetic_gps
2026-05-14 18:20:10,45.744775,21.2445984,23.81,complex_aem,tram,1,synthetic_gps
2026-05-14 18:20:11,45.7447022,21.2446925,15.81,complex_aem,tram,1,synthetic_gps
2026-05-14 18:20:12,45.7446954,21.2446188,12.87,complex_aem,tram,1,synthetic_gps
2026-05-14 18:20:13,45.7447715,21.2446595,4.87,complex_aem,tram,1,synthetic_gps
2026-05-14 18:20:14,45.744732,21.2446571,12.87,complex_aem,tram,1,synthetic_gps
2026-05-14 18:20:15,45.7446954,21.2446475,15.75,complex_aem,tram,1,synthetic_gps
2026-05-14 18:20:16,45.7447043,21.2446954,11.43,complex_aem,tram,1,synthetic_gps
2026-05-14 18:20:17,45.7448089,21.2447283,19.43,complex_aem,tram,1,synthetic_gps
2026-05-14 18:20:18,45.7447139,21.2447065,18.19,complex_aem,tram,1,synthetic_gps
2026-05-14 18:20:19,45.7447487,21.2447376,19.51,complex_aem,tram,1,synthetic_gps
2026-05-14 18:20:20,45.7447427,21.2447191,11.51,complex_aem,tram,1,synthetic_gps
2026-05-14 18:20:21,45.7446946,21.2447161,17.85,complex_aem,tram,1,synthetic_gps
2026-05-14 18:20:22,45.7446435,21.2447466,14.27,complex_aem,tram,1,synthetic_gps
2026-05-14 18:20:23,45.7447518,21.2447401,16.76,complex_aem,tram,1,synthetic_gps
2026-05-14 18:20:24,45.7447094,21.2447765,8.76,complex_aem,tram,1,synthetic_gps
2026-05-14 18:20:25,45.7446375,21.2448489,16.76,complex_aem,tram,1,synthetic_gps
2026-05-14 18:20:26,45.7446842,21.2448289,23.08,complex_aem,tram,1,synthetic_gps
2026-05-14 18:20:27,45.7446655,21.2448173,22.93,complex_aem,tram,1,synthetic_gps
2026-05-14 18:20:28,45.7445688,21.2449438,23.04,complex_aem,tram,1,synthetic_gps
2026-05-14 18:20:29,45.744614,21.2448227,15.04,complex_aem,tram,1,synthetic_gps
2026-05-14 18:20:30,45.7446499,21.2448767,22.79,complex_aem,tram,1,synthetic_gps
2026-05-14 18:20:31,45.7446335,21.2448649,14.79,complex_aem,tram,1,synthetic_gps
2026-05-14 18:20:32,45.7445878,21.2449141,22.79,complex_aem,tram,1,synthetic_gps
2026-05-14 18:20:33,45.7445467,21.2449484,14.79,complex_aem,tram,1,synthetic_gps
2026-05-14 18:20:34,45.7446012,21.2449728,15.79,complex_aem,tram,1,synthetic_gps
2026-05-14 18:20:35,45.7446306,21.2449482,15.55,complex_aem,tram,1,synthetic_gps
2026-05-14 18:20:36,45.7446404,21.2449708,23.55,complex_aem,tram,1,synthetic_gps
2026-05-14 18:20:37,45.7445896,21.2450168,15.55,complex_aem,tram,1,synthetic_gps
2026-05-14 18:20:38,45.7446163,21.2449411,23.55,complex_aem,tram,1,synthetic_gps
2026-05-14 18:20:39,45.7445018,21.2450094,19.94,complex_aem,tram,1,synthetic_gps
2026-05-14 18:20:40,45.7445975,21.2450972,11.94,complex_aem,tram,1,synthetic_gps
2026-05-14 18:20:41,45.7445495,21.2450947,11.74,complex_aem,tram,1,synthetic_gps
2026-05-14 18:20:42,45.7445712,21.2451022,19.74,complex_aem,tram,1,synthetic_gps
2026-05-14 18:20:43,45.7445396,21.2450932,11.74,complex_aem,tram,1,synthetic_gps
2026-05-14 18:20:44,45.7445453,21.245138,13.64,complex_aem,tram,1,synthetic_gps
2026-05-14 18:20:45,45.7445582,21.2450762,11.66,complex_aem,tram,1,synthetic_gps
2026-05-14 18:20:46,45.7445954,21.2451459,17.46,complex_aem,tram,1,synthetic_gps
2026-05-14 18:20:47,45.7446078,21.2450814,15.8,complex_aem,tram,1,synthetic_gps
2026-05-14 18:20:48,45.7446095,21.2451867,16.15,complex_aem,tram,1,synthetic_gps
2026-05-14 18:20:49,45.7445525,21.2451384,8.15,complex_aem,tram,1,synthetic_gps
2026-05-14 18:20:50,45.7445572,21.2451598,6.46,complex_aem,tram,1,synthetic_gps
2026-05-14 18:20:51,45.744446,21.2452058,14.46,complex_aem,tram,1,synthetic_gps
2026-05-14 18:20:52,45.744491,21.2451818,22.46,complex_aem,tram,1,synthetic_gps
2026-05-14 18:20:53,45.7445826,21.2451375,19.6,complex_aem,tram,1,synthetic_gps
2026-05-14 18:20:54,45.7444333,21.2452488,18.23,complex_aem,tram,1,synthetic_gps
2026-05-14 18:20:55,45.7444734,21.2451981,26.23,complex_aem,tram,1,synthetic_gps
2026-05-14 18:20:56,45.7445106,21.2452368,18.23,complex_aem,tram,1,synthetic_gps
2026-05-14 18:20:57,45.7445129,21.2452714,16.88,complex_aem,tram,1,synthetic_gps
2026-05-14 18:20:58,45.7444958,21.2452612,24.88,complex_aem,tram,1,synthetic_gps
2026-05-14 18:20:59,45.7444483,21.2452691,25.63,complex_aem,tram,1,synthetic_gps
2026-05-14 18:21:00,45.7444636,21.245319,17.63,complex_aem,tram,1,synthetic_gps
2026-05-14 18:21:01,45.7445434,21.2452972,9.63,complex_aem,tram,1,synthetic_gps
2026-05-14 18:21:02,45.7444199,21.2453086,2.03,complex_aem,tram,1,synthetic_gps
2026-05-14 18:21:03,45.7444415,21.2454074,1.35,complex_aem,tram,1,synthetic_gps
2026-05-14 18:21:04,45.7445181,21.2453566,0.86,complex_aem,tram,1,synthetic_gps
2026-05-14 18:21:05,45.7443634,21.2453864,2.21,complex_aem,tram,1,synthetic_gps
2026-05-14 18:21:06,45.7443592,21.2453874,0.35,complex_aem,tram,1,synthetic_gps
2026-05-14 18:21:07,45.7443702,21.2453635,1.39,complex_aem,tram,1,synthetic_gps
2026-05-14 18:21:08,45.7443021,21.2454675,1.01,complex_aem,tram,1,synthetic_gps
2026-05-14 18:21:09,45.7443809,21.2454489,2.68,complex_aem,tram,1,synthetic_gps
2026-05-14 18:21:10,45.7444072,21.2454459,1.96,complex_aem,tram,1,synthetic_gps
2026-05-14 18:21:11,45.74442,21.2455225,2.65,complex_aem,tram,1,synthetic_gps
2026-05-14 18:21:12,45.7443042,21.2455119,1.58,complex_aem,tram,1,synthetic_gps
2026-05-14 18:21:13,45.7444233,21.2454938,0.71,complex_aem,tram,1,synthetic_gps
2026-05-14 18:21:14,45.7444015,21.2454893,0.89,complex_aem,tram,1,synthetic_gps
2026-05-14 18:21:15,45.7442665,21.245578,0.39,complex_aem,tram,1,synthetic_gps
2026-05-14 18:21:16,45.7443033,21.2456392,1.14,complex_aem,tram,1,synthetic_gps
2026-05-14 18:21:17,45.7443108,21.2455519,1.15,complex_aem,tram,1,synthetic_gps
2026-05-14 18:21:18,45.7443014,21.2455655,5.09,complex_aem,tram,1,synthetic_gps
2026-05-14 18:21:19,45.7443392,21.2455846,6.68,complex_aem,tram,1,synthetic_gps
2026-05-14 18:21:20,45.74433,21.2456149,14.68,complex_aem,tram,1,synthetic_gps
2026-05-14 18:21:21,45.7443397,21.2456837,18.17,complex_aem,tram,1,synthetic_gps
2026-05-14 18:21:22,45.7443299,21.2455513,26.13,complex_aem,tram,1,synthetic_gps
2026-05-14 18:21:23,45.7443021,21.245714,18.13,complex_aem,tram,1,synthetic_gps
2026-05-14 18:21:24,45.7442628,21.2457205,16.2,complex_aem,tram,1,synthetic_gps
2026-05-14 18:21:25,45.7442657,21.2456325,24.2,complex_aem,tram,1,synthetic_gps
2026-05-14 18:21:26,45.7443045,21.2457589,16.2,complex_aem,tram,1,synthetic_gps
2026-05-14 18:21:27,45.7443413,21.2456315,12.39,complex_aem,tram,1,synthetic_gps
2026-05-14 18:21:28,45.7442281,21.2457657,4.39,complex_aem,tram,1,synthetic_gps
2026-05-14 18:21:29,45.744188,21.2456602,12.39,complex_aem,tram,1,synthetic_gps
2026-05-14 18:21:30,45.7443639,21.2457397,15.38,complex_aem,tram,1,synthetic_gps
2026-05-14 18:21:31,45.7442076,21.2456855,23.38,complex_aem,tram,1,synthetic_gps
2026-05-14 18:21:32,45.7442258,21.245799,21.11,complex_aem,tram,1,synthetic_gps
2026-05-14 18:21:33,45.7442306,21.2458283,27.4,complex_aem,tram,1,synthetic_gps
2026-05-14 18:21:34,45.7441632,21.2457595,19.4,complex_aem,tram,1,synthetic_gps
2026-05-14 18:21:35,45.7442476,21.2458194,20.14,complex_aem,tram,1,synthetic_gps
2026-05-14 18:21:36,45.7442222,21.2457889,21.16,complex_aem,tram,1,synthetic_gps
2026-05-14 18:21:37,45.7441764,21.2458718,13.16,complex_aem,tram,1,synthetic_gps
2026-05-14 18:21:38,45.7441636,21.2458523,17.02,complex_aem,tram,1,synthetic_gps
2026-05-14 18:21:39,45.7441289,21.2458994,10.48,complex_aem,tram,1,synthetic_gps
2026-05-14 18:21:40,45.7442413,21.2458387,18.48,complex_aem,tram,1,synthetic_gps
2026-05-14 18:21:41,45.7441712,21.2459343,10.48,complex_aem,tram,1,synthetic_gps
2026-05-14 18:21:42,45.7441344,21.2458713,6.78,complex_aem,tram,1,synthetic_gps
2026-05-14 18:21:43,45.7441729,21.2459145,14.78,complex_aem,tram,1,synthetic_gps
2026-05-14 18:21:44,45.7441272,21.2460045,13.61,complex_aem,tram,1,synthetic_gps
2026-05-14 18:21:45,45.7441578,21.2459798,14.93,complex_aem,tram,1,synthetic_gps
2026-05-14 18:21:46,45.7441795,21.2459593,16.11,complex_aem,tram,1,synthetic_gps
2026-05-14 18:21:47,45.7441134,21.2460177,15.24,complex_aem,tram,1,synthetic_gps
2026-05-14 18:21:48,45.7441383,21.2459969,23.24,complex_aem,tram,1,synthetic_gps
2026-05-14 18:21:49,45.7441279,21.2460263,31.24,complex_aem,tram,1,synthetic_gps
2026-05-14 18:21:50,45.7440543,21.2460299,23.24,complex_aem,tram,1,synthetic_gps
2026-05-14 18:21:51,45.7441833,21.2460929,15.24,complex_aem,tram,1,synthetic_gps
2026-05-14 18:21:52,45.7441429,21.246085,13.8,complex_aem,tram,1,synthetic_gps
2026-05-14 18:21:53,45.7441469,21.2460885,8.54,complex_aem,tram,1,synthetic_gps
2026-05-14 18:21:54,45.7441008,21.2461728,6.05,complex_aem,tram,1,synthetic_gps
2026-05-14 18:21:55,45.7440585,21.2460998,14.05,complex_aem,tram,1,synthetic_gps
2026-05-14 18:21:56,45.7440871,21.2460833,12.86,complex_aem,tram,1,synthetic_gps
2026-05-14 18:21:57,45.7441284,21.2460892,15.49,complex_aem,tram,1,synthetic_gps
2026-05-14 18:21:58,45.7441078,21.2461779,23.49,complex_aem,tram,1,synthetic_gps
2026-05-14 18:21:59,45.7440135,21.2460982,19.79,complex_aem,tram,1,synthetic_gps
2026-05-14 18:22:00,45.7439594,21.246175,13.06,complex_aem,tram,1,synthetic_gps
2026-05-14 18:22:01,45.7440145,21.2462327,18.46,complex_aem,tram,1,synthetic_gps
2026-05-14 18:22:02,45.7440446,21.2462132,10.46,complex_aem,tram,1,synthetic_gps
2026-05-14 18:22:03,45.7440828,21.2462018,18.46,complex_aem,tram,1,synthetic_gps
2026-05-14 18:22:04,45.7440184,21.2461731,10.46,complex_aem,tram,1,synthetic_gps
2026-05-14 18:22:05,45.7439927,21.2462241,18.46,complex_aem,tram,1,synthetic_gps
2026-05-14 18:22:06,45.7439927,21.2462551,26.46,complex_aem,tram,1,synthetic_gps
2026-05-14 18:22:07,45.744054,21.246233,24.1,complex_aem,tram,1,synthetic_gps
2026-05-14 18:22:08,45.7439502,21.2463601,16.1,complex_aem,tram,1,synthetic_gps
2026-05-14 18:22:09,45.7439371,21.2462965,20.53,complex_aem,tram,1,synthetic_gps
2026-05-14 18:22:10,45.7439496,21.2463598,12.53,complex_aem,tram,1,synthetic_gps
2026-05-14 18:22:11,45.7439732,21.24637,20.53,complex_aem,tram,1,synthetic_gps
2026-05-14 18:22:12,45.7439351,21.2463406,20.89,complex_aem,tram,1,synthetic_gps
2026-05-14 18:22:13,45.7440595,21.2463902,12.89,complex_aem,tram,1,synthetic_gps
2026-05-14 18:22:14,45.7439844,21.2463385,17.81,complex_aem,tram,1,synthetic_gps
2026-05-14 18:22:15,45.7439526,21.2463832,22.75,complex_aem,tram,1,synthetic_gps
2026-05-14 18:22:16,45.74395,21.2463605,14.76,complex_aem,tram,1,synthetic_gps
2026-05-14 18:22:17,45.7440034,21.2464285,18.75,complex_aem,tram,1,synthetic_gps
2026-05-14 18:22:18,45.7438843,21.2465218,10.75,complex_aem,tram,1,synthetic_gps
2026-05-14 18:22:19,45.7439167,21.2464361,13.37,complex_aem,tram,1,synthetic_gps
2026-05-14 18:22:20,45.7439147,21.2464586,18.79,complex_aem,tram,1,synthetic_gps
2026-05-14 18:22:21,45.7438641,21.2464451,23.05,complex_aem,tram,1,synthetic_gps
2026-05-14 18:22:22,45.7439018,21.2464676,15.05,complex_aem,tram,1,synthetic_gps
2026-05-14 18:22:23,45.7438892,21.2465665,23.05,complex_aem,tram,1,synthetic_gps
2026-05-14 18:22:24,45.7438445,21.2465297,23.79,complex_aem,tram,1,synthetic_gps
2026-05-14 18:22:25,45.7438315,21.2466344,19.33,complex_aem,tram,1,synthetic_gps
2026-05-14 18:22:26,45.7438914,21.2466041,11.98,complex_aem,tram,1,synthetic_gps
2026-05-14 18:22:27,45.7439108,21.2465646,19.98,complex_aem,tram,1,synthetic_gps
2026-05-14 18:22:28,45.74386,21.2465938,11.98,complex_aem,tram,1,synthetic_gps
2026-05-14 18:22:29,45.7438721,21.2466013,17.33,complex_aem,tram,1,synthetic_gps
2026-05-14 18:22:30,45.7437779,21.2466655,17.33,complex_aem,tram,1,synthetic_gps
2026-05-14 18:22:31,45.7438252,21.2466403,18.86,complex_aem,tram,1,synthetic_gps
2026-05-14 18:22:32,45.7438104,21.2466093,21.6,complex_aem,tram,1,synthetic_gps
2026-05-14 18:22:33,45.743803,21.2466901,19.5,complex_aem,tram,1,synthetic_gps
2026-05-14 18:22:34,45.7437721,21.2465903,13.03,complex_aem,tram,1,synthetic_gps
2026-05-14 18:22:35,45.7439034,21.246614,20.09,complex_aem,tram,1,synthetic_gps
2026-05-14 18:22:36,45.7437104,21.2466776,15.61,complex_aem,tram,1,synthetic_gps
2026-05-14 18:22:37,45.7438677,21.2467054,7.61,complex_aem,tram,1,synthetic_gps
2026-05-14 18:22:38,45.7437626,21.246691,15.61,complex_aem,tram,1,synthetic_gps
2026-05-14 18:22:39,45.7438274,21.2468106,22.34,complex_aem,tram,1,synthetic_gps
2026-05-14 18:22:40,45.7437413,21.2467279,21.82,complex_aem,tram,1,synthetic_gps
2026-05-14 18:22:41,45.7437723,21.2467744,13.82,complex_aem,tram,1,synthetic_gps
2026-05-14 18:22:42,45.7437792,21.2467593,10.61,complex_aem,tram,1,synthetic_gps
2026-05-14 18:22:43,45.7438013,21.2467903,18.61,complex_aem,tram,1,synthetic_gps
2026-05-14 18:22:44,45.7438385,21.2467805,10.61,complex_aem,tram,1,synthetic_gps
2026-05-14 18:22:45,45.7436774,21.2468645,10.1,complex_aem,tram,1,synthetic_gps
2026-05-14 18:22:46,45.7436963,21.2468323,14.4,complex_aem,tram,1,synthetic_gps
2026-05-14 18:22:47,45.7436635,21.2468993,6.4,complex_aem,tram,1,synthetic_gps
2026-05-14 18:22:48,45.7438014,21.2468876,14.4,complex_aem,tram,1,synthetic_gps
2026-05-14 18:22:49,45.7436628,21.2468621,22.4,complex_aem,tram,1,synthetic_gps
2026-05-14 18:22:50,45.743746,21.2469369,14.4,complex_aem,tram,1,synthetic_gps
2026-05-14 18:22:51,45.7437034,21.2469302,11.04,complex_aem,tram,1,synthetic_gps
2026-05-14 18:22:52,45.7437644,21.2469021,19.04,complex_aem,tram,1,synthetic_gps
2026-05-14 18:22:53,45.7436688,21.2469884,11.04,complex_aem,tram,1,synthetic_gps
2026-05-14 18:22:54,45.7436382,21.2469448,19.04,complex_aem,tram,1,synthetic_gps
2026-05-14 18:22:55,45.7436927,21.2470038,11.04,complex_aem,tram,1,synthetic_gps
2026-05-14 18:22:56,45.7437537,21.2470219,19.04,complex_aem,tram,1,synthetic_gps
2026-05-14 18:22:57,45.7436805,21.2469618,19.43,complex_aem,tram,1,synthetic_gps
2026-05-14 18:22:58,45.7435943,21.2470199,22.76,complex_aem,tram,1,synthetic_gps
2026-05-14 18:22:59,45.743707,21.2470317,18.19,complex_aem,tram,1,synthetic_gps
2026-05-14 18:23:00,45.7435689,21.2470303,14.87,complex_aem,tram,1,synthetic_gps
2026-05-14 18:23:01,45.7436372,21.2470207,17.96,complex_aem,tram,1,synthetic_gps
2026-05-14 18:23:02,45.7436503,21.2470718,15.19,complex_aem,tram,1,synthetic_gps
2026-05-14 18:23:03,45.7436438,21.2471085,20.96,complex_aem,tram,1,synthetic_gps
2026-05-14 18:23:04,45.7436522,21.24713,12.96,complex_aem,tram,1,synthetic_gps
2026-05-14 18:23:05,45.7436537,21.2471743,6.69,complex_aem,tram,1,synthetic_gps
2026-05-14 18:23:06,45.7436084,21.2470638,14.69,complex_aem,tram,1,synthetic_gps
2026-05-14 18:23:07,45.7435471,21.2471899,22.69,complex_aem,tram,1,synthetic_gps
2026-05-14 18:23:08,45.7435439,21.2471661,15.07,complex_aem,tram,1,synthetic_gps
2026-05-14 18:23:09,45.7436182,21.2471511,20.82,complex_aem,tram,1,synthetic_gps
2026-05-14 18:23:10,45.7436366,21.247218,23.42,complex_aem,tram,1,synthetic_gps
2026-05-14 18:23:11,45.7435716,21.2471718,15.42,complex_aem,tram,1,synthetic_gps
2026-05-14 18:23:12,45.7436621,21.2471675,18.92,complex_aem,tram,1,synthetic_gps
2026-05-14 18:23:13,45.7436429,21.2472331,19.61,complex_aem,tram,1,synthetic_gps
2026-05-14 18:23:14,45.7436004,21.247323,13.93,complex_aem,tram,1,synthetic_gps
2026-05-14 18:23:15,45.743508,21.2472138,14.82,complex_aem,tram,1,synthetic_gps
2026-05-14 18:23:16,45.7435475,21.2473562,21.71,complex_aem,tram,1,synthetic_gps
2026-05-14 18:23:17,45.7435598,21.2473112,13.71,complex_aem,tram,1,synthetic_gps
2026-05-14 18:23:18,45.7434449,21.2472828,10.99,complex_aem,tram,1,synthetic_gps
2026-05-14 18:23:19,45.7435083,21.247323,18.99,complex_aem,tram,1,synthetic_gps
2026-05-14 18:23:20,45.7435229,21.2474012,12.12,complex_aem,tram,1,synthetic_gps
2026-05-14 18:23:21,45.7436036,21.2473633,14.66,complex_aem,tram,1,synthetic_gps
2026-05-14 18:23:22,45.7435332,21.2473906,11.73,complex_aem,tram,1,synthetic_gps
2026-05-14 18:23:23,45.743456,21.247314,19.73,complex_aem,tram,1,synthetic_gps
2026-05-14 18:23:24,45.7434874,21.2473943,20.31,complex_aem,tram,1,synthetic_gps
2026-05-14 18:23:25,45.7433709,21.2473632,18.15,complex_aem,tram,1,synthetic_gps
2026-05-14 18:23:26,45.7434483,21.2474166,10.15,complex_aem,tram,1,synthetic_gps
2026-05-14 18:23:27,45.7434589,21.2473672,12.09,complex_aem,tram,1,synthetic_gps
2026-05-14 18:23:28,45.7434656,21.2474918,12.7,complex_aem,tram,1,synthetic_gps
2026-05-14 18:23:29,45.74343,21.2474086,20.7,complex_aem,tram,1,synthetic_gps
2026-05-14 18:23:30,45.7433826,21.2474691,17.24,complex_aem,tram,1,synthetic_gps
2026-05-14 18:23:31,45.7434155,21.2475456,15.37,complex_aem,tram,1,synthetic_gps
2026-05-14 18:23:32,45.743398,21.2474878,20.52,complex_aem,tram,1,synthetic_gps
2026-05-14 18:23:33,45.7434953,21.2475006,12.52,complex_aem,tram,1,synthetic_gps
2026-05-14 18:23:34,45.7433228,21.2475673,20.52,complex_aem,tram,1,synthetic_gps
2026-05-14 18:23:35,45.7434329,21.2475739,12.52,complex_aem,tram,1,synthetic_gps
2026-05-14 18:23:36,45.7434499,21.2475897,12.37,complex_aem,tram,1,synthetic_gps
2026-05-14 18:23:37,45.7434054,21.2476781,9.62,complex_aem,tram,1,synthetic_gps
2026-05-14 18:23:38,45.743344,21.2476127,17.62,complex_aem,tram,1,synthetic_gps
2026-05-14 18:23:39,45.7434292,21.2475714,16.79,complex_aem,tram,1,synthetic_gps
2026-05-14 18:23:40,45.7433373,21.2475828,18.64,complex_aem,tram,1,synthetic_gps
2026-05-14 18:23:41,45.7434834,21.2476437,18.42,complex_aem,tram,1,synthetic_gps
2026-05-14 18:23:42,45.7434301,21.2476597,14.66,complex_aem,tram,1,synthetic_gps
2026-05-14 18:23:43,45.7434005,21.2477405,22.66,complex_aem,tram,1,synthetic_gps
2026-05-14 18:23:44,45.7433815,21.2476991,20.42,complex_aem,tram,1,synthetic_gps
2026-05-14 18:23:45,45.7433643,21.247594,16.97,complex_aem,tram,1,synthetic_gps
2026-05-14 18:23:46,45.7433557,21.2476874,14.82,complex_aem,tram,1,synthetic_gps
2026-05-14 18:23:47,45.7433668,21.247728,21.71,complex_aem,tram,1,synthetic_gps
2026-05-14 18:23:48,45.7433824,21.247624,25.31,complex_aem,tram,1,synthetic_gps
2026-05-14 18:23:49,45.743359,21.2477682,26.32,complex_aem,tram,1,synthetic_gps
2026-05-14 18:23:50,45.7433863,21.2478179,18.32,complex_aem,tram,1,synthetic_gps
2026-05-14 18:23:51,45.7433263,21.2477459,10.32,complex_aem,tram,1,synthetic_gps
2026-05-14 18:23:52,45.7432756,21.2477556,6.57,complex_aem,tram,1,synthetic_gps
2026-05-14 18:23:53,45.7433158,21.2478147,11.14,complex_aem,tram,1,synthetic_gps
2026-05-14 18:23:54,45.7432349,21.247872,19.14,complex_aem,tram,1,synthetic_gps
2026-05-14 18:23:55,45.743267,21.247835,22.29,complex_aem,tram,1,synthetic_gps
2026-05-14 18:23:56,45.7432679,21.2478864,28.35,complex_aem,tram,1,synthetic_gps
2026-05-14 18:23:57,45.7432595,21.2478785,20.35,complex_aem,tram,1,synthetic_gps
2026-05-14 18:23:58,45.7432512,21.2479369,20.7,complex_aem,tram,1,synthetic_gps
2026-05-14 18:23:59,45.7432352,21.2478657,17.18,complex_aem,tram,1,synthetic_gps
2026-05-14 18:24:00,45.743294,21.2479093,9.18,complex_aem,tram,1,synthetic_gps
2026-05-14 18:24:01,45.7432205,21.2479371,1.18,complex_aem,tram,1,synthetic_gps
2026-05-14 18:24:02,45.7432844,21.247968,1.13,complex_aem,tram,1,synthetic_gps
2026-05-14 18:24:03,45.7432553,21.2479067,1.66,complex_aem,tram,1,synthetic_gps
2026-05-14 18:24:04,45.7432422,21.2479966,1.91,complex_aem,tram,1,synthetic_gps
2026-05-14 18:24:05,45.743233,21.2480093,0.83,complex_aem,tram,1,synthetic_gps
2026-05-14 18:24:06,45.7431973,21.2479741,0.36,complex_aem,tram,1,synthetic_gps
2026-05-14 18:24:07,45.7432363,21.2481118,0.69,complex_aem,tram,1,synthetic_gps
2026-05-14 18:24:08,45.7432964,21.2479929,0.62,complex_aem,tram,1,synthetic_gps
2026-05-14 18:24:09,45.7432195,21.2480533,1.22,complex_aem,tram,1,synthetic_gps
2026-05-14 18:24:10,45.7432018,21.2480423,1.69,complex_aem,tram,1,synthetic_gps
2026-05-14 18:24:11,45.7431505,21.2480524,1.33,complex_aem,tram,1,synthetic_gps
2026-05-14 18:24:12,45.7432352,21.2481875,1.56,complex_aem,tram,1,synthetic_gps
2026-05-14 18:24:13,45.7431665,21.2481219,1.24,complex_aem,tram,1,synthetic_gps
2026-05-14 18:24:14,45.7431943,21.2481716,0.88,complex_aem,tram,1,synthetic_gps
2026-05-14 18:24:15,45.7431194,21.2481715,0.96,complex_aem,tram,1,synthetic_gps
2026-05-14 18:24:16,45.7431376,21.2480626,0.62,complex_aem,tram,1,synthetic_gps
2026-05-14 18:24:17,45.7431846,21.2482101,2.14,complex_aem,tram,1,synthetic_gps
2026-05-14 18:24:18,45.7431511,21.248113,10.14,complex_aem,tram,1,synthetic_gps
2026-05-14 18:24:19,45.7430994,21.2481035,18.14,complex_aem,tram,1,synthetic_gps
2026-05-14 18:24:20,45.7431153,21.248216,17.61,complex_aem,tram,1,synthetic_gps
2026-05-14 18:24:21,45.7430921,21.2483041,20.92,complex_aem,tram,1,synthetic_gps
2026-05-14 18:24:22,45.7430727,21.2482637,12.92,complex_aem,tram,1,synthetic_gps
2026-05-14 18:24:23,45.7431913,21.2482181,6.69,complex_aem,tram,1,synthetic_gps
2026-05-14 18:24:24,45.7431201,21.248243,14.69,complex_aem,tram,1,synthetic_gps
2026-05-14 18:24:25,45.7431246,21.2482473,22.69,complex_aem,tram,1,synthetic_gps
2026-05-14 18:24:26,45.7430844,21.2482908,30.69,complex_aem,tram,1,synthetic_gps
2026-05-14 18:24:27,45.7431283,21.2482986,22.69,complex_aem,tram,1,synthetic_gps
2026-05-14 18:24:28,45.7430236,21.2483078,29.68,complex_aem,tram,1,synthetic_gps
2026-05-14 18:24:29,45.7430984,21.2482507,21.68,complex_aem,tram,1,synthetic_gps
2026-05-14 18:24:30,45.7430981,21.2483166,13.71,complex_aem,tram,1,synthetic_gps
2026-05-14 18:24:31,45.7431266,21.2483292,16.54,complex_aem,tram,1,synthetic_gps
2026-05-14 18:24:32,45.7430498,21.2483807,24.54,complex_aem,tram,1,synthetic_gps
2026-05-14 18:24:33,45.7430467,21.2483704,16.54,complex_aem,tram,1,synthetic_gps
2026-05-14 18:24:34,45.7430914,21.2484219,17.02,complex_aem,tram,1,synthetic_gps
2026-05-14 18:24:35,45.7430409,21.2485589,20.35,complex_aem,tram,1,synthetic_gps
2026-05-14 18:24:36,45.7430648,21.2484425,24.39,complex_aem,tram,1,synthetic_gps
2026-05-14 18:24:37,45.7430376,21.2484758,23.06,complex_aem,tram,1,synthetic_gps
2026-05-14 18:24:38,45.7430113,21.2484485,24.75,complex_aem,tram,1,synthetic_gps
2026-05-14 18:24:39,45.7429503,21.2484407,16.75,complex_aem,tram,1,synthetic_gps
2026-05-14 18:24:40,45.7430113,21.2485081,8.75,complex_aem,tram,1,synthetic_gps
2026-05-14 18:24:41,45.7429777,21.2484893,16.75,complex_aem,tram,1,synthetic_gps
2026-05-14 18:24:42,45.7429829,21.2485053,20.41,complex_aem,tram,1,synthetic_gps
2026-05-14 18:24:43,45.7429891,21.2485948,23.61,complex_aem,tram,1,synthetic_gps
2026-05-14 18:24:44,45.7429292,21.2485411,15.61,complex_aem,tram,1,synthetic_gps
2026-05-14 18:24:45,45.7430856,21.2484915,12.06,complex_aem,tram,1,synthetic_gps
2026-05-14 18:24:46,45.7429296,21.2485567,15.12,complex_aem,tram,1,synthetic_gps
2026-05-14 18:24:47,45.7429221,21.248637,11.77,complex_aem,tram,1,synthetic_gps
2026-05-14 18:24:48,45.7430024,21.248669,7.23,complex_aem,tram,1,synthetic_gps
2026-05-14 18:24:49,45.742945,21.2486341,15.23,complex_aem,tram,1,synthetic_gps
2026-05-14 18:24:50,45.7429505,21.2486051,10.04,complex_aem,tram,1,synthetic_gps
2026-05-14 18:24:51,45.7429795,21.2486414,18.04,complex_aem,tram,1,synthetic_gps
2026-05-14 18:24:52,45.7428609,21.248717,20.99,complex_aem,tram,1,synthetic_gps
2026-05-14 18:24:53,45.7429177,21.248633,12.99,complex_aem,tram,1,synthetic_gps
2026-05-14 18:24:54,45.7428625,21.2487249,9.38,complex_aem,tram,1,synthetic_gps
2026-05-14 18:24:55,45.7428705,21.2486981,17.38,complex_aem,tram,1,synthetic_gps
2026-05-14 18:24:56,45.7428278,21.2487566,25.38,complex_aem,tram,1,synthetic_gps
2026-05-14 18:24:57,45.7428943,21.2487982,32.1,complex_aem,tram,1,synthetic_gps
2026-05-14 18:24:58,45.7428826,21.2488186,24.1,complex_aem,tram,1,synthetic_gps
2026-05-14 18:24:59,45.7427903,21.2488001,32.1,complex_aem,tram,1,synthetic_gps
2026-05-14 18:25:00,45.7428641,21.2487522,24.1,complex_aem,tram,1,synthetic_gps
2026-05-14 18:25:01,45.7429053,21.2488689,16.1,complex_aem,tram,1,synthetic_gps
2026-05-14 18:25:02,45.7428368,21.2488539,8.1,complex_aem,tram,1,synthetic_gps
2026-05-14 18:25:03,45.7428459,21.2488678,3.21,complex_aem,tram,1,synthetic_gps
2026-05-14 18:25:04,45.7429114,21.2488553,11.21,complex_aem,tram,1,synthetic_gps
2026-05-14 18:25:05,45.7428722,21.2489416,13.86,complex_aem,tram,1,synthetic_gps
2026-05-14 18:25:06,45.7428783,21.2488578,5.86,complex_aem,tram,1,synthetic_gps
2026-05-14 18:25:07,45.7429065,21.2489124,7.57,complex_aem,tram,1,synthetic_gps
2026-05-14 18:25:08,45.7428038,21.2489623,6.82,complex_aem,tram,1,synthetic_gps
2026-05-14 18:25:09,45.7428499,21.2489111,10.92,complex_aem,tram,1,synthetic_gps
2026-05-14 18:25:10,45.7427442,21.2489079,18.92,complex_aem,tram,1,synthetic_gps
2026-05-14 18:25:11,45.7427279,21.2490054,19.75,complex_aem,tram,1,synthetic_gps
2026-05-14 18:25:12,45.7427697,21.2490328,17.26,complex_aem,tram,1,synthetic_gps
2026-05-14 18:25:13,45.7427761,21.2490618,18.07,complex_aem,tram,1,synthetic_gps
2026-05-14 18:25:14,45.7428343,21.2490664,13.64,complex_aem,tram,1,synthetic_gps
2026-05-14 18:25:15,45.7428431,21.2490926,5.92,complex_aem,tram,1,synthetic_gps
2026-05-14 18:25:16,45.7427131,21.2490879,13.92,complex_aem,tram,1,synthetic_gps
2026-05-14 18:25:17,45.742735,21.2490929,7.98,complex_aem,tram,1,synthetic_gps
2026-05-14 18:25:18,45.7427281,21.2490002,11.11,complex_aem,tram,1,synthetic_gps
2026-05-14 18:25:19,45.7426864,21.2491109,17.93,complex_aem,tram,1,synthetic_gps
2026-05-14 18:25:20,45.7427243,21.2491149,16.43,complex_aem,tram,1,synthetic_gps
2026-05-14 18:25:21,45.7427679,21.2491726,13.73,complex_aem,tram,1,synthetic_gps
2026-05-14 18:25:22,45.7427367,21.2491793,21.73,complex_aem,tram,1,synthetic_gps
2026-05-14 18:25:23,45.7426872,21.2491464,14.79,complex_aem,tram,1,synthetic_gps
2026-05-14 18:25:24,45.7427188,21.2491113,20.24,complex_aem,tram,1,synthetic_gps
2026-05-14 18:25:25,45.742699,21.2492331,19.76,complex_aem,tram,1,synthetic_gps
2026-05-14 18:25:26,45.7427596,21.2491957,18.27,complex_aem,tram,1,synthetic_gps
2026-05-14 18:25:27,45.742704,21.2492306,23.2,complex_aem,tram,1,synthetic_gps
2026-05-14 18:25:28,45.7426653,21.2492781,20.2,complex_aem,tram,1,synthetic_gps
2026-05-14 18:25:29,45.7427385,21.2492604,12.2,complex_aem,tram,1,synthetic_gps
2026-05-14 18:25:30,45.7427295,21.2492573,20.2,complex_aem,tram,1,synthetic_gps
2026-05-14 18:25:31,45.7427459,21.2492845,21.18,complex_aem,tram,1,synthetic_gps
2026-05-14 18:25:32,45.7426719,21.2492709,13.18,complex_aem,tram,1,synthetic_gps
2026-05-14 18:25:33,45.7425977,21.249306,21.18,complex_aem,tram,1,synthetic_gps
2026-05-14 18:25:34,45.7426093,21.2493628,29.18,complex_aem,tram,1,synthetic_gps
2026-05-14 18:25:35,45.7426532,21.2494189,21.18,complex_aem,tram,1,synthetic_gps
2026-05-14 18:25:36,45.7426141,21.2493093,13.18,complex_aem,tram,1,synthetic_gps
2026-05-14 18:25:37,45.7426905,21.249389,11.65,complex_aem,tram,1,synthetic_gps
2026-05-14 18:25:38,45.7426487,21.2493628,19.65,complex_aem,tram,1,synthetic_gps
2026-05-14 18:25:39,45.7426229,21.2494252,27.65,complex_aem,tram,1,synthetic_gps
2026-05-14 18:25:40,45.7426436,21.2494885,19.65,complex_aem,tram,1,synthetic_gps
2026-05-14 18:25:41,45.7425716,21.2494575,18.56,complex_aem,tram,1,synthetic_gps
2026-05-14 18:25:42,45.7425256,21.249456,24.72,complex_aem,tram,1,synthetic_gps
2026-05-14 18:25:43,45.7425935,21.249512,16.72,complex_aem,tram,1,synthetic_gps
2026-05-14 18:25:44,45.7425709,21.2495456,8.72,complex_aem,tram,1,synthetic_gps
2026-05-14 18:25:45,45.7425341,21.2494953,7.42,complex_aem,tram,1,synthetic_gps
2026-05-14 18:25:46,45.7425428,21.2495813,15.42,complex_aem,tram,1,synthetic_gps
2026-05-14 18:25:47,45.7425552,21.2495472,19.3,complex_aem,tram,1,synthetic_gps
2026-05-14 18:25:48,45.7426146,21.2496704,20.65,complex_aem,tram,1,synthetic_gps
2026-05-14 18:25:49,45.7424523,21.2496178,12.87,complex_aem,tram,1,synthetic_gps
2026-05-14 18:25:50,45.7425659,21.2495735,17.23,complex_aem,tram,1,synthetic_gps
2026-05-14 18:25:51,45.7424927,21.249674,9.23,complex_aem,tram,1,synthetic_gps
2026-05-14 18:25:52,45.7424619,21.2495503,15.28,complex_aem,tram,1,synthetic_gps
2026-05-14 18:25:53,45.7424514,21.2496493,7.28,complex_aem,tram,1,synthetic_gps
2026-05-14 18:25:54,45.7425152,21.2497021,15.28,complex_aem,tram,1,synthetic_gps
2026-05-14 18:25:55,45.7425156,21.249707,16.86,complex_aem,tram,1,synthetic_gps
2026-05-14 18:25:56,45.7425288,21.2496681,13.95,complex_aem,tram,1,synthetic_gps
2026-05-14 18:25:57,45.7424269,21.2497105,21.95,complex_aem,tram,1,synthetic_gps
2026-05-14 18:25:58,45.7424162,21.2497467,13.95,complex_aem,tram,1,synthetic_gps
2026-05-14 18:25:59,45.742456,21.24973,16.95,complex_aem,tram,1,synthetic_gps
2026-05-14 18:26:00,45.7425416,21.2497181,14.11,complex_aem,tram,1,synthetic_gps
2026-05-14 18:26:01,45.7424016,21.2497642,22.11,complex_aem,tram,1,synthetic_gps
2026-05-14 18:26:02,45.742536,21.2497915,14.11,complex_aem,tram,1,synthetic_gps
2026-05-14 18:26:03,45.7424116,21.2498097,13.33,complex_aem,tram,1,synthetic_gps
2026-05-14 18:26:04,45.742462,21.2498758,5.33,complex_aem,tram,1,synthetic_gps
2026-05-14 18:26:05,45.7423902,21.2498986,13.33,complex_aem,tram,1,synthetic_gps
2026-05-14 18:26:06,45.7424198,21.2499299,21.33,complex_aem,tram,1,synthetic_gps
2026-05-14 18:26:07,45.7424696,21.2499719,14.44,complex_aem,tram,1,synthetic_gps
2026-05-14 18:26:08,45.7424767,21.2499605,22.44,complex_aem,tram,1,synthetic_gps
2026-05-14 18:26:09,45.7424752,21.2498815,30.32,complex_aem,tram,1,synthetic_gps
2026-05-14 18:26:10,45.7424254,21.2499244,22.32,complex_aem,tram,1,synthetic_gps
2026-05-14 18:26:11,45.7423279,21.2499648,14.32,complex_aem,tram,1,synthetic_gps
2026-05-14 18:26:12,45.7424423,21.249949,6.32,complex_aem,tram,1,synthetic_gps
2026-05-14 18:26:13,45.7423677,21.2499614,6.36,complex_aem,tram,1,synthetic_gps
2026-05-14 18:26:14,45.7423699,21.2499618,14.36,complex_aem,tram,1,synthetic_gps
2026-05-14 18:26:15,45.7423949,21.2499947,22.36,complex_aem,tram,1,synthetic_gps
2026-05-14 18:26:16,45.7423704,21.2500708,14.36,complex_aem,tram,1,synthetic_gps
2026-05-14 18:26:17,45.7423849,21.2500295,22.36,complex_aem,tram,1,synthetic_gps
2026-05-14 18:26:18,45.7423265,21.2500702,14.36,complex_aem,tram,1,synthetic_gps
2026-05-14 18:26:19,45.7423589,21.2500193,11.81,complex_aem,tram,1,synthetic_gps
2026-05-14 18:26:20,45.7423464,21.250088,16.97,complex_aem,tram,1,synthetic_gps
2026-05-14 18:26:21,45.7424123,21.2501014,10.26,complex_aem,tram,1,synthetic_gps
2026-05-14 18:26:22,45.7422788,21.250098,14.4,complex_aem,tram,1,synthetic_gps
2026-05-14 18:26:23,45.742335,21.250139,6.99,complex_aem,tram,1,synthetic_gps
2026-05-14 18:26:24,45.7422905,21.2501308,14.99,complex_aem,tram,1,synthetic_gps
2026-05-14 18:26:25,45.7422986,21.2501346,20.58,complex_aem,tram,1,synthetic_gps
2026-05-14 18:26:26,45.742245,21.2501231,12.58,complex_aem,tram,1,synthetic_gps
2026-05-14 18:26:27,45.7423227,21.2501734,19.44,complex_aem,tram,1,synthetic_gps
2026-05-14 18:26:28,45.7422723,21.2501959,25.89,complex_aem,tram,1,synthetic_gps
2026-05-14 18:26:29,45.7423412,21.2502734,23.31,complex_aem,tram,1,synthetic_gps
2026-05-14 18:26:30,45.7422671,21.2502194,15.31,complex_aem,tram,1,synthetic_gps
2026-05-14 18:26:31,45.7422351,21.2501709,22.53,complex_aem,tram,1,synthetic_gps
2026-05-14 18:26:32,45.7422564,21.2502083,16.91,complex_aem,tram,1,synthetic_gps
2026-05-14 18:26:33,45.7422418,21.250245,16.85,complex_aem,tram,1,synthetic_gps
2026-05-14 18:26:34,45.742218,21.2503268,24.85,complex_aem,tram,1,synthetic_gps
2026-05-14 18:26:35,45.7422561,21.2503279,18.5,complex_aem,tram,1,synthetic_gps
2026-05-14 18:26:36,45.7423007,21.2502438,21.67,complex_aem,tram,1,synthetic_gps
2026-05-14 18:26:37,45.7422745,21.2503036,13.67,complex_aem,tram,1,synthetic_gps
2026-05-14 18:26:38,45.742202,21.2503741,21.67,complex_aem,tram,1,synthetic_gps
2026-05-14 18:26:39,45.7422658,21.2504108,13.67,complex_aem,tram,1,synthetic_gps
2026-05-14 18:26:40,45.7422143,21.250416,16.79,complex_aem,tram,1,synthetic_gps
2026-05-14 18:26:41,45.7422276,21.2503983,10.18,complex_aem,tram,1,synthetic_gps
2026-05-14 18:26:42,45.7421669,21.2504095,10.51,complex_aem,tram,1,synthetic_gps
2026-05-14 18:26:43,45.7421668,21.2504036,10.89,complex_aem,tram,1,synthetic_gps
2026-05-14 18:26:44,45.7421466,21.250473,13.2,complex_aem,tram,1,synthetic_gps
2026-05-14 18:26:45,45.7421463,21.2505436,5.71,complex_aem,tram,1,synthetic_gps
2026-05-14 18:26:46,45.742135,21.2504887,13.71,complex_aem,tram,1,synthetic_gps
2026-05-14 18:26:47,45.7421408,21.2505238,11.42,complex_aem,tram,1,synthetic_gps
2026-05-14 18:26:48,45.742231,21.2504598,19.42,complex_aem,tram,1,synthetic_gps
2026-05-14 18:26:49,45.7421396,21.2504557,17.69,complex_aem,tram,1,synthetic_gps
2026-05-14 18:26:50,45.7420977,21.2505432,14.15,complex_aem,tram,1,synthetic_gps
2026-05-14 18:26:51,45.7422214,21.2505796,17.3,complex_aem,tram,1,synthetic_gps
2026-05-14 18:26:52,45.7421625,21.2505663,9.3,complex_aem,tram,1,synthetic_gps
2026-05-14 18:26:53,45.7421547,21.2505527,9.32,complex_aem,tram,1,synthetic_gps
2026-05-14 18:26:54,45.7421597,21.2506702,12.49,complex_aem,tram,1,synthetic_gps
2026-05-14 18:26:55,45.7421475,21.2506983,15.53,complex_aem,tram,1,synthetic_gps
2026-05-14 18:26:56,45.7421432,21.2506616,12.31,complex_aem,tram,1,synthetic_gps
2026-05-14 18:26:57,45.7420919,21.2507221,8.8,complex_aem,tram,1,synthetic_gps
2026-05-14 18:26:58,45.7419583,21.250622,11.76,complex_aem,tram,1,synthetic_gps
2026-05-14 18:26:59,45.7420987,21.2507055,7.39,complex_aem,tram,1,synthetic_gps
2026-05-14 18:27:00,45.7421075,21.2506643,1.48,complex_aem,tram,1,synthetic_gps
2026-05-14 18:27:01,45.7420765,21.2507599,2.18,complex_aem,tram,1,synthetic_gps
2026-05-14 18:27:02,45.7420997,21.2507156,1.43,complex_aem,tram,1,synthetic_gps
2026-05-14 18:27:03,45.7420903,21.2507488,0.94,complex_aem,tram,1,synthetic_gps
2026-05-14 18:27:04,45.7420951,21.2507825,1.09,complex_aem,tram,1,synthetic_gps
2026-05-14 18:27:05,45.742059,21.2507967,1.08,complex_aem,tram,1,synthetic_gps
2026-05-14 18:27:06,45.7420127,21.2507862,1.34,complex_aem,tram,1,synthetic_gps
2026-05-14 18:27:07,45.7419541,21.2508719,1.33,complex_aem,tram,1,synthetic_gps
2026-05-14 18:27:08,45.7420763,21.2508708,1.07,complex_aem,tram,1,synthetic_gps
2026-05-14 18:27:09,45.7419977,21.2508407,0.76,complex_aem,tram,1,synthetic_gps
2026-05-14 18:27:10,45.7420071,21.2508335,1.25,complex_aem,tram,1,synthetic_gps
2026-05-14 18:27:11,45.741986,21.2508944,0.52,complex_aem,tram,1,synthetic_gps
2026-05-14 18:27:12,45.742025,21.2508269,1.75,complex_aem,tram,1,synthetic_gps
2026-05-14 18:27:13,45.7419285,21.2509203,1.36,complex_aem,tram,1,synthetic_gps
2026-05-14 18:27:14,45.7419597,21.2509574,0.63,complex_aem,tram,1,synthetic_gps
2026-05-14 18:27:15,45.7419698,21.2509393,1.61,complex_aem,tram,1,synthetic_gps
2026-05-14 18:27:16,45.7419686,21.2509826,0.75,complex_aem,tram,1,synthetic_gps
2026-05-14 18:27:17,45.7420095,21.2509627,1.11,complex_aem,tram,1,synthetic_gps
2026-05-14 18:27:18,45.742026,21.2509683,9.11,complex_aem,tram,1,synthetic_gps
2026-05-14 18:27:19,45.7420517,21.2510015,17.11,complex_aem,tram,1,synthetic_gps
2026-05-14 18:27:20,45.7419648,21.2510263,22.79,complex_aem,tram,1,synthetic_gps
2026-05-14 18:27:21,45.7419073,21.251056,14.79,complex_aem,tram,1,synthetic_gps
2026-05-14 18:27:22,45.7418811,21.2510299,6.79,complex_aem,tram,1,synthetic_gps
2026-05-14 18:27:23,45.741973,21.2510657,10.83,complex_aem,tram,1,synthetic_gps
2026-05-14 18:27:24,45.7419076,21.2511099,18.83,complex_aem,tram,1,synthetic_gps
2026-05-14 18:27:25,45.7419329,21.2511349,10.83,complex_aem,tram,1,synthetic_gps
2026-05-14 18:27:26,45.7418784,21.2511298,13.13,complex_aem,tram,1,synthetic_gps
2026-05-14 18:27:27,45.7418537,21.2512069,9.7,complex_aem,tram,1,synthetic_gps
2026-05-14 18:27:28,45.741919,21.2511333,17.7,complex_aem,tram,1,synthetic_gps
2026-05-14 18:27:29,45.7418867,21.2511692,20.7,complex_aem,tram,1,synthetic_gps
2026-05-14 18:27:30,45.7419037,21.2511991,16.57,complex_aem,tram,1,synthetic_gps
2026-05-14 18:27:31,45.7418824,21.2512102,8.57,complex_aem,tram,1,synthetic_gps
2026-05-14 18:27:32,45.7418937,21.2512068,16.57,complex_aem,tram,1,synthetic_gps
2026-05-14 18:27:33,45.7418172,21.2512156,11.59,complex_aem,tram,1,synthetic_gps
2026-05-14 18:27:34,45.7418788,21.2512229,15.65,complex_aem,tram,1,synthetic_gps
2026-05-14 18:27:35,45.7417884,21.2512896,17.37,complex_aem,tram,1,synthetic_gps
2026-05-14 18:27:36,45.7418619,21.2512756,24.65,complex_aem,tram,1,synthetic_gps
2026-05-14 18:27:37,45.7418792,21.2513089,21.37,complex_aem,tram,1,synthetic_gps
2026-05-14 18:27:38,45.7417831,21.2512617,13.37,complex_aem,tram,1,synthetic_gps
2026-05-14 18:27:39,45.7418663,21.2513589,12.99,complex_aem,tram,1,synthetic_gps
2026-05-14 18:27:40,45.7418321,21.2513944,18.26,complex_aem,tram,1,synthetic_gps
2026-05-14 18:27:41,45.7417488,21.2513069,10.26,complex_aem,tram,1,synthetic_gps
2026-05-14 18:27:42,45.7417502,21.2514399,7.72,complex_aem,tram,1,synthetic_gps
2026-05-14 18:27:43,45.7418566,21.2514308,15.72,complex_aem,tram,1,synthetic_gps
2026-05-14 18:27:44,45.741732,21.2514463,16.48,complex_aem,tram,1,synthetic_gps
2026-05-14 18:27:45,45.7417645,21.2515044,14.92,complex_aem,tram,1,synthetic_gps
2026-05-14 18:27:46,45.7417582,21.2514292,21.59,complex_aem,tram,1,synthetic_gps
2026-05-14 18:27:47,45.741851,21.2514677,29.59,complex_aem,tram,1,synthetic_gps
2026-05-14 18:27:48,45.7418653,21.2514769,21.59,complex_aem,tram,1,synthetic_gps
2026-05-14 18:27:49,45.7417999,21.2515027,13.59,complex_aem,tram,1,synthetic_gps
2026-05-14 18:27:50,45.7416966,21.2514854,21.59,complex_aem,tram,1,synthetic_gps
2026-05-14 18:27:51,45.7417664,21.2515618,13.59,complex_aem,tram,1,synthetic_gps
2026-05-14 18:27:52,45.7417206,21.2515396,5.59,complex_aem,tram,1,synthetic_gps
2026-05-14 18:27:53,45.74171,21.2515419,13.59,complex_aem,tram,1,synthetic_gps
2026-05-14 18:27:54,45.7417688,21.2515878,21.59,complex_aem,tram,1,synthetic_gps
2026-05-14 18:27:55,45.7416394,21.2515606,15.29,complex_aem,tram,1,synthetic_gps
2026-05-14 18:27:56,45.741695,21.251633,7.29,complex_aem,tram,1,synthetic_gps
2026-05-14 18:27:57,45.7417839,21.2515581,15.29,complex_aem,tram,1,synthetic_gps
2026-05-14 18:27:58,45.7417588,21.2516242,20.15,complex_aem,tram,1,synthetic_gps
2026-05-14 18:27:59,45.7416643,21.2515872,28.15,complex_aem,tram,1,synthetic_gps
2026-05-14 18:28:00,45.7417146,21.2516839,20.55,complex_aem,tram,1,synthetic_gps
2026-05-14 18:28:01,45.7417277,21.2516609,23.7,complex_aem,tram,1,synthetic_gps
2026-05-14 18:28:02,45.7416676,21.2516147,23.02,complex_aem,tram,1,synthetic_gps
2026-05-14 18:28:03,45.7415399,21.251763,15.02,complex_aem,tram,1,synthetic_gps
2026-05-14 18:28:04,45.7416715,21.2516945,18.35,complex_aem,tram,1,synthetic_gps
2026-05-14 18:28:05,45.7416448,21.2517403,10.35,complex_aem,tram,1,synthetic_gps
2026-05-14 18:28:06,45.7416521,21.2517584,15.49,complex_aem,tram,1,synthetic_gps
2026-05-14 18:28:07,45.7416894,21.2517481,23.49,complex_aem,tram,1,synthetic_gps
2026-05-14 18:28:08,45.74169,21.2517806,18.5,complex_aem,tram,1,synthetic_gps
2026-05-14 18:28:09,45.7416207,21.2517941,11.37,complex_aem,tram,1,synthetic_gps
2026-05-14 18:28:10,45.7416762,21.2518111,10.98,complex_aem,tram,1,synthetic_gps
2026-05-14 18:28:11,45.7416424,21.2518316,3.44,complex_aem,tram,1,synthetic_gps
2026-05-14 18:28:12,45.7415846,21.2517995,11.44,complex_aem,tram,1,synthetic_gps
2026-05-14 18:28:13,45.7415729,21.2519278,16.63,complex_aem,tram,1,synthetic_gps
2026-05-14 18:28:14,45.7416047,21.2519154,24.63,complex_aem,tram,1,synthetic_gps
2026-05-14 18:28:15,45.7416412,21.2518743,18.4,complex_aem,tram,1,synthetic_gps
2026-05-14 18:28:16,45.7415466,21.2519458,21.96,complex_aem,tram,1,synthetic_gps
2026-05-14 18:28:17,45.7416073,21.2519263,15.67,complex_aem,tram,1,synthetic_gps
2026-05-14 18:28:18,45.741585,21.251898,23.67,complex_aem,tram,1,synthetic_gps
2026-05-14 18:28:19,45.7415441,21.2519343,15.67,complex_aem,tram,1,synthetic_gps
2026-05-14 18:28:20,45.7415291,21.2519122,11.5,complex_aem,tram,1,synthetic_gps
2026-05-14 18:28:21,45.7416338,21.2519601,19.5,complex_aem,tram,1,synthetic_gps
2026-05-14 18:28:22,45.7415924,21.2520878,11.5,complex_aem,tram,1,synthetic_gps
2026-05-14 18:28:23,45.7414775,21.2519856,9.59,complex_aem,tram,1,synthetic_gps
2026-05-14 18:28:24,45.7415362,21.2520384,11.94,complex_aem,tram,1,synthetic_gps
2026-05-14 18:28:25,45.7414218,21.2520382,15.0,complex_aem,tram,1,synthetic_gps
2026-05-14 18:28:26,45.741502,21.2520176,13.56,complex_aem,tram,1,synthetic_gps
2026-05-14 18:28:27,45.7414557,21.2520068,14.71,complex_aem,tram,1,synthetic_gps
2026-05-14 18:28:28,45.7414931,21.252061,22.71,complex_aem,tram,1,synthetic_gps
2026-05-14 18:28:29,45.7415117,21.2521281,16.85,complex_aem,tram,1,synthetic_gps
2026-05-14 18:28:30,45.741504,21.2521627,18.0,complex_aem,tram,1,synthetic_gps
2026-05-14 18:28:31,45.7415524,21.2521627,19.26,complex_aem,tram,1,synthetic_gps
2026-05-14 18:28:32,45.7414797,21.2521936,11.42,complex_aem,tram,1,synthetic_gps
2026-05-14 18:28:33,45.7414465,21.2521966,19.42,complex_aem,tram,1,synthetic_gps
2026-05-14 18:28:34,45.7413964,21.2521509,18.61,complex_aem,tram,1,synthetic_gps
2026-05-14 18:28:35,45.7414214,21.2522461,10.61,complex_aem,tram,1,synthetic_gps
2026-05-14 18:28:36,45.7414438,21.2522031,13.64,complex_aem,tram,1,synthetic_gps
2026-05-14 18:28:37,45.7414421,21.2522973,20.16,complex_aem,tram,1,synthetic_gps
2026-05-14 18:28:38,45.7414965,21.2522692,12.16,complex_aem,tram,1,synthetic_gps
2026-05-14 18:28:39,45.7414519,21.2523362,20.16,complex_aem,tram,1,synthetic_gps
2026-05-14 18:28:40,45.7414235,21.2523177,12.23,complex_aem,tram,1,synthetic_gps
2026-05-14 18:28:41,45.7414276,21.2523394,20.23,complex_aem,tram,1,synthetic_gps
2026-05-14 18:28:42,45.7413691,21.2523254,15.41,complex_aem,tram,1,synthetic_gps
2026-05-14 18:28:43,45.7414305,21.2524255,11.86,complex_aem,tram,1,synthetic_gps
2026-05-14 18:28:44,45.7413603,21.2522718,18.67,complex_aem,tram,1,synthetic_gps
2026-05-14 18:28:45,45.7413767,21.2524081,15.44,complex_aem,tram,1,synthetic_gps
2026-05-14 18:28:46,45.7414079,21.2523868,20.35,complex_aem,tram,1,synthetic_gps
2026-05-14 18:28:47,45.7413738,21.2523467,13.51,complex_aem,tram,1,synthetic_gps
2026-05-14 18:28:48,45.7414067,21.2524499,21.24,complex_aem,tram,1,synthetic_gps
2026-05-14 18:28:49,45.7413492,21.2524453,15.43,complex_aem,tram,1,synthetic_gps
2026-05-14 18:28:50,45.7413789,21.2523399,11.16,complex_aem,tram,1,synthetic_gps
2026-05-14 18:28:51,45.7413176,21.2524507,17.25,complex_aem,tram,1,synthetic_gps
2026-05-14 18:28:52,45.7413349,21.2524467,12.53,complex_aem,tram,1,synthetic_gps
2026-05-14 18:28:53,45.7412869,21.2524582,20.53,complex_aem,tram,1,synthetic_gps
2026-05-14 18:28:54,45.7412943,21.252579,14.8,complex_aem,tram,1,synthetic_gps
2026-05-14 18:28:55,45.7413912,21.2525991,14.78,complex_aem,tram,1,synthetic_gps
2026-05-14 18:28:56,45.7413173,21.2525132,16.76,complex_aem,tram,1,synthetic_gps
2026-05-14 18:28:57,45.7412862,21.2525845,15.68,complex_aem,tram,1,synthetic_gps
2026-05-14 18:28:58,45.7412922,21.2525583,8.93,complex_aem,tram,1,synthetic_gps
2026-05-14 18:28:59,45.7412794,21.2526164,16.74,complex_aem,tram,1,synthetic_gps
2026-05-14 18:29:00,45.7412774,21.2526209,8.74,complex_aem,tram,1,synthetic_gps
2026-05-14 18:29:01,45.7412803,21.2526695,13.78,complex_aem,tram,1,synthetic_gps
2026-05-14 18:29:02,45.741293,21.2526377,16.86,complex_aem,tram,1,synthetic_gps
2026-05-14 18:29:03,45.7412376,21.2526679,9.56,complex_aem,tram,1,synthetic_gps
2026-05-14 18:29:04,45.7412457,21.2527056,17.56,complex_aem,tram,1,synthetic_gps
2026-05-14 18:29:05,45.7411813,21.2526556,9.56,complex_aem,tram,1,synthetic_gps
2026-05-14 18:29:06,45.7413599,21.2527274,17.56,complex_aem,tram,1,synthetic_gps
2026-05-14 18:29:07,45.7412807,21.2527315,13.5,complex_aem,tram,1,synthetic_gps
2026-05-14 18:29:08,45.7412109,21.2526636,21.5,complex_aem,tram,1,synthetic_gps
2026-05-14 18:29:09,45.7412239,21.252745,13.5,complex_aem,tram,1,synthetic_gps
2026-05-14 18:29:10,45.7411714,21.2527559,13.75,complex_aem,tram,1,synthetic_gps
2026-05-14 18:29:11,45.7412812,21.2527812,21.75,complex_aem,tram,1,synthetic_gps
2026-05-14 18:29:12,45.741153,21.2527396,17.11,complex_aem,tram,1,synthetic_gps
2026-05-14 18:29:13,45.7412191,21.2528061,9.11,complex_aem,tram,1,synthetic_gps
2026-05-14 18:29:14,45.7410901,21.2527768,12.61,complex_aem,tram,1,synthetic_gps
2026-05-14 18:29:15,45.7412451,21.2528579,8.38,complex_aem,tram,1,synthetic_gps
2026-05-14 18:29:16,45.7411944,21.2529163,16.38,complex_aem,tram,1,synthetic_gps
2026-05-14 18:29:17,45.741175,21.2528578,15.52,complex_aem,tram,1,synthetic_gps
2026-05-14 18:29:18,45.741196,21.2529084,21.14,complex_aem,tram,1,synthetic_gps
2026-05-14 18:29:19,45.7412211,21.2528691,27.76,complex_aem,tram,1,synthetic_gps
2026-05-14 18:29:20,45.7412112,21.2529688,24.06,complex_aem,tram,1,synthetic_gps
2026-05-14 18:29:21,45.7411555,21.2529956,16.06,complex_aem,tram,1,synthetic_gps
2026-05-14 18:29:22,45.7411308,21.252988,22.91,complex_aem,tram,1,synthetic_gps
2026-05-14 18:29:23,45.7411254,21.2528749,18.4,complex_aem,tram,1,synthetic_gps
2026-05-14 18:29:24,45.7410947,21.2529993,19.03,complex_aem,tram,1,synthetic_gps
2026-05-14 18:29:25,45.7411427,21.2530382,27.03,complex_aem,tram,1,synthetic_gps
2026-05-14 18:29:26,45.7410901,21.2529451,23.8,complex_aem,tram,1,synthetic_gps
2026-05-14 18:29:27,45.7411746,21.2530655,22.48,complex_aem,tram,1,synthetic_gps
2026-05-14 18:29:28,45.7410764,21.2530973,18.93,complex_aem,tram,1,synthetic_gps
2026-05-14 18:29:29,45.7411398,21.2529966,18.7,complex_aem,tram,1,synthetic_gps
2026-05-14 18:29:30,45.7411574,21.2530363,25.77,complex_aem,tram,1,synthetic_gps
2026-05-14 18:29:31,45.7410815,21.2530475,21.79,complex_aem,tram,1,synthetic_gps
2026-05-14 18:29:32,45.7410983,21.2531334,19.96,complex_aem,tram,1,synthetic_gps
2026-05-14 18:29:33,45.7409817,21.2530742,17.88,complex_aem,tram,1,synthetic_gps
2026-05-14 18:29:34,45.7410125,21.2532143,24.49,complex_aem,tram,1,synthetic_gps
2026-05-14 18:29:35,45.741059,21.2531338,20.32,complex_aem,tram,1,synthetic_gps
2026-05-14 18:29:36,45.7410783,21.2531433,23.96,complex_aem,tram,1,synthetic_gps
2026-05-14 18:29:37,45.7410347,21.2531987,15.96,complex_aem,tram,1,synthetic_gps
2026-05-14 18:29:38,45.7410942,21.2531729,16.09,complex_aem,tram,1,synthetic_gps
2026-05-14 18:29:39,45.7410537,21.2532446,13.32,complex_aem,tram,1,synthetic_gps
2026-05-14 18:29:40,45.740999,21.2531944,14.85,complex_aem,tram,1,synthetic_gps
2026-05-14 18:29:41,45.7409762,21.2532537,14.99,complex_aem,tram,1,synthetic_gps
2026-05-14 18:29:42,45.7410137,21.2533075,6.99,complex_aem,tram,1,synthetic_gps
2026-05-14 18:29:43,45.7411201,21.2532785,12.7,complex_aem,tram,1,synthetic_gps
2026-05-14 18:29:44,45.7409165,21.2533219,9.26,complex_aem,tram,1,synthetic_gps
2026-05-14 18:29:45,45.740998,21.2533673,5.95,complex_aem,tram,1,synthetic_gps
2026-05-14 18:29:46,45.7409292,21.2532979,13.95,complex_aem,tram,1,synthetic_gps
2026-05-14 18:29:47,45.7410974,21.253368,10.75,complex_aem,tram,1,synthetic_gps
2026-05-14 18:29:48,45.740958,21.2534038,18.52,complex_aem,tram,1,synthetic_gps
2026-05-14 18:29:49,45.741008,21.2533356,15.73,complex_aem,tram,1,synthetic_gps
2026-05-14 18:29:50,45.7410585,21.2533126,11.83,complex_aem,tram,1,synthetic_gps
2026-05-14 18:29:51,45.7409257,21.2533035,19.83,complex_aem,tram,1,synthetic_gps
2026-05-14 18:29:52,45.7410565,21.2534429,11.83,complex_aem,tram,1,synthetic_gps
2026-05-14 18:29:53,45.7409489,21.2534744,15.88,complex_aem,tram,1,synthetic_gps
2026-05-14 18:29:54,45.7409507,21.2534565,23.88,complex_aem,tram,1,synthetic_gps
2026-05-14 18:29:55,45.7407941,21.2534337,15.88,complex_aem,tram,1,synthetic_gps
2026-05-14 18:29:56,45.7409727,21.2534866,18.46,complex_aem,tram,1,synthetic_gps
2026-05-14 18:29:57,45.7409588,21.2535385,22.92,complex_aem,tram,1,synthetic_gps
2026-05-14 18:29:58,45.7408123,21.25349,27.26,complex_aem,tram,1,synthetic_gps
2026-05-14 18:29:59,45.7409505,21.253514,22.7,complex_aem,tram,1,synthetic_gps
2026-05-14 18:30:00,45.7409644,21.2535244,14.7,complex_aem,tram,1,synthetic_gps
2026-05-14 18:30:01,45.740911,21.2536121,6.7,complex_aem,tram,1,synthetic_gps
2026-05-14 18:30:02,45.7408219,21.2536789,0.25,complex_aem,tram,1,synthetic_gps
2026-05-14 18:30:03,45.7407814,21.2536126,0.29,complex_aem,tram,1,synthetic_gps
2026-05-14 18:30:04,45.7409563,21.2536193,1.5,complex_aem,tram,1,synthetic_gps
2026-05-14 18:30:05,45.7409237,21.2536354,0.83,complex_aem,tram,1,synthetic_gps
2026-05-14 18:30:06,45.740922,21.2536263,0.59,complex_aem,tram,1,synthetic_gps
2026-05-14 18:30:07,45.7407925,21.2536338,1.41,complex_aem,tram,1,synthetic_gps
2026-05-14 18:30:08,45.7407674,21.2537487,1.65,complex_aem,tram,1,synthetic_gps
2026-05-14 18:30:09,45.740829,21.2536319,1.88,complex_aem,tram,1,synthetic_gps
2026-05-14 18:30:10,45.7408803,21.2537237,0.2,complex_aem,tram,1,synthetic_gps
2026-05-14 18:30:11,45.7408721,21.2537671,1.04,complex_aem,tram,1,synthetic_gps
2026-05-14 18:30:12,45.7408062,21.253697,0.42,complex_aem,tram,1,synthetic_gps
2026-05-14 18:30:13,45.7408476,21.2537913,1.24,complex_aem,tram,1,synthetic_gps
2026-05-14 18:30:14,45.7407801,21.2537976,2.67,complex_aem,tram,1,synthetic_gps
2026-05-14 18:30:15,45.7407891,21.2538327,1.52,complex_aem,tram,1,synthetic_gps
2026-05-14 18:30:16,45.7407343,21.2538113,1.13,complex_aem,tram,1,synthetic_gps
2026-05-14 18:30:17,45.7408127,21.2537803,2.01,complex_aem,tram,1,synthetic_gps
2026-05-14 18:30:18,45.7407898,21.2537623,10.01,complex_aem,tram,1,synthetic_gps
2026-05-14 18:30:19,45.7408361,21.253865,14.38,complex_aem,tram,1,synthetic_gps
2026-05-14 18:30:20,45.7407674,21.2539462,19.9,complex_aem,tram,1,synthetic_gps
2026-05-14 18:30:21,45.7407675,21.2539295,27.9,complex_aem,tram,1,synthetic_gps
2026-05-14 18:30:22,45.7407468,21.2539326,19.9,complex_aem,tram,1,synthetic_gps
2026-05-14 18:30:23,45.7406967,21.2540461,17.84,complex_aem,tram,1,synthetic_gps
2026-05-14 18:30:24,45.7407629,21.2539526,25.84,complex_aem,tram,1,synthetic_gps
2026-05-14 18:30:25,45.7407003,21.2539331,17.84,complex_aem,tram,1,synthetic_gps
2026-05-14 18:30:26,45.7407201,21.2539356,9.84,complex_aem,tram,1,synthetic_gps
2026-05-14 18:30:27,45.7406973,21.2539972,13.5,complex_aem,tram,1,synthetic_gps
2026-05-14 18:30:28,45.7407827,21.2540253,6.14,complex_aem,tram,1,synthetic_gps
2026-05-14 18:30:29,45.7407717,21.2540307,14.14,complex_aem,tram,1,synthetic_gps
2026-05-14 18:30:30,45.7407569,21.2540015,6.14,complex_aem,tram,1,synthetic_gps
2026-05-14 18:30:31,45.7406566,21.253976,14.14,complex_aem,tram,1,synthetic_gps
2026-05-14 18:30:32,45.7406875,21.2540326,7.05,complex_aem,tram,1,synthetic_gps
2026-05-14 18:30:33,45.7406873,21.2540343,15.05,complex_aem,tram,1,synthetic_gps
2026-05-14 18:30:34,45.7406583,21.25416,21.52,complex_aem,tram,1,synthetic_gps
2026-05-14 18:30:35,45.7406962,21.2540386,20.16,complex_aem,tram,1,synthetic_gps
2026-05-14 18:30:36,45.7406904,21.2541768,12.16,complex_aem,tram,1,synthetic_gps
2026-05-14 18:30:37,45.7406883,21.254155,20.16,complex_aem,tram,1,synthetic_gps
2026-05-14 18:30:38,45.74062,21.2541249,20.03,complex_aem,tram,1,synthetic_gps
2026-05-14 18:30:39,45.740566,21.2542179,16.34,complex_aem,tram,1,synthetic_gps
2026-05-14 18:30:40,45.740716,21.2541889,21.19,complex_aem,tram,1,synthetic_gps
2026-05-14 18:30:41,45.7405811,21.2541868,18.4,complex_aem,tram,1,synthetic_gps
2026-05-14 18:30:42,45.7406649,21.2541568,10.4,complex_aem,tram,1,synthetic_gps
2026-05-14 18:30:43,45.7406022,21.2542402,18.4,complex_aem,tram,1,synthetic_gps
2026-05-14 18:30:44,45.7405799,21.2541427,15.34,complex_aem,tram,1,synthetic_gps
2026-05-14 18:30:45,45.7406449,21.2543242,23.21,complex_aem,tram,1,synthetic_gps
2026-05-14 18:30:46,45.7405843,21.2542281,16.53,complex_aem,tram,1,synthetic_gps
2026-05-14 18:30:47,45.7404854,21.2542917,17.32,complex_aem,tram,1,synthetic_gps
2026-05-14 18:30:48,45.7406544,21.2543018,19.86,complex_aem,tram,1,synthetic_gps
2026-05-14 18:30:49,45.7405336,21.2543119,16.71,complex_aem,tram,1,synthetic_gps
2026-05-14 18:30:50,45.740557,21.2543284,8.71,complex_aem,tram,1,synthetic_gps
2026-05-14 18:30:51,45.7405311,21.2543127,16.71,complex_aem,tram,1,synthetic_gps
2026-05-14 18:30:52,45.7405377,21.2543773,17.28,complex_aem,tram,1,synthetic_gps
2026-05-14 18:30:53,45.7405803,21.2543625,15.44,complex_aem,tram,1,synthetic_gps
2026-05-14 18:30:54,45.7405233,21.2544967,10.61,complex_aem,tram,1,synthetic_gps
2026-05-14 18:30:55,45.7405204,21.2544331,9.8,complex_aem,tram,1,synthetic_gps
2026-05-14 18:30:56,45.7405548,21.2543809,1.8,complex_aem,tram,1,synthetic_gps
2026-05-14 18:30:57,45.7404758,21.2543658,9.8,complex_aem,tram,1,synthetic_gps
2026-05-14 18:30:58,45.7404821,21.254466,17.8,complex_aem,tram,1,synthetic_gps
2026-05-14 18:30:59,45.7404474,21.2545621,9.8,complex_aem,tram,1,synthetic_gps
2026-05-14 18:31:00,45.7405348,21.2545378,17.8,complex_aem,tram,1,synthetic_gps
2026-05-14 18:31:01,45.7404671,21.2545783,25.8,complex_aem,tram,1,synthetic_gps
2026-05-14 18:31:02,45.7405887,21.2545451,17.8,complex_aem,tram,1,synthetic_gps
2026-05-14 18:31:03,45.740431,21.2545989,16.29,complex_aem,tram,1,synthetic_gps
2026-05-14 18:31:04,45.740441,21.2545749,22.54,complex_aem,tram,1,synthetic_gps
2026-05-14 18:31:05,45.7404216,21.2546554,14.54,complex_aem,tram,1,synthetic_gps
2026-05-14 18:31:06,45.7404811,21.2546303,22.51,complex_aem,tram,1,synthetic_gps
2026-05-14 18:31:07,45.740447,21.2546114,14.51,complex_aem,tram,1,synthetic_gps
2026-05-14 18:31:08,45.7404418,21.254561,11.23,complex_aem,tram,1,synthetic_gps
2026-05-14 18:31:09,45.7403512,21.2545279,19.23,complex_aem,tram,1,synthetic_gps
2026-05-14 18:31:10,45.7403573,21.2546358,26.69,complex_aem,tram,1,synthetic_gps
2026-05-14 18:31:11,45.7404021,21.2546869,18.69,complex_aem,tram,1,synthetic_gps
2026-05-14 18:31:12,45.7403745,21.2546912,10.69,complex_aem,tram,1,synthetic_gps
2026-05-14 18:31:13,45.7403186,21.2547287,12.69,complex_aem,tram,1,synthetic_gps
2026-05-14 18:31:14,45.74037,21.2545992,18.84,complex_aem,tram,1,synthetic_gps
2026-05-14 18:31:15,45.7402769,21.2547282,14.36,complex_aem,tram,1,synthetic_gps
2026-05-14 18:31:16,45.7403017,21.2546907,18.42,complex_aem,tram,1,synthetic_gps
2026-05-14 18:31:17,45.7402576,21.2546484,23.18,complex_aem,tram,1,synthetic_gps
2026-05-14 18:31:18,45.740197,21.2547707,21.5,complex_aem,tram,1,synthetic_gps
2026-05-14 18:31:19,45.7403324,21.2548514,17.79,complex_aem,tram,1,synthetic_gps
2026-05-14 18:31:20,45.740404,21.2548928,13.34,complex_aem,tram,1,synthetic_gps
2026-05-14 18:31:21,45.7402136,21.2548779,13.7,complex_aem,tram,1,synthetic_gps
2026-05-14 18:31:22,45.7402887,21.2547942,16.49,complex_aem,tram,1,synthetic_gps
2026-05-14 18:31:23,45.7402956,21.2547646,11.79,complex_aem,tram,1,synthetic_gps
2026-05-14 18:31:24,45.7402326,21.2548771,17.11,complex_aem,tram,1,synthetic_gps
2026-05-14 18:31:25,45.740245,21.2549179,13.37,complex_aem,tram,1,synthetic_gps
2026-05-14 18:31:26,45.7401972,21.2549486,17.13,complex_aem,tram,1,synthetic_gps
2026-05-14 18:31:27,45.7401923,21.2549578,25.13,complex_aem,tram,1,synthetic_gps
2026-05-14 18:31:28,45.7401784,21.2549659,20.83,complex_aem,tram,1,synthetic_gps
2026-05-14 18:31:29,45.7402468,21.25497,25.48,complex_aem,tram,1,synthetic_gps
2026-05-14 18:31:30,45.740121,21.2550164,20.02,complex_aem,tram,1,synthetic_gps
2026-05-14 18:31:31,45.7401208,21.254917,25.86,complex_aem,tram,1,synthetic_gps
2026-05-14 18:31:32,45.7401514,21.2549001,29.14,complex_aem,tram,1,synthetic_gps
2026-05-14 18:31:33,45.7401045,21.2550966,21.14,complex_aem,tram,1,synthetic_gps
2026-05-14 18:31:34,45.7401716,21.2550516,24.12,complex_aem,tram,1,synthetic_gps
2026-05-14 18:31:35,45.7401107,21.2550035,25.4,complex_aem,tram,1,synthetic_gps
2026-05-14 18:31:36,45.7401135,21.2550792,17.4,complex_aem,tram,1,synthetic_gps
2026-05-14 18:31:37,45.7401823,21.2550143,16.15,complex_aem,tram,1,synthetic_gps
2026-05-14 18:31:38,45.7400728,21.2551099,21.71,complex_aem,tram,1,synthetic_gps
2026-05-14 18:31:39,45.7400968,21.2550775,13.71,complex_aem,tram,1,synthetic_gps
2026-05-14 18:31:40,45.7400945,21.2551164,20.47,complex_aem,tram,1,synthetic_gps
2026-05-14 18:31:41,45.7401351,21.2551365,19.43,complex_aem,tram,1,synthetic_gps
2026-05-14 18:31:42,45.7400109,21.2551836,16.92,complex_aem,tram,1,synthetic_gps
2026-05-14 18:31:43,45.7400672,21.2551849,21.66,complex_aem,tram,1,synthetic_gps
2026-05-14 18:31:44,45.7400935,21.255199,13.66,complex_aem,tram,1,synthetic_gps
2026-05-14 18:31:45,45.7400237,21.2551428,5.66,complex_aem,tram,1,synthetic_gps
2026-05-14 18:31:46,45.7400514,21.2552497,13.66,complex_aem,tram,1,synthetic_gps
2026-05-14 18:31:47,45.7399144,21.255342,15.78,complex_aem,tram,1,synthetic_gps
2026-05-14 18:31:48,45.7400553,21.2552308,21.96,complex_aem,tram,1,synthetic_gps
2026-05-14 18:31:49,45.7399915,21.255306,14.65,complex_aem,tram,1,synthetic_gps
2026-05-14 18:31:50,45.7399669,21.2553395,20.25,complex_aem,tram,1,synthetic_gps
2026-05-14 18:31:51,45.7399106,21.2552792,16.89,complex_aem,tram,1,synthetic_gps
2026-05-14 18:31:52,45.7399748,21.2553554,13.81,complex_aem,tram,1,synthetic_gps
2026-05-14 18:31:53,45.7399647,21.2552831,21.81,complex_aem,tram,1,synthetic_gps
2026-05-14 18:31:54,45.7399741,21.2553491,19.0,complex_aem,tram,1,synthetic_gps
2026-05-14 18:31:55,45.7399073,21.2552822,11.0,complex_aem,tram,1,synthetic_gps
2026-05-14 18:31:56,45.7399987,21.2553983,9.7,complex_aem,tram,1,synthetic_gps
2026-05-14 18:31:57,45.7399166,21.2554379,10.7,complex_aem,tram,1,synthetic_gps
2026-05-14 18:31:58,45.7398374,21.2553659,18.7,complex_aem,tram,1,synthetic_gps
2026-05-14 18:31:59,45.7399511,21.2554812,10.7,complex_aem,tram,1,synthetic_gps
2026-05-14 18:32:00,45.7398544,21.2553983,2.7,complex_aem,tram,1,synthetic_gps
2026-05-14 18:32:01,45.7398461,21.2554164,10.7,complex_aem,tram,1,synthetic_gps
2026-05-14 18:32:02,45.7398521,21.2555108,12.38,complex_aem,tram,1,synthetic_gps
2026-05-14 18:32:03,45.7398445,21.2555308,6.53,complex_aem,tram,1,synthetic_gps
2026-05-14 18:32:04,45.7398964,21.2555403,12.17,complex_aem,tram,1,synthetic_gps
2026-05-14 18:32:05,45.7398119,21.2555286,8.4,complex_aem,tram,1,synthetic_gps
2026-05-14 18:32:06,45.7397136,21.2555177,3.47,complex_aem,tram,1,synthetic_gps
2026-05-14 18:32:07,45.7397799,21.2555992,3.32,complex_aem,tram,1,synthetic_gps
2026-05-14 18:32:08,45.7397842,21.2555873,11.32,complex_aem,tram,1,synthetic_gps
2026-05-14 18:32:09,45.7397109,21.2555329,18.28,complex_aem,tram,1,synthetic_gps
2026-05-14 18:32:10,45.7396989,21.2555644,20.17,complex_aem,tram,1,synthetic_gps
2026-05-14 18:32:11,45.7398009,21.2556826,22.16,complex_aem,tram,1,synthetic_gps
2026-05-14 18:32:12,45.7397125,21.2556447,14.16,complex_aem,tram,1,synthetic_gps
2026-05-14 18:32:13,45.7397324,21.2556798,17.43,complex_aem,tram,1,synthetic_gps
2026-05-14 18:32:14,45.7396621,21.2556901,25.43,complex_aem,tram,1,synthetic_gps
2026-05-14 18:32:15,45.7397447,21.2556999,19.17,complex_aem,tram,1,synthetic_gps
2026-05-14 18:32:16,45.7397584,21.2556511,11.17,complex_aem,tram,1,synthetic_gps
2026-05-14 18:32:17,45.7396892,21.2556389,6.93,complex_aem,tram,1,synthetic_gps
2026-05-14 18:32:18,45.7396623,21.2557283,14.93,complex_aem,tram,1,synthetic_gps
2026-05-14 18:32:19,45.7396741,21.2557554,20.38,complex_aem,tram,1,synthetic_gps
2026-05-14 18:32:20,45.7396306,21.2558232,12.38,complex_aem,tram,1,synthetic_gps
2026-05-14 18:32:21,45.7396432,21.2557929,18.53,complex_aem,tram,1,synthetic_gps
2026-05-14 18:32:22,45.7395981,21.2557915,15.9,complex_aem,tram,1,synthetic_gps
2026-05-14 18:32:23,45.7396015,21.2558159,23.9,complex_aem,tram,1,synthetic_gps
2026-05-14 18:32:24,45.739645,21.2558677,27.94,complex_aem,tram,1,synthetic_gps
2026-05-14 18:32:25,45.7397378,21.2558723,19.94,complex_aem,tram,1,synthetic_gps
2026-05-14 18:32:26,45.7396151,21.2558459,23.48,complex_aem,tram,1,synthetic_gps
2026-05-14 18:32:27,45.7395258,21.2558045,29.31,complex_aem,tram,1,synthetic_gps
2026-05-14 18:32:28,45.7396104,21.2559424,21.31,complex_aem,tram,1,synthetic_gps
2026-05-14 18:32:29,45.7395952,21.2559035,26.71,complex_aem,tram,1,synthetic_gps
2026-05-14 18:32:30,45.7396027,21.2558962,18.71,complex_aem,tram,1,synthetic_gps
2026-05-14 18:32:31,45.7395487,21.2559055,11.01,complex_aem,tram,1,synthetic_gps
2026-05-14 18:32:32,45.7394406,21.2559603,15.87,complex_aem,tram,1,synthetic_gps
2026-05-14 18:32:33,45.7394676,21.2560137,18.31,complex_aem,tram,1,synthetic_gps
2026-05-14 18:32:34,45.7395228,21.25593,26.31,complex_aem,tram,1,synthetic_gps
2026-05-14 18:32:35,45.7394788,21.2559414,18.31,complex_aem,tram,1,synthetic_gps
2026-05-14 18:32:36,45.7394745,21.2559882,13.77,complex_aem,tram,1,synthetic_gps
2026-05-14 18:32:37,45.7394203,21.2560348,15.51,complex_aem,tram,1,synthetic_gps
2026-05-14 18:32:38,45.7395124,21.2561045,14.59,complex_aem,tram,1,synthetic_gps
2026-05-14 18:32:39,45.7394293,21.2560847,21.66,complex_aem,tram,1,synthetic_gps
2026-05-14 18:32:40,45.7394576,21.2560755,26.07,complex_aem,tram,1,synthetic_gps
2026-05-14 18:32:41,45.7394551,21.2561235,18.07,complex_aem,tram,1,synthetic_gps
2026-05-14 18:32:42,45.7394511,21.2561959,26.07,complex_aem,tram,1,synthetic_gps
2026-05-14 18:32:43,45.7394356,21.2561659,18.07,complex_aem,tram,1,synthetic_gps
2026-05-14 18:32:44,45.7394875,21.2561609,25.18,complex_aem,tram,1,synthetic_gps
2026-05-14 18:32:45,45.7393837,21.2561456,29.05,complex_aem,tram,1,synthetic_gps
2026-05-14 18:32:46,45.7394269,21.256186,21.05,complex_aem,tram,1,synthetic_gps
2026-05-14 18:32:47,45.7392643,21.2561497,13.05,complex_aem,tram,1,synthetic_gps
2026-05-14 18:32:48,45.7393234,21.2562117,20.54,complex_aem,tram,1,synthetic_gps
2026-05-14 18:32:49,45.7393828,21.2562621,15.86,complex_aem,tram,1,synthetic_gps
2026-05-14 18:32:50,45.7393641,21.2562581,7.86,complex_aem,tram,1,synthetic_gps
2026-05-14 18:32:51,45.7393168,21.2562867,11.92,complex_aem,tram,1,synthetic_gps
2026-05-14 18:32:52,45.7392796,21.2563067,18.45,complex_aem,tram,1,synthetic_gps
2026-05-14 18:32:53,45.7393085,21.2562176,10.56,complex_aem,tram,1,synthetic_gps
2026-05-14 18:32:54,45.7391934,21.2562911,18.56,complex_aem,tram,1,synthetic_gps
2026-05-14 18:32:55,45.739315,21.25632,14.45,complex_aem,tram,1,synthetic_gps
2026-05-14 18:32:56,45.7393483,21.2563752,20.65,complex_aem,tram,1,synthetic_gps
2026-05-14 18:32:57,45.7392462,21.2563211,23.56,complex_aem,tram,1,synthetic_gps
2026-05-14 18:32:58,45.7392465,21.2563894,22.18,complex_aem,tram,1,synthetic_gps
2026-05-14 18:32:59,45.7392775,21.2563654,14.18,complex_aem,tram,1,synthetic_gps
2026-05-14 18:33:00,45.7392611,21.2563519,6.18,complex_aem,tram,1,synthetic_gps
2026-05-14 18:33:01,45.7392793,21.2564136,2.08,complex_aem,tram,1,synthetic_gps
2026-05-14 18:33:02,45.7391851,21.2564101,1.15,complex_aem,tram,1,synthetic_gps
2026-05-14 18:33:03,45.7391189,21.2563705,0.88,complex_aem,tram,1,synthetic_gps
2026-05-14 18:33:04,45.7392548,21.256423,1.1,complex_aem,tram,1,synthetic_gps
2026-05-14 18:33:05,45.7391829,21.2564443,2.11,complex_aem,tram,1,synthetic_gps
2026-05-14 18:33:06,45.7392078,21.2565205,1.61,complex_aem,tram,1,synthetic_gps
2026-05-14 18:33:07,45.7391032,21.2564715,1.93,complex_aem,tram,1,synthetic_gps
2026-05-14 18:33:08,45.7392242,21.2564886,1.56,complex_aem,tram,1,synthetic_gps
2026-05-14 18:33:09,45.7391699,21.2565919,0.87,complex_aem,tram,1,synthetic_gps
2026-05-14 18:33:10,45.7390886,21.2564833,1.72,complex_aem,tram,1,synthetic_gps
2026-05-14 18:33:11,45.7391412,21.2564879,0.52,complex_aem,tram,1,synthetic_gps
2026-05-14 18:33:12,45.7390381,21.256599,1.05,complex_aem,tram,1,synthetic_gps
2026-05-14 18:33:13,45.7391297,21.2566105,1.25,complex_aem,tram,1,synthetic_gps
2026-05-14 18:33:14,45.7391027,21.2565867,0.34,complex_aem,tram,1,synthetic_gps
2026-05-14 18:33:15,45.7390079,21.2566135,0.43,complex_aem,tram,1,synthetic_gps
2026-05-14 18:33:16,45.7390596,21.2567108,0.88,complex_aem,tram,1,synthetic_gps
2026-05-14 18:33:17,45.7390326,21.2566084,0.56,complex_aem,tram,1,synthetic_gps
2026-05-14 18:33:18,45.7389782,21.2567772,8.56,complex_aem,tram,1,synthetic_gps
2026-05-14 18:33:19,45.7390296,21.2566759,14.99,complex_aem,tram,1,synthetic_gps
2026-05-14 18:33:20,45.739095,21.2567451,22.99,complex_aem,tram,1,synthetic_gps
2026-05-14 18:33:21,45.7389687,21.2567402,19.72,complex_aem,tram,1,synthetic_gps
2026-05-14 18:33:22,45.7389953,21.2567239,20.74,complex_aem,tram,1,synthetic_gps
2026-05-14 18:33:23,45.7389147,21.2567653,14.88,complex_aem,tram,1,synthetic_gps
2026-05-14 18:33:24,45.7389364,21.2567676,19.05,complex_aem,tram,1,synthetic_gps
2026-05-14 18:33:25,45.7390346,21.2568212,16.95,complex_aem,tram,1,synthetic_gps
2026-05-14 18:33:26,45.7389947,21.2568108,9.37,complex_aem,tram,1,synthetic_gps
2026-05-14 18:33:27,45.7388881,21.2568928,17.37,complex_aem,tram,1,synthetic_gps
2026-05-14 18:33:28,45.7389338,21.2567847,20.58,complex_aem,tram,1,synthetic_gps
2026-05-14 18:33:29,45.7388858,21.2568441,18.98,complex_aem,tram,1,synthetic_gps
2026-05-14 18:33:30,45.7389148,21.2569211,16.96,complex_aem,tram,1,synthetic_gps
2026-05-14 18:33:31,45.7388906,21.2568861,18.6,complex_aem,tram,1,synthetic_gps
2026-05-14 18:33:32,45.7388649,21.2569053,14.52,complex_aem,tram,1,synthetic_gps
2026-05-14 18:33:33,45.7389272,21.25692,15.01,complex_aem,tram,1,synthetic_gps
2026-05-14 18:33:34,45.7389189,21.2569276,17.02,complex_aem,tram,1,synthetic_gps
2026-05-14 18:33:35,45.7388448,21.2569727,11.96,complex_aem,tram,1,synthetic_gps
2026-05-14 18:33:36,45.7388097,21.2570232,19.96,complex_aem,tram,1,synthetic_gps
2026-05-14 18:33:37,45.7388483,21.2570317,17.01,complex_aem,tram,1,synthetic_gps
2026-05-14 18:33:38,45.7388052,21.2569257,21.92,complex_aem,tram,1,synthetic_gps
2026-05-14 18:33:39,45.7388409,21.2570011,13.92,complex_aem,tram,1,synthetic_gps
2026-05-14 18:33:40,45.7387771,21.2569937,14.73,complex_aem,tram,1,synthetic_gps
2026-05-14 18:33:41,45.7387933,21.2570261,14.0,complex_aem,tram,1,synthetic_gps
2026-05-14 18:33:42,45.7387844,21.2570654,14.79,complex_aem,tram,1,synthetic_gps
2026-05-14 18:33:43,45.7388364,21.25713,19.06,complex_aem,tram,1,synthetic_gps
2026-05-14 18:33:44,45.7387541,21.2570222,17.06,complex_aem,tram,1,synthetic_gps
2026-05-14 18:33:45,45.7387628,21.2570875,16.21,complex_aem,tram,1,synthetic_gps
2026-05-14 18:33:46,45.7387339,21.2571173,9.28,complex_aem,tram,1,synthetic_gps
2026-05-14 18:33:47,45.7387225,21.2571291,17.28,complex_aem,tram,1,synthetic_gps
2026-05-14 18:33:48,45.7386834,21.2571647,19.23,complex_aem,tram,1,synthetic_gps
2026-05-14 18:33:49,45.7386464,21.2571641,27.23,complex_aem,tram,1,synthetic_gps
2026-05-14 18:33:50,45.7386544,21.2571328,19.44,complex_aem,tram,1,synthetic_gps
2026-05-14 18:33:51,45.7386824,21.2573317,11.44,complex_aem,tram,1,synthetic_gps
2026-05-14 18:33:52,45.7387534,21.257228,5.75,complex_aem,tram,1,synthetic_gps
2026-05-14 18:33:53,45.7387017,21.2572624,2.21,complex_aem,tram,1,synthetic_gps
2026-05-14 18:33:54,45.7387345,21.2572115,10.21,complex_aem,tram,1,synthetic_gps
2026-05-14 18:33:55,45.7386918,21.2572583,18.21,complex_aem,tram,1,synthetic_gps
2026-05-14 18:33:56,45.7386309,21.2572633,23.01,complex_aem,tram,1,synthetic_gps
2026-05-14 18:33:57,45.7386533,21.2573122,31.01,complex_aem,tram,1,synthetic_gps
2026-05-14 18:33:58,45.7386362,21.2573856,23.01,complex_aem,tram,1,synthetic_gps
2026-05-14 18:33:59,45.7386859,21.257357,15.01,complex_aem,tram,1,synthetic_gps
2026-05-14 18:34:00,45.7386807,21.2573673,7.01,complex_aem,tram,1,synthetic_gps
2026-05-14 18:34:01,45.7386056,21.2573512,6.37,complex_aem,tram,1,synthetic_gps
2026-05-14 18:34:02,45.7384791,21.257393,14.37,complex_aem,tram,1,synthetic_gps
2026-05-14 18:34:03,45.7385586,21.2574026,17.19,complex_aem,tram,1,synthetic_gps
2026-05-14 18:34:04,45.73865,21.2574006,15.98,complex_aem,tram,1,synthetic_gps
2026-05-14 18:34:05,45.7385092,21.2575065,17.35,complex_aem,tram,1,synthetic_gps
2026-05-14 18:34:06,45.7385667,21.2574207,9.35,complex_aem,tram,1,synthetic_gps
2026-05-14 18:34:07,45.7385225,21.2575211,13.5,complex_aem,tram,1,synthetic_gps
2026-05-14 18:34:08,45.7385749,21.2574479,5.5,complex_aem,tram,1,synthetic_gps
2026-05-14 18:34:09,45.7385729,21.257468,13.5,complex_aem,tram,1,synthetic_gps
2026-05-14 18:34:10,45.7385679,21.2575172,18.12,complex_aem,tram,1,synthetic_gps
2026-05-14 18:34:11,45.7385621,21.2575443,20.34,complex_aem,tram,1,synthetic_gps
2026-05-14 18:34:12,45.7384609,21.2575291,12.34,complex_aem,tram,1,synthetic_gps
2026-05-14 18:34:13,45.7384534,21.2575413,16.54,complex_aem,tram,1,synthetic_gps
2026-05-14 18:34:14,45.7384805,21.2574902,16.21,complex_aem,tram,1,synthetic_gps
2026-05-14 18:34:15,45.7384533,21.2575834,11.77,complex_aem,tram,1,synthetic_gps
2026-05-14 18:34:16,45.738466,21.2576169,19.77,complex_aem,tram,1,synthetic_gps
2026-05-14 18:34:17,45.7384354,21.2576074,18.0,complex_aem,tram,1,synthetic_gps
2026-05-14 18:34:18,45.7383756,21.2576977,10.0,complex_aem,tram,1,synthetic_gps
2026-05-14 18:34:19,45.738399,21.2576599,18.0,complex_aem,tram,1,synthetic_gps
2026-05-14 18:34:20,45.7383788,21.2576593,12.22,complex_aem,tram,1,synthetic_gps
2026-05-14 18:34:21,45.7384341,21.2576587,9.19,complex_aem,tram,1,synthetic_gps
2026-05-14 18:34:22,45.7383654,21.2577122,9.94,complex_aem,tram,1,synthetic_gps
2026-05-14 18:34:23,45.7383285,21.2576554,17.94,complex_aem,tram,1,synthetic_gps
2026-05-14 18:34:24,45.7385004,21.2577563,15.13,complex_aem,tram,1,synthetic_gps
2026-05-14 18:34:25,45.7383812,21.2578091,14.33,complex_aem,tram,1,synthetic_gps
2026-05-14 18:34:26,45.7383265,21.2576875,22.33,complex_aem,tram,1,synthetic_gps
2026-05-14 18:34:27,45.7382787,21.2577629,14.33,complex_aem,tram,1,synthetic_gps
2026-05-14 18:34:28,45.7382673,21.2577819,21.81,complex_aem,tram,1,synthetic_gps
2026-05-14 18:34:29,45.7383448,21.2578892,29.21,complex_aem,tram,1,synthetic_gps
2026-05-14 18:34:30,45.7382239,21.2579076,21.21,complex_aem,tram,1,synthetic_gps
2026-05-14 18:34:31,45.7382706,21.2578403,13.21,complex_aem,tram,1,synthetic_gps
2026-05-14 18:34:32,45.7381987,21.2579151,21.21,complex_aem,tram,1,synthetic_gps
2026-05-14 18:34:33,45.7382452,21.2578617,18.82,complex_aem,tram,1,synthetic_gps
2026-05-14 18:34:34,45.7382539,21.2578597,10.82,complex_aem,tram,1,synthetic_gps
2026-05-14 18:34:35,45.7383355,21.2579018,15.95,complex_aem,tram,1,synthetic_gps
2026-05-14 18:34:36,45.738148,21.2578926,19.95,complex_aem,tram,1,synthetic_gps
2026-05-14 18:34:37,45.7381787,21.2579383,21.46,complex_aem,tram,1,synthetic_gps
2026-05-14 18:34:38,45.7381789,21.2579456,18.28,complex_aem,tram,1,synthetic_gps
2026-05-14 18:34:39,45.7382226,21.2580397,19.26,complex_aem,tram,1,synthetic_gps
2026-05-14 18:34:40,45.7382426,21.2580028,21.91,complex_aem,tram,1,synthetic_gps
2026-05-14 18:34:41,45.7382062,21.2580348,13.91,complex_aem,tram,1,synthetic_gps
2026-05-14 18:34:42,45.7380379,21.2580013,21.91,complex_aem,tram,1,synthetic_gps
2026-05-14 18:34:43,45.7380913,21.2580377,19.19,complex_aem,tram,1,synthetic_gps
2026-05-14 18:34:44,45.738151,21.2579453,11.19,complex_aem,tram,1,synthetic_gps
2026-05-14 18:34:45,45.7381755,21.2580094,17.95,complex_aem,tram,1,synthetic_gps
2026-05-14 18:34:46,45.7381968,21.258053,25.95,complex_aem,tram,1,synthetic_gps
2026-05-14 18:34:47,45.7381116,21.2580932,17.95,complex_aem,tram,1,synthetic_gps
2026-05-14 18:34:48,45.7381718,21.2580543,15.4,complex_aem,tram,1,synthetic_gps
2026-05-14 18:34:49,45.7380938,21.2580773,15.69,complex_aem,tram,1,synthetic_gps
2026-05-14 18:34:50,45.7380615,21.2581416,23.69,complex_aem,tram,1,synthetic_gps
2026-05-14 18:34:51,45.7380548,21.2580917,19.75,complex_aem,tram,1,synthetic_gps
2026-05-14 18:34:52,45.7380622,21.2581878,11.75,complex_aem,tram,1,synthetic_gps
2026-05-14 18:34:53,45.7381042,21.2581913,18.05,complex_aem,tram,1,synthetic_gps
2026-05-14 18:34:54,45.7380123,21.2582164,18.14,complex_aem,tram,1,synthetic_gps
2026-05-14 18:34:55,45.7379603,21.2581473,23.37,complex_aem,tram,1,synthetic_gps
2026-05-14 18:34:56,45.7380085,21.2582881,20.47,complex_aem,tram,1,synthetic_gps
2026-05-14 18:34:57,45.7379567,21.2582246,12.47,complex_aem,tram,1,synthetic_gps
2026-05-14 18:34:58,45.7379491,21.2582309,19.76,complex_aem,tram,1,synthetic_gps
2026-05-14 18:34:59,45.7380003,21.2582229,11.77,complex_aem,tram,1,synthetic_gps
2026-05-14 18:35:00,45.7380708,21.2582911,19.77,complex_aem,tram,1,synthetic_gps
2026-05-14 18:35:01,45.7379105,21.2583592,11.77,complex_aem,tram,1,synthetic_gps
2026-05-14 18:35:02,45.7379174,21.2583003,8.82,complex_aem,tram,1,synthetic_gps
2026-05-14 18:35:03,45.7378606,21.2583041,12.74,complex_aem,tram,1,synthetic_gps
2026-05-14 18:35:04,45.7380054,21.25833,20.74,complex_aem,tram,1,synthetic_gps
2026-05-14 18:35:05,45.7378556,21.2583794,18.15,complex_aem,tram,1,synthetic_gps
2026-05-14 18:35:06,45.7379252,21.2583912,20.46,complex_aem,tram,1,synthetic_gps
2026-05-14 18:35:07,45.7378491,21.2584093,21.2,complex_aem,tram,1,synthetic_gps
2026-05-14 18:35:08,45.7378322,21.2583565,13.2,complex_aem,tram,1,synthetic_gps
2026-05-14 18:35:09,45.7379157,21.2584724,21.2,complex_aem,tram,1,synthetic_gps
2026-05-14 18:35:10,45.7378822,21.2583514,13.2,complex_aem,tram,1,synthetic_gps
2026-05-14 18:35:11,45.7378656,21.258464,21.08,complex_aem,tram,1,synthetic_gps
2026-05-14 18:35:12,45.7378528,21.2584502,23.87,complex_aem,tram,1,synthetic_gps
2026-05-14 18:35:13,45.7378175,21.2585237,15.87,complex_aem,tram,1,synthetic_gps
2026-05-14 18:35:14,45.7378244,21.2585021,8.26,complex_aem,tram,1,synthetic_gps
2026-05-14 18:35:15,45.7378511,21.2585319,12.64,complex_aem,tram,1,synthetic_gps
2026-05-14 18:35:16,45.737732,21.2584625,16.55,complex_aem,tram,1,synthetic_gps
2026-05-14 18:35:17,45.7377402,21.2585869,24.55,complex_aem,tram,1,synthetic_gps
2026-05-14 18:35:18,45.7377717,21.2585896,17.68,complex_aem,tram,1,synthetic_gps
2026-05-14 18:35:19,45.737762,21.2586317,9.68,complex_aem,tram,1,synthetic_gps
2026-05-14 18:35:20,45.7377398,21.2584892,17.68,complex_aem,tram,1,synthetic_gps
2026-05-14 18:35:21,45.7377509,21.2586258,21.06,complex_aem,tram,1,synthetic_gps
2026-05-14 18:35:22,45.7376756,21.2585365,13.06,complex_aem,tram,1,synthetic_gps
2026-05-14 18:35:23,45.7377034,21.2586393,21.06,complex_aem,tram,1,synthetic_gps
2026-05-14 18:35:24,45.7377645,21.2587009,13.06,complex_aem,tram,1,synthetic_gps
2026-05-14 18:35:25,45.73777,21.2587508,21.06,complex_aem,tram,1,synthetic_gps
2026-05-14 18:35:26,45.7376466,21.2587374,22.74,complex_aem,tram,1,synthetic_gps
2026-05-14 18:35:27,45.7376456,21.2586645,23.34,complex_aem,tram,1,synthetic_gps
2026-05-14 18:35:28,45.7377742,21.2586765,24.17,complex_aem,tram,1,synthetic_gps
2026-05-14 18:35:29,45.7376237,21.2587079,16.17,complex_aem,tram,1,synthetic_gps
2026-05-14 18:35:30,45.737707,21.2588102,10.43,complex_aem,tram,1,synthetic_gps
2026-05-14 18:35:31,45.7377193,21.2587487,13.64,complex_aem,tram,1,synthetic_gps
2026-05-14 18:35:32,45.7376487,21.2588056,15.69,complex_aem,tram,1,synthetic_gps
2026-05-14 18:35:33,45.7376638,21.2587738,22.69,complex_aem,tram,1,synthetic_gps
2026-05-14 18:35:34,45.7376394,21.2587868,14.69,complex_aem,tram,1,synthetic_gps
2026-05-14 18:35:35,45.737602,21.2588097,8.59,complex_aem,tram,1,synthetic_gps
2026-05-14 18:35:36,45.7375575,21.2587922,13.76,complex_aem,tram,1,synthetic_gps
2026-05-14 18:35:37,45.7376047,21.2588378,5.76,complex_aem,tram,1,synthetic_gps
2026-05-14 18:35:38,45.7376293,21.258865,13.76,complex_aem,tram,1,synthetic_gps
2026-05-14 18:35:39,45.7375394,21.258918,17.63,complex_aem,tram,1,synthetic_gps
2026-05-14 18:35:40,45.7374801,21.2588797,15.96,complex_aem,tram,1,synthetic_gps
2026-05-14 18:35:41,45.7375022,21.2589201,12.18,complex_aem,tram,1,synthetic_gps
2026-05-14 18:35:42,45.7375801,21.2589077,8.24,complex_aem,tram,1,synthetic_gps
2026-05-14 18:35:43,45.7376077,21.2590237,4.78,complex_aem,tram,1,synthetic_gps
2026-05-14 18:35:44,45.7374952,21.2589728,12.78,complex_aem,tram,1,synthetic_gps
2026-05-14 18:35:45,45.7375456,21.2590488,16.8,complex_aem,tram,1,synthetic_gps
2026-05-14 18:35:46,45.7375257,21.2590141,12.89,complex_aem,tram,1,synthetic_gps
2026-05-14 18:35:47,45.7374939,21.2590556,20.2,complex_aem,tram,1,synthetic_gps
2026-05-14 18:35:48,45.7375616,21.2590858,28.2,complex_aem,tram,1,synthetic_gps
2026-05-14 18:35:49,45.7374296,21.2589978,24.26,complex_aem,tram,1,synthetic_gps
2026-05-14 18:35:50,45.7375256,21.2590351,16.26,complex_aem,tram,1,synthetic_gps
2026-05-14 18:35:51,45.7375056,21.2591655,14.9,complex_aem,tram,1,synthetic_gps
2026-05-14 18:35:52,45.7374371,21.259208,10.71,complex_aem,tram,1,synthetic_gps
2026-05-14 18:35:53,45.7374149,21.2590783,14.46,complex_aem,tram,1,synthetic_gps
2026-05-14 18:35:54,45.7373984,21.2591609,20.67,complex_aem,tram,1,synthetic_gps
2026-05-14 18:35:55,45.7374924,21.2591931,22.83,complex_aem,tram,1,synthetic_gps
2026-05-14 18:35:56,45.7374921,21.2591976,14.83,complex_aem,tram,1,synthetic_gps
2026-05-14 18:35:57,45.737349,21.2591686,19.02,complex_aem,tram,1,synthetic_gps
2026-05-14 18:35:58,45.7373946,21.259226,17.05,complex_aem,tram,1,synthetic_gps
2026-05-14 18:35:59,45.737324,21.2593111,20.61,complex_aem,tram,1,synthetic_gps
2026-05-14 18:36:00,45.7373884,21.2592201,12.61,complex_aem,tram,1,synthetic_gps
2026-05-14 18:36:01,45.7372714,21.2591847,4.61,complex_aem,tram,1,synthetic_gps
2026-05-14 18:36:02,45.7373007,21.2592753,0.52,complex_aem,tram,1,synthetic_gps
2026-05-14 18:36:03,45.7372884,21.2593467,1.89,complex_aem,tram,1,synthetic_gps
2026-05-14 18:36:04,45.7373119,21.2592345,0.34,complex_aem,tram,1,synthetic_gps
2026-05-14 18:36:05,45.737219,21.2593226,0.85,complex_aem,tram,1,synthetic_gps
2026-05-14 18:36:06,45.7372543,21.2592871,1.4,complex_aem,tram,1,synthetic_gps
2026-05-14 18:36:07,45.7372667,21.259389,2.85,complex_aem,tram,1,synthetic_gps
2026-05-14 18:36:08,45.7371834,21.2593849,0.57,complex_aem,tram,1,synthetic_gps
2026-05-14 18:36:09,45.7372378,21.2593419,1.24,complex_aem,tram,1,synthetic_gps
2026-05-14 18:36:10,45.7372842,21.2593725,1.76,complex_aem,tram,1,synthetic_gps
2026-05-14 18:36:11,45.7371819,21.2592297,0.98,complex_aem,tram,1,synthetic_gps
2026-05-14 18:36:12,45.7372432,21.2594198,1.85,complex_aem,tram,1,synthetic_gps
2026-05-14 18:36:13,45.7371496,21.2594716,0.57,complex_aem,tram,1,synthetic_gps
2026-05-14 18:36:14,45.737154,21.2595167,1.67,complex_aem,tram,1,synthetic_gps
2026-05-14 18:36:15,45.7372134,21.2595371,0.46,complex_aem,tram,1,synthetic_gps
2026-05-14 18:36:16,45.73717,21.259473,1.58,complex_aem,tram,1,synthetic_gps
2026-05-14 18:36:17,45.737148,21.2595306,0.59,complex_aem,tram,1,synthetic_gps
2026-05-14 18:36:18,45.7371263,21.2596579,8.59,complex_aem,tram,1,synthetic_gps
2026-05-14 18:36:19,45.7371938,21.2595597,12.91,complex_aem,tram,1,synthetic_gps
2026-05-14 18:36:20,45.7371226,21.2596421,12.87,complex_aem,tram,1,synthetic_gps
2026-05-14 18:36:21,45.7371316,21.2596395,20.55,complex_aem,tram,1,synthetic_gps
2026-05-14 18:36:22,45.7370911,21.2596941,12.55,complex_aem,tram,1,synthetic_gps
2026-05-14 18:36:23,45.7371531,21.2595934,18.85,complex_aem,tram,1,synthetic_gps
2026-05-14 18:36:24,45.7370662,21.2595354,10.85,complex_aem,tram,1,synthetic_gps
2026-05-14 18:36:25,45.7370122,21.2596671,18.85,complex_aem,tram,1,synthetic_gps
2026-05-14 18:36:26,45.7370759,21.2597131,12.72,complex_aem,tram,1,synthetic_gps
2026-05-14 18:36:27,45.7370627,21.2597061,19.57,complex_aem,tram,1,synthetic_gps
2026-05-14 18:36:28,45.7371867,21.2596802,17.99,complex_aem,tram,1,synthetic_gps
2026-05-14 18:36:29,45.7370934,21.2596979,17.69,complex_aem,tram,1,synthetic_gps
2026-05-14 18:36:30,45.7370322,21.2596428,13.1,complex_aem,tram,1,synthetic_gps
2026-05-14 18:36:31,45.7370391,21.2596711,20.13,complex_aem,tram,1,synthetic_gps
2026-05-14 18:36:32,45.7370528,21.2598067,23.29,complex_aem,tram,1,synthetic_gps
2026-05-14 18:36:33,45.7369874,21.2597251,17.07,complex_aem,tram,1,synthetic_gps
2026-05-14 18:36:34,45.7369894,21.2597147,12.9,complex_aem,tram,1,synthetic_gps
2026-05-14 18:36:35,45.7370018,21.2598249,11.5,complex_aem,tram,1,synthetic_gps
2026-05-14 18:36:36,45.7370221,21.2598442,3.5,complex_aem,tram,1,synthetic_gps
2026-05-14 18:36:37,45.7369941,21.2598134,11.5,complex_aem,tram,1,synthetic_gps
2026-05-14 18:36:38,45.7368896,21.2597462,16.98,complex_aem,tram,1,synthetic_gps
2026-05-14 18:36:39,45.7368957,21.2597726,24.98,complex_aem,tram,1,synthetic_gps
2026-05-14 18:36:40,45.7368972,21.2598728,16.98,complex_aem,tram,1,synthetic_gps
2026-05-14 18:36:41,45.7368915,21.2598884,23.42,complex_aem,tram,1,synthetic_gps
2026-05-14 18:36:42,45.7369216,21.2599243,21.29,complex_aem,tram,1,synthetic_gps
2026-05-14 18:36:43,45.7368857,21.2599251,13.59,complex_aem,tram,1,synthetic_gps
2026-05-14 18:36:44,45.7368681,21.2599661,15.64,complex_aem,tram,1,synthetic_gps
2026-05-14 18:36:45,45.7368699,21.259949,11.93,complex_aem,tram,1,synthetic_gps
2026-05-14 18:36:46,45.736864,21.259898,14.84,complex_aem,tram,1,synthetic_gps
2026-05-14 18:36:47,45.7368365,21.2599861,6.84,complex_aem,tram,1,synthetic_gps
2026-05-14 18:36:48,45.7368423,21.2599517,14.21,complex_aem,tram,1,synthetic_gps
2026-05-14 18:36:49,45.7368298,21.2600332,22.21,complex_aem,tram,1,synthetic_gps
2026-05-14 18:36:50,45.7368926,21.2600676,20.83,complex_aem,tram,1,synthetic_gps
2026-05-14 18:36:51,45.7368379,21.2600877,21.13,complex_aem,tram,1,synthetic_gps
2026-05-14 18:36:52,45.7367461,21.2599903,18.1,complex_aem,tram,1,synthetic_gps
2026-05-14 18:36:53,45.7367873,21.260054,10.1,complex_aem,tram,1,synthetic_gps
2026-05-14 18:36:54,45.7367519,21.2600158,18.1,complex_aem,tram,1,synthetic_gps
2026-05-14 18:36:55,45.736702,21.2600616,12.18,complex_aem,tram,1,synthetic_gps
2026-05-14 18:36:56,45.7367833,21.2601341,20.18,complex_aem,tram,1,synthetic_gps
2026-05-14 18:36:57,45.7367603,21.2600705,14.45,complex_aem,tram,1,synthetic_gps
2026-05-14 18:36:58,45.7367933,21.2601534,20.96,complex_aem,tram,1,synthetic_gps
2026-05-14 18:36:59,45.7367892,21.2601872,16.55,complex_aem,tram,1,synthetic_gps
2026-05-14 18:37:00,45.7366732,21.2601502,8.55,complex_aem,tram,1,synthetic_gps
2026-05-14 18:37:01,45.7368073,21.2602238,16.55,complex_aem,tram,1,synthetic_gps
2026-05-14 18:37:02,45.7366808,21.2601888,11.53,complex_aem,tram,1,synthetic_gps
2026-05-14 18:37:03,45.736657,21.2602934,9.4,complex_aem,tram,1,synthetic_gps
2026-05-14 18:37:04,45.7366432,21.2602395,17.4,complex_aem,tram,1,synthetic_gps
2026-05-14 18:37:05,45.7366742,21.2601308,12.08,complex_aem,tram,1,synthetic_gps
2026-05-14 18:37:06,45.7366036,21.2602999,20.08,complex_aem,tram,1,synthetic_gps
2026-05-14 18:37:07,45.7366791,21.2602867,16.33,complex_aem,tram,1,synthetic_gps
2026-05-14 18:37:08,45.7365585,21.2603552,15.78,complex_aem,tram,1,synthetic_gps
2026-05-14 18:37:09,45.7365597,21.2603519,14.45,complex_aem,tram,1,synthetic_gps
2026-05-14 18:37:10,45.7365896,21.2602407,15.68,complex_aem,tram,1,synthetic_gps
2026-05-14 18:37:11,45.7365877,21.260374,16.17,complex_aem,tram,1,synthetic_gps
2026-05-14 18:37:12,45.736594,21.2603767,16.83,complex_aem,tram,1,synthetic_gps
2026-05-14 18:37:13,45.7365923,21.2603994,15.82,complex_aem,tram,1,synthetic_gps
2026-05-14 18:37:14,45.7366253,21.2604304,22.79,complex_aem,tram,1,synthetic_gps
2026-05-14 18:37:15,45.7366078,21.2604371,30.6,complex_aem,tram,1,synthetic_gps
2026-05-14 18:37:16,45.7365339,21.2605123,23.49,complex_aem,tram,1,synthetic_gps
2026-05-14 18:37:17,45.7365032,21.2603964,22.11,complex_aem,tram,1,synthetic_gps
2026-05-14 18:37:18,45.7365338,21.2604358,14.11,complex_aem,tram,1,synthetic_gps
2026-05-14 18:37:19,45.7365633,21.2604635,7.87,complex_aem,tram,1,synthetic_gps
2026-05-14 18:37:20,45.7364527,21.260456,15.87,complex_aem,tram,1,synthetic_gps
2026-05-14 18:37:21,45.7364534,21.2605001,11.6,complex_aem,tram,1,synthetic_gps
2026-05-14 18:37:22,45.7365688,21.2605417,11.77,complex_aem,tram,1,synthetic_gps
2026-05-14 18:37:23,45.7364833,21.2605638,19.3,complex_aem,tram,1,synthetic_gps
2026-05-14 18:37:24,45.7363609,21.2604946,18.15,complex_aem,tram,1,synthetic_gps
2026-05-14 18:37:25,45.7364556,21.2605737,25.89,complex_aem,tram,1,synthetic_gps
2026-05-14 18:37:26,45.7364009,21.2605507,24.17,complex_aem,tram,1,synthetic_gps
2026-05-14 18:37:27,45.736458,21.2605608,16.17,complex_aem,tram,1,synthetic_gps
2026-05-14 18:37:28,45.7363757,21.260631,19.43,complex_aem,tram,1,synthetic_gps
2026-05-14 18:37:29,45.7364117,21.2606033,11.43,complex_aem,tram,1,synthetic_gps
2026-05-14 18:37:30,45.7364236,21.2605858,19.43,complex_aem,tram,1,synthetic_gps
2026-05-14 18:37:31,45.7363669,21.2606289,27.43,complex_aem,tram,1,synthetic_gps
2026-05-14 18:37:32,45.7363894,21.2605852,19.43,complex_aem,tram,1,synthetic_gps
2026-05-14 18:37:33,45.7363095,21.2606393,23.03,complex_aem,tram,1,synthetic_gps
2026-05-14 18:37:34,45.736296,21.2606542,15.03,complex_aem,tram,1,synthetic_gps
2026-05-14 18:37:35,45.7363236,21.2606649,19.14,complex_aem,tram,1,synthetic_gps
2026-05-14 18:37:36,45.7363419,21.2606186,18.82,complex_aem,tram,1,synthetic_gps
2026-05-14 18:37:37,45.736358,21.2606607,23.79,complex_aem,tram,1,synthetic_gps
2026-05-14 18:37:38,45.7362169,21.2607347,15.79,complex_aem,tram,1,synthetic_gps
2026-05-14 18:37:39,45.7362931,21.2607624,11.89,complex_aem,tram,1,synthetic_gps
2026-05-14 18:37:40,45.7363581,21.2606824,19.89,complex_aem,tram,1,synthetic_gps
2026-05-14 18:37:41,45.7362672,21.2607301,11.89,complex_aem,tram,1,synthetic_gps
2026-05-14 18:37:42,45.7362515,21.2607047,11.22,complex_aem,tram,1,synthetic_gps
2026-05-14 18:37:43,45.7362618,21.2607593,19.22,complex_aem,tram,1,synthetic_gps
2026-05-14 18:37:44,45.7362212,21.2607435,20.02,complex_aem,tram,1,synthetic_gps
2026-05-14 18:37:45,45.7362146,21.2607871,21.98,complex_aem,tram,1,synthetic_gps
2026-05-14 18:37:46,45.7362319,21.2607665,13.98,complex_aem,tram,1,synthetic_gps
2026-05-14 18:37:47,45.7362553,21.2608012,5.98,complex_aem,tram,1,synthetic_gps
2026-05-14 18:37:48,45.7361751,21.2607266,13.98,complex_aem,tram,1,synthetic_gps
2026-05-14 18:37:49,45.7361342,21.2607548,18.64,complex_aem,tram,1,synthetic_gps
2026-05-14 18:37:50,45.7362022,21.260799,11.93,complex_aem,tram,1,synthetic_gps
2026-05-14 18:37:51,45.7361647,21.2608301,19.93,complex_aem,tram,1,synthetic_gps
2026-05-14 18:37:52,45.7361498,21.260876,27.93,complex_aem,tram,1,synthetic_gps
2026-05-14 18:37:53,45.7361637,21.2609013,23.12,complex_aem,tram,1,synthetic_gps
2026-05-14 18:37:54,45.7360521,21.2608414,15.12,complex_aem,tram,1,synthetic_gps
2026-05-14 18:37:55,45.7361036,21.260927,20.54,complex_aem,tram,1,synthetic_gps
2026-05-14 18:37:56,45.7360912,21.2609295,12.54,complex_aem,tram,1,synthetic_gps
2026-05-14 18:37:57,45.7361086,21.2609425,20.54,complex_aem,tram,1,synthetic_gps
2026-05-14 18:37:58,45.7360264,21.2609343,12.54,complex_aem,tram,1,synthetic_gps
2026-05-14 18:37:59,45.7360194,21.2608852,20.54,complex_aem,tram,1,synthetic_gps
2026-05-14 18:38:00,45.7360552,21.2609438,17.36,complex_aem,tram,1,synthetic_gps
2026-05-14 18:38:01,45.7360221,21.2608857,11.99,complex_aem,tram,1,synthetic_gps
2026-05-14 18:38:02,45.7360296,21.2609034,12.77,complex_aem,tram,1,synthetic_gps
2026-05-14 18:38:03,45.7358969,21.2609132,15.53,complex_aem,tram,1,synthetic_gps
2026-05-14 18:38:04,45.7359837,21.2609566,23.53,complex_aem,tram,1,synthetic_gps
2026-05-14 18:38:05,45.7359895,21.2609374,15.53,complex_aem,tram,1,synthetic_gps
2026-05-14 18:38:06,45.7358217,21.2610449,22.04,complex_aem,tram,1,synthetic_gps
2026-05-14 18:38:07,45.7359669,21.2610103,14.04,complex_aem,tram,1,synthetic_gps
2026-05-14 18:38:08,45.7358902,21.2610735,6.04,complex_aem,tram,1,synthetic_gps
2026-05-14 18:38:09,45.7359752,21.261052,14.04,complex_aem,tram,1,synthetic_gps
2026-05-14 18:38:10,45.7359694,21.2610404,10.77,complex_aem,tram,1,synthetic_gps
2026-05-14 18:38:11,45.7358986,21.2611033,18.77,complex_aem,tram,1,synthetic_gps
2026-05-14 18:38:12,45.7359157,21.2610995,13.8,complex_aem,tram,1,synthetic_gps
2026-05-14 18:38:13,45.7358114,21.2609711,19.56,complex_aem,tram,1,synthetic_gps
2026-05-14 18:38:14,45.7359724,21.2610745,19.53,complex_aem,tram,1,synthetic_gps
2026-05-14 18:38:15,45.7357937,21.2611127,11.53,complex_aem,tram,1,synthetic_gps
2026-05-14 18:38:16,45.7358638,21.2611227,12.86,complex_aem,tram,1,synthetic_gps
2026-05-14 18:38:17,45.7358875,21.2611375,15.34,complex_aem,tram,1,synthetic_gps
2026-05-14 18:38:18,45.7358331,21.26103,11.76,complex_aem,tram,1,synthetic_gps
2026-05-14 18:38:19,45.735721,21.2611244,19.76,complex_aem,tram,1,synthetic_gps
2026-05-14 18:38:20,45.7357653,21.2610648,27.76,complex_aem,tram,1,synthetic_gps
2026-05-14 18:38:21,45.7357825,21.2611169,19.76,complex_aem,tram,1,synthetic_gps
2026-05-14 18:38:22,45.7358236,21.2611313,17.15,complex_aem,tram,1,synthetic_gps
2026-05-14 18:38:23,45.735662,21.2611977,10.41,complex_aem,tram,1,synthetic_gps
2026-05-14 18:38:24,45.7358025,21.2611633,18.41,complex_aem,tram,1,synthetic_gps
2026-05-14 18:38:25,45.735716,21.2612271,18.94,complex_aem,tram,1,synthetic_gps
2026-05-14 18:38:26,45.7357834,21.2612208,26.94,complex_aem,tram,1,synthetic_gps
2026-05-14 18:38:27,45.7356079,21.2612336,18.94,complex_aem,tram,1,synthetic_gps
2026-05-14 18:38:28,45.7356962,21.2612849,26.94,complex_aem,tram,1,synthetic_gps
2026-05-14 18:38:29,45.7356862,21.2612644,18.94,complex_aem,tram,1,synthetic_gps
2026-05-14 18:38:30,45.7356551,21.2612407,26.87,complex_aem,tram,1,synthetic_gps
2026-05-14 18:38:31,45.7356601,21.2612863,18.87,complex_aem,tram,1,synthetic_gps
2026-05-14 18:38:32,45.7356787,21.2613241,23.35,complex_aem,tram,1,synthetic_gps
2026-05-14 18:38:33,45.7356846,21.2612517,15.35,complex_aem,tram,1,synthetic_gps
2026-05-14 18:38:34,45.7357047,21.2612542,11.04,complex_aem,tram,1,synthetic_gps
2026-05-14 18:38:35,45.7356252,21.2613302,19.04,complex_aem,tram,1,synthetic_gps
2026-05-14 18:38:36,45.7355692,21.261233,11.04,complex_aem,tram,1,synthetic_gps
2026-05-14 18:38:37,45.7355544,21.2613525,19.04,complex_aem,tram,1,synthetic_gps
2026-05-14 18:38:38,45.7355234,21.2613494,11.04,complex_aem,tram,1,synthetic_gps
2026-05-14 18:38:39,45.7355172,21.26128,19.04,complex_aem,tram,1,synthetic_gps
2026-05-14 18:38:40,45.7355384,21.2612422,23.63,complex_aem,tram,1,synthetic_gps
2026-05-14 18:38:41,45.7355777,21.2612538,17.1,complex_aem,tram,1,synthetic_gps
2026-05-14 18:38:42,45.7355085,21.2614672,12.07,complex_aem,tram,1,synthetic_gps
2026-05-14 18:38:43,45.7355505,21.2613537,20.07,complex_aem,tram,1,synthetic_gps
2026-05-14 18:38:44,45.7355733,21.2613251,24.15,complex_aem,tram,1,synthetic_gps
2026-05-14 18:38:45,45.7355304,21.2614287,22.06,complex_aem,tram,1,synthetic_gps
2026-05-14 18:38:46,45.7354774,21.2613212,16.49,complex_aem,tram,1,synthetic_gps
2026-05-14 18:38:47,45.7354251,21.2613706,13.86,complex_aem,tram,1,synthetic_gps
2026-05-14 18:38:48,45.7353509,21.2614578,21.86,complex_aem,tram,1,synthetic_gps
2026-05-14 18:38:49,45.7354733,21.2614116,13.86,complex_aem,tram,1,synthetic_gps
2026-05-14 18:38:50,45.7354251,21.2614449,14.05,complex_aem,tram,1,synthetic_gps
2026-05-14 18:38:51,45.7354264,21.2613443,13.53,complex_aem,tram,1,synthetic_gps
2026-05-14 18:38:52,45.7354429,21.2614639,21.53,complex_aem,tram,1,synthetic_gps
2026-05-14 18:38:53,45.735414,21.2614602,13.53,complex_aem,tram,1,synthetic_gps
2026-05-14 18:38:54,45.7353886,21.261438,11.63,complex_aem,tram,1,synthetic_gps
2026-05-14 18:38:55,45.7352947,21.2615065,8.56,complex_aem,tram,1,synthetic_gps
2026-05-14 18:38:56,45.7353767,21.2614215,16.04,complex_aem,tram,1,synthetic_gps
2026-05-14 18:38:57,45.7353767,21.2614743,14.7,complex_aem,tram,1,synthetic_gps
2026-05-14 18:38:58,45.7353108,21.2615394,22.7,complex_aem,tram,1,synthetic_gps
2026-05-14 18:38:59,45.7352942,21.2615985,14.7,complex_aem,tram,1,synthetic_gps
2026-05-14 18:39:00,45.7352091,21.2615287,6.7,complex_aem,tram,1,synthetic_gps
2026-05-14 18:39:01,45.7353165,21.2615145,1.58,complex_aem,tram,1,synthetic_gps
2026-05-14 18:39:02,45.735274,21.2616072,0.0,complex_aem,tram,1,synthetic_gps
2026-05-14 18:39:03,45.7351555,21.2616774,2.66,complex_aem,tram,1,synthetic_gps
2026-05-14 18:39:04,45.7352323,21.2615532,1.77,complex_aem,tram,1,synthetic_gps
2026-05-14 18:39:05,45.7352161,21.2616293,1.1,complex_aem,tram,1,synthetic_gps
2026-05-14 18:39:06,45.7352646,21.2616234,2.21,complex_aem,tram,1,synthetic_gps
2026-05-14 18:39:07,45.7353542,21.2615836,2.21,complex_aem,tram,1,synthetic_gps
2026-05-14 18:39:08,45.7352314,21.2615775,1.36,complex_aem,tram,1,synthetic_gps
2026-05-14 18:39:09,45.7353096,21.2616535,0.0,complex_aem,tram,1,synthetic_gps
2026-05-14 18:39:10,45.7351907,21.2616795,1.26,complex_aem,tram,1,synthetic_gps
2026-05-14 18:39:11,45.7351848,21.261677,1.6,complex_aem,tram,1,synthetic_gps
2026-05-14 18:39:12,45.7351803,21.2617301,1.08,complex_aem,tram,1,synthetic_gps
2026-05-14 18:39:13,45.735177,21.2616979,0.43,complex_aem,tram,1,synthetic_gps
2026-05-14 18:39:14,45.7351551,21.2617021,2.12,complex_aem,tram,1,synthetic_gps
2026-05-14 18:39:15,45.7351488,21.2616914,1.83,complex_aem,tram,1,synthetic_gps
2026-05-14 18:39:16,45.7351563,21.2617514,1.32,complex_aem,tram,1,synthetic_gps
2026-05-14 18:39:17,45.7351149,21.2618107,1.04,complex_aem,tram,1,synthetic_gps
2026-05-14 18:39:18,45.7350507,21.2617025,9.04,complex_aem,tram,1,synthetic_gps
2026-05-14 18:39:19,45.7351796,21.2616924,17.04,complex_aem,tram,1,synthetic_gps
2026-05-14 18:39:20,45.7350527,21.2617424,21.94,complex_aem,tram,1,synthetic_gps
2026-05-14 18:39:21,45.7351103,21.2617425,24.76,complex_aem,tram,1,synthetic_gps
2026-05-14 18:39:22,45.7350562,21.2617361,16.76,complex_aem,tram,1,synthetic_gps
2026-05-14 18:39:23,45.7350332,21.2616795,11.31,complex_aem,tram,1,synthetic_gps
2026-05-14 18:39:24,45.7350257,21.2617859,12.27,complex_aem,tram,1,synthetic_gps
2026-05-14 18:39:25,45.7350793,21.2617659,4.27,complex_aem,tram,1,synthetic_gps
2026-05-14 18:39:26,45.7350121,21.2618083,0.0,complex_aem,tram,1,synthetic_gps
2026-05-14 18:39:27,45.734931,21.2619293,8.0,complex_aem,tram,1,synthetic_gps
2026-05-14 18:39:28,45.7349833,21.2619231,16.0,complex_aem,tram,1,synthetic_gps
2026-05-14 18:39:29,45.734946,21.2618425,16.79,complex_aem,tram,1,synthetic_gps
2026-05-14 18:39:30,45.73502,21.2618663,18.28,complex_aem,tram,1,synthetic_gps
2026-05-14 18:39:31,45.7348681,21.2618384,26.1,complex_aem,tram,1,synthetic_gps
2026-05-14 18:39:32,45.7348902,21.2618542,25.46,complex_aem,tram,1,synthetic_gps
2026-05-14 18:39:33,45.734936,21.2618863,18.02,complex_aem,tram,1,synthetic_gps
2026-05-14 18:39:34,45.7347802,21.261887,10.93,complex_aem,tram,1,synthetic_gps
2026-05-14 18:39:35,45.734917,21.2619871,18.93,complex_aem,tram,1,synthetic_gps
2026-05-14 18:39:36,45.7348611,21.2619472,26.93,complex_aem,tram,1,synthetic_gps
2026-05-14 18:39:37,45.73496,21.261952,18.93,complex_aem,tram,1,synthetic_gps
2026-05-14 18:39:38,45.7349357,21.2619544,12.33,complex_aem,tram,1,synthetic_gps
2026-05-14 18:39:39,45.7348702,21.2619835,20.33,complex_aem,tram,1,synthetic_gps
2026-05-14 18:39:40,45.7347979,21.2619282,15.22,complex_aem,tram,1,synthetic_gps
2026-05-14 18:39:41,45.7348634,21.2619405,18.82,complex_aem,tram,1,synthetic_gps
2026-05-14 18:39:42,45.734858,21.2620097,14.79,complex_aem,tram,1,synthetic_gps
2026-05-14 18:39:43,45.734817,21.2619859,22.79,complex_aem,tram,1,synthetic_gps
2026-05-14 18:39:44,45.734814,21.2619863,17.77,complex_aem,tram,1,synthetic_gps
2026-05-14 18:39:45,45.7348327,21.2619665,9.77,complex_aem,tram,1,synthetic_gps
2026-05-14 18:39:46,45.7347978,21.2619736,14.91,complex_aem,tram,1,synthetic_gps
2026-05-14 18:39:47,45.734787,21.2620698,21.88,complex_aem,tram,1,synthetic_gps
2026-05-14 18:39:48,45.7347373,21.2620484,29.88,complex_aem,tram,1,synthetic_gps
2026-05-14 18:39:49,45.7347719,21.2620139,21.88,complex_aem,tram,1,synthetic_gps
2026-05-14 18:39:50,45.7346873,21.2621645,13.88,complex_aem,tram,1,synthetic_gps
2026-05-14 18:39:51,45.7347982,21.2620554,5.88,complex_aem,tram,1,synthetic_gps
2026-05-14 18:39:52,45.7347415,21.2621203,13.88,complex_aem,tram,1,synthetic_gps
2026-05-14 18:39:53,45.7346822,21.2620838,14.37,complex_aem,tram,1,synthetic_gps
2026-05-14 18:39:54,45.7346364,21.2621673,6.37,complex_aem,tram,1,synthetic_gps
2026-05-14 18:39:55,45.7347373,21.262186,10.61,complex_aem,tram,1,synthetic_gps
2026-05-14 18:39:56,45.7347029,21.2621647,18.61,complex_aem,tram,1,synthetic_gps
2026-05-14 18:39:57,45.7345635,21.2621293,26.61,complex_aem,tram,1,synthetic_gps
2026-05-14 18:39:58,45.734667,21.2621873,18.61,complex_aem,tram,1,synthetic_gps
2026-05-14 18:39:59,45.7345907,21.2622096,10.61,complex_aem,tram,1,synthetic_gps
2026-05-14 18:40:00,45.7346635,21.2621493,17.87,complex_aem,tram,1,synthetic_gps
2026-05-14 18:40:01,45.7345582,21.2621676,14.66,complex_aem,tram,1,synthetic_gps
2026-05-14 18:40:02,45.7345451,21.262163,16.45,complex_aem,tram,1,synthetic_gps
2026-05-14 18:40:03,45.7346122,21.2622365,8.45,complex_aem,tram,1,synthetic_gps
2026-05-14 18:40:04,45.7346547,21.2621811,16.45,complex_aem,tram,1,synthetic_gps
2026-05-14 18:40:05,45.7345136,21.262172,15.57,complex_aem,tram,1,synthetic_gps
2026-05-14 18:40:06,45.7344897,21.2622061,16.22,complex_aem,tram,1,synthetic_gps
2026-05-14 18:40:07,45.7345129,21.2622543,9.62,complex_aem,tram,1,synthetic_gps
2026-05-14 18:40:08,45.734491,21.2622936,13.09,complex_aem,tram,1,synthetic_gps
2026-05-14 18:40:09,45.7345288,21.2622351,15.77,complex_aem,tram,1,synthetic_gps
2026-05-14 18:40:10,45.7344604,21.2622664,23.77,complex_aem,tram,1,synthetic_gps
2026-05-14 18:40:11,45.7344179,21.2621855,15.77,complex_aem,tram,1,synthetic_gps
2026-05-14 18:40:12,45.7344587,21.2622823,21.81,complex_aem,tram,1,synthetic_gps
2026-05-14 18:40:13,45.7344927,21.2623125,13.81,complex_aem,tram,1,synthetic_gps
2026-05-14 18:40:14,45.7344847,21.2623125,11.84,complex_aem,tram,1,synthetic_gps
2026-05-14 18:40:15,45.7345301,21.2623425,17.55,complex_aem,tram,1,synthetic_gps
2026-05-14 18:40:16,45.734467,21.2622525,11.49,complex_aem,tram,1,synthetic_gps
2026-05-14 18:40:17,45.7343828,21.2623692,3.7,complex_aem,tram,1,synthetic_gps
2026-05-14 18:40:18,45.7344166,21.2624458,11.48,complex_aem,tram,1,synthetic_gps
2026-05-14 18:40:19,45.7343411,21.262309,12.47,complex_aem,tram,1,synthetic_gps
2026-05-14 18:40:20,45.7344649,21.2623832,18.03,complex_aem,tram,1,synthetic_gps
2026-05-14 18:40:21,45.7342952,21.2624731,17.99,complex_aem,tram,1,synthetic_gps
2026-05-14 18:40:22,45.7344059,21.2623699,18.12,complex_aem,tram,1,synthetic_gps
2026-05-14 18:40:23,45.7343583,21.2623955,19.18,complex_aem,tram,1,synthetic_gps
2026-05-14 18:40:24,45.7342134,21.2624525,15.93,complex_aem,tram,1,synthetic_gps
2026-05-14 18:40:25,45.7342837,21.2624464,14.15,complex_aem,tram,1,synthetic_gps
2026-05-14 18:40:26,45.734238,21.262371,9.1,complex_aem,tram,1,synthetic_gps
2026-05-14 18:40:27,45.7343932,21.2624707,15.48,complex_aem,tram,1,synthetic_gps
2026-05-14 18:40:28,45.7342655,21.2624678,23.48,complex_aem,tram,1,synthetic_gps
2026-05-14 18:40:29,45.7342398,21.2624937,21.73,complex_aem,tram,1,synthetic_gps
2026-05-14 18:40:30,45.7343061,21.2624737,24.41,complex_aem,tram,1,synthetic_gps
2026-05-14 18:40:31,45.7342241,21.2626315,21.47,complex_aem,tram,1,synthetic_gps
2026-05-14 18:40:32,45.734246,21.2625445,13.84,complex_aem,tram,1,synthetic_gps
2026-05-14 18:40:33,45.7343084,21.2625462,21.84,complex_aem,tram,1,synthetic_gps
2026-05-14 18:40:34,45.7342573,21.2626276,13.84,complex_aem,tram,1,synthetic_gps
2026-05-14 18:40:35,45.7341517,21.2624738,21.84,complex_aem,tram,1,synthetic_gps
2026-05-14 18:40:36,45.7341876,21.2626348,15.7,complex_aem,tram,1,synthetic_gps
2026-05-14 18:40:37,45.7341397,21.2625383,23.7,complex_aem,tram,1,synthetic_gps
2026-05-14 18:40:38,45.7340673,21.2625429,26.94,complex_aem,tram,1,synthetic_gps
2026-05-14 18:40:39,45.7341518,21.2625327,18.94,complex_aem,tram,1,synthetic_gps
2026-05-14 18:40:40,45.7341378,21.2625854,17.71,complex_aem,tram,1,synthetic_gps
2026-05-14 18:40:41,45.7341113,21.262624,9.71,complex_aem,tram,1,synthetic_gps
2026-05-14 18:40:42,45.7341697,21.2626137,8.8,complex_aem,tram,1,synthetic_gps
2026-05-14 18:40:43,45.7340903,21.2626635,11.56,complex_aem,tram,1,synthetic_gps
2026-05-14 18:40:44,45.7341365,21.2626405,7.7,complex_aem,tram,1,synthetic_gps
2026-05-14 18:40:45,45.7340547,21.2627352,15.7,complex_aem,tram,1,synthetic_gps
2026-05-14 18:40:46,45.7340965,21.2627099,23.46,complex_aem,tram,1,synthetic_gps
2026-05-14 18:40:47,45.7340735,21.2626475,15.46,complex_aem,tram,1,synthetic_gps
2026-05-14 18:40:48,45.7340202,21.262717,20.86,complex_aem,tram,1,synthetic_gps
2026-05-14 18:40:49,45.7340159,21.2627234,12.86,complex_aem,tram,1,synthetic_gps
2026-05-14 18:40:50,45.734038,21.2627432,19.45,complex_aem,tram,1,synthetic_gps
2026-05-14 18:40:51,45.7339891,21.2627065,22.18,complex_aem,tram,1,synthetic_gps
2026-05-14 18:40:52,45.7339109,21.2627234,21.82,complex_aem,tram,1,synthetic_gps
2026-05-14 18:40:53,45.7339929,21.2627679,20.17,complex_aem,tram,1,synthetic_gps
2026-05-14 18:40:54,45.7340712,21.2627591,12.17,complex_aem,tram,1,synthetic_gps
2026-05-14 18:40:55,45.7339921,21.2627609,20.17,complex_aem,tram,1,synthetic_gps
2026-05-14 18:40:56,45.73398,21.262829,24.12,complex_aem,tram,1,synthetic_gps
2026-05-14 18:40:57,45.7339359,21.2628243,20.11,complex_aem,tram,1,synthetic_gps
2026-05-14 18:40:58,45.7339334,21.2627776,20.89,complex_aem,tram,1,synthetic_gps
2026-05-14 18:40:59,45.7339453,21.2628389,19.25,complex_aem,tram,1,synthetic_gps
2026-05-14 18:41:00,45.7338325,21.2627216,27.25,complex_aem,tram,1,synthetic_gps
2026-05-14 18:41:01,45.7339059,21.26288,26.34,complex_aem,tram,1,synthetic_gps
2026-05-14 18:41:02,45.7337998,21.2629009,18.34,complex_aem,tram,1,synthetic_gps
2026-05-14 18:41:03,45.7338414,21.2629358,14.56,complex_aem,tram,1,synthetic_gps
2026-05-14 18:41:04,45.7338386,21.2629154,7.31,complex_aem,tram,1,synthetic_gps
2026-05-14 18:41:05,45.7338087,21.2628221,15.31,complex_aem,tram,1,synthetic_gps
2026-05-14 18:41:06,45.7338996,21.2629875,18.0,complex_aem,tram,1,synthetic_gps
2026-05-14 18:41:07,45.7337778,21.2628842,13.86,complex_aem,tram,1,synthetic_gps
2026-05-14 18:41:08,45.7337849,21.2628687,8.88,complex_aem,tram,1,synthetic_gps
2026-05-14 18:41:09,45.7337756,21.2628364,16.88,complex_aem,tram,1,synthetic_gps
2026-05-14 18:41:10,45.7338128,21.2629144,22.77,complex_aem,tram,1,synthetic_gps
2026-05-14 18:41:11,45.7337908,21.2628593,26.05,complex_aem,tram,1,synthetic_gps
2026-05-14 18:41:12,45.733832,21.2629305,18.05,complex_aem,tram,1,synthetic_gps
2026-05-14 18:41:13,45.7337317,21.2628492,17.56,complex_aem,tram,1,synthetic_gps
2026-05-14 18:41:14,45.7337437,21.262953,9.56,complex_aem,tram,1,synthetic_gps
2026-05-14 18:41:15,45.7336689,21.2629607,16.12,complex_aem,tram,1,synthetic_gps
2026-05-14 18:41:16,45.7336632,21.263038,24.12,complex_aem,tram,1,synthetic_gps
2026-05-14 18:41:17,45.7337467,21.2629877,23.42,complex_aem,tram,1,synthetic_gps
2026-05-14 18:41:18,45.7336508,21.2629231,24.4,complex_aem,tram,1,synthetic_gps
2026-05-14 18:41:19,45.7336384,21.2630521,21.19,complex_aem,tram,1,synthetic_gps
2026-05-14 18:41:20,45.7336302,21.2631099,17.3,complex_aem,tram,1,synthetic_gps
2026-05-14 18:41:21,45.7336596,21.2630831,9.3,complex_aem,tram,1,synthetic_gps
2026-05-14 18:41:22,45.7335987,21.2629826,8.11,complex_aem,tram,1,synthetic_gps
2026-05-14 18:41:23,45.7336762,21.2630276,10.57,complex_aem,tram,1,synthetic_gps
2026-05-14 18:41:24,45.7336758,21.2630179,11.91,complex_aem,tram,1,synthetic_gps
2026-05-14 18:41:25,45.7335641,21.2631467,19.38,complex_aem,tram,1,synthetic_gps
2026-05-14 18:41:26,45.7335607,21.2631771,18.87,complex_aem,tram,1,synthetic_gps
2026-05-14 18:41:27,45.7336134,21.2631326,10.87,complex_aem,tram,1,synthetic_gps
2026-05-14 18:41:28,45.7336285,21.263122,11.06,complex_aem,tram,1,synthetic_gps
2026-05-14 18:41:29,45.7335251,21.2632008,19.06,complex_aem,tram,1,synthetic_gps
2026-05-14 18:41:30,45.733515,21.2631378,19.07,complex_aem,tram,1,synthetic_gps
2026-05-14 18:41:31,45.7335012,21.2631853,20.47,complex_aem,tram,1,synthetic_gps
2026-05-14 18:41:32,45.7335133,21.2630943,23.1,complex_aem,tram,1,synthetic_gps
2026-05-14 18:41:33,45.7335374,21.2631332,15.1,complex_aem,tram,1,synthetic_gps
2026-05-14 18:41:34,45.7334537,21.2632249,19.17,complex_aem,tram,1,synthetic_gps
2026-05-14 18:41:35,45.7334549,21.2631729,15.33,complex_aem,tram,1,synthetic_gps
2026-05-14 18:41:36,45.73339,21.263246,23.33,complex_aem,tram,1,synthetic_gps
2026-05-14 18:41:37,45.7333993,21.2631598,18.13,complex_aem,tram,1,synthetic_gps
2026-05-14 18:41:38,45.7334255,21.2633059,13.92,complex_aem,tram,1,synthetic_gps
2026-05-14 18:41:39,45.7333965,21.263191,5.92,complex_aem,tram,1,synthetic_gps
2026-05-14 18:41:40,45.7334862,21.2632478,13.92,complex_aem,tram,1,synthetic_gps
2026-05-14 18:41:41,45.7335052,21.2632024,19.9,complex_aem,tram,1,synthetic_gps
2026-05-14 18:41:42,45.7334539,21.2632838,24.87,complex_aem,tram,1,synthetic_gps
2026-05-14 18:41:43,45.7334401,21.2632522,16.87,complex_aem,tram,1,synthetic_gps
2026-05-14 18:41:44,45.7333714,21.2632397,18.15,complex_aem,tram,1,synthetic_gps
2026-05-14 18:41:45,45.7334128,21.263194,11.28,complex_aem,tram,1,synthetic_gps
2026-05-14 18:41:46,45.7333712,21.2633445,19.28,complex_aem,tram,1,synthetic_gps
2026-05-14 18:41:47,45.7333093,21.2632902,14.0,complex_aem,tram,1,synthetic_gps
2026-05-14 18:41:48,45.7334083,21.2632784,22.0,complex_aem,tram,1,synthetic_gps
2026-05-14 18:41:49,45.7333159,21.2632914,14.0,complex_aem,tram,1,synthetic_gps
2026-05-14 18:41:50,45.7332363,21.2633347,11.0,complex_aem,tram,1,synthetic_gps
2026-05-14 18:41:51,45.7333129,21.2633988,19.0,complex_aem,tram,1,synthetic_gps
2026-05-14 18:41:52,45.7332403,21.2633145,11.0,complex_aem,tram,1,synthetic_gps
2026-05-14 18:41:53,45.7332829,21.2634223,19.0,complex_aem,tram,1,synthetic_gps
2026-05-14 18:41:54,45.7332114,21.2632964,20.19,complex_aem,tram,1,synthetic_gps
2026-05-14 18:41:55,45.7332385,21.2633721,12.19,complex_aem,tram,1,synthetic_gps
2026-05-14 18:41:56,45.7332022,21.2635096,20.19,complex_aem,tram,1,synthetic_gps
2026-05-14 18:41:57,45.7332502,21.2634353,21.29,complex_aem,tram,1,synthetic_gps
2026-05-14 18:41:58,45.7332322,21.2634118,18.2,complex_aem,tram,1,synthetic_gps
2026-05-14 18:41:59,45.7331696,21.2633819,17.1,complex_aem,tram,1,synthetic_gps
2026-05-14 18:42:00,45.7331486,21.2634347,9.1,complex_aem,tram,1,synthetic_gps
2026-05-14 18:42:01,45.7331208,21.263402,1.8,complex_aem,tram,1,synthetic_gps
2026-05-14 18:42:02,45.7331832,21.2634753,1.91,complex_aem,tram,1,synthetic_gps
2026-05-14 18:42:03,45.7331261,21.2634866,1.58,complex_aem,tram,1,synthetic_gps
2026-05-14 18:42:04,45.7331225,21.2634902,1.75,complex_aem,tram,1,synthetic_gps
2026-05-14 18:42:05,45.7330798,21.263495,2.01,complex_aem,tram,1,synthetic_gps
2026-05-14 18:42:06,45.7331278,21.2635718,1.33,complex_aem,tram,1,synthetic_gps
2026-05-14 18:42:07,45.7330814,21.2635652,2.63,complex_aem,tram,1,synthetic_gps
2026-05-14 18:42:08,45.7331149,21.2635098,1.28,complex_aem,tram,1,synthetic_gps
2026-05-14 18:42:09,45.7330305,21.2635736,0.22,complex_aem,tram,1,synthetic_gps
2026-05-14 18:42:10,45.7330228,21.263538,0.23,complex_aem,tram,1,synthetic_gps
2026-05-14 18:42:11,45.7330366,21.2636278,0.63,complex_aem,tram,1,synthetic_gps
2026-05-14 18:42:12,45.7330129,21.2634877,0.39,complex_aem,tram,1,synthetic_gps
2026-05-14 18:42:13,45.7331172,21.2636156,0.82,complex_aem,tram,1,synthetic_gps
2026-05-14 18:42:14,45.7330155,21.2634449,1.02,complex_aem,tram,1,synthetic_gps
2026-05-14 18:42:15,45.7329916,21.2635619,1.99,complex_aem,tram,1,synthetic_gps
2026-05-14 18:42:16,45.7329346,21.2635861,1.24,complex_aem,tram,1,synthetic_gps
2026-05-14 18:42:17,45.7330223,21.2636198,2.35,complex_aem,tram,1,synthetic_gps
2026-05-14 18:42:18,45.7330309,21.2637218,10.35,complex_aem,tram,1,synthetic_gps
2026-05-14 18:42:19,45.732982,21.2635871,15.87,complex_aem,tram,1,synthetic_gps
2026-05-14 18:42:20,45.7329359,21.2637259,23.87,complex_aem,tram,1,synthetic_gps
2026-05-14 18:42:21,45.7329412,21.2636859,15.87,complex_aem,tram,1,synthetic_gps
2026-05-14 18:42:22,45.7328957,21.263748,23.87,complex_aem,tram,1,synthetic_gps
2026-05-14 18:42:23,45.7329395,21.2636505,17.58,complex_aem,tram,1,synthetic_gps
2026-05-14 18:42:24,45.7328161,21.263801,13.92,complex_aem,tram,1,synthetic_gps
2026-05-14 18:42:25,45.7329392,21.2636481,13.2,complex_aem,tram,1,synthetic_gps
2026-05-14 18:42:26,45.7328669,21.2636971,21.17,complex_aem,tram,1,synthetic_gps
2026-05-14 18:42:27,45.7328622,21.2637229,19.01,complex_aem,tram,1,synthetic_gps
2026-05-14 18:42:28,45.7329447,21.2637522,11.01,complex_aem,tram,1,synthetic_gps
2026-05-14 18:42:29,45.7328174,21.2636967,17.29,complex_aem,tram,1,synthetic_gps
2026-05-14 18:42:30,45.7328752,21.2637217,25.29,complex_aem,tram,1,synthetic_gps
2026-05-14 18:42:31,45.7328157,21.2637555,30.79,complex_aem,tram,1,synthetic_gps
2026-05-14 18:42:32,45.732659,21.2638793,22.79,complex_aem,tram,1,synthetic_gps
2026-05-14 18:42:33,45.7327518,21.263757,19.2,complex_aem,tram,1,synthetic_gps
2026-05-14 18:42:34,45.7328188,21.2638414,17.71,complex_aem,tram,1,synthetic_gps
2026-05-14 18:42:35,45.7328677,21.2637775,14.21,complex_aem,tram,1,synthetic_gps
2026-05-14 18:42:36,45.7327802,21.2637888,14.2,complex_aem,tram,1,synthetic_gps
2026-05-14 18:42:37,45.7328311,21.2637859,8.84,complex_aem,tram,1,synthetic_gps
2026-05-14 18:42:38,45.732703,21.2638733,16.84,complex_aem,tram,1,synthetic_gps
2026-05-14 18:42:39,45.7327773,21.2638393,14.38,complex_aem,tram,1,synthetic_gps
2026-05-14 18:42:40,45.7327647,21.2638437,18.95,complex_aem,tram,1,synthetic_gps
2026-05-14 18:42:41,45.7327057,21.2638373,10.95,complex_aem,tram,1,synthetic_gps
2026-05-14 18:42:42,45.7326993,21.2638547,18.95,complex_aem,tram,1,synthetic_gps
2026-05-14 18:42:43,45.73261,21.2639364,17.41,complex_aem,tram,1,synthetic_gps
2026-05-14 18:42:44,45.7325948,21.2639849,20.68,complex_aem,tram,1,synthetic_gps
2026-05-14 18:42:45,45.7327125,21.2639112,22.18,complex_aem,tram,1,synthetic_gps
2026-05-14 18:42:46,45.732711,21.2639939,14.18,complex_aem,tram,1,synthetic_gps
2026-05-14 18:42:47,45.7325008,21.263918,19.24,complex_aem,tram,1,synthetic_gps
2026-05-14 18:42:48,45.7326045,21.2639764,23.13,complex_aem,tram,1,synthetic_gps
2026-05-14 18:42:49,45.7326485,21.2640582,22.9,complex_aem,tram,1,synthetic_gps
2026-05-14 18:42:50,45.7326089,21.2639902,19.52,complex_aem,tram,1,synthetic_gps
2026-05-14 18:42:51,45.732599,21.2640344,14.21,complex_aem,tram,1,synthetic_gps
2026-05-14 18:42:52,45.7325706,21.2639206,20.01,complex_aem,tram,1,synthetic_gps
2026-05-14 18:42:53,45.7325204,21.2640361,21.62,complex_aem,tram,1,synthetic_gps
2026-05-14 18:42:54,45.7325665,21.2640442,20.31,complex_aem,tram,1,synthetic_gps
2026-05-14 18:42:55,45.7325375,21.2640203,21.24,complex_aem,tram,1,synthetic_gps
2026-05-14 18:42:56,45.7325261,21.2639898,25.14,complex_aem,tram,1,synthetic_gps
2026-05-14 18:42:57,45.7325026,21.2640712,17.14,complex_aem,tram,1,synthetic_gps
2026-05-14 18:42:58,45.7325431,21.2640861,20.9,complex_aem,tram,1,synthetic_gps
2026-05-14 18:42:59,45.7324489,21.2640827,13.11,complex_aem,tram,1,synthetic_gps
2026-05-14 18:43:00,45.7323764,21.264057,21.11,complex_aem,tram,1,synthetic_gps
2026-05-14 18:43:01,45.7324816,21.2639576,25.93,complex_aem,tram,1,synthetic_gps
2026-05-14 18:43:02,45.7324319,21.2641386,23.13,complex_aem,tram,1,synthetic_gps
2026-05-14 18:43:03,45.7323992,21.2640903,23.34,complex_aem,tram,1,synthetic_gps
2026-05-14 18:43:04,45.7324208,21.264099,24.39,complex_aem,tram,1,synthetic_gps
2026-05-14 18:43:05,45.7323909,21.2641898,16.39,complex_aem,tram,1,synthetic_gps
2026-05-14 18:43:06,45.7324121,21.2641233,14.55,complex_aem,tram,1,synthetic_gps
2026-05-14 18:43:07,45.7323919,21.2641469,15.71,complex_aem,tram,1,synthetic_gps
2026-05-14 18:43:08,45.732409,21.2641713,23.71,complex_aem,tram,1,synthetic_gps
2026-05-14 18:43:09,45.7323671,21.2641926,15.71,complex_aem,tram,1,synthetic_gps
2026-05-14 18:43:10,45.7322621,21.2641861,20.6,complex_aem,tram,1,synthetic_gps
2026-05-14 18:43:11,45.7323137,21.2641141,20.27,complex_aem,tram,1,synthetic_gps
2026-05-14 18:43:12,45.7322996,21.264236,12.27,complex_aem,tram,1,synthetic_gps
2026-05-14 18:43:13,45.7322791,21.2641974,6.29,complex_aem,tram,1,synthetic_gps
2026-05-14 18:43:14,45.7323188,21.2642409,6.57,complex_aem,tram,1,synthetic_gps
2026-05-14 18:43:15,45.7323482,21.2642508,14.57,complex_aem,tram,1,synthetic_gps
2026-05-14 18:43:16,45.7323044,21.2643175,22.57,complex_aem,tram,1,synthetic_gps
2026-05-14 18:43:17,45.7322345,21.2642868,21.13,complex_aem,tram,1,synthetic_gps
2026-05-14 18:43:18,45.7321983,21.2642629,18.86,complex_aem,tram,1,synthetic_gps
2026-05-14 18:43:19,45.7322291,21.2642369,19.77,complex_aem,tram,1,synthetic_gps
2026-05-14 18:43:20,45.7322355,21.2642996,26.68,complex_aem,tram,1,synthetic_gps
2026-05-14 18:43:21,45.7322463,21.2643776,22.08,complex_aem,tram,1,synthetic_gps
2026-05-14 18:43:22,45.7322709,21.2643126,14.08,complex_aem,tram,1,synthetic_gps
2026-05-14 18:43:23,45.7321248,21.2643411,22.08,complex_aem,tram,1,synthetic_gps
2026-05-14 18:43:24,45.732182,21.2643272,14.08,complex_aem,tram,1,synthetic_gps
2026-05-14 18:43:25,45.7321769,21.2643277,13.95,complex_aem,tram,1,synthetic_gps
2026-05-14 18:43:26,45.7322073,21.2643468,21.95,complex_aem,tram,1,synthetic_gps
2026-05-14 18:43:27,45.7322232,21.2643996,19.07,complex_aem,tram,1,synthetic_gps
2026-05-14 18:43:28,45.7321697,21.2643575,23.27,complex_aem,tram,1,synthetic_gps
2026-05-14 18:43:29,45.7321344,21.2644097,16.09,complex_aem,tram,1,synthetic_gps
2026-05-14 18:43:30,45.7321259,21.2644396,23.22,complex_aem,tram,1,synthetic_gps
2026-05-14 18:43:31,45.7321225,21.264408,17.12,complex_aem,tram,1,synthetic_gps
2026-05-14 18:43:32,45.732088,21.2643656,25.12,complex_aem,tram,1,synthetic_gps
2026-05-14 18:43:33,45.7320591,21.264352,17.12,complex_aem,tram,1,synthetic_gps
2026-05-14 18:43:34,45.7320373,21.2644633,22.05,complex_aem,tram,1,synthetic_gps
2026-05-14 18:43:35,45.7320299,21.2644298,16.64,complex_aem,tram,1,synthetic_gps
2026-05-14 18:43:36,45.7320227,21.2644699,8.64,complex_aem,tram,1,synthetic_gps
2026-05-14 18:43:37,45.7320245,21.2645472,8.36,complex_aem,tram,1,synthetic_gps
2026-05-14 18:43:38,45.7320466,21.2645146,16.36,complex_aem,tram,1,synthetic_gps
2026-05-14 18:43:39,45.7319747,21.264477,12.93,complex_aem,tram,1,synthetic_gps
2026-05-14 18:43:40,45.7321413,21.2644933,20.93,complex_aem,tram,1,synthetic_gps
2026-05-14 18:43:41,45.7319364,21.2644648,18.35,complex_aem,tram,1,synthetic_gps
2026-05-14 18:43:42,45.731978,21.2644156,10.35,complex_aem,tram,1,synthetic_gps
2026-05-14 18:43:43,45.7320133,21.2645814,15.29,complex_aem,tram,1,synthetic_gps
2026-05-14 18:43:44,45.7318937,21.2645356,23.29,complex_aem,tram,1,synthetic_gps
2026-05-14 18:43:45,45.7319005,21.2646011,24.11,complex_aem,tram,1,synthetic_gps
2026-05-14 18:43:46,45.7320023,21.2645243,18.44,complex_aem,tram,1,synthetic_gps
2026-05-14 18:43:47,45.7319446,21.2645641,13.74,complex_aem,tram,1,synthetic_gps
2026-05-14 18:43:48,45.7319032,21.2645057,5.85,complex_aem,tram,1,synthetic_gps
2026-05-14 18:43:49,45.7320061,21.2645108,13.85,complex_aem,tram,1,synthetic_gps
2026-05-14 18:43:50,45.7320051,21.2645788,21.85,complex_aem,tram,1,synthetic_gps
2026-05-14 18:43:51,45.7318792,21.2646726,13.85,complex_aem,tram,1,synthetic_gps
2026-05-14 18:43:52,45.7319336,21.264589,19.01,complex_aem,tram,1,synthetic_gps
2026-05-14 18:43:53,45.7318957,21.2646301,27.01,complex_aem,tram,1,synthetic_gps
2026-05-14 18:43:54,45.7319035,21.2646396,20.07,complex_aem,tram,1,synthetic_gps
2026-05-14 18:43:55,45.7318698,21.2645993,25.4,complex_aem,tram,1,synthetic_gps
2026-05-14 18:43:56,45.7318305,21.2646428,17.4,complex_aem,tram,1,synthetic_gps
2026-05-14 18:43:57,45.7318899,21.2646425,9.4,complex_aem,tram,1,synthetic_gps
2026-05-14 18:43:58,45.7317835,21.2646425,17.4,complex_aem,tram,1,synthetic_gps
2026-05-14 18:43:59,45.7318966,21.2646644,22.92,complex_aem,tram,1,synthetic_gps
2026-05-14 18:44:00,45.7318517,21.2646687,14.92,complex_aem,tram,1,synthetic_gps
2026-05-14 18:44:01,45.7317933,21.2647069,19.7,complex_aem,tram,1,synthetic_gps
2026-05-14 18:44:02,45.7317865,21.2646668,16.0,complex_aem,tram,1,synthetic_gps
2026-05-14 18:44:03,45.731817,21.264735,17.64,complex_aem,tram,1,synthetic_gps
2026-05-14 18:44:04,45.7317769,21.2646514,25.64,complex_aem,tram,1,synthetic_gps
2026-05-14 18:44:05,45.7317818,21.2647024,17.64,complex_aem,tram,1,synthetic_gps
2026-05-14 18:44:06,45.7318364,21.2647569,22.74,complex_aem,tram,1,synthetic_gps
2026-05-14 18:44:07,45.7318294,21.2646937,14.74,complex_aem,tram,1,synthetic_gps
2026-05-14 18:44:08,45.7318097,21.2647271,22.74,complex_aem,tram,1,synthetic_gps
2026-05-14 18:44:09,45.7317197,21.264686,14.74,complex_aem,tram,1,synthetic_gps
2026-05-14 18:44:10,45.7317674,21.2647702,15.5,complex_aem,tram,1,synthetic_gps
2026-05-14 18:44:11,45.7317801,21.2648164,11.62,complex_aem,tram,1,synthetic_gps
2026-05-14 18:44:12,45.7317025,21.2648076,17.3,complex_aem,tram,1,synthetic_gps
2026-05-14 18:44:13,45.7316794,21.2647462,14.3,complex_aem,tram,1,synthetic_gps
2026-05-14 18:44:14,45.7316553,21.2647303,18.36,complex_aem,tram,1,synthetic_gps
2026-05-14 18:44:15,45.7317234,21.2647863,21.95,complex_aem,tram,1,synthetic_gps
2026-05-14 18:44:16,45.7317103,21.264826,13.95,complex_aem,tram,1,synthetic_gps
2026-05-14 18:44:17,45.7316978,21.2647033,12.32,complex_aem,tram,1,synthetic_gps
2026-05-14 18:44:18,45.731786,21.2647578,20.32,complex_aem,tram,1,synthetic_gps
2026-05-14 18:44:19,45.7316938,21.2647716,18.94,complex_aem,tram,1,synthetic_gps
2026-05-14 18:44:20,45.7317141,21.2648507,14.42,complex_aem,tram,1,synthetic_gps
2026-05-14 18:44:21,45.7316547,21.2648619,8.35,complex_aem,tram,1,synthetic_gps
2026-05-14 18:44:22,45.7316822,21.2647971,5.12,complex_aem,tram,1,synthetic_gps
2026-05-14 18:44:23,45.7317074,21.2647981,2.66,complex_aem,tram,1,synthetic_gps
2026-05-14 18:44:24,45.7316542,21.2648536,0.09,complex_aem,tram,1,synthetic_gps
2026-05-14 18:44:25,45.7316454,21.264787,7.91,complex_aem,tram,1,synthetic_gps
2026-05-14 18:44:26,45.7316002,21.2648375,15.91,complex_aem,tram,1,synthetic_gps
2026-05-14 18:44:27,45.7316378,21.2649025,18.09,complex_aem,tram,1,synthetic_gps
2026-05-14 18:44:28,45.7316518,21.2648211,26.09,complex_aem,tram,1,synthetic_gps
2026-05-14 18:44:29,45.7315492,21.2648212,22.37,complex_aem,tram,1,synthetic_gps
2026-05-14 18:44:30,45.7316323,21.2649785,15.51,complex_aem,tram,1,synthetic_gps
2026-05-14 18:44:31,45.7315858,21.2649046,22.7,complex_aem,tram,1,synthetic_gps
2026-05-14 18:44:32,45.7315751,21.2648862,14.7,complex_aem,tram,1,synthetic_gps
2026-05-14 18:44:33,45.7315533,21.2649485,8.24,complex_aem,tram,1,synthetic_gps
2026-05-14 18:44:34,45.7315273,21.2649329,7.4,complex_aem,tram,1,synthetic_gps
2026-05-14 18:44:35,45.7315941,21.264905,15.4,complex_aem,tram,1,synthetic_gps
2026-05-14 18:44:36,45.7315782,21.2649541,15.19,complex_aem,tram,1,synthetic_gps
2026-05-14 18:44:37,45.7314797,21.2649677,7.19,complex_aem,tram,1,synthetic_gps
2026-05-14 18:44:38,45.7315582,21.265038,13.24,complex_aem,tram,1,synthetic_gps
2026-05-14 18:44:39,45.7315691,21.2649942,20.94,complex_aem,tram,1,synthetic_gps
2026-05-14 18:44:40,45.7315522,21.2649283,12.94,complex_aem,tram,1,synthetic_gps
2026-05-14 18:44:41,45.7315324,21.2650029,4.94,complex_aem,tram,1,synthetic_gps
2026-05-14 18:44:42,45.7315784,21.2649711,12.94,complex_aem,tram,1,synthetic_gps
2026-05-14 18:44:43,45.731498,21.2650313,20.94,complex_aem,tram,1,synthetic_gps
2026-05-14 18:44:44,45.7314455,21.2650062,14.61,complex_aem,tram,1,synthetic_gps
2026-05-14 18:44:45,45.731527,21.2649942,13.57,complex_aem,tram,1,synthetic_gps
2026-05-14 18:44:46,45.7314412,21.2649981,5.57,complex_aem,tram,1,synthetic_gps
2026-05-14 18:44:47,45.7315652,21.264993,13.57,complex_aem,tram,1,synthetic_gps
2026-05-14 18:44:48,45.7314954,21.2649517,16.01,complex_aem,tram,1,synthetic_gps
2026-05-14 18:44:49,45.7315349,21.2650541,8.01,complex_aem,tram,1,synthetic_gps
2026-05-14 18:44:50,45.7315465,21.2650811,16.01,complex_aem,tram,1,synthetic_gps
2026-05-14 18:44:51,45.7314623,21.2649845,10.91,complex_aem,tram,1,synthetic_gps
2026-05-14 18:44:52,45.731414,21.2650249,15.03,complex_aem,tram,1,synthetic_gps
2026-05-14 18:44:53,45.731412,21.2651106,23.03,complex_aem,tram,1,synthetic_gps
2026-05-14 18:44:54,45.7314276,21.2650841,15.03,complex_aem,tram,1,synthetic_gps
2026-05-14 18:44:55,45.7313097,21.2650659,17.54,complex_aem,tram,1,synthetic_gps
2026-05-14 18:44:56,45.7314209,21.2650963,25.54,complex_aem,tram,1,synthetic_gps
2026-05-14 18:44:57,45.7314476,21.2651365,25.89,complex_aem,tram,1,synthetic_gps
2026-05-14 18:44:58,45.7314011,21.2651431,20.45,complex_aem,tram,1,synthetic_gps
2026-05-14 18:44:59,45.7313967,21.2651233,12.45,complex_aem,tram,1,synthetic_gps
2026-05-14 18:45:00,45.7314106,21.2651104,4.45,complex_aem,tram,1,synthetic_gps
2026-05-14 18:45:01,45.7314001,21.265099,1.51,complex_aem,tram,1,synthetic_gps
2026-05-14 18:45:02,45.7313622,21.265187,1.97,complex_aem,tram,1,synthetic_gps
2026-05-14 18:45:03,45.7312941,21.2650859,1.3,complex_aem,tram,1,synthetic_gps
2026-05-14 18:45:04,45.7313215,21.2651598,1.02,complex_aem,tram,1,synthetic_gps
2026-05-14 18:45:05,45.7313071,21.2651597,1.84,complex_aem,tram,1,synthetic_gps
2026-05-14 18:45:06,45.7314226,21.2651862,2.8,complex_aem,tram,1,synthetic_gps
2026-05-14 18:45:07,45.7313647,21.2652115,1.54,complex_aem,tram,1,synthetic_gps
2026-05-14 18:45:08,45.7313218,21.2651351,0.76,complex_aem,tram,1,synthetic_gps
2026-05-14 18:45:09,45.731319,21.265234,1.61,complex_aem,tram,1,synthetic_gps
2026-05-14 18:45:10,45.7313309,21.2652586,0.28,complex_aem,tram,1,synthetic_gps
2026-05-14 18:45:11,45.7312773,21.2652167,1.91,complex_aem,tram,1,synthetic_gps
2026-05-14 18:45:12,45.7312875,21.2653089,2.05,complex_aem,tram,1,synthetic_gps
2026-05-14 18:45:13,45.7312924,21.2653041,1.28,complex_aem,tram,1,synthetic_gps
2026-05-14 18:45:14,45.7312763,21.26511,0.0,complex_aem,tram,1,synthetic_gps
2026-05-14 18:45:15,45.7312328,21.2652633,1.47,complex_aem,tram,1,synthetic_gps
2026-05-14 18:45:16,45.7311856,21.2651919,2.28,complex_aem,tram,1,synthetic_gps
2026-05-14 18:45:17,45.7312769,21.2652985,0.93,complex_aem,tram,1,synthetic_gps
2026-05-14 18:45:18,45.7311298,21.2652783,8.93,complex_aem,tram,1,synthetic_gps
2026-05-14 18:45:19,45.7312228,21.2653076,1.57,complex_aem,tram,1,synthetic_gps
2026-05-14 18:45:20,45.731234,21.2652769,9.57,complex_aem,tram,1,synthetic_gps
2026-05-14 18:45:21,45.7311586,21.2653446,17.57,complex_aem,tram,1,synthetic_gps
2026-05-14 18:45:22,45.7310555,21.2652851,16.84,complex_aem,tram,1,synthetic_gps
2026-05-14 18:45:23,45.731178,21.265334,18.26,complex_aem,tram,1,synthetic_gps
2026-05-14 18:45:24,45.731151,21.2652348,26.26,complex_aem,tram,1,synthetic_gps
2026-05-14 18:45:25,45.73116,21.2653306,24.15,complex_aem,tram,1,synthetic_gps
2026-05-14 18:45:26,45.7311422,21.2653116,16.15,complex_aem,tram,1,synthetic_gps
2026-05-14 18:45:27,45.7310877,21.2652824,17.69,complex_aem,tram,1,synthetic_gps
2026-05-14 18:45:28,45.7312156,21.2652884,9.69,complex_aem,tram,1,synthetic_gps
2026-05-14 18:45:29,45.7310876,21.265352,5.67,complex_aem,tram,1,synthetic_gps
2026-05-14 18:45:30,45.7311153,21.2653585,13.67,complex_aem,tram,1,synthetic_gps
2026-05-14 18:45:31,45.7310926,21.2654235,19.31,complex_aem,tram,1,synthetic_gps
2026-05-14 18:45:32,45.7311049,21.2654258,11.31,complex_aem,tram,1,synthetic_gps
2026-05-14 18:45:33,45.7310338,21.2653344,9.09,complex_aem,tram,1,synthetic_gps
2026-05-14 18:45:34,45.7311324,21.2653817,11.23,complex_aem,tram,1,synthetic_gps
2026-05-14 18:45:35,45.7310763,21.26541,7.7,complex_aem,tram,1,synthetic_gps
2026-05-14 18:45:36,45.7310586,21.2654593,6.87,complex_aem,tram,1,synthetic_gps
2026-05-14 18:45:37,45.7310519,21.2654166,14.87,complex_aem,tram,1,synthetic_gps
2026-05-14 18:45:38,45.7310578,21.2653769,7.56,complex_aem,tram,1,synthetic_gps
2026-05-14 18:45:39,45.7311302,21.265457,15.56,complex_aem,tram,1,synthetic_gps
2026-05-14 18:45:40,45.7311047,21.2654991,21.68,complex_aem,tram,1,synthetic_gps
2026-05-14 18:45:41,45.7309939,21.2654193,28.99,complex_aem,tram,1,synthetic_gps
2026-05-14 18:45:42,45.7310768,21.2655026,20.99,complex_aem,tram,1,synthetic_gps
2026-05-14 18:45:43,45.7310647,21.2655354,18.79,complex_aem,tram,1,synthetic_gps
2026-05-14 18:45:44,45.731059,21.2654631,17.12,complex_aem,tram,1,synthetic_gps
2026-05-14 18:45:45,45.730984,21.2654492,23.75,complex_aem,tram,1,synthetic_gps
2026-05-14 18:45:46,45.731011,21.2655286,15.75,complex_aem,tram,1,synthetic_gps
2026-05-14 18:45:47,45.7310805,21.2655275,9.51,complex_aem,tram,1,synthetic_gps
2026-05-14 18:45:48,45.7309828,21.2655563,16.94,complex_aem,tram,1,synthetic_gps
2026-05-14 18:45:49,45.7310161,21.2655226,15.85,complex_aem,tram,1,synthetic_gps
2026-05-14 18:45:50,45.7309362,21.2655117,14.8,complex_aem,tram,1,synthetic_gps
2026-05-14 18:45:51,45.7309499,21.2655217,22.78,complex_aem,tram,1,synthetic_gps
2026-05-14 18:45:52,45.7309655,21.2655072,19.95,complex_aem,tram,1,synthetic_gps
2026-05-14 18:45:53,45.7309493,21.2656179,15.27,complex_aem,tram,1,synthetic_gps
2026-05-14 18:45:54,45.7309075,21.265563,8.63,complex_aem,tram,1,synthetic_gps
2026-05-14 18:45:55,45.7309044,21.2656404,16.54,complex_aem,tram,1,synthetic_gps
2026-05-14 18:45:56,45.7309362,21.2655563,24.54,complex_aem,tram,1,synthetic_gps
2026-05-14 18:45:57,45.7309381,21.2655692,16.54,complex_aem,tram,1,synthetic_gps
2026-05-14 18:45:58,45.7308974,21.2655,23.55,complex_aem,tram,1,synthetic_gps
2026-05-14 18:45:59,45.7309519,21.2656006,15.55,complex_aem,tram,1,synthetic_gps
2026-05-14 18:46:00,45.7308835,21.2656428,22.95,complex_aem,tram,1,synthetic_gps
2026-05-14 18:46:01,45.7309606,21.2656743,14.95,complex_aem,tram,1,synthetic_gps
2026-05-14 18:46:02,45.7308093,21.265656,21.11,complex_aem,tram,1,synthetic_gps
2026-05-14 18:46:03,45.7308974,21.2655472,18.47,complex_aem,tram,1,synthetic_gps
2026-05-14 18:46:04,45.7308366,21.2655973,20.86,complex_aem,tram,1,synthetic_gps
2026-05-14 18:46:05,45.7308103,21.2656,28.86,complex_aem,tram,1,synthetic_gps
2026-05-14 18:46:06,45.7308481,21.2656924,28.27,complex_aem,tram,1,synthetic_gps
2026-05-14 18:46:07,45.7307636,21.2656488,20.27,complex_aem,tram,1,synthetic_gps
2026-05-14 18:46:08,45.7308508,21.2656559,12.27,complex_aem,tram,1,synthetic_gps
2026-05-14 18:46:09,45.730953,21.2656898,20.27,complex_aem,tram,1,synthetic_gps
2026-05-14 18:46:10,45.7308084,21.2655992,12.27,complex_aem,tram,1,synthetic_gps
2026-05-14 18:46:11,45.7308437,21.2656685,20.27,complex_aem,tram,1,synthetic_gps
2026-05-14 18:46:12,45.7307961,21.2657491,28.27,complex_aem,tram,1,synthetic_gps
2026-05-14 18:46:13,45.7308507,21.2657056,20.27,complex_aem,tram,1,synthetic_gps
2026-05-14 18:46:14,45.7308017,21.2657527,24.02,complex_aem,tram,1,synthetic_gps
2026-05-14 18:46:15,45.7308522,21.2658027,16.02,complex_aem,tram,1,synthetic_gps
2026-05-14 18:46:16,45.730747,21.2657625,21.87,complex_aem,tram,1,synthetic_gps
2026-05-14 18:46:17,45.7307691,21.2655994,18.51,complex_aem,tram,1,synthetic_gps
2026-05-14 18:46:18,45.7307351,21.2657968,16.28,complex_aem,tram,1,synthetic_gps
2026-05-14 18:46:19,45.7307214,21.2657809,8.93,complex_aem,tram,1,synthetic_gps
2026-05-14 18:46:20,45.7307641,21.2656968,14.54,complex_aem,tram,1,synthetic_gps
2026-05-14 18:46:21,45.7308166,21.2657818,17.42,complex_aem,tram,1,synthetic_gps
2026-05-14 18:46:22,45.7306868,21.265675,17.69,complex_aem,tram,1,synthetic_gps
2026-05-14 18:46:23,45.7306777,21.2657827,9.69,complex_aem,tram,1,synthetic_gps
2026-05-14 18:46:24,45.7306655,21.2657848,4.7,complex_aem,tram,1,synthetic_gps
2026-05-14 18:46:25,45.7307114,21.2657282,12.7,complex_aem,tram,1,synthetic_gps
2026-05-14 18:46:26,45.7307217,21.2658625,4.7,complex_aem,tram,1,synthetic_gps
2026-05-14 18:46:27,45.7306748,21.2657269,8.63,complex_aem,tram,1,synthetic_gps
2026-05-14 18:46:28,45.7307603,21.2658392,11.06,complex_aem,tram,1,synthetic_gps
2026-05-14 18:46:29,45.7307317,21.2658631,3.06,complex_aem,tram,1,synthetic_gps
2026-05-14 18:46:30,45.7306729,21.2658718,11.06,complex_aem,tram,1,synthetic_gps
2026-05-14 18:46:31,45.7306758,21.2658661,17.73,complex_aem,tram,1,synthetic_gps
2026-05-14 18:46:32,45.7306469,21.2658305,16.67,complex_aem,tram,1,synthetic_gps
2026-05-14 18:46:33,45.7306465,21.2659634,19.2,complex_aem,tram,1,synthetic_gps
2026-05-14 18:46:34,45.7306125,21.2659,11.2,complex_aem,tram,1,synthetic_gps
2026-05-14 18:46:35,45.7305521,21.2658921,14.51,complex_aem,tram,1,synthetic_gps
2026-05-14 18:46:36,45.7306186,21.2659727,19.83,complex_aem,tram,1,synthetic_gps
2026-05-14 18:46:37,45.7304941,21.2658627,18.63,complex_aem,tram,1,synthetic_gps
2026-05-14 18:46:38,45.7306912,21.26597,11.81,complex_aem,tram,1,synthetic_gps
2026-05-14 18:46:39,45.7305811,21.2658724,18.84,complex_aem,tram,1,synthetic_gps
2026-05-14 18:46:40,45.7305467,21.2659209,25.64,complex_aem,tram,1,synthetic_gps
2026-05-14 18:46:41,45.7305903,21.2659467,17.64,complex_aem,tram,1,synthetic_gps
2026-05-14 18:46:42,45.7306769,21.2659207,22.61,complex_aem,tram,1,synthetic_gps
2026-05-14 18:46:43,45.7305217,21.2659469,15.49,complex_aem,tram,1,synthetic_gps
2026-05-14 18:46:44,45.7305336,21.265979,7.49,complex_aem,tram,1,synthetic_gps
2026-05-14 18:46:45,45.7305589,21.2659517,15.49,complex_aem,tram,1,synthetic_gps
2026-05-14 18:46:46,45.7304186,21.2659667,17.12,complex_aem,tram,1,synthetic_gps
2026-05-14 18:46:47,45.7305563,21.2659232,22.96,complex_aem,tram,1,synthetic_gps
2026-05-14 18:46:48,45.7305247,21.2660058,14.96,complex_aem,tram,1,synthetic_gps
2026-05-14 18:46:49,45.7305429,21.2659939,8.3,complex_aem,tram,1,synthetic_gps
2026-05-14 18:46:50,45.7305012,21.2660085,16.3,complex_aem,tram,1,synthetic_gps
2026-05-14 18:46:51,45.7305095,21.2659685,8.3,complex_aem,tram,1,synthetic_gps
2026-05-14 18:46:52,45.7304865,21.2659827,8.06,complex_aem,tram,1,synthetic_gps
2026-05-14 18:46:53,45.7304467,21.2660681,16.06,complex_aem,tram,1,synthetic_gps
2026-05-14 18:46:54,45.730502,21.2660721,21.86,complex_aem,tram,1,synthetic_gps
2026-05-14 18:46:55,45.7303658,21.2661064,23.11,complex_aem,tram,1,synthetic_gps
2026-05-14 18:46:56,45.7304125,21.2659597,15.11,complex_aem,tram,1,synthetic_gps
2026-05-14 18:46:57,45.7304204,21.2660502,7.11,complex_aem,tram,1,synthetic_gps
2026-05-14 18:46:58,45.7304022,21.2660876,15.11,complex_aem,tram,1,synthetic_gps
2026-05-14 18:46:59,45.7305361,21.2660924,23.11,complex_aem,tram,1,synthetic_gps
2026-05-14 18:47:00,45.7303931,21.2660922,19.29,complex_aem,tram,1,synthetic_gps
2026-05-14 18:47:01,45.7303901,21.2661185,18.52,complex_aem,tram,1,synthetic_gps
2026-05-14 18:47:02,45.7303923,21.2660854,16.04,complex_aem,tram,1,synthetic_gps
2026-05-14 18:47:03,45.7303598,21.2661346,19.77,complex_aem,tram,1,synthetic_gps
2026-05-14 18:47:04,45.7303468,21.2661138,11.77,complex_aem,tram,1,synthetic_gps
2026-05-14 18:47:05,45.7304442,21.2660982,19.77,complex_aem,tram,1,synthetic_gps
2026-05-14 18:47:06,45.7303186,21.2660652,27.77,complex_aem,tram,1,synthetic_gps
2026-05-14 18:47:07,45.7303902,21.2661589,19.77,complex_aem,tram,1,synthetic_gps
2026-05-14 18:47:08,45.7303987,21.266105,22.56,complex_aem,tram,1,synthetic_gps
2026-05-14 18:47:09,45.7303107,21.2661873,14.56,complex_aem,tram,1,synthetic_gps
2026-05-14 18:47:10,45.7302949,21.2661378,18.1,complex_aem,tram,1,synthetic_gps
2026-05-14 18:47:11,45.730296,21.2661545,25.88,complex_aem,tram,1,synthetic_gps
2026-05-14 18:47:12,45.7302913,21.2661508,17.88,complex_aem,tram,1,synthetic_gps
2026-05-14 18:47:13,45.7302556,21.266187,20.7,complex_aem,tram,1,synthetic_gps
2026-05-14 18:47:14,45.73033,21.2662036,17.46,complex_aem,tram,1,synthetic_gps
2026-05-14 18:47:15,45.7301832,21.2662246,10.17,complex_aem,tram,1,synthetic_gps
2026-05-14 18:47:16,45.7302546,21.2662474,18.17,complex_aem,tram,1,synthetic_gps
2026-05-14 18:47:17,45.7303291,21.2662226,26.17,complex_aem,tram,1,synthetic_gps
2026-05-14 18:47:18,45.730302,21.2662375,18.17,complex_aem,tram,1,synthetic_gps
2026-05-14 18:47:19,45.7302324,21.2662822,16.23,complex_aem,tram,1,synthetic_gps
2026-05-14 18:47:20,45.7302963,21.2662234,24.23,complex_aem,tram,1,synthetic_gps
2026-05-14 18:47:21,45.7302393,21.2662493,21.24,complex_aem,tram,1,synthetic_gps
2026-05-14 18:47:22,45.7302467,21.2662127,16.38,complex_aem,tram,1,synthetic_gps
2026-05-14 18:47:23,45.7302303,21.2662849,11.6,complex_aem,tram,1,synthetic_gps
2026-05-14 18:47:24,45.7302904,21.2662132,19.6,complex_aem,tram,1,synthetic_gps
2026-05-14 18:47:25,45.7302179,21.2662922,12.49,complex_aem,tram,1,synthetic_gps
2026-05-14 18:47:26,45.7301957,21.2662805,14.17,complex_aem,tram,1,synthetic_gps
2026-05-14 18:47:27,45.7301711,21.2663043,20.13,complex_aem,tram,1,synthetic_gps
2026-05-14 18:47:28,45.7301354,21.2663248,12.13,complex_aem,tram,1,synthetic_gps
2026-05-14 18:47:29,45.7301402,21.266324,20.13,complex_aem,tram,1,synthetic_gps
2026-05-14 18:47:30,45.7301705,21.266306,14.8,complex_aem,tram,1,synthetic_gps
2026-05-14 18:47:31,45.7301867,21.2662931,15.72,complex_aem,tram,1,synthetic_gps
2026-05-14 18:47:32,45.730102,21.2663516,21.49,complex_aem,tram,1,synthetic_gps
2026-05-14 18:47:33,45.7301263,21.2663258,15.98,complex_aem,tram,1,synthetic_gps
2026-05-14 18:47:34,45.730108,21.2663201,23.21,complex_aem,tram,1,synthetic_gps
2026-05-14 18:47:35,45.7301463,21.2663735,27.43,complex_aem,tram,1,synthetic_gps
2026-05-14 18:47:36,45.730113,21.266345,19.43,complex_aem,tram,1,synthetic_gps
2026-05-14 18:47:37,45.7301571,21.2664416,20.27,complex_aem,tram,1,synthetic_gps
2026-05-14 18:47:38,45.7301149,21.2664144,23.54,complex_aem,tram,1,synthetic_gps
2026-05-14 18:47:39,45.730051,21.2663182,29.63,complex_aem,tram,1,synthetic_gps
2026-05-14 18:47:40,45.7301919,21.2663809,21.63,complex_aem,tram,1,synthetic_gps
2026-05-14 18:47:41,45.7301618,21.2664645,14.13,complex_aem,tram,1,synthetic_gps
2026-05-14 18:47:42,45.7300927,21.2664974,22.13,complex_aem,tram,1,synthetic_gps
2026-05-14 18:47:43,45.7300526,21.2663527,17.87,complex_aem,tram,1,synthetic_gps
2026-05-14 18:47:44,45.7300436,21.2666279,24.13,complex_aem,tram,1,synthetic_gps
2026-05-14 18:47:45,45.7301045,21.2665135,16.13,complex_aem,tram,1,synthetic_gps
2026-05-14 18:47:46,45.7301404,21.2663755,9.23,complex_aem,tram,1,synthetic_gps
2026-05-14 18:47:47,45.7300048,21.2664715,17.23,complex_aem,tram,1,synthetic_gps
2026-05-14 18:47:48,45.7301278,21.2664576,25.23,complex_aem,tram,1,synthetic_gps
2026-05-14 18:47:49,45.7301012,21.2664293,17.23,complex_aem,tram,1,synthetic_gps
2026-05-14 18:47:50,45.7300356,21.2664777,17.44,complex_aem,tram,1,synthetic_gps
2026-05-14 18:47:51,45.730042,21.2665076,10.48,complex_aem,tram,1,synthetic_gps
2026-05-14 18:47:52,45.7300536,21.2664344,15.03,complex_aem,tram,1,synthetic_gps
2026-05-14 18:47:53,45.7299973,21.2664792,15.77,complex_aem,tram,1,synthetic_gps
2026-05-14 18:47:54,45.7299623,21.2664803,12.03,complex_aem,tram,1,synthetic_gps
2026-05-14 18:47:55,45.730036,21.2665119,7.85,complex_aem,tram,1,synthetic_gps
2026-05-14 18:47:56,45.730029,21.2665963,15.85,complex_aem,tram,1,synthetic_gps
2026-05-14 18:47:57,45.7299703,21.266468,22.25,complex_aem,tram,1,synthetic_gps
2026-05-14 18:47:58,45.730064,21.2665003,14.25,complex_aem,tram,1,synthetic_gps
2026-05-14 18:47:59,45.7299083,21.2665516,19.72,complex_aem,tram,1,synthetic_gps
2026-05-14 18:48:00,45.7298853,21.2665163,11.72,complex_aem,tram,1,synthetic_gps
2026-05-14 18:48:01,45.7299239,21.2665134,3.72,complex_aem,tram,1,synthetic_gps
2026-05-14 18:48:02,45.72986,21.2665676,0.81,complex_aem,tram,1,synthetic_gps
2026-05-14 18:48:03,45.7299964,21.2666316,2.09,complex_aem,tram,1,synthetic_gps
2026-05-14 18:48:04,45.7298725,21.2665879,0.83,complex_aem,tram,1,synthetic_gps
2026-05-14 18:48:05,45.7299496,21.2665603,2.2,complex_aem,tram,1,synthetic_gps
2026-05-14 18:48:06,45.7298673,21.2665451,1.84,complex_aem,tram,1,synthetic_gps
2026-05-14 18:48:07,45.7299568,21.2665941,1.79,complex_aem,tram,1,synthetic_gps
2026-05-14 18:48:08,45.7298422,21.2666994,1.21,complex_aem,tram,1,synthetic_gps
2026-05-14 18:48:09,45.72992,21.2666006,0.62,complex_aem,tram,1,synthetic_gps
2026-05-14 18:48:10,45.7298456,21.2666691,0.8,complex_aem,tram,1,synthetic_gps
2026-05-14 18:48:11,45.7298834,21.2666999,0.23,complex_aem,tram,1,synthetic_gps
2026-05-14 18:48:12,45.7298325,21.2667022,1.86,complex_aem,tram,1,synthetic_gps
2026-05-14 18:48:13,45.7298137,21.266569,1.31,complex_aem,tram,1,synthetic_gps
2026-05-14 18:48:14,45.72985,21.2667869,1.24,complex_aem,tram,1,synthetic_gps
2026-05-14 18:48:15,45.7298393,21.2666295,0.0,complex_aem,tram,1,synthetic_gps
2026-05-14 18:48:16,45.7298754,21.2666629,1.73,complex_aem,tram,1,synthetic_gps
2026-05-14 18:48:17,45.7298556,21.2666666,1.65,complex_aem,tram,1,synthetic_gps
2026-05-14 18:48:18,45.7298262,21.2666785,9.65,complex_aem,tram,1,synthetic_gps
2026-05-14 18:48:19,45.7298185,21.2667245,17.65,complex_aem,tram,1,synthetic_gps
2026-05-14 18:48:20,45.729829,21.2667123,10.61,complex_aem,tram,1,synthetic_gps
2026-05-14 18:48:21,45.7297608,21.2667704,17.9,complex_aem,tram,1,synthetic_gps
2026-05-14 18:48:22,45.7297519,21.2667625,14.7,complex_aem,tram,1,synthetic_gps
2026-05-14 18:48:23,45.7297708,21.2666959,22.7,complex_aem,tram,1,synthetic_gps
2026-05-14 18:48:24,45.7298144,21.2667485,14.7,complex_aem,tram,1,synthetic_gps
2026-05-14 18:48:25,45.7297131,21.2667434,7.1,complex_aem,tram,1,synthetic_gps
2026-05-14 18:48:26,45.7297738,21.2668026,15.1,complex_aem,tram,1,synthetic_gps
2026-05-14 18:48:27,45.7298456,21.2667545,19.73,complex_aem,tram,1,synthetic_gps
2026-05-14 18:48:28,45.7297414,21.2667517,27.73,complex_aem,tram,1,synthetic_gps
2026-05-14 18:48:29,45.7297844,21.2668365,19.73,complex_aem,tram,1,synthetic_gps
2026-05-14 18:48:30,45.7296852,21.26684,11.73,complex_aem,tram,1,synthetic_gps
2026-05-14 18:48:31,45.729705,21.2667766,3.73,complex_aem,tram,1,synthetic_gps
2026-05-14 18:48:32,45.7297033,21.2668517,3.78,complex_aem,tram,1,synthetic_gps
2026-05-14 18:48:33,45.729675,21.2667322,6.56,complex_aem,tram,1,synthetic_gps
2026-05-14 18:48:34,45.7297093,21.2667527,9.1,complex_aem,tram,1,synthetic_gps
2026-05-14 18:48:35,45.729664,21.2667808,3.04,complex_aem,tram,1,synthetic_gps
2026-05-14 18:48:36,45.7296802,21.2668129,2.1,complex_aem,tram,1,synthetic_gps
2026-05-14 18:48:37,45.7296886,21.2668061,5.27,complex_aem,tram,1,synthetic_gps
2026-05-14 18:48:38,45.7296339,21.2669163,10.08,complex_aem,tram,1,synthetic_gps
2026-05-14 18:48:39,45.7295486,21.2668409,7.94,complex_aem,tram,1,synthetic_gps
2026-05-14 18:48:40,45.729552,21.2668947,3.64,complex_aem,tram,1,synthetic_gps
2026-05-14 18:48:41,45.7295612,21.2668795,5.84,complex_aem,tram,1,synthetic_gps
2026-05-14 18:48:42,45.7296459,21.2668653,5.78,complex_aem,tram,1,synthetic_gps
2026-05-14 18:48:43,45.7295849,21.2669445,5.25,complex_aem,tram,1,synthetic_gps
2026-05-14 18:48:44,45.7295633,21.2669577,6.23,complex_aem,tram,1,synthetic_gps
2026-05-14 18:48:45,45.729603,21.2669436,5.61,complex_aem,tram,1,synthetic_gps
2026-05-14 18:48:46,45.729554,21.2669909,7.75,complex_aem,tram,1,synthetic_gps
2026-05-14 18:48:47,45.7295354,21.2670299,6.01,complex_aem,tram,1,synthetic_gps
2026-05-14 18:48:48,45.7295539,21.2669634,9.05,complex_aem,tram,1,synthetic_gps
2026-05-14 18:48:49,45.7295431,21.2669744,6.16,complex_aem,tram,1,synthetic_gps
2026-05-14 18:48:50,45.7295261,21.2669482,5.52,complex_aem,tram,1,synthetic_gps
2026-05-14 18:48:51,45.7295806,21.2669707,8.6,complex_aem,tram,1,synthetic_gps
2026-05-14 18:48:52,45.729575,21.2669399,4.45,complex_aem,tram,1,synthetic_gps
2026-05-14 18:48:53,45.7294924,21.2669213,7.59,complex_aem,tram,1,synthetic_gps
2026-05-14 18:48:54,45.7295581,21.2669797,9.22,complex_aem,tram,1,synthetic_gps
2026-05-14 18:48:55,45.7295645,21.266941,6.82,complex_aem,tram,1,synthetic_gps
2026-05-14 18:48:56,45.7294579,21.2669008,3.3,complex_aem,tram,1,synthetic_gps
2026-05-14 18:48:57,45.7295005,21.2669873,4.63,complex_aem,tram,1,synthetic_gps
2026-05-14 18:48:58,45.729439,21.2670081,3.75,complex_aem,tram,1,synthetic_gps
2026-05-14 18:48:59,45.7294694,21.2670145,4.41,complex_aem,tram,1,synthetic_gps
2026-05-14 18:49:00,45.7295534,21.2670907,4.53,complex_aem,tram,1,synthetic_gps
2026-05-14 18:49:01,45.7294158,21.2670906,5.8,complex_aem,tram,1,synthetic_gps
2026-05-14 18:49:02,45.7295123,21.2670073,4.29,complex_aem,tram,1,synthetic_gps
2026-05-14 18:49:03,45.7294821,21.2671204,7.59,complex_aem,tram,1,synthetic_gps
2026-05-14 18:49:04,45.7294263,21.2670547,2.12,complex_aem,tram,1,synthetic_gps
2026-05-14 18:49:05,45.7294687,21.2670324,5.9,complex_aem,tram,1,synthetic_gps
2026-05-14 18:49:06,45.7295023,21.2670473,3.26,complex_aem,tram,1,synthetic_gps
2026-05-14 18:49:07,45.7294413,21.2670492,4.58,complex_aem,tram,1,synthetic_gps
2026-05-14 18:49:08,45.7293449,21.2671671,7.37,complex_aem,tram,1,synthetic_gps
2026-05-14 18:49:09,45.7293907,21.2670135,5.88,complex_aem,tram,1,synthetic_gps
2026-05-14 18:49:10,45.7294112,21.2670825,5.49,complex_aem,tram,1,synthetic_gps
2026-05-14 18:49:11,45.7293941,21.2670391,5.89,complex_aem,tram,1,synthetic_gps
2026-05-14 18:49:12,45.7293178,21.2671044,10.43,complex_aem,tram,1,synthetic_gps
2026-05-14 18:49:13,45.7293327,21.2671619,9.14,complex_aem,tram,1,synthetic_gps
2026-05-14 18:49:14,45.7294262,21.2671574,3.98,complex_aem,tram,1,synthetic_gps
2026-05-14 18:49:15,45.7294792,21.2670533,9.36,complex_aem,tram,1,synthetic_gps
2026-05-14 18:49:16,45.7294222,21.2671135,9.45,complex_aem,tram,1,synthetic_gps
2026-05-14 18:49:17,45.7293485,21.2672411,7.77,complex_aem,tram,1,synthetic_gps
2026-05-14 18:49:18,45.7292682,21.2671213,1.39,complex_aem,tram,1,synthetic_gps
2026-05-14 18:49:19,45.7293463,21.267204,6.28,complex_aem,tram,1,synthetic_gps
2026-05-14 18:49:20,45.7293459,21.2672334,10.41,complex_aem,tram,1,synthetic_gps
2026-05-14 18:49:21,45.7293069,21.2671614,3.14,complex_aem,tram,1,synthetic_gps
2026-05-14 18:49:22,45.729345,21.2671944,2.99,complex_aem,tram,1,synthetic_gps
2026-05-14 18:49:23,45.7292251,21.26734,9.07,complex_aem,tram,1,synthetic_gps
2026-05-14 18:49:24,45.7293746,21.2672111,5.61,complex_aem,tram,1,synthetic_gps
2026-05-14 18:49:25,45.7291608,21.2672268,5.88,complex_aem,tram,1,synthetic_gps
2026-05-14 18:49:26,45.7293388,21.2671942,7.08,complex_aem,tram,1,synthetic_gps
2026-05-14 18:49:27,45.7293076,21.2672808,5.95,complex_aem,tram,1,synthetic_gps
2026-05-14 18:49:28,45.72921,21.2672359,3.12,complex_aem,tram,1,synthetic_gps
2026-05-14 18:49:29,45.7291291,21.2672665,8.21,complex_aem,tram,1,synthetic_gps
2026-05-14 18:49:30,45.7292209,21.2672594,7.34,complex_aem,tram,1,synthetic_gps
2026-05-14 18:49:31,45.7292725,21.2672254,6.63,complex_aem,tram,1,synthetic_gps
2026-05-14 18:49:32,45.7292181,21.2672882,3.01,complex_aem,tram,1,synthetic_gps
2026-05-14 18:49:33,45.729153,21.2672785,5.38,complex_aem,tram,1,synthetic_gps
2026-05-14 18:49:34,45.7291978,21.2672786,9.68,complex_aem,tram,1,synthetic_gps
2026-05-14 18:49:35,45.7292541,21.267333,3.76,complex_aem,tram,1,synthetic_gps
2026-05-14 18:49:36,45.7291876,21.2672593,4.28,complex_aem,tram,1,synthetic_gps
2026-05-14 18:49:37,45.7291583,21.2672518,6.44,complex_aem,tram,1,synthetic_gps
2026-05-14 18:49:38,45.7291688,21.2673727,2.41,complex_aem,tram,1,synthetic_gps
2026-05-14 18:49:39,45.7292312,21.2674048,1.9,complex_aem,tram,1,synthetic_gps
2026-05-14 18:49:40,45.7291502,21.2673498,3.74,complex_aem,tram,1,synthetic_gps
2026-05-14 18:49:41,45.7291356,21.2673256,0.0,complex_aem,tram,1,synthetic_gps
2026-05-14 18:49:42,45.7291503,21.2672782,1.06,complex_aem,tram,1,synthetic_gps
2026-05-14 18:49:43,45.7291386,21.2672765,7.27,complex_aem,tram,1,synthetic_gps
2026-05-14 18:49:44,45.7290836,21.2674411,8.23,complex_aem,tram,1,synthetic_gps
2026-05-14 18:49:45,45.7290623,21.2674215,6.67,complex_aem,tram,1,synthetic_gps
2026-05-14 18:49:46,45.729148,21.2673809,5.26,complex_aem,tram,1,synthetic_gps
2026-05-14 18:49:47,45.7291701,21.2674027,8.2,complex_aem,tram,1,synthetic_gps
2026-05-14 18:49:48,45.7291262,21.2672813,6.57,complex_aem,tram,1,synthetic_gps
2026-05-14 18:49:49,45.7290681,21.2674707,4.97,complex_aem,tram,1,synthetic_gps
2026-05-14 18:49:50,45.7290589,21.2674645,3.97,complex_aem,tram,1,synthetic_gps
2026-05-14 18:49:51,45.7291052,21.2674578,5.96,complex_aem,tram,1,synthetic_gps
2026-05-14 18:49:52,45.7289476,21.2673729,6.97,complex_aem,tram,1,synthetic_gps
2026-05-14 18:49:53,45.7289633,21.2674635,5.15,complex_aem,tram,1,synthetic_gps
2026-05-14 18:49:54,45.7290042,21.2674268,4.16,complex_aem,tram,1,synthetic_gps
2026-05-14 18:49:55,45.7289305,21.2673814,7.19,complex_aem,tram,1,synthetic_gps
2026-05-14 18:49:56,45.7289753,21.2674694,7.98,complex_aem,tram,1,synthetic_gps
2026-05-14 18:49:57,45.7290307,21.2673958,9.05,complex_aem,tram,1,synthetic_gps
2026-05-14 18:49:58,45.7290893,21.2674754,2.85,complex_aem,tram,1,synthetic_gps
2026-05-14 18:49:59,45.7289778,21.2675133,8.64,complex_aem,tram,1,synthetic_gps
