timestamp,latitude,longitude,speed_kmh,route_id,transport_mode,is_peak_hour,source
2026-05-19 18:30:00,45.7536893,21.2256779,0.27,victoriei_iulius,walking,1,synthetic_gps
2026-05-19 18:30:01,45.7536517,21.225711,1.66,victoriei_iulius,walking,1,synthetic_gps
2026-05-19 18:30:02,45.753732,21.2256786,1.3,victoriei_iulius,walking,1,synthetic_gps
2026-05-19 18:30:03,45.7536997,21.2256946,1.59,victoriei_iulius,walking,1,synthetic_gps
2026-05-19 18:30:04,45.7537341,21.2257141,1.12,victoriei_iulius,walking,1,synthetic_gps
2026-05-19 18:30:05,45.7537766,21.2257201,2.05,victoriei_iulius,walking,1,synthetic_gps
2026-05-19 18:30:06,45.7537249,21.2256743,1.24,victoriei_iulius,walking,1,synthetic_gps
2026-05-19 18:30:07,45.7537078,21.2257195,1.39,victoriei_iulius,walking,1,synthetic_gps
2026-05-19 18:30:08,45.753787,21.2257066,0.83,victoriei_iulius,walking,1,synthetic_gps
2026-05-19 18:30:09,45.7537447,21.2257414,0.47,victoriei_iulius,walking,1,synthetic_gps
2026-05-19 18:30:10,45.7537677,21.2256663,1.57,victoriei_iulius,walking,1,synthetic_gps
2026-05-19 18:30:11,45.7537993,21.225759,1.83,victoriei_iulius,walking,1,synthetic_gps
2026-05-19 18:30:12,45.7537778,21.2257105,1.08,victoriei_iulius,walking,1,synthetic_gps
2026-05-19 18:30:13,45.7537908,21.2257181,1.71,victoriei_iulius,walking,1,synthetic_gps
2026-05-19 18:30:14,45.7538048,21.2257423,1.11,victoriei_iulius,walking,1,synthetic_gps
2026-05-19 18:30:15,45.7538004,21.2257365,1.9,victoriei_iulius,walking,1,synthetic_gps
2026-05-19 18:30:16,45.753764,21.2256983,0.99,victoriei_iulius,walking,1,synthetic_gps
2026-05-19 18:30:17,45.7537616,21.2256982,1.17,victoriei_iulius,walking,1,synthetic_gps
2026-05-19 18:30:18,45.7537862,21.2257297,1.43,victoriei_iulius,walking,1,synthetic_gps
2026-05-19 18:30:19,45.7537827,21.2257297,1.53,victoriei_iulius,walking,1,synthetic_gps
2026-05-19 18:30:20,45.7538226,21.2257436,1.84,victoriei_iulius,walking,1,synthetic_gps
2026-05-19 18:30:21,45.7538258,21.2257091,1.81,victoriei_iulius,walking,1,synthetic_gps
2026-05-19 18:30:22,45.7538066,21.2256913,1.11,victoriei_iulius,walking,1,synthetic_gps
2026-05-19 18:30:23,45.7538238,21.2257078,1.55,victoriei_iulius,walking,1,synthetic_gps
2026-05-19 18:30:24,45.7538392,21.2257813,1.42,victoriei_iulius,walking,1,synthetic_gps
2026-05-19 18:30:25,45.753824,21.2257341,1.62,victoriei_iulius,walking,1,synthetic_gps
2026-05-19 18:30:26,45.7538465,21.2257095,1.61,victoriei_iulius,walking,1,synthetic_gps
2026-05-19 18:30:27,45.7538427,21.2257509,1.26,victoriei_iulius,walking,1,synthetic_gps
2026-05-19 18:30:28,45.7538192,21.2257577,1.41,victoriei_iulius,walking,1,synthetic_gps
2026-05-19 18:30:29,45.7538417,21.2257266,1.67,victoriei_iulius,walking,1,synthetic_gps
2026-05-19 18:30:30,45.7538546,21.2257165,1.33,victoriei_iulius,walking,1,synthetic_gps
2026-05-19 18:30:31,45.7538683,21.2257646,2.04,victoriei_iulius,walking,1,synthetic_gps
2026-05-19 18:30:32,45.7539116,21.2257784,2.45,victoriei_iulius,walking,1,synthetic_gps
2026-05-19 18:30:33,45.7538613,21.2257732,1.16,victoriei_iulius,walking,1,synthetic_gps
2026-05-19 18:30:34,45.7538695,21.2257571,0.87,victoriei_iulius,walking,1,synthetic_gps
2026-05-19 18:30:35,45.7539425,21.2257861,1.14,victoriei_iulius,walking,1,synthetic_gps
2026-05-19 18:30:36,45.7538563,21.2257607,1.42,victoriei_iulius,walking,1,synthetic_gps
2026-05-19 18:30:37,45.7539387,21.225762,1.71,victoriei_iulius,walking,1,synthetic_gps
2026-05-19 18:30:38,45.7539732,21.2257275,1.39,victoriei_iulius,walking,1,synthetic_gps
2026-05-19 18:30:39,45.7538901,21.2257586,1.48,victoriei_iulius,walking,1,synthetic_gps
2026-05-19 18:30:40,45.7539461,21.2257286,1.19,victoriei_iulius,walking,1,synthetic_gps
2026-05-19 18:30:41,45.7539294,21.2257077,1.5,victoriei_iulius,walking,1,synthetic_gps
2026-05-19 18:30:42,45.7539508,21.225737,1.51,victoriei_iulius,walking,1,synthetic_gps
2026-05-19 18:30:43,45.753926,21.225787,1.28,victoriei_iulius,walking,1,synthetic_gps
2026-05-19 18:30:44,45.7539555,21.2257647,1.68,victoriei_iulius,walking,1,synthetic_gps
2026-05-19 18:30:45,45.7539576,21.2257121,1.93,victoriei_iulius,walking,1,synthetic_gps
2026-05-19 18:30:46,45.753944,21.2257747,1.37,victoriei_iulius,walking,1,synthetic_gps
2026-05-19 18:30:47,45.7539374,21.2257432,1.93,victoriei_iulius,walking,1,synthetic_gps
2026-05-19 18:30:48,45.7539712,21.22575,1.37,victoriei_iulius,walking,1,synthetic_gps
2026-05-19 18:30:49,45.7540176,21.2258048,1.58,victoriei_iulius,walking,1,synthetic_gps
2026-05-19 18:30:50,45.7539769,21.2258066,1.57,victoriei_iulius,walking,1,synthetic_gps
2026-05-19 18:30:51,45.7540221,21.2257908,1.24,victoriei_iulius,walking,1,synthetic_gps
2026-05-19 18:30:52,45.7540153,21.2257515,1.8,victoriei_iulius,walking,1,synthetic_gps
2026-05-19 18:30:53,45.7539687,21.2258121,1.12,victoriei_iulius,walking,1,synthetic_gps
2026-05-19 18:30:54,45.7540464,21.2257896,1.53,victoriei_iulius,walking,1,synthetic_gps
2026-05-19 18:30:55,45.7540213,21.2257507,1.58,victoriei_iulius,walking,1,synthetic_gps
2026-05-19 18:30:56,45.7540121,21.2257798,2.32,victoriei_iulius,walking,1,synthetic_gps
2026-05-19 18:30:57,45.7540259,21.2257436,0.36,victoriei_iulius,walking,1,synthetic_gps
2026-05-19 18:30:58,45.7540286,21.2257558,1.26,victoriei_iulius,walking,1,synthetic_gps
2026-05-19 18:30:59,45.7540232,21.2257534,1.63,victoriei_iulius,walking,1,synthetic_gps
2026-05-19 18:31:00,45.7540362,21.2258258,1.85,victoriei_iulius,walking,1,synthetic_gps
2026-05-19 18:31:01,45.7540576,21.2258006,1.65,victoriei_iulius,walking,1,synthetic_gps
2026-05-19 18:31:02,45.7540207,21.2257662,1.37,victoriei_iulius,walking,1,synthetic_gps
2026-05-19 18:31:03,45.7540698,21.2258124,1.68,victoriei_iulius,walking,1,synthetic_gps
2026-05-19 18:31:04,45.7540591,21.2257958,1.92,victoriei_iulius,walking,1,synthetic_gps
2026-05-19 18:31:05,45.7540943,21.2257976,2.14,victoriei_iulius,walking,1,synthetic_gps
2026-05-19 18:31:06,45.7540538,21.2257955,1.53,victoriei_iulius,walking,1,synthetic_gps
2026-05-19 18:31:07,45.754019,21.2257794,1.63,victoriei_iulius,walking,1,synthetic_gps
2026-05-19 18:31:08,45.7540457,21.2257876,1.66,victoriei_iulius,walking,1,synthetic_gps
2026-05-19 18:31:09,45.7540913,21.2257681,1.54,victoriei_iulius,walking,1,synthetic_gps
2026-05-19 18:31:10,45.7541214,21.2257953,1.45,victoriei_iulius,walking,1,synthetic_gps
2026-05-19 18:31:11,45.7541433,21.2258132,1.28,victoriei_iulius,walking,1,synthetic_gps
2026-05-19 18:31:12,45.7541081,21.2257911,1.5,victoriei_iulius,walking,1,synthetic_gps
2026-05-19 18:31:13,45.7541164,21.2258116,1.81,victoriei_iulius,walking,1,synthetic_gps
2026-05-19 18:31:14,45.754139,21.2257797,1.11,victoriei_iulius,walking,1,synthetic_gps
2026-05-19 18:31:15,45.7541124,21.2257732,1.94,victoriei_iulius,walking,1,synthetic_gps
2026-05-19 18:31:16,45.7541175,21.2257637,1.12,victoriei_iulius,walking,1,synthetic_gps
2026-05-19 18:31:17,45.7541184,21.2257651,1.84,victoriei_iulius,walking,1,synthetic_gps
2026-05-19 18:31:18,45.7540952,21.2258009,1.31,victoriei_iulius,walking,1,synthetic_gps
2026-05-19 18:31:19,45.7541869,21.2257958,1.56,victoriei_iulius,walking,1,synthetic_gps
2026-05-19 18:31:20,45.7541168,21.2257825,1.32,victoriei_iulius,walking,1,synthetic_gps
2026-05-19 18:31:21,45.7541316,21.2258178,1.89,victoriei_iulius,walking,1,synthetic_gps
2026-05-19 18:31:22,45.7541186,21.2258019,4.2,victoriei_iulius,walking,1,synthetic_gps
2026-05-19 18:31:23,45.7541541,21.2257826,3.17,victoriei_iulius,walking,1,synthetic_gps
2026-05-19 18:31:24,45.7541663,21.2257929,4.22,victoriei_iulius,walking,1,synthetic_gps
2026-05-19 18:31:25,45.7541765,21.2258092,4.02,victoriei_iulius,walking,1,synthetic_gps
2026-05-19 18:31:26,45.7541648,21.2257961,3.75,victoriei_iulius,walking,1,synthetic_gps
2026-05-19 18:31:27,45.7541719,21.2257713,5.01,victoriei_iulius,walking,1,synthetic_gps
2026-05-19 18:31:28,45.7541781,21.2258179,6.25,victoriei_iulius,walking,1,synthetic_gps
2026-05-19 18:31:29,45.7541798,21.225793,0.87,victoriei_iulius,walking,1,synthetic_gps
2026-05-19 18:31:30,45.7542064,21.2257994,3.71,victoriei_iulius,walking,1,synthetic_gps
2026-05-19 18:31:31,45.7542488,21.2258085,5.02,victoriei_iulius,walking,1,synthetic_gps
2026-05-19 18:31:32,45.7542119,21.2258495,4.24,victoriei_iulius,walking,1,synthetic_gps
2026-05-19 18:31:33,45.754206,21.2258335,5.04,victoriei_iulius,walking,1,synthetic_gps
2026-05-19 18:31:34,45.754191,21.2258614,5.27,victoriei_iulius,walking,1,synthetic_gps
2026-05-19 18:31:35,45.7542539,21.2258029,3.29,victoriei_iulius,walking,1,synthetic_gps
2026-05-19 18:31:36,45.7542334,21.2257978,3.73,victoriei_iulius,walking,1,synthetic_gps
2026-05-19 18:31:37,45.7542601,21.2257936,6.05,victoriei_iulius,walking,1,synthetic_gps
2026-05-19 18:31:38,45.7542772,21.2258082,4.71,victoriei_iulius,walking,1,synthetic_gps
2026-05-19 18:31:39,45.7542635,21.2257771,5.36,victoriei_iulius,walking,1,synthetic_gps
2026-05-19 18:31:40,45.7542476,21.2258042,4.89,victoriei_iulius,walking,1,synthetic_gps
2026-05-19 18:31:41,45.7542664,21.2258438,4.27,victoriei_iulius,walking,1,synthetic_gps
2026-05-19 18:31:42,45.7542901,21.2258304,1.08,victoriei_iulius,walking,1,synthetic_gps
2026-05-19 18:31:43,45.7542758,21.2258234,4.52,victoriei_iulius,walking,1,synthetic_gps
2026-05-19 18:31:44,45.7542932,21.2258572,4.67,victoriei_iulius,walking,1,synthetic_gps
2026-05-19 18:31:45,45.7542999,21.2258103,4.36,victoriei_iulius,walking,1,synthetic_gps
2026-05-19 18:31:46,45.7543252,21.2258166,1.19,victoriei_iulius,walking,1,synthetic_gps
2026-05-19 18:31:47,45.7543024,21.2258323,3.88,victoriei_iulius,walking,1,synthetic_gps
2026-05-19 18:31:48,45.7543131,21.225833,4.22,victoriei_iulius,walking,1,synthetic_gps
2026-05-19 18:31:49,45.7543126,21.2258295,4.06,victoriei_iulius,walking,1,synthetic_gps
2026-05-19 18:31:50,45.7542848,21.2258039,2.98,victoriei_iulius,walking,1,synthetic_gps
2026-05-19 18:31:51,45.7542978,21.2258557,3.25,victoriei_iulius,walking,1,synthetic_gps
2026-05-19 18:31:52,45.7543462,21.2258481,4.98,victoriei_iulius,walking,1,synthetic_gps
2026-05-19 18:31:53,45.7543771,21.225872,4.33,victoriei_iulius,walking,1,synthetic_gps
2026-05-19 18:31:54,45.7543206,21.2258776,4.24,victoriei_iulius,walking,1,synthetic_gps
2026-05-19 18:31:55,45.7543391,21.2258259,4.35,victoriei_iulius,walking,1,synthetic_gps
2026-05-19 18:31:56,45.7543472,21.2258264,6.33,victoriei_iulius,walking,1,synthetic_gps
2026-05-19 18:31:57,45.7543704,21.2258087,5.19,victoriei_iulius,walking,1,synthetic_gps
2026-05-19 18:31:58,45.7543788,21.2258163,5.37,victoriei_iulius,walking,1,synthetic_gps
2026-05-19 18:31:59,45.7543502,21.2258817,4.67,victoriei_iulius,walking,1,synthetic_gps
2026-05-19 18:32:00,45.7543583,21.2258449,4.94,victoriei_iulius,walking,1,synthetic_gps
2026-05-19 18:32:01,45.7544098,21.2258667,3.06,victoriei_iulius,walking,1,synthetic_gps
2026-05-19 18:32:02,45.7543846,21.2258256,3.92,victoriei_iulius,walking,1,synthetic_gps
2026-05-19 18:32:03,45.7543964,21.2258497,4.37,victoriei_iulius,walking,1,synthetic_gps
2026-05-19 18:32:04,45.7543863,21.2258006,4.53,victoriei_iulius,walking,1,synthetic_gps
2026-05-19 18:32:05,45.7543784,21.2258637,4.8,victoriei_iulius,walking,1,synthetic_gps
2026-05-19 18:32:06,45.7544468,21.2258645,4.46,victoriei_iulius,walking,1,synthetic_gps
2026-05-19 18:32:07,45.7544361,21.2258702,4.5,victoriei_iulius,walking,1,synthetic_gps
2026-05-19 18:32:08,45.7544062,21.2258392,4.49,victoriei_iulius,walking,1,synthetic_gps
2026-05-19 18:32:09,45.7544477,21.2258235,4.08,victoriei_iulius,walking,1,synthetic_gps
2026-05-19 18:32:10,45.7544083,21.2258098,4.07,victoriei_iulius,walking,1,synthetic_gps
2026-05-19 18:32:11,45.754423,21.2258231,5.35,victoriei_iulius,walking,1,synthetic_gps
2026-05-19 18:32:12,45.7544296,21.2258527,5.79,victoriei_iulius,walking,1,synthetic_gps
2026-05-19 18:32:13,45.7544588,21.2258493,5.16,victoriei_iulius,walking,1,synthetic_gps
2026-05-19 18:32:14,45.7544605,21.2258837,5.38,victoriei_iulius,walking,1,synthetic_gps
2026-05-19 18:32:15,45.7544751,21.225871,4.6,victoriei_iulius,walking,1,synthetic_gps
2026-05-19 18:32:16,45.7544772,21.2258757,5.16,victoriei_iulius,walking,1,synthetic_gps
2026-05-19 18:32:17,45.7544685,21.2258648,4.02,victoriei_iulius,walking,1,synthetic_gps
2026-05-19 18:32:18,45.7544162,21.2258549,4.62,victoriei_iulius,walking,1,synthetic_gps
2026-05-19 18:32:19,45.754475,21.2258604,3.64,victoriei_iulius,walking,1,synthetic_gps
2026-05-19 18:32:20,45.7544836,21.2258384,3.34,victoriei_iulius,walking,1,synthetic_gps
2026-05-19 18:32:21,45.7545089,21.2258895,5.23,victoriei_iulius,walking,1,synthetic_gps
2026-05-19 18:32:22,45.7544869,21.2258699,4.74,victoriei_iulius,walking,1,synthetic_gps
2026-05-19 18:32:23,45.7545176,21.2258689,5.41,victoriei_iulius,walking,1,synthetic_gps
2026-05-19 18:32:24,45.7545115,21.225856,2.81,victoriei_iulius,walking,1,synthetic_gps
2026-05-19 18:32:25,45.7545434,21.2258573,4.44,victoriei_iulius,walking,1,synthetic_gps
2026-05-19 18:32:26,45.7545032,21.2258534,3.61,victoriei_iulius,walking,1,synthetic_gps
2026-05-19 18:32:27,45.7545419,21.225867,4.4,victoriei_iulius,walking,1,synthetic_gps
2026-05-19 18:32:28,45.7545708,21.2258765,1.02,victoriei_iulius,walking,1,synthetic_gps
2026-05-19 18:32:29,45.754541,21.2258887,3.36,victoriei_iulius,walking,1,synthetic_gps
2026-05-19 18:32:30,45.7545319,21.225907,2.4,victoriei_iulius,walking,1,synthetic_gps
2026-05-19 18:32:31,45.7545496,21.2258573,3.82,victoriei_iulius,walking,1,synthetic_gps
2026-05-19 18:32:32,45.7545213,21.2259458,3.18,victoriei_iulius,walking,1,synthetic_gps
2026-05-19 18:32:33,45.7546038,21.2259183,3.81,victoriei_iulius,walking,1,synthetic_gps
2026-05-19 18:32:34,45.7545395,21.225876,5.16,victoriei_iulius,walking,1,synthetic_gps
2026-05-19 18:32:35,45.754581,21.2258923,5.63,victoriei_iulius,walking,1,synthetic_gps
2026-05-19 18:32:36,45.754585,21.2258992,4.27,victoriei_iulius,walking,1,synthetic_gps
2026-05-19 18:32:37,45.7546063,21.2259161,4.68,victoriei_iulius,walking,1,synthetic_gps
2026-05-19 18:32:38,45.7546143,21.2259043,4.85,victoriei_iulius,walking,1,synthetic_gps
2026-05-19 18:32:39,45.7545711,21.225877,2.96,victoriei_iulius,walking,1,synthetic_gps
2026-05-19 18:32:40,45.7545878,21.2258967,3.61,victoriei_iulius,walking,1,synthetic_gps
2026-05-19 18:32:41,45.754587,21.2259347,4.77,victoriei_iulius,walking,1,synthetic_gps
2026-05-19 18:32:42,45.7545624,21.2258943,4.82,victoriei_iulius,walking,1,synthetic_gps
2026-05-19 18:32:43,45.7546384,21.225932,4.54,victoriei_iulius,walking,1,synthetic_gps
2026-05-19 18:32:44,45.7546084,21.2259024,1.12,victoriei_iulius,walking,1,synthetic_gps
2026-05-19 18:32:45,45.7546521,21.225893,3.7,victoriei_iulius,walking,1,synthetic_gps
2026-05-19 18:32:46,45.7546241,21.22588,4.38,victoriei_iulius,walking,1,synthetic_gps
2026-05-19 18:32:47,45.7546686,21.2259094,5.57,victoriei_iulius,walking,1,synthetic_gps
2026-05-19 18:32:48,45.7546949,21.225921,4.36,victoriei_iulius,walking,1,synthetic_gps
2026-05-19 18:32:49,45.7547025,21.2258899,2.87,victoriei_iulius,walking,1,synthetic_gps
2026-05-19 18:32:50,45.7546452,21.2258908,3.32,victoriei_iulius,walking,1,synthetic_gps
2026-05-19 18:32:51,45.7546235,21.2259104,3.63,victoriei_iulius,walking,1,synthetic_gps
2026-05-19 18:32:52,45.7546634,21.2259181,4.35,victoriei_iulius,walking,1,synthetic_gps
2026-05-19 18:32:53,45.7546626,21.2259295,2.96,victoriei_iulius,walking,1,synthetic_gps
2026-05-19 18:32:54,45.7547034,21.2258991,5.04,victoriei_iulius,walking,1,synthetic_gps
2026-05-19 18:32:55,45.7546859,21.2259449,4.02,victoriei_iulius,walking,1,synthetic_gps
2026-05-19 18:32:56,45.7547199,21.2259461,4.06,victoriei_iulius,walking,1,synthetic_gps
2026-05-19 18:32:57,45.7547294,21.2259125,3.93,victoriei_iulius,walking,1,synthetic_gps
2026-05-19 18:32:58,45.7546884,21.2259044,5.52,victoriei_iulius,walking,1,synthetic_gps
2026-05-19 18:32:59,45.7547257,21.2258852,4.04,victoriei_iulius,walking,1,synthetic_gps
2026-05-19 18:33:00,45.7547173,21.2258991,3.43,victoriei_iulius,walking,1,synthetic_gps
2026-05-19 18:33:01,45.7547252,21.2259317,0.98,victoriei_iulius,walking,1,synthetic_gps
2026-05-19 18:33:02,45.754737,21.2259167,3.97,victoriei_iulius,walking,1,synthetic_gps
2026-05-19 18:33:03,45.7547112,21.2258952,3.67,victoriei_iulius,walking,1,synthetic_gps
2026-05-19 18:33:04,45.7547027,21.2259515,4.6,victoriei_iulius,walking,1,synthetic_gps
2026-05-19 18:33:05,45.7547316,21.2258836,6.37,victoriei_iulius,walking,1,synthetic_gps
2026-05-19 18:33:06,45.7547682,21.2259307,2.71,victoriei_iulius,walking,1,synthetic_gps
2026-05-19 18:33:07,45.7547566,21.225994,6.12,victoriei_iulius,walking,1,synthetic_gps
2026-05-19 18:33:08,45.7547766,21.2259013,5.02,victoriei_iulius,walking,1,synthetic_gps
2026-05-19 18:33:09,45.7547927,21.2259488,3.56,victoriei_iulius,walking,1,synthetic_gps
2026-05-19 18:33:10,45.7547501,21.2259263,4.95,victoriei_iulius,walking,1,synthetic_gps
2026-05-19 18:33:11,45.7547591,21.2259438,4.73,victoriei_iulius,walking,1,synthetic_gps
2026-05-19 18:33:12,45.7547843,21.2259629,6.01,victoriei_iulius,walking,1,synthetic_gps
2026-05-19 18:33:13,45.754782,21.225928,5.66,victoriei_iulius,walking,1,synthetic_gps
2026-05-19 18:33:14,45.7547596,21.2259143,4.93,victoriei_iulius,walking,1,synthetic_gps
2026-05-19 18:33:15,45.7547864,21.2259445,4.91,victoriei_iulius,walking,1,synthetic_gps
2026-05-19 18:33:16,45.7548512,21.2259533,5.4,victoriei_iulius,walking,1,synthetic_gps
2026-05-19 18:33:17,45.7548206,21.2259856,5.48,victoriei_iulius,walking,1,synthetic_gps
2026-05-19 18:33:18,45.7548213,21.2259561,3.8,victoriei_iulius,walking,1,synthetic_gps
2026-05-19 18:33:19,45.754804,21.2259018,4.95,victoriei_iulius,walking,1,synthetic_gps
2026-05-19 18:33:20,45.754856,21.2259584,5.01,victoriei_iulius,walking,1,synthetic_gps
2026-05-19 18:33:21,45.7548555,21.225939,4.21,victoriei_iulius,walking,1,synthetic_gps
2026-05-19 18:33:22,45.7548466,21.2259785,4.1,victoriei_iulius,walking,1,synthetic_gps
2026-05-19 18:33:23,45.7548482,21.2259331,4.93,victoriei_iulius,walking,1,synthetic_gps
2026-05-19 18:33:24,45.7548669,21.225933,1.02,victoriei_iulius,walking,1,synthetic_gps
2026-05-19 18:33:25,45.7548285,21.2259347,3.74,victoriei_iulius,walking,1,synthetic_gps
2026-05-19 18:33:26,45.7548572,21.2259801,4.85,victoriei_iulius,walking,1,synthetic_gps
2026-05-19 18:33:27,45.7548658,21.2259623,3.52,victoriei_iulius,walking,1,synthetic_gps
2026-05-19 18:33:28,45.7548395,21.225957,4.54,victoriei_iulius,walking,1,synthetic_gps
2026-05-19 18:33:29,45.7548722,21.2259504,5.99,victoriei_iulius,walking,1,synthetic_gps
2026-05-19 18:33:30,45.7548842,21.2259501,4.22,victoriei_iulius,walking,1,synthetic_gps
2026-05-19 18:33:31,45.7548917,21.2259792,3.36,victoriei_iulius,walking,1,synthetic_gps
2026-05-19 18:33:32,45.7548655,21.2259963,4.28,victoriei_iulius,walking,1,synthetic_gps
2026-05-19 18:33:33,45.7548688,21.2259612,5.4,victoriei_iulius,walking,1,synthetic_gps
2026-05-19 18:33:34,45.7549261,21.2259691,4.66,victoriei_iulius,walking,1,synthetic_gps
2026-05-19 18:33:35,45.7549554,21.2259758,4.07,victoriei_iulius,walking,1,synthetic_gps
2026-05-19 18:33:36,45.7549567,21.2259476,5.45,victoriei_iulius,walking,1,synthetic_gps
2026-05-19 18:33:37,45.7548716,21.2259417,4.59,victoriei_iulius,walking,1,synthetic_gps
2026-05-19 18:33:38,45.7549271,21.2259539,4.78,victoriei_iulius,walking,1,synthetic_gps
2026-05-19 18:33:39,45.7549586,21.2259312,3.08,victoriei_iulius,walking,1,synthetic_gps
2026-05-19 18:33:40,45.7549593,21.2259157,4.62,victoriei_iulius,walking,1,synthetic_gps
2026-05-19 18:33:41,45.7549916,21.2259626,4.25,victoriei_iulius,walking,1,synthetic_gps
2026-05-19 18:33:42,45.7550188,21.2259478,3.06,victoriei_iulius,walking,1,synthetic_gps
2026-05-19 18:33:43,45.7549695,21.2259581,2.95,victoriei_iulius,walking,1,synthetic_gps
2026-05-19 18:33:44,45.7549759,21.2259686,3.15,victoriei_iulius,walking,1,synthetic_gps
2026-05-19 18:33:45,45.75499,21.2259839,5.27,victoriei_iulius,walking,1,synthetic_gps
2026-05-19 18:33:46,45.7549614,21.2259856,4.21,victoriei_iulius,walking,1,synthetic_gps
2026-05-19 18:33:47,45.7549781,21.2259952,4.42,victoriei_iulius,walking,1,synthetic_gps
2026-05-19 18:33:48,45.7549907,21.2259794,4.19,victoriei_iulius,walking,1,synthetic_gps
2026-05-19 18:33:49,45.7549776,21.2259916,2.86,victoriei_iulius,walking,1,synthetic_gps
2026-05-19 18:33:50,45.7549536,21.2260156,4.17,victoriei_iulius,walking,1,synthetic_gps
2026-05-19 18:33:51,45.7550154,21.2259812,4.47,victoriei_iulius,walking,1,synthetic_gps
2026-05-19 18:33:52,45.7549972,21.2260042,5.27,victoriei_iulius,walking,1,synthetic_gps
2026-05-19 18:33:53,45.7550148,21.2259681,0.84,victoriei_iulius,walking,1,synthetic_gps
2026-05-19 18:33:54,45.7550338,21.2260085,4.98,victoriei_iulius,walking,1,synthetic_gps
2026-05-19 18:33:55,45.7550216,21.2260289,4.29,victoriei_iulius,walking,1,synthetic_gps
2026-05-19 18:33:56,45.7550442,21.2260041,4.0,victoriei_iulius,walking,1,synthetic_gps
2026-05-19 18:33:57,45.7550215,21.2260024,4.84,victoriei_iulius,walking,1,synthetic_gps
2026-05-19 18:33:58,45.7550722,21.2259992,4.13,victoriei_iulius,walking,1,synthetic_gps
2026-05-19 18:33:59,45.7550442,21.2259782,4.24,victoriei_iulius,walking,1,synthetic_gps
2026-05-19 18:34:00,45.7550649,21.2260184,3.49,victoriei_iulius,walking,1,synthetic_gps
2026-05-19 18:34:01,45.7550536,21.2259727,3.74,victoriei_iulius,walking,1,synthetic_gps
2026-05-19 18:34:02,45.7550269,21.2260224,3.39,victoriei_iulius,walking,1,synthetic_gps
2026-05-19 18:34:03,45.7550766,21.2260002,3.17,victoriei_iulius,walking,1,synthetic_gps
2026-05-19 18:34:04,45.7550347,21.2260236,4.26,victoriei_iulius,walking,1,synthetic_gps
2026-05-19 18:34:05,45.7551073,21.2259788,4.67,victoriei_iulius,walking,1,synthetic_gps
2026-05-19 18:34:06,45.75511,21.2260044,4.19,victoriei_iulius,walking,1,synthetic_gps
2026-05-19 18:34:07,45.7550805,21.2260431,5.48,victoriei_iulius,walking,1,synthetic_gps
2026-05-19 18:34:08,45.7550887,21.2259672,4.53,victoriei_iulius,walking,1,synthetic_gps
2026-05-19 18:34:09,45.7550828,21.2259795,3.37,victoriei_iulius,walking,1,synthetic_gps
2026-05-19 18:34:10,45.7550762,21.2259965,3.76,victoriei_iulius,walking,1,synthetic_gps
2026-05-19 18:34:11,45.7551243,21.2260201,5.23,victoriei_iulius,walking,1,synthetic_gps
2026-05-19 18:34:12,45.7551147,21.2260023,3.65,victoriei_iulius,walking,1,synthetic_gps
2026-05-19 18:34:13,45.7551059,21.2259995,4.46,victoriei_iulius,walking,1,synthetic_gps
2026-05-19 18:34:14,45.7551468,21.2259756,4.41,victoriei_iulius,walking,1,synthetic_gps
2026-05-19 18:34:15,45.7551461,21.2260435,3.88,victoriei_iulius,walking,1,synthetic_gps
2026-05-19 18:34:16,45.7551408,21.2260266,1.0,victoriei_iulius,walking,1,synthetic_gps
2026-05-19 18:34:17,45.7551289,21.2260449,3.42,victoriei_iulius,walking,1,synthetic_gps
2026-05-19 18:34:18,45.7551455,21.2259945,5.24,victoriei_iulius,walking,1,synthetic_gps
2026-05-19 18:34:19,45.7551845,21.2260275,6.07,victoriei_iulius,walking,1,synthetic_gps
2026-05-19 18:34:20,45.7552148,21.2259881,4.87,victoriei_iulius,walking,1,synthetic_gps
2026-05-19 18:34:21,45.7551535,21.2260395,4.88,victoriei_iulius,walking,1,synthetic_gps
2026-05-19 18:34:22,45.7551738,21.2259851,4.74,victoriei_iulius,walking,1,synthetic_gps
2026-05-19 18:34:23,45.7551983,21.2260357,5.08,victoriei_iulius,walking,1,synthetic_gps
2026-05-19 18:34:24,45.7551583,21.2260246,4.03,victoriei_iulius,walking,1,synthetic_gps
2026-05-19 18:34:25,45.7551987,21.2260158,5.7,victoriei_iulius,walking,1,synthetic_gps
2026-05-19 18:34:26,45.7551993,21.226003,5.39,victoriei_iulius,walking,1,synthetic_gps
2026-05-19 18:34:27,45.7551731,21.226038,4.49,victoriei_iulius,walking,1,synthetic_gps
2026-05-19 18:34:28,45.7552445,21.2260419,4.54,victoriei_iulius,walking,1,synthetic_gps
2026-05-19 18:34:29,45.7552049,21.2259769,4.66,victoriei_iulius,walking,1,synthetic_gps
2026-05-19 18:34:30,45.7552918,21.2260095,4.36,victoriei_iulius,walking,1,synthetic_gps
2026-05-19 18:34:31,45.7552238,21.2260476,3.7,victoriei_iulius,walking,1,synthetic_gps
2026-05-19 18:34:32,45.7552151,21.226046,3.53,victoriei_iulius,walking,1,synthetic_gps
2026-05-19 18:34:33,45.7552282,21.2259853,3.38,victoriei_iulius,walking,1,synthetic_gps
2026-05-19 18:34:34,45.755248,21.226027,4.94,victoriei_iulius,walking,1,synthetic_gps
2026-05-19 18:34:35,45.755233,21.2260512,4.5,victoriei_iulius,walking,1,synthetic_gps
2026-05-19 18:34:36,45.7552447,21.226052,4.14,victoriei_iulius,walking,1,synthetic_gps
2026-05-19 18:34:37,45.7552617,21.226073,4.57,victoriei_iulius,walking,1,synthetic_gps
2026-05-19 18:34:38,45.7552587,21.2260534,3.72,victoriei_iulius,walking,1,synthetic_gps
2026-05-19 18:34:39,45.7552934,21.2260664,5.07,victoriei_iulius,walking,1,synthetic_gps
2026-05-19 18:34:40,45.7552772,21.2260622,5.81,victoriei_iulius,walking,1,synthetic_gps
2026-05-19 18:34:41,45.7552962,21.2260254,5.24,victoriei_iulius,walking,1,synthetic_gps
2026-05-19 18:34:42,45.7553183,21.2260618,3.4,victoriei_iulius,walking,1,synthetic_gps
2026-05-19 18:34:43,45.7552929,21.2260999,3.02,victoriei_iulius,walking,1,synthetic_gps
2026-05-19 18:34:44,45.7552792,21.2261197,4.74,victoriei_iulius,walking,1,synthetic_gps
2026-05-19 18:34:45,45.7553154,21.2260522,5.34,victoriei_iulius,walking,1,synthetic_gps
2026-05-19 18:34:46,45.7552983,21.2260349,2.99,victoriei_iulius,walking,1,synthetic_gps
2026-05-19 18:34:47,45.7553239,21.2260423,4.9,victoriei_iulius,walking,1,synthetic_gps
2026-05-19 18:34:48,45.7552825,21.2260369,3.02,victoriei_iulius,walking,1,synthetic_gps
2026-05-19 18:34:49,45.7553798,21.2259918,4.83,victoriei_iulius,walking,1,synthetic_gps
2026-05-19 18:34:50,45.7553025,21.2260431,3.83,victoriei_iulius,walking,1,synthetic_gps
2026-05-19 18:34:51,45.7553577,21.2260297,3.4,victoriei_iulius,walking,1,synthetic_gps
2026-05-19 18:34:52,45.7553137,21.2260116,5.2,victoriei_iulius,walking,1,synthetic_gps
2026-05-19 18:34:53,45.7553653,21.2260977,4.46,victoriei_iulius,walking,1,synthetic_gps
2026-05-19 18:34:54,45.7553126,21.2260654,4.68,victoriei_iulius,walking,1,synthetic_gps
2026-05-19 18:34:55,45.7553643,21.2260744,3.8,victoriei_iulius,walking,1,synthetic_gps
2026-05-19 18:34:56,45.7553616,21.2260235,5.79,victoriei_iulius,walking,1,synthetic_gps
2026-05-19 18:34:57,45.755362,21.2261004,6.19,victoriei_iulius,walking,1,synthetic_gps
2026-05-19 18:34:58,45.7553734,21.2260558,5.41,victoriei_iulius,walking,1,synthetic_gps
2026-05-19 18:34:59,45.7553692,21.2260824,3.95,victoriei_iulius,walking,1,synthetic_gps
2026-05-19 18:35:00,45.7553983,21.2260783,3.57,victoriei_iulius,walking,1,synthetic_gps
2026-05-19 18:35:01,45.7554037,21.2261061,4.53,victoriei_iulius,walking,1,synthetic_gps
2026-05-19 18:35:02,45.7553949,21.2261107,5.03,victoriei_iulius,walking,1,synthetic_gps
2026-05-19 18:35:03,45.7554269,21.2260914,6.05,victoriei_iulius,walking,1,synthetic_gps
2026-05-19 18:35:04,45.7554048,21.2260537,2.43,victoriei_iulius,walking,1,synthetic_gps
2026-05-19 18:35:05,45.7554178,21.2260695,4.31,victoriei_iulius,walking,1,synthetic_gps
2026-05-19 18:35:06,45.7554249,21.2260502,3.61,victoriei_iulius,walking,1,synthetic_gps
2026-05-19 18:35:07,45.7554532,21.2260444,4.85,victoriei_iulius,walking,1,synthetic_gps
2026-05-19 18:35:08,45.7554501,21.226015,4.41,victoriei_iulius,walking,1,synthetic_gps
2026-05-19 18:35:09,45.7554385,21.2260312,3.44,victoriei_iulius,walking,1,synthetic_gps
2026-05-19 18:35:10,45.7554331,21.2261039,4.86,victoriei_iulius,walking,1,synthetic_gps
2026-05-19 18:35:11,45.7554791,21.2261094,3.88,victoriei_iulius,walking,1,synthetic_gps
2026-05-19 18:35:12,45.7554756,21.2260739,4.05,victoriei_iulius,walking,1,synthetic_gps
2026-05-19 18:35:13,45.7554556,21.2260421,4.81,victoriei_iulius,walking,1,synthetic_gps
2026-05-19 18:35:14,45.755448,21.2261152,3.87,victoriei_iulius,walking,1,synthetic_gps
2026-05-19 18:35:15,45.7555032,21.226109,4.18,victoriei_iulius,walking,1,synthetic_gps
2026-05-19 18:35:16,45.7554707,21.2260749,3.52,victoriei_iulius,walking,1,synthetic_gps
2026-05-19 18:35:17,45.7555063,21.2261054,4.83,victoriei_iulius,walking,1,synthetic_gps
2026-05-19 18:35:18,45.7554217,21.2260785,4.29,victoriei_iulius,walking,1,synthetic_gps
2026-05-19 18:35:19,45.7555304,21.2260984,4.57,victoriei_iulius,walking,1,synthetic_gps
2026-05-19 18:35:20,45.755487,21.2261203,3.06,victoriei_iulius,walking,1,synthetic_gps
2026-05-19 18:35:21,45.7554749,21.226086,5.58,victoriei_iulius,walking,1,synthetic_gps
2026-05-19 18:35:22,45.7554793,21.2261004,4.54,victoriei_iulius,walking,1,synthetic_gps
2026-05-19 18:35:23,45.7555161,21.2261157,3.44,victoriei_iulius,walking,1,synthetic_gps
2026-05-19 18:35:24,45.7555737,21.2260451,5.01,victoriei_iulius,walking,1,synthetic_gps
2026-05-19 18:35:25,45.7555679,21.2261235,3.42,victoriei_iulius,walking,1,synthetic_gps
2026-05-19 18:35:26,45.7555521,21.2261642,5.6,victoriei_iulius,walking,1,synthetic_gps
2026-05-19 18:35:27,45.755555,21.2260968,3.7,victoriei_iulius,walking,1,synthetic_gps
2026-05-19 18:35:28,45.7555369,21.2261286,3.35,victoriei_iulius,walking,1,synthetic_gps
2026-05-19 18:35:29,45.7555007,21.226127,4.33,victoriei_iulius,walking,1,synthetic_gps
2026-05-19 18:35:30,45.7555733,21.2261387,2.87,victoriei_iulius,walking,1,synthetic_gps
2026-05-19 18:35:31,45.7555378,21.2260975,5.69,victoriei_iulius,walking,1,synthetic_gps
2026-05-19 18:35:32,45.7556273,21.2261182,4.44,victoriei_iulius,walking,1,synthetic_gps
2026-05-19 18:35:33,45.7555986,21.2261071,3.44,victoriei_iulius,walking,1,synthetic_gps
2026-05-19 18:35:34,45.7555883,21.2261231,3.81,victoriei_iulius,walking,1,synthetic_gps
2026-05-19 18:35:35,45.7555655,21.2260613,2.9,victoriei_iulius,walking,1,synthetic_gps
2026-05-19 18:35:36,45.7555789,21.2260964,4.55,victoriei_iulius,walking,1,synthetic_gps
2026-05-19 18:35:37,45.7556354,21.2260752,4.2,victoriei_iulius,walking,1,synthetic_gps
2026-05-19 18:35:38,45.7555901,21.2261371,4.35,victoriei_iulius,walking,1,synthetic_gps
2026-05-19 18:35:39,45.7556663,21.2260763,3.97,victoriei_iulius,walking,1,synthetic_gps
2026-05-19 18:35:40,45.7556309,21.2261559,4.98,victoriei_iulius,walking,1,synthetic_gps
2026-05-19 18:35:41,45.7556034,21.2261445,4.44,victoriei_iulius,walking,1,synthetic_gps
2026-05-19 18:35:42,45.755663,21.2261489,5.83,victoriei_iulius,walking,1,synthetic_gps
2026-05-19 18:35:43,45.7556297,21.2261414,3.94,victoriei_iulius,walking,1,synthetic_gps
2026-05-19 18:35:44,45.7556732,21.2261697,4.84,victoriei_iulius,walking,1,synthetic_gps
2026-05-19 18:35:45,45.755667,21.2261305,4.91,victoriei_iulius,walking,1,synthetic_gps
2026-05-19 18:35:46,45.7556315,21.2261043,4.14,victoriei_iulius,walking,1,synthetic_gps
2026-05-19 18:35:47,45.7556557,21.2261129,0.19,victoriei_iulius,walking,1,synthetic_gps
2026-05-19 18:35:48,45.7556876,21.2261778,5.01,victoriei_iulius,walking,1,synthetic_gps
2026-05-19 18:35:49,45.7556365,21.2261473,3.93,victoriei_iulius,walking,1,synthetic_gps
2026-05-19 18:35:50,45.7556706,21.2261198,5.98,victoriei_iulius,walking,1,synthetic_gps
2026-05-19 18:35:51,45.7556801,21.2261106,4.18,victoriei_iulius,walking,1,synthetic_gps
2026-05-19 18:35:52,45.7556469,21.226044,5.09,victoriei_iulius,walking,1,synthetic_gps
2026-05-19 18:35:53,45.7557127,21.2261252,4.45,victoriei_iulius,walking,1,synthetic_gps
2026-05-19 18:35:54,45.7556822,21.2261691,3.46,victoriei_iulius,walking,1,synthetic_gps
2026-05-19 18:35:55,45.7557091,21.2261464,5.41,victoriei_iulius,walking,1,synthetic_gps
2026-05-19 18:35:56,45.7557176,21.2261454,4.95,victoriei_iulius,walking,1,synthetic_gps
2026-05-19 18:35:57,45.7557029,21.22614,4.94,victoriei_iulius,walking,1,synthetic_gps
2026-05-19 18:35:58,45.7557044,21.2260998,4.48,victoriei_iulius,walking,1,synthetic_gps
2026-05-19 18:35:59,45.7556901,21.2261563,3.42,victoriei_iulius,walking,1,synthetic_gps
2026-05-19 18:36:00,45.7557254,21.226126,2.87,victoriei_iulius,walking,1,synthetic_gps
2026-05-19 18:36:01,45.7557137,21.226118,3.98,victoriei_iulius,walking,1,synthetic_gps
2026-05-19 18:36:02,45.7557366,21.2261496,3.66,victoriei_iulius,walking,1,synthetic_gps
2026-05-19 18:36:03,45.755757,21.2261559,4.24,victoriei_iulius,walking,1,synthetic_gps
2026-05-19 18:36:04,45.7557736,21.2261864,4.06,victoriei_iulius,walking,1,synthetic_gps
2026-05-19 18:36:05,45.7557544,21.2261306,4.16,victoriei_iulius,walking,1,synthetic_gps
2026-05-19 18:36:06,45.755794,21.226112,4.84,victoriei_iulius,walking,1,synthetic_gps
2026-05-19 18:36:07,45.7557437,21.2261383,3.83,victoriei_iulius,walking,1,synthetic_gps
2026-05-19 18:36:08,45.7557542,21.2261956,3.84,victoriei_iulius,walking,1,synthetic_gps
2026-05-19 18:36:09,45.7557814,21.2261409,3.44,victoriei_iulius,walking,1,synthetic_gps
2026-05-19 18:36:10,45.7557956,21.2261319,5.38,victoriei_iulius,walking,1,synthetic_gps
2026-05-19 18:36:11,45.7558211,21.2261549,4.97,victoriei_iulius,walking,1,synthetic_gps
2026-05-19 18:36:12,45.7557873,21.2261497,2.69,victoriei_iulius,walking,1,synthetic_gps
2026-05-19 18:36:13,45.755815,21.2261696,4.01,victoriei_iulius,walking,1,synthetic_gps
2026-05-19 18:36:14,45.7558309,21.2261466,5.49,victoriei_iulius,walking,1,synthetic_gps
2026-05-19 18:36:15,45.7557953,21.2261962,5.2,victoriei_iulius,walking,1,synthetic_gps
2026-05-19 18:36:16,45.7558313,21.226151,3.14,victoriei_iulius,walking,1,synthetic_gps
2026-05-19 18:36:17,45.7558155,21.226156,3.66,victoriei_iulius,walking,1,synthetic_gps
2026-05-19 18:36:18,45.7558622,21.2261754,3.29,victoriei_iulius,walking,1,synthetic_gps
2026-05-19 18:36:19,45.7557924,21.2262157,3.37,victoriei_iulius,walking,1,synthetic_gps
2026-05-19 18:36:20,45.7558022,21.226161,5.58,victoriei_iulius,walking,1,synthetic_gps
2026-05-19 18:36:21,45.7558665,21.2261607,3.4,victoriei_iulius,walking,1,synthetic_gps
2026-05-19 18:36:22,45.7558595,21.2261958,3.84,victoriei_iulius,walking,1,synthetic_gps
2026-05-19 18:36:23,45.7558543,21.2261777,3.93,victoriei_iulius,walking,1,synthetic_gps
2026-05-19 18:36:24,45.7558355,21.2261743,3.79,victoriei_iulius,walking,1,synthetic_gps
2026-05-19 18:36:25,45.7558956,21.2261921,4.35,victoriei_iulius,walking,1,synthetic_gps
2026-05-19 18:36:26,45.7558821,21.2261602,3.87,victoriei_iulius,walking,1,synthetic_gps
2026-05-19 18:36:27,45.7558569,21.2261437,3.56,victoriei_iulius,walking,1,synthetic_gps
2026-05-19 18:36:28,45.7558903,21.2261768,5.25,victoriei_iulius,walking,1,synthetic_gps
2026-05-19 18:36:29,45.7559201,21.2261679,5.0,victoriei_iulius,walking,1,synthetic_gps
2026-05-19 18:36:30,45.7558774,21.2261967,4.47,victoriei_iulius,walking,1,synthetic_gps
2026-05-19 18:36:31,45.7559259,21.2261613,5.35,victoriei_iulius,walking,1,synthetic_gps
2026-05-19 18:36:32,45.7559016,21.226167,5.47,victoriei_iulius,walking,1,synthetic_gps
2026-05-19 18:36:33,45.7559167,21.2262072,4.42,victoriei_iulius,walking,1,synthetic_gps
2026-05-19 18:36:34,45.755938,21.2261577,4.81,victoriei_iulius,walking,1,synthetic_gps
2026-05-19 18:36:35,45.7559388,21.2261772,3.51,victoriei_iulius,walking,1,synthetic_gps
2026-05-19 18:36:36,45.7559327,21.2261868,4.52,victoriei_iulius,walking,1,synthetic_gps
2026-05-19 18:36:37,45.7559395,21.2261965,3.63,victoriei_iulius,walking,1,synthetic_gps
2026-05-19 18:36:38,45.7559675,21.2262032,3.62,victoriei_iulius,walking,1,synthetic_gps
2026-05-19 18:36:39,45.7559451,21.2261888,0.8,victoriei_iulius,walking,1,synthetic_gps
2026-05-19 18:36:40,45.7559702,21.2261946,5.51,victoriei_iulius,walking,1,synthetic_gps
2026-05-19 18:36:41,45.7559466,21.2261566,5.12,victoriei_iulius,walking,1,synthetic_gps
2026-05-19 18:36:42,45.7559598,21.2262253,4.2,victoriei_iulius,walking,1,synthetic_gps
2026-05-19 18:36:43,45.7559785,21.2262426,4.4,victoriei_iulius,walking,1,synthetic_gps
2026-05-19 18:36:44,45.7560041,21.2261796,5.23,victoriei_iulius,walking,1,synthetic_gps
2026-05-19 18:36:45,45.7559659,21.2261834,3.81,victoriei_iulius,walking,1,synthetic_gps
2026-05-19 18:36:46,45.7559885,21.2261601,0.73,victoriei_iulius,walking,1,synthetic_gps
2026-05-19 18:36:47,45.7559475,21.2261736,4.14,victoriei_iulius,walking,1,synthetic_gps
2026-05-19 18:36:48,45.7560248,21.2262298,3.48,victoriei_iulius,walking,1,synthetic_gps
2026-05-19 18:36:49,45.7559994,21.2261997,5.29,victoriei_iulius,walking,1,synthetic_gps
2026-05-19 18:36:50,45.7559924,21.2262311,4.95,victoriei_iulius,walking,1,synthetic_gps
2026-05-19 18:36:51,45.7560127,21.2262503,4.67,victoriei_iulius,walking,1,synthetic_gps
2026-05-19 18:36:52,45.7560288,21.2262301,4.61,victoriei_iulius,walking,1,synthetic_gps
2026-05-19 18:36:53,45.7560672,21.2262076,5.2,victoriei_iulius,walking,1,synthetic_gps
2026-05-19 18:36:54,45.7560823,21.2262342,5.59,victoriei_iulius,walking,1,synthetic_gps
2026-05-19 18:36:55,45.7560479,21.2262432,3.4,victoriei_iulius,walking,1,synthetic_gps
2026-05-19 18:36:56,45.7560677,21.2262121,4.86,victoriei_iulius,walking,1,synthetic_gps
2026-05-19 18:36:57,45.7560653,21.2262315,5.82,victoriei_iulius,walking,1,synthetic_gps
2026-05-19 18:36:58,45.7560269,21.2262205,4.94,victoriei_iulius,walking,1,synthetic_gps
2026-05-19 18:36:59,45.7560426,21.2262171,5.64,victoriei_iulius,walking,1,synthetic_gps
2026-05-19 18:37:00,45.756041,21.2262148,4.0,victoriei_iulius,walking,1,synthetic_gps
2026-05-19 18:37:01,45.7560859,21.2262058,5.11,victoriei_iulius,walking,1,synthetic_gps
2026-05-19 18:37:02,45.7560869,21.2262473,5.54,victoriei_iulius,walking,1,synthetic_gps
2026-05-19 18:37:03,45.7561639,21.2262152,0.77,victoriei_iulius,walking,1,synthetic_gps
2026-05-19 18:37:04,45.7561115,21.2262876,3.43,victoriei_iulius,walking,1,synthetic_gps
2026-05-19 18:37:05,45.7561554,21.2262145,4.73,victoriei_iulius,walking,1,synthetic_gps
2026-05-19 18:37:06,45.7561016,21.2262357,5.24,victoriei_iulius,walking,1,synthetic_gps
2026-05-19 18:37:07,45.756119,21.2262077,3.15,victoriei_iulius,walking,1,synthetic_gps
2026-05-19 18:37:08,45.7561418,21.2262697,4.67,victoriei_iulius,walking,1,synthetic_gps
2026-05-19 18:37:09,45.7560821,21.2262518,4.82,victoriei_iulius,walking,1,synthetic_gps
2026-05-19 18:37:10,45.7561202,21.2262579,2.53,victoriei_iulius,walking,1,synthetic_gps
2026-05-19 18:37:11,45.7561285,21.2262788,6.31,victoriei_iulius,walking,1,synthetic_gps
2026-05-19 18:37:12,45.7561754,21.2262326,2.76,victoriei_iulius,walking,1,synthetic_gps
2026-05-19 18:37:13,45.7561601,21.226227,4.75,victoriei_iulius,walking,1,synthetic_gps
2026-05-19 18:37:14,45.7561817,21.2262451,5.45,victoriei_iulius,walking,1,synthetic_gps
2026-05-19 18:37:15,45.7562002,21.2262444,6.0,victoriei_iulius,walking,1,synthetic_gps
2026-05-19 18:37:16,45.7561311,21.2262676,5.71,victoriei_iulius,walking,1,synthetic_gps
2026-05-19 18:37:17,45.7561996,21.2262466,4.73,victoriei_iulius,walking,1,synthetic_gps
2026-05-19 18:37:18,45.7562281,21.2262584,4.79,victoriei_iulius,walking,1,synthetic_gps
2026-05-19 18:37:19,45.7562212,21.2262145,3.48,victoriei_iulius,walking,1,synthetic_gps
2026-05-19 18:37:20,45.7562467,21.2262813,3.74,victoriei_iulius,walking,1,synthetic_gps
2026-05-19 18:37:21,45.756221,21.2262752,3.26,victoriei_iulius,walking,1,synthetic_gps
2026-05-19 18:37:22,45.75619,21.2262288,0.28,victoriei_iulius,walking,1,synthetic_gps
2026-05-19 18:37:23,45.756232,21.2262593,3.97,victoriei_iulius,walking,1,synthetic_gps
2026-05-19 18:37:24,45.7562036,21.2262525,6.26,victoriei_iulius,walking,1,synthetic_gps
2026-05-19 18:37:25,45.7562705,21.2262363,4.03,victoriei_iulius,walking,1,synthetic_gps
2026-05-19 18:37:26,45.7563034,21.2262366,4.08,victoriei_iulius,walking,1,synthetic_gps
2026-05-19 18:37:27,45.7562753,21.2262706,4.3,victoriei_iulius,walking,1,synthetic_gps
2026-05-19 18:37:28,45.7562892,21.2262626,5.94,victoriei_iulius,walking,1,synthetic_gps
2026-05-19 18:37:29,45.7562647,21.2262899,4.71,victoriei_iulius,walking,1,synthetic_gps
2026-05-19 18:37:30,45.7563325,21.2262764,1.53,victoriei_iulius,walking,1,synthetic_gps
2026-05-19 18:37:31,45.7562749,21.2262655,3.27,victoriei_iulius,walking,1,synthetic_gps
2026-05-19 18:37:32,45.7562947,21.2262683,5.27,victoriei_iulius,walking,1,synthetic_gps
2026-05-19 18:37:33,45.75631,21.2262925,1.2,victoriei_iulius,walking,1,synthetic_gps
2026-05-19 18:37:34,45.756328,21.2262758,4.78,victoriei_iulius,walking,1,synthetic_gps
2026-05-19 18:37:35,45.7563016,21.2263003,3.76,victoriei_iulius,walking,1,synthetic_gps
2026-05-19 18:37:36,45.7563476,21.2262554,4.79,victoriei_iulius,walking,1,synthetic_gps
2026-05-19 18:37:37,45.7563265,21.226245,3.65,victoriei_iulius,walking,1,synthetic_gps
2026-05-19 18:37:38,45.7563418,21.2262621,5.1,victoriei_iulius,walking,1,synthetic_gps
2026-05-19 18:37:39,45.7563416,21.2262784,4.73,victoriei_iulius,walking,1,synthetic_gps
2026-05-19 18:37:40,45.7563535,21.2262867,4.67,victoriei_iulius,walking,1,synthetic_gps
2026-05-19 18:37:41,45.7563641,21.2262345,3.71,victoriei_iulius,walking,1,synthetic_gps
2026-05-19 18:37:42,45.7563886,21.226285,3.8,victoriei_iulius,walking,1,synthetic_gps
2026-05-19 18:37:43,45.7563423,21.2262799,4.15,victoriei_iulius,walking,1,synthetic_gps
2026-05-19 18:37:44,45.7564065,21.2262822,4.76,victoriei_iulius,walking,1,synthetic_gps
2026-05-19 18:37:45,45.7563761,21.2262932,5.28,victoriei_iulius,walking,1,synthetic_gps
2026-05-19 18:37:46,45.7564439,21.2263443,4.84,victoriei_iulius,walking,1,synthetic_gps
2026-05-19 18:37:47,45.7564015,21.2262784,4.31,victoriei_iulius,walking,1,synthetic_gps
2026-05-19 18:37:48,45.7563819,21.2262914,5.12,victoriei_iulius,walking,1,synthetic_gps
2026-05-19 18:37:49,45.7564178,21.2262981,5.41,victoriei_iulius,walking,1,synthetic_gps
2026-05-19 18:37:50,45.7563999,21.2262792,0.65,victoriei_iulius,walking,1,synthetic_gps
2026-05-19 18:37:51,45.7564506,21.2262836,2.87,victoriei_iulius,walking,1,synthetic_gps
2026-05-19 18:37:52,45.7564156,21.2263205,4.19,victoriei_iulius,walking,1,synthetic_gps
2026-05-19 18:37:53,45.7564547,21.2262846,5.16,victoriei_iulius,walking,1,synthetic_gps
2026-05-19 18:37:54,45.75647,21.226285,4.81,victoriei_iulius,walking,1,synthetic_gps
2026-05-19 18:37:55,45.7564435,21.226322,4.89,victoriei_iulius,walking,1,synthetic_gps
2026-05-19 18:37:56,45.7564405,21.2262941,5.27,victoriei_iulius,walking,1,synthetic_gps
2026-05-19 18:37:57,45.7564779,21.226286,4.51,victoriei_iulius,walking,1,synthetic_gps
2026-05-19 18:37:58,45.7564912,21.2263268,6.01,victoriei_iulius,walking,1,synthetic_gps
2026-05-19 18:37:59,45.7564765,21.2263111,3.54,victoriei_iulius,walking,1,synthetic_gps
2026-05-19 18:38:00,45.756492,21.226253,3.86,victoriei_iulius,walking,1,synthetic_gps
2026-05-19 18:38:01,45.7565117,21.2262695,3.72,victoriei_iulius,walking,1,synthetic_gps
2026-05-19 18:38:02,45.7565665,21.2263459,2.81,victoriei_iulius,walking,1,synthetic_gps
2026-05-19 18:38:03,45.7565045,21.2263352,4.87,victoriei_iulius,walking,1,synthetic_gps
2026-05-19 18:38:04,45.756508,21.2263383,4.48,victoriei_iulius,walking,1,synthetic_gps
2026-05-19 18:38:05,45.7565142,21.2263073,3.96,victoriei_iulius,walking,1,synthetic_gps
2026-05-19 18:38:06,45.7565618,21.226334,5.78,victoriei_iulius,walking,1,synthetic_gps
2026-05-19 18:38:07,45.7565466,21.2262857,3.58,victoriei_iulius,walking,1,synthetic_gps
2026-05-19 18:38:08,45.7565618,21.2263699,5.55,victoriei_iulius,walking,1,synthetic_gps
2026-05-19 18:38:09,45.7565537,21.2263751,4.71,victoriei_iulius,walking,1,synthetic_gps
2026-05-19 18:38:10,45.7565768,21.2263815,3.48,victoriei_iulius,walking,1,synthetic_gps
2026-05-19 18:38:11,45.7565711,21.2263092,4.08,victoriei_iulius,walking,1,synthetic_gps
2026-05-19 18:38:12,45.7565611,21.2263498,3.87,victoriei_iulius,walking,1,synthetic_gps
2026-05-19 18:38:13,45.7565882,21.2263487,4.24,victoriei_iulius,walking,1,synthetic_gps
2026-05-19 18:38:14,45.7565694,21.2263241,4.46,victoriei_iulius,walking,1,synthetic_gps
2026-05-19 18:38:15,45.7565672,21.2263254,3.37,victoriei_iulius,walking,1,synthetic_gps
2026-05-19 18:38:16,45.7566762,21.2263842,4.33,victoriei_iulius,walking,1,synthetic_gps
2026-05-19 18:38:17,45.7566151,21.2263596,0.58,victoriei_iulius,walking,1,synthetic_gps
2026-05-19 18:38:18,45.7566183,21.2263426,4.66,victoriei_iulius,walking,1,synthetic_gps
2026-05-19 18:38:19,45.7566438,21.2263291,3.07,victoriei_iulius,walking,1,synthetic_gps
2026-05-19 18:38:20,45.7566384,21.2263276,4.97,victoriei_iulius,walking,1,synthetic_gps
2026-05-19 18:38:21,45.756636,21.2264084,5.2,victoriei_iulius,walking,1,synthetic_gps
2026-05-19 18:38:22,45.7566518,21.2263567,3.56,victoriei_iulius,walking,1,synthetic_gps
2026-05-19 18:38:23,45.7566668,21.2263582,4.88,victoriei_iulius,walking,1,synthetic_gps
2026-05-19 18:38:24,45.7566573,21.2263819,2.97,victoriei_iulius,walking,1,synthetic_gps
2026-05-19 18:38:25,45.7566516,21.2263586,5.4,victoriei_iulius,walking,1,synthetic_gps
2026-05-19 18:38:26,45.75664,21.2263627,4.12,victoriei_iulius,walking,1,synthetic_gps
2026-05-19 18:38:27,45.7566535,21.2263414,4.1,victoriei_iulius,walking,1,synthetic_gps
2026-05-19 18:38:28,45.7566885,21.2263514,3.86,victoriei_iulius,walking,1,synthetic_gps
2026-05-19 18:38:29,45.7567006,21.2263517,5.03,victoriei_iulius,walking,1,synthetic_gps
2026-05-19 18:38:30,45.7567351,21.2263922,4.99,victoriei_iulius,walking,1,synthetic_gps
2026-05-19 18:38:31,45.756667,21.2263809,3.53,victoriei_iulius,walking,1,synthetic_gps
2026-05-19 18:38:32,45.7567501,21.22643,3.46,victoriei_iulius,walking,1,synthetic_gps
2026-05-19 18:38:33,45.7567235,21.2263657,5.28,victoriei_iulius,walking,1,synthetic_gps
2026-05-19 18:38:34,45.7567558,21.2263814,3.74,victoriei_iulius,walking,1,synthetic_gps
2026-05-19 18:38:35,45.7567414,21.2263964,5.01,victoriei_iulius,walking,1,synthetic_gps
2026-05-19 18:38:36,45.7567378,21.2264258,4.91,victoriei_iulius,walking,1,synthetic_gps
2026-05-19 18:38:37,45.7567568,21.2264152,4.27,victoriei_iulius,walking,1,synthetic_gps
2026-05-19 18:38:38,45.7567577,21.2263654,3.53,victoriei_iulius,walking,1,synthetic_gps
2026-05-19 18:38:39,45.7567723,21.2263956,3.66,victoriei_iulius,walking,1,synthetic_gps
2026-05-19 18:38:40,45.7567506,21.2264274,4.89,victoriei_iulius,walking,1,synthetic_gps
2026-05-19 18:38:41,45.7568009,21.2263959,5.59,victoriei_iulius,walking,1,synthetic_gps
2026-05-19 18:38:42,45.7568034,21.2264381,3.08,victoriei_iulius,walking,1,synthetic_gps
2026-05-19 18:38:43,45.7568194,21.2264274,4.59,victoriei_iulius,walking,1,synthetic_gps
2026-05-19 18:38:44,45.7567879,21.2263868,5.0,victoriei_iulius,walking,1,synthetic_gps
2026-05-19 18:38:45,45.7567876,21.2264304,2.57,victoriei_iulius,walking,1,synthetic_gps
2026-05-19 18:38:46,45.7568131,21.2263895,3.49,victoriei_iulius,walking,1,synthetic_gps
2026-05-19 18:38:47,45.7568444,21.2264209,3.96,victoriei_iulius,walking,1,synthetic_gps
2026-05-19 18:38:48,45.756834,21.226404,3.32,victoriei_iulius,walking,1,synthetic_gps
2026-05-19 18:38:49,45.7568758,21.2263817,3.58,victoriei_iulius,walking,1,synthetic_gps
2026-05-19 18:38:50,45.7568122,21.2264018,3.62,victoriei_iulius,walking,1,synthetic_gps
2026-05-19 18:38:51,45.7568873,21.2264518,3.78,victoriei_iulius,walking,1,synthetic_gps
2026-05-19 18:38:52,45.756852,21.2264437,3.66,victoriei_iulius,walking,1,synthetic_gps
2026-05-19 18:38:53,45.756901,21.2264037,2.96,victoriei_iulius,walking,1,synthetic_gps
2026-05-19 18:38:54,45.756867,21.226404,4.24,victoriei_iulius,walking,1,synthetic_gps
2026-05-19 18:38:55,45.7568369,21.2264513,4.47,victoriei_iulius,walking,1,synthetic_gps
2026-05-19 18:38:56,45.7569115,21.2263891,4.07,victoriei_iulius,walking,1,synthetic_gps
2026-05-19 18:38:57,45.7568727,21.2263585,4.12,victoriei_iulius,walking,1,synthetic_gps
2026-05-19 18:38:58,45.756895,21.2264043,3.58,victoriei_iulius,walking,1,synthetic_gps
2026-05-19 18:38:59,45.7569365,21.2264536,2.91,victoriei_iulius,walking,1,synthetic_gps
2026-05-19 18:39:00,45.7568977,21.2264576,4.8,victoriei_iulius,walking,1,synthetic_gps
2026-05-19 18:39:01,45.7569186,21.2264517,5.66,victoriei_iulius,walking,1,synthetic_gps
2026-05-19 18:39:02,45.7569147,21.2264258,3.29,victoriei_iulius,walking,1,synthetic_gps
2026-05-19 18:39:03,45.7569252,21.2264412,6.36,victoriei_iulius,walking,1,synthetic_gps
2026-05-19 18:39:04,45.7569009,21.2264091,4.53,victoriei_iulius,walking,1,synthetic_gps
2026-05-19 18:39:05,45.7569278,21.2264196,5.02,victoriei_iulius,walking,1,synthetic_gps
2026-05-19 18:39:06,45.7568952,21.2264225,2.97,victoriei_iulius,walking,1,synthetic_gps
2026-05-19 18:39:07,45.7569072,21.2264294,4.82,victoriei_iulius,walking,1,synthetic_gps
2026-05-19 18:39:08,45.7569323,21.2264505,4.28,victoriei_iulius,walking,1,synthetic_gps
2026-05-19 18:39:09,45.7569487,21.2264087,3.71,victoriei_iulius,walking,1,synthetic_gps
2026-05-19 18:39:10,45.7569637,21.226445,4.33,victoriei_iulius,walking,1,synthetic_gps
2026-05-19 18:39:11,45.7569871,21.2264302,5.16,victoriei_iulius,walking,1,synthetic_gps
2026-05-19 18:39:12,45.7569755,21.2264634,5.0,victoriei_iulius,walking,1,synthetic_gps
2026-05-19 18:39:13,45.7569781,21.2264686,4.8,victoriei_iulius,walking,1,synthetic_gps
2026-05-19 18:39:14,45.757014,21.2264498,3.15,victoriei_iulius,walking,1,synthetic_gps
2026-05-19 18:39:15,45.756998,21.2264376,6.27,victoriei_iulius,walking,1,synthetic_gps
2026-05-19 18:39:16,45.7570345,21.2263906,4.4,victoriei_iulius,walking,1,synthetic_gps
2026-05-19 18:39:17,45.7570383,21.226437,5.47,victoriei_iulius,walking,1,synthetic_gps
2026-05-19 18:39:18,45.7570253,21.2264465,3.38,victoriei_iulius,walking,1,synthetic_gps
2026-05-19 18:39:19,45.7570755,21.226412,4.54,victoriei_iulius,walking,1,synthetic_gps
2026-05-19 18:39:20,45.7570735,21.2264734,3.46,victoriei_iulius,walking,1,synthetic_gps
2026-05-19 18:39:21,45.7570612,21.226443,2.33,victoriei_iulius,walking,1,synthetic_gps
2026-05-19 18:39:22,45.7570885,21.2264247,3.73,victoriei_iulius,walking,1,synthetic_gps
2026-05-19 18:39:23,45.7570574,21.2264264,5.89,victoriei_iulius,walking,1,synthetic_gps
2026-05-19 18:39:24,45.7570932,21.2264528,4.26,victoriei_iulius,walking,1,synthetic_gps
2026-05-19 18:39:25,45.7570965,21.2264543,3.81,victoriei_iulius,walking,1,synthetic_gps
2026-05-19 18:39:26,45.7570802,21.2264771,5.18,victoriei_iulius,walking,1,synthetic_gps
2026-05-19 18:39:27,45.7570714,21.2265298,3.32,victoriei_iulius,walking,1,synthetic_gps
2026-05-19 18:39:28,45.7571047,21.2264604,1.1,victoriei_iulius,walking,1,synthetic_gps
2026-05-19 18:39:29,45.7571185,21.2264417,7.0,victoriei_iulius,walking,1,synthetic_gps
2026-05-19 18:39:30,45.757119,21.2264486,5.19,victoriei_iulius,walking,1,synthetic_gps
2026-05-19 18:39:31,45.757155,21.2264519,4.23,victoriei_iulius,walking,1,synthetic_gps
2026-05-19 18:39:32,45.7571219,21.2265186,5.02,victoriei_iulius,walking,1,synthetic_gps
2026-05-19 18:39:33,45.7571159,21.2264822,4.96,victoriei_iulius,walking,1,synthetic_gps
2026-05-19 18:39:34,45.7571456,21.2264676,3.45,victoriei_iulius,walking,1,synthetic_gps
2026-05-19 18:39:35,45.7571839,21.2265243,4.92,victoriei_iulius,walking,1,synthetic_gps
2026-05-19 18:39:36,45.7571721,21.2265199,3.15,victoriei_iulius,walking,1,synthetic_gps
2026-05-19 18:39:37,45.7571465,21.2265008,4.74,victoriei_iulius,walking,1,synthetic_gps
2026-05-19 18:39:38,45.7571573,21.2264796,6.59,victoriei_iulius,walking,1,synthetic_gps
2026-05-19 18:39:39,45.7571837,21.2264956,3.78,victoriei_iulius,walking,1,synthetic_gps
2026-05-19 18:39:40,45.7571637,21.2265107,6.21,victoriei_iulius,walking,1,synthetic_gps
2026-05-19 18:39:41,45.7571596,21.2264852,4.73,victoriei_iulius,walking,1,synthetic_gps
2026-05-19 18:39:42,45.7571907,21.2265036,4.39,victoriei_iulius,walking,1,synthetic_gps
2026-05-19 18:39:43,45.757236,21.2265023,3.49,victoriei_iulius,walking,1,synthetic_gps
2026-05-19 18:39:44,45.7572281,21.2264566,6.27,victoriei_iulius,walking,1,synthetic_gps
2026-05-19 18:39:45,45.7571964,21.2264805,5.42,victoriei_iulius,walking,1,synthetic_gps
2026-05-19 18:39:46,45.7572494,21.2265429,3.67,victoriei_iulius,walking,1,synthetic_gps
2026-05-19 18:39:47,45.7572099,21.2264969,4.13,victoriei_iulius,walking,1,synthetic_gps
2026-05-19 18:39:48,45.7571585,21.2264849,5.24,victoriei_iulius,walking,1,synthetic_gps
2026-05-19 18:39:49,45.7572307,21.2264828,5.65,victoriei_iulius,walking,1,synthetic_gps
2026-05-19 18:39:50,45.7572893,21.2265201,5.39,victoriei_iulius,walking,1,synthetic_gps
2026-05-19 18:39:51,45.7572593,21.2265411,4.29,victoriei_iulius,walking,1,synthetic_gps
2026-05-19 18:39:52,45.7572957,21.2265219,4.81,victoriei_iulius,walking,1,synthetic_gps
2026-05-19 18:39:53,45.7573017,21.2264899,3.64,victoriei_iulius,walking,1,synthetic_gps
2026-05-19 18:39:54,45.7572754,21.2264986,5.46,victoriei_iulius,walking,1,synthetic_gps
2026-05-19 18:39:55,45.7573025,21.2265411,5.77,victoriei_iulius,walking,1,synthetic_gps
2026-05-19 18:39:56,45.7573045,21.2265459,4.11,victoriei_iulius,walking,1,synthetic_gps
2026-05-19 18:39:57,45.7572767,21.226522,3.64,victoriei_iulius,walking,1,synthetic_gps
2026-05-19 18:39:58,45.7572847,21.2265927,4.22,victoriei_iulius,walking,1,synthetic_gps
2026-05-19 18:39:59,45.7573174,21.2265493,4.54,victoriei_iulius,walking,1,synthetic_gps
2026-05-19 18:40:00,45.7573184,21.2265248,4.73,victoriei_iulius,walking,1,synthetic_gps
2026-05-19 18:40:01,45.7573664,21.2266116,5.06,victoriei_iulius,walking,1,synthetic_gps
2026-05-19 18:40:02,45.7573062,21.2265222,6.1,victoriei_iulius,walking,1,synthetic_gps
2026-05-19 18:40:03,45.7573489,21.226534,4.57,victoriei_iulius,walking,1,synthetic_gps
2026-05-19 18:40:04,45.7573341,21.2265489,4.91,victoriei_iulius,walking,1,synthetic_gps
2026-05-19 18:40:05,45.7573492,21.2265004,3.66,victoriei_iulius,walking,1,synthetic_gps
2026-05-19 18:40:06,45.7573766,21.2265802,5.17,victoriei_iulius,walking,1,synthetic_gps
2026-05-19 18:40:07,45.7573086,21.2265717,4.6,victoriei_iulius,walking,1,synthetic_gps
2026-05-19 18:40:08,45.7573468,21.226483,5.2,victoriei_iulius,walking,1,synthetic_gps
2026-05-19 18:40:09,45.7573582,21.2265125,4.61,victoriei_iulius,walking,1,synthetic_gps
2026-05-19 18:40:10,45.7573933,21.2265342,5.11,victoriei_iulius,walking,1,synthetic_gps
2026-05-19 18:40:11,45.757437,21.2265807,3.92,victoriei_iulius,walking,1,synthetic_gps
2026-05-19 18:40:12,45.7573803,21.226559,4.47,victoriei_iulius,walking,1,synthetic_gps
2026-05-19 18:40:13,45.7573885,21.226526,4.31,victoriei_iulius,walking,1,synthetic_gps
2026-05-19 18:40:14,45.7574026,21.2265501,4.59,victoriei_iulius,walking,1,synthetic_gps
2026-05-19 18:40:15,45.7574046,21.2265254,4.89,victoriei_iulius,walking,1,synthetic_gps
2026-05-19 18:40:16,45.7574556,21.2265182,4.88,victoriei_iulius,walking,1,synthetic_gps
2026-05-19 18:40:17,45.7574454,21.2265729,4.41,victoriei_iulius,walking,1,synthetic_gps
2026-05-19 18:40:18,45.7574406,21.2265567,3.55,victoriei_iulius,walking,1,synthetic_gps
2026-05-19 18:40:19,45.757462,21.2265866,4.01,victoriei_iulius,walking,1,synthetic_gps
2026-05-19 18:40:20,45.7574411,21.2265543,3.8,victoriei_iulius,walking,1,synthetic_gps
2026-05-19 18:40:21,45.7574779,21.226553,2.61,victoriei_iulius,walking,1,synthetic_gps
2026-05-19 18:40:22,45.75746,21.2265709,0.87,victoriei_iulius,walking,1,synthetic_gps
2026-05-19 18:40:23,45.757514,21.226549,4.41,victoriei_iulius,walking,1,synthetic_gps
2026-05-19 18:40:24,45.7574907,21.2265765,2.46,victoriei_iulius,walking,1,synthetic_gps
2026-05-19 18:40:25,45.7574999,21.2265435,5.25,victoriei_iulius,walking,1,synthetic_gps
2026-05-19 18:40:26,45.7574916,21.2266263,4.07,victoriei_iulius,walking,1,synthetic_gps
2026-05-19 18:40:27,45.7575072,21.2265614,4.16,victoriei_iulius,walking,1,synthetic_gps
2026-05-19 18:40:28,45.7574617,21.2265835,4.12,victoriei_iulius,walking,1,synthetic_gps
2026-05-19 18:40:29,45.7575151,21.2266142,3.61,victoriei_iulius,walking,1,synthetic_gps
2026-05-19 18:40:30,45.7575522,21.2265957,3.37,victoriei_iulius,walking,1,synthetic_gps
2026-05-19 18:40:31,45.7575765,21.2265897,4.05,victoriei_iulius,walking,1,synthetic_gps
2026-05-19 18:40:32,45.7575516,21.2265743,1.69,victoriei_iulius,walking,1,synthetic_gps
2026-05-19 18:40:33,45.7575826,21.2265539,4.32,victoriei_iulius,walking,1,synthetic_gps
2026-05-19 18:40:34,45.7575291,21.2265973,5.99,victoriei_iulius,walking,1,synthetic_gps
2026-05-19 18:40:35,45.7575631,21.2266018,4.31,victoriei_iulius,walking,1,synthetic_gps
2026-05-19 18:40:36,45.7575611,21.2265547,4.49,victoriei_iulius,walking,1,synthetic_gps
2026-05-19 18:40:37,45.7575627,21.2265937,3.71,victoriei_iulius,walking,1,synthetic_gps
2026-05-19 18:40:38,45.7575934,21.2265606,0.5,victoriei_iulius,walking,1,synthetic_gps
2026-05-19 18:40:39,45.7575811,21.2265695,5.28,victoriei_iulius,walking,1,synthetic_gps
2026-05-19 18:40:40,45.7575682,21.2265766,1.26,victoriei_iulius,walking,1,synthetic_gps
2026-05-19 18:40:41,45.7575213,21.2265885,5.69,victoriei_iulius,walking,1,synthetic_gps
2026-05-19 18:40:42,45.7576171,21.2266118,3.98,victoriei_iulius,walking,1,synthetic_gps
2026-05-19 18:40:43,45.757637,21.2265837,4.41,victoriei_iulius,walking,1,synthetic_gps
2026-05-19 18:40:44,45.7575913,21.2266097,4.27,victoriei_iulius,walking,1,synthetic_gps
2026-05-19 18:40:45,45.7576089,21.2266158,5.61,victoriei_iulius,walking,1,synthetic_gps
2026-05-19 18:40:46,45.7576318,21.2266043,4.24,victoriei_iulius,walking,1,synthetic_gps
2026-05-19 18:40:47,45.7576867,21.2266162,4.92,victoriei_iulius,walking,1,synthetic_gps
2026-05-19 18:40:48,45.757591,21.2266421,3.34,victoriei_iulius,walking,1,synthetic_gps
2026-05-19 18:40:49,45.757661,21.226604,4.81,victoriei_iulius,walking,1,synthetic_gps
2026-05-19 18:40:50,45.757684,21.2266223,4.24,victoriei_iulius,walking,1,synthetic_gps
2026-05-19 18:40:51,45.7576533,21.2266382,3.97,victoriei_iulius,walking,1,synthetic_gps
2026-05-19 18:40:52,45.7576605,21.2265736,5.11,victoriei_iulius,walking,1,synthetic_gps
2026-05-19 18:40:53,45.7576978,21.2266876,5.35,victoriei_iulius,walking,1,synthetic_gps
2026-05-19 18:40:54,45.7577217,21.2266163,4.38,victoriei_iulius,walking,1,synthetic_gps
2026-05-19 18:40:55,45.7577013,21.2266744,3.4,victoriei_iulius,walking,1,synthetic_gps
2026-05-19 18:40:56,45.7577316,21.2265958,5.09,victoriei_iulius,walking,1,synthetic_gps
2026-05-19 18:40:57,45.7576272,21.2265972,4.05,victoriei_iulius,walking,1,synthetic_gps
2026-05-19 18:40:58,45.7577177,21.2266145,5.9,victoriei_iulius,walking,1,synthetic_gps
2026-05-19 18:40:59,45.7577285,21.2266162,3.43,victoriei_iulius,walking,1,synthetic_gps
2026-05-19 18:41:00,45.7577111,21.226675,5.23,victoriei_iulius,walking,1,synthetic_gps
2026-05-19 18:41:01,45.7577274,21.2266456,3.7,victoriei_iulius,walking,1,synthetic_gps
2026-05-19 18:41:02,45.7577498,21.2266011,4.77,victoriei_iulius,walking,1,synthetic_gps
2026-05-19 18:41:03,45.7577427,21.2266443,5.05,victoriei_iulius,walking,1,synthetic_gps
2026-05-19 18:41:04,45.7577541,21.226659,4.89,victoriei_iulius,walking,1,synthetic_gps
2026-05-19 18:41:05,45.7577812,21.2266219,3.56,victoriei_iulius,walking,1,synthetic_gps
2026-05-19 18:41:06,45.7577295,21.2266613,4.28,victoriei_iulius,walking,1,synthetic_gps
2026-05-19 18:41:07,45.7577941,21.2266725,3.81,victoriei_iulius,walking,1,synthetic_gps
2026-05-19 18:41:08,45.7577802,21.2266113,3.24,victoriei_iulius,walking,1,synthetic_gps
2026-05-19 18:41:09,45.7578318,21.2266419,3.43,victoriei_iulius,walking,1,synthetic_gps
2026-05-19 18:41:10,45.7577901,21.2266377,3.25,victoriei_iulius,walking,1,synthetic_gps
2026-05-19 18:41:11,45.757796,21.2266376,4.83,victoriei_iulius,walking,1,synthetic_gps
2026-05-19 18:41:12,45.7577717,21.2266582,3.78,victoriei_iulius,walking,1,synthetic_gps
2026-05-19 18:41:13,45.7578227,21.2267167,3.71,victoriei_iulius,walking,1,synthetic_gps
2026-05-19 18:41:14,45.7578252,21.226608,3.06,victoriei_iulius,walking,1,synthetic_gps
2026-05-19 18:41:15,45.7578282,21.226659,4.09,victoriei_iulius,walking,1,synthetic_gps
2026-05-19 18:41:16,45.7578271,21.2266976,4.8,victoriei_iulius,walking,1,synthetic_gps
2026-05-19 18:41:17,45.7578372,21.226687,5.31,victoriei_iulius,walking,1,synthetic_gps
2026-05-19 18:41:18,45.7578411,21.2266287,4.24,victoriei_iulius,walking,1,synthetic_gps
2026-05-19 18:41:19,45.757826,21.2266541,3.44,victoriei_iulius,walking,1,synthetic_gps
2026-05-19 18:41:20,45.7578868,21.2267028,3.35,victoriei_iulius,walking,1,synthetic_gps
2026-05-19 18:41:21,45.7578858,21.2266785,5.25,victoriei_iulius,walking,1,synthetic_gps
2026-05-19 18:41:22,45.7578884,21.2266817,3.26,victoriei_iulius,walking,1,synthetic_gps
2026-05-19 18:41:23,45.7578679,21.2267134,5.0,victoriei_iulius,walking,1,synthetic_gps
2026-05-19 18:41:24,45.7579193,21.2266819,4.87,victoriei_iulius,walking,1,synthetic_gps
2026-05-19 18:41:25,45.7578525,21.2267244,4.37,victoriei_iulius,walking,1,synthetic_gps
2026-05-19 18:41:26,45.7579204,21.2267133,3.18,victoriei_iulius,walking,1,synthetic_gps
2026-05-19 18:41:27,45.7579215,21.2267371,5.28,victoriei_iulius,walking,1,synthetic_gps
2026-05-19 18:41:28,45.7578874,21.2266898,4.52,victoriei_iulius,walking,1,synthetic_gps
2026-05-19 18:41:29,45.7579645,21.2266774,4.06,victoriei_iulius,walking,1,synthetic_gps
2026-05-19 18:41:30,45.7579082,21.2266607,3.1,victoriei_iulius,walking,1,synthetic_gps
2026-05-19 18:41:31,45.7579275,21.2266587,3.9,victoriei_iulius,walking,1,synthetic_gps
2026-05-19 18:41:32,45.7579618,21.2266896,3.76,victoriei_iulius,walking,1,synthetic_gps
2026-05-19 18:41:33,45.7579616,21.2266955,3.76,victoriei_iulius,walking,1,synthetic_gps
2026-05-19 18:41:34,45.7579522,21.2266909,4.42,victoriei_iulius,walking,1,synthetic_gps
2026-05-19 18:41:35,45.7579685,21.2266642,4.94,victoriei_iulius,walking,1,synthetic_gps
2026-05-19 18:41:36,45.7579621,21.2266753,6.45,victoriei_iulius,walking,1,synthetic_gps
2026-05-19 18:41:37,45.7580235,21.2267124,4.48,victoriei_iulius,walking,1,synthetic_gps
2026-05-19 18:41:38,45.7579321,21.2267013,3.35,victoriei_iulius,walking,1,synthetic_gps
2026-05-19 18:41:39,45.7579795,21.2267068,4.52,victoriei_iulius,walking,1,synthetic_gps
2026-05-19 18:41:40,45.7579975,21.2267022,5.27,victoriei_iulius,walking,1,synthetic_gps
2026-05-19 18:41:41,45.7579855,21.2267324,3.74,victoriei_iulius,walking,1,synthetic_gps
2026-05-19 18:41:42,45.7579883,21.2267126,3.06,victoriei_iulius,walking,1,synthetic_gps
2026-05-19 18:41:43,45.7580372,21.2266255,4.19,victoriei_iulius,walking,1,synthetic_gps
2026-05-19 18:41:44,45.7580051,21.226728,4.12,victoriei_iulius,walking,1,synthetic_gps
2026-05-19 18:41:45,45.75804,21.226726,3.58,victoriei_iulius,walking,1,synthetic_gps
2026-05-19 18:41:46,45.7580598,21.2267016,3.74,victoriei_iulius,walking,1,synthetic_gps
2026-05-19 18:41:47,45.7580602,21.2266951,4.98,victoriei_iulius,walking,1,synthetic_gps
2026-05-19 18:41:48,45.7580311,21.226694,4.7,victoriei_iulius,walking,1,synthetic_gps
2026-05-19 18:41:49,45.7580249,21.2266887,4.84,victoriei_iulius,walking,1,synthetic_gps
2026-05-19 18:41:50,45.7580674,21.2267163,3.4,victoriei_iulius,walking,1,synthetic_gps
2026-05-19 18:41:51,45.7580517,21.2266861,3.94,victoriei_iulius,walking,1,synthetic_gps
2026-05-19 18:41:52,45.7581481,21.22669,5.5,victoriei_iulius,walking,1,synthetic_gps
2026-05-19 18:41:53,45.7581311,21.2267012,4.5,victoriei_iulius,walking,1,synthetic_gps
2026-05-19 18:41:54,45.7581521,21.2266997,4.31,victoriei_iulius,walking,1,synthetic_gps
2026-05-19 18:41:55,45.7580847,21.226762,3.95,victoriei_iulius,walking,1,synthetic_gps
2026-05-19 18:41:56,45.7581614,21.2267249,3.34,victoriei_iulius,walking,1,synthetic_gps
2026-05-19 18:41:57,45.7581278,21.2266974,4.5,victoriei_iulius,walking,1,synthetic_gps
2026-05-19 18:41:58,45.7581367,21.2267526,4.9,victoriei_iulius,walking,1,synthetic_gps
2026-05-19 18:41:59,45.7581354,21.2267607,6.65,victoriei_iulius,walking,1,synthetic_gps
2026-05-19 18:42:00,45.7581419,21.2267501,4.86,victoriei_iulius,walking,1,synthetic_gps
2026-05-19 18:42:01,45.7581695,21.2267546,5.36,victoriei_iulius,walking,1,synthetic_gps
2026-05-19 18:42:02,45.7581799,21.2267712,4.19,victoriei_iulius,walking,1,synthetic_gps
2026-05-19 18:42:03,45.7581724,21.2267041,4.96,victoriei_iulius,walking,1,synthetic_gps
2026-05-19 18:42:04,45.7581873,21.2267608,5.22,victoriei_iulius,walking,1,synthetic_gps
2026-05-19 18:42:05,45.7581781,21.2267435,4.78,victoriei_iulius,walking,1,synthetic_gps
2026-05-19 18:42:06,45.7582187,21.2267731,6.73,victoriei_iulius,walking,1,synthetic_gps
2026-05-19 18:42:07,45.7581913,21.2267057,3.04,victoriei_iulius,walking,1,synthetic_gps
2026-05-19 18:42:08,45.7582076,21.2267792,6.75,victoriei_iulius,walking,1,synthetic_gps
2026-05-19 18:42:09,45.7582299,21.2267162,5.67,victoriei_iulius,walking,1,synthetic_gps
2026-05-19 18:42:10,45.7582546,21.2267381,3.65,victoriei_iulius,walking,1,synthetic_gps
2026-05-19 18:42:11,45.7582084,21.2267893,3.63,victoriei_iulius,walking,1,synthetic_gps
2026-05-19 18:42:12,45.7582692,21.2267293,4.97,victoriei_iulius,walking,1,synthetic_gps
2026-05-19 18:42:13,45.7582411,21.2267528,4.02,victoriei_iulius,walking,1,synthetic_gps
2026-05-19 18:42:14,45.7582011,21.2267866,3.17,victoriei_iulius,walking,1,synthetic_gps
2026-05-19 18:42:15,45.7582511,21.2267398,4.31,victoriei_iulius,walking,1,synthetic_gps
2026-05-19 18:42:16,45.7582719,21.2267279,6.01,victoriei_iulius,walking,1,synthetic_gps
2026-05-19 18:42:17,45.7582401,21.2267294,5.38,victoriei_iulius,walking,1,synthetic_gps
2026-05-19 18:42:18,45.7582604,21.2267356,4.92,victoriei_iulius,walking,1,synthetic_gps
2026-05-19 18:42:19,45.7583025,21.2267854,2.57,victoriei_iulius,walking,1,synthetic_gps
2026-05-19 18:42:20,45.7582668,21.22678,3.78,victoriei_iulius,walking,1,synthetic_gps
2026-05-19 18:42:21,45.7582956,21.2267758,3.56,victoriei_iulius,walking,1,synthetic_gps
2026-05-19 18:42:22,45.7583189,21.2267636,4.32,victoriei_iulius,walking,1,synthetic_gps
2026-05-19 18:42:23,45.7583042,21.2267637,5.05,victoriei_iulius,walking,1,synthetic_gps
2026-05-19 18:42:24,45.758318,21.2267529,5.37,victoriei_iulius,walking,1,synthetic_gps
2026-05-19 18:42:25,45.7583305,21.2267713,3.96,victoriei_iulius,walking,1,synthetic_gps
2026-05-19 18:42:26,45.758297,21.2267982,5.13,victoriei_iulius,walking,1,synthetic_gps
2026-05-19 18:42:27,45.7583155,21.2267617,7.0,victoriei_iulius,walking,1,synthetic_gps
2026-05-19 18:42:28,45.7583031,21.2267627,6.07,victoriei_iulius,walking,1,synthetic_gps
2026-05-19 18:42:29,45.7583586,21.2267505,3.05,victoriei_iulius,walking,1,synthetic_gps
2026-05-19 18:42:30,45.7583662,21.2267596,4.0,victoriei_iulius,walking,1,synthetic_gps
2026-05-19 18:42:31,45.7583248,21.2267782,2.43,victoriei_iulius,walking,1,synthetic_gps
2026-05-19 18:42:32,45.7583258,21.2267991,3.6,victoriei_iulius,walking,1,synthetic_gps
2026-05-19 18:42:33,45.7584243,21.2268068,5.57,victoriei_iulius,walking,1,synthetic_gps
2026-05-19 18:42:34,45.758364,21.2267915,0.73,victoriei_iulius,walking,1,synthetic_gps
2026-05-19 18:42:35,45.7583917,21.226748,4.89,victoriei_iulius,walking,1,synthetic_gps
2026-05-19 18:42:36,45.7583769,21.2267751,4.7,victoriei_iulius,walking,1,synthetic_gps
2026-05-19 18:42:37,45.7583971,21.2267855,4.43,victoriei_iulius,walking,1,synthetic_gps
2026-05-19 18:42:38,45.7583704,21.2268042,4.53,victoriei_iulius,walking,1,synthetic_gps
2026-05-19 18:42:39,45.7584085,21.2267878,4.09,victoriei_iulius,walking,1,synthetic_gps
2026-05-19 18:42:40,45.7584197,21.2267978,4.53,victoriei_iulius,walking,1,synthetic_gps
2026-05-19 18:42:41,45.7583987,21.2268378,4.67,victoriei_iulius,walking,1,synthetic_gps
2026-05-19 18:42:42,45.7584359,21.2268154,0.31,victoriei_iulius,walking,1,synthetic_gps
2026-05-19 18:42:43,45.7584011,21.2267951,4.27,victoriei_iulius,walking,1,synthetic_gps
2026-05-19 18:42:44,45.7584595,21.2268328,5.07,victoriei_iulius,walking,1,synthetic_gps
2026-05-19 18:42:45,45.7584751,21.2267841,1.19,victoriei_iulius,walking,1,synthetic_gps
2026-05-19 18:42:46,45.7584617,21.2268115,3.94,victoriei_iulius,walking,1,synthetic_gps
2026-05-19 18:42:47,45.7584201,21.2268074,4.02,victoriei_iulius,walking,1,synthetic_gps
2026-05-19 18:42:48,45.7584646,21.2268321,5.01,victoriei_iulius,walking,1,synthetic_gps
2026-05-19 18:42:49,45.758431,21.2268137,5.08,victoriei_iulius,walking,1,synthetic_gps
2026-05-19 18:42:50,45.7585217,21.2268255,3.02,victoriei_iulius,walking,1,synthetic_gps
2026-05-19 18:42:51,45.7585006,21.2268361,0.58,victoriei_iulius,walking,1,synthetic_gps
2026-05-19 18:42:52,45.758513,21.2268049,3.6,victoriei_iulius,walking,1,synthetic_gps
2026-05-19 18:42:53,45.7584594,21.2268222,4.41,victoriei_iulius,walking,1,synthetic_gps
2026-05-19 18:42:54,45.7585129,21.2268166,3.15,victoriei_iulius,walking,1,synthetic_gps
2026-05-19 18:42:55,45.7585001,21.2268585,3.78,victoriei_iulius,walking,1,synthetic_gps
2026-05-19 18:42:56,45.7585591,21.226845,4.5,victoriei_iulius,walking,1,synthetic_gps
2026-05-19 18:42:57,45.7585344,21.2268118,4.77,victoriei_iulius,walking,1,synthetic_gps
2026-05-19 18:42:58,45.7585285,21.2268372,3.61,victoriei_iulius,walking,1,synthetic_gps
2026-05-19 18:42:59,45.75857,21.226853,4.2,victoriei_iulius,walking,1,synthetic_gps
2026-05-19 18:43:00,45.7585699,21.2268736,3.38,victoriei_iulius,walking,1,synthetic_gps
2026-05-19 18:43:01,45.7585456,21.2268557,4.4,victoriei_iulius,walking,1,synthetic_gps
2026-05-19 18:43:02,45.7585596,21.2268732,3.71,victoriei_iulius,walking,1,synthetic_gps
2026-05-19 18:43:03,45.7585531,21.2268811,4.48,victoriei_iulius,walking,1,synthetic_gps
2026-05-19 18:43:04,45.7586019,21.226823,4.07,victoriei_iulius,walking,1,synthetic_gps
2026-05-19 18:43:05,45.7586205,21.2268559,3.82,victoriei_iulius,walking,1,synthetic_gps
2026-05-19 18:43:06,45.7585711,21.2268334,2.85,victoriei_iulius,walking,1,synthetic_gps
2026-05-19 18:43:07,45.7586302,21.2268661,3.62,victoriei_iulius,walking,1,synthetic_gps
2026-05-19 18:43:08,45.7585972,21.2268651,3.01,victoriei_iulius,walking,1,synthetic_gps
2026-05-19 18:43:09,45.758647,21.226829,3.42,victoriei_iulius,walking,1,synthetic_gps
2026-05-19 18:43:10,45.7586356,21.2268714,3.67,victoriei_iulius,walking,1,synthetic_gps
2026-05-19 18:43:11,45.7586105,21.2268036,4.28,victoriei_iulius,walking,1,synthetic_gps
2026-05-19 18:43:12,45.7586205,21.2268858,5.1,victoriei_iulius,walking,1,synthetic_gps
2026-05-19 18:43:13,45.7586503,21.2268653,4.4,victoriei_iulius,walking,1,synthetic_gps
2026-05-19 18:43:14,45.7586141,21.2268811,4.73,victoriei_iulius,walking,1,synthetic_gps
2026-05-19 18:43:15,45.7586656,21.2268823,4.71,victoriei_iulius,walking,1,synthetic_gps
2026-05-19 18:43:16,45.7586577,21.2268631,5.13,victoriei_iulius,walking,1,synthetic_gps
2026-05-19 18:43:17,45.7586339,21.2268629,0.64,victoriei_iulius,walking,1,synthetic_gps
2026-05-19 18:43:18,45.7586915,21.2268608,6.39,victoriei_iulius,walking,1,synthetic_gps
2026-05-19 18:43:19,45.7586975,21.226902,4.44,victoriei_iulius,walking,1,synthetic_gps
2026-05-19 18:43:20,45.7587126,21.2269039,4.0,victoriei_iulius,walking,1,synthetic_gps
2026-05-19 18:43:21,45.7586665,21.2268787,3.64,victoriei_iulius,walking,1,synthetic_gps
2026-05-19 18:43:22,45.7587456,21.2269309,4.71,victoriei_iulius,walking,1,synthetic_gps
2026-05-19 18:43:23,45.758711,21.2268914,2.57,victoriei_iulius,walking,1,synthetic_gps
2026-05-19 18:43:24,45.7587461,21.2269075,5.15,victoriei_iulius,walking,1,synthetic_gps
2026-05-19 18:43:25,45.7587233,21.2268606,4.54,victoriei_iulius,walking,1,synthetic_gps
2026-05-19 18:43:26,45.7587567,21.2268691,4.7,victoriei_iulius,walking,1,synthetic_gps
2026-05-19 18:43:27,45.7587207,21.2268511,4.76,victoriei_iulius,walking,1,synthetic_gps
2026-05-19 18:43:28,45.7587324,21.2268914,4.63,victoriei_iulius,walking,1,synthetic_gps
2026-05-19 18:43:29,45.7587577,21.226926,0.87,victoriei_iulius,walking,1,synthetic_gps
2026-05-19 18:43:30,45.7587572,21.2269079,4.48,victoriei_iulius,walking,1,synthetic_gps
2026-05-19 18:43:31,45.7587762,21.2269344,4.66,victoriei_iulius,walking,1,synthetic_gps
2026-05-19 18:43:32,45.7587487,21.2268727,5.13,victoriei_iulius,walking,1,synthetic_gps
2026-05-19 18:43:33,45.7588032,21.2268815,4.03,victoriei_iulius,walking,1,synthetic_gps
2026-05-19 18:43:34,45.7587747,21.2268574,4.86,victoriei_iulius,walking,1,synthetic_gps
2026-05-19 18:43:35,45.7588266,21.22692,5.29,victoriei_iulius,walking,1,synthetic_gps
2026-05-19 18:43:36,45.758824,21.2269219,3.98,victoriei_iulius,walking,1,synthetic_gps
2026-05-19 18:43:37,45.7587994,21.226927,3.34,victoriei_iulius,walking,1,synthetic_gps
2026-05-19 18:43:38,45.7587828,21.2269315,2.61,victoriei_iulius,walking,1,synthetic_gps
2026-05-19 18:43:39,45.7587947,21.2269232,4.44,victoriei_iulius,walking,1,synthetic_gps
2026-05-19 18:43:40,45.7587803,21.2269339,2.03,victoriei_iulius,walking,1,synthetic_gps
2026-05-19 18:43:41,45.758795,21.2269168,4.56,victoriei_iulius,walking,1,synthetic_gps
2026-05-19 18:43:42,45.7588622,21.2269516,4.85,victoriei_iulius,walking,1,synthetic_gps
2026-05-19 18:43:43,45.7589005,21.2269322,4.09,victoriei_iulius,walking,1,synthetic_gps
2026-05-19 18:43:44,45.7588874,21.2268989,6.01,victoriei_iulius,walking,1,synthetic_gps
2026-05-19 18:43:45,45.7588456,21.2269212,4.67,victoriei_iulius,walking,1,synthetic_gps
2026-05-19 18:43:46,45.758913,21.2269254,3.32,victoriei_iulius,walking,1,synthetic_gps
2026-05-19 18:43:47,45.7588764,21.2269385,4.1,victoriei_iulius,walking,1,synthetic_gps
2026-05-19 18:43:48,45.7589026,21.2269374,3.02,victoriei_iulius,walking,1,synthetic_gps
2026-05-19 18:43:49,45.7589338,21.2268724,3.93,victoriei_iulius,walking,1,synthetic_gps
2026-05-19 18:43:50,45.7588913,21.2269723,2.91,victoriei_iulius,walking,1,synthetic_gps
2026-05-19 18:43:51,45.7589028,21.226947,3.34,victoriei_iulius,walking,1,synthetic_gps
2026-05-19 18:43:52,45.7588846,21.2269274,0.58,victoriei_iulius,walking,1,synthetic_gps
2026-05-19 18:43:53,45.7589079,21.2269687,4.35,victoriei_iulius,walking,1,synthetic_gps
2026-05-19 18:43:54,45.7589035,21.2269125,4.02,victoriei_iulius,walking,1,synthetic_gps
2026-05-19 18:43:55,45.7589309,21.226961,4.38,victoriei_iulius,walking,1,synthetic_gps
2026-05-19 18:43:56,45.7589472,21.2269429,4.98,victoriei_iulius,walking,1,synthetic_gps
2026-05-19 18:43:57,45.7589958,21.2269687,4.35,victoriei_iulius,walking,1,synthetic_gps
2026-05-19 18:43:58,45.7590208,21.226952,3.16,victoriei_iulius,walking,1,synthetic_gps
2026-05-19 18:43:59,45.7589827,21.2269472,3.62,victoriei_iulius,walking,1,synthetic_gps
2026-05-19 18:44:00,45.7589957,21.226931,4.12,victoriei_iulius,walking,1,synthetic_gps
2026-05-19 18:44:01,45.7590147,21.2269632,4.99,victoriei_iulius,walking,1,synthetic_gps
2026-05-19 18:44:02,45.7590466,21.2269348,6.12,victoriei_iulius,walking,1,synthetic_gps
2026-05-19 18:44:03,45.7590418,21.226944,5.33,victoriei_iulius,walking,1,synthetic_gps
2026-05-19 18:44:04,45.7590029,21.2269809,4.67,victoriei_iulius,walking,1,synthetic_gps
2026-05-19 18:44:05,45.7590237,21.2269617,3.04,victoriei_iulius,walking,1,synthetic_gps
2026-05-19 18:44:06,45.7590059,21.2269785,4.23,victoriei_iulius,walking,1,synthetic_gps
2026-05-19 18:44:07,45.7590274,21.2270195,5.52,victoriei_iulius,walking,1,synthetic_gps
2026-05-19 18:44:08,45.759071,21.2269513,3.6,victoriei_iulius,walking,1,synthetic_gps
2026-05-19 18:44:09,45.7590829,21.2269749,2.55,victoriei_iulius,walking,1,synthetic_gps
2026-05-19 18:44:10,45.759088,21.226982,5.24,victoriei_iulius,walking,1,synthetic_gps
2026-05-19 18:44:11,45.7591236,21.2270121,4.39,victoriei_iulius,walking,1,synthetic_gps
2026-05-19 18:44:12,45.7590877,21.2270031,3.85,victoriei_iulius,walking,1,synthetic_gps
2026-05-19 18:44:13,45.7591307,21.2269549,4.77,victoriei_iulius,walking,1,synthetic_gps
2026-05-19 18:44:14,45.7591095,21.2269414,4.1,victoriei_iulius,walking,1,synthetic_gps
2026-05-19 18:44:15,45.7591107,21.2269485,5.18,victoriei_iulius,walking,1,synthetic_gps
2026-05-19 18:44:16,45.7590802,21.2269904,4.49,victoriei_iulius,walking,1,synthetic_gps
2026-05-19 18:44:17,45.7590974,21.2270401,5.61,victoriei_iulius,walking,1,synthetic_gps
2026-05-19 18:44:18,45.7591429,21.2269957,3.89,victoriei_iulius,walking,1,synthetic_gps
2026-05-19 18:44:19,45.7591521,21.2270473,3.53,victoriei_iulius,walking,1,synthetic_gps
2026-05-19 18:44:20,45.7591421,21.2269578,3.73,victoriei_iulius,walking,1,synthetic_gps
2026-05-19 18:44:21,45.7592034,21.2270623,2.68,victoriei_iulius,walking,1,synthetic_gps
2026-05-19 18:44:22,45.7591186,21.2270039,0.5,victoriei_iulius,walking,1,synthetic_gps
2026-05-19 18:44:23,45.7591197,21.2270342,4.79,victoriei_iulius,walking,1,synthetic_gps
2026-05-19 18:44:24,45.7591658,21.2270376,3.31,victoriei_iulius,walking,1,synthetic_gps
2026-05-19 18:44:25,45.7591731,21.2270187,3.29,victoriei_iulius,walking,1,synthetic_gps
2026-05-19 18:44:26,45.7591813,21.2270232,6.14,victoriei_iulius,walking,1,synthetic_gps
2026-05-19 18:44:27,45.7592309,21.2270281,4.03,victoriei_iulius,walking,1,synthetic_gps
2026-05-19 18:44:28,45.75917,21.2270582,3.85,victoriei_iulius,walking,1,synthetic_gps
2026-05-19 18:44:29,45.7591903,21.2270447,3.34,victoriei_iulius,walking,1,synthetic_gps
2026-05-19 18:44:30,45.7592596,21.2270463,2.91,victoriei_iulius,walking,1,synthetic_gps
2026-05-19 18:44:31,45.759228,21.2270432,3.53,victoriei_iulius,walking,1,synthetic_gps
2026-05-19 18:44:32,45.759191,21.2270373,4.58,victoriei_iulius,walking,1,synthetic_gps
2026-05-19 18:44:33,45.7592701,21.2270293,4.39,victoriei_iulius,walking,1,synthetic_gps
2026-05-19 18:44:34,45.7592313,21.2270288,0.87,victoriei_iulius,walking,1,synthetic_gps
2026-05-19 18:44:35,45.7592402,21.2270487,5.13,victoriei_iulius,walking,1,synthetic_gps
2026-05-19 18:44:36,45.7592681,21.227029,4.87,victoriei_iulius,walking,1,synthetic_gps
2026-05-19 18:44:37,45.7592981,21.2269857,4.59,victoriei_iulius,walking,1,synthetic_gps
2026-05-19 18:44:38,45.7592512,21.2270663,4.18,victoriei_iulius,walking,1,synthetic_gps
2026-05-19 18:44:39,45.7592982,21.2270389,3.94,victoriei_iulius,walking,1,synthetic_gps
2026-05-19 18:44:40,45.7593029,21.2270195,4.73,victoriei_iulius,walking,1,synthetic_gps
2026-05-19 18:44:41,45.7593245,21.2270426,2.67,victoriei_iulius,walking,1,synthetic_gps
2026-05-19 18:44:42,45.7593006,21.2270633,4.35,victoriei_iulius,walking,1,synthetic_gps
2026-05-19 18:44:43,45.7592983,21.2270648,5.97,victoriei_iulius,walking,1,synthetic_gps
2026-05-19 18:44:44,45.7593264,21.2270527,5.21,victoriei_iulius,walking,1,synthetic_gps
2026-05-19 18:44:45,45.7593458,21.2270109,0.97,victoriei_iulius,walking,1,synthetic_gps
2026-05-19 18:44:46,45.7593256,21.2270507,4.83,victoriei_iulius,walking,1,synthetic_gps
2026-05-19 18:44:47,45.7593234,21.227031,4.88,victoriei_iulius,walking,1,synthetic_gps
2026-05-19 18:44:48,45.7593523,21.2270387,2.78,victoriei_iulius,walking,1,synthetic_gps
2026-05-19 18:44:49,45.7593371,21.2270264,3.93,victoriei_iulius,walking,1,synthetic_gps
2026-05-19 18:44:50,45.7594033,21.2271062,3.81,victoriei_iulius,walking,1,synthetic_gps
2026-05-19 18:44:51,45.7593511,21.227035,5.07,victoriei_iulius,walking,1,synthetic_gps
2026-05-19 18:44:52,45.7593653,21.2270702,6.63,victoriei_iulius,walking,1,synthetic_gps
2026-05-19 18:44:53,45.7593851,21.2270565,4.54,victoriei_iulius,walking,1,synthetic_gps
2026-05-19 18:44:54,45.7593977,21.2270817,3.4,victoriei_iulius,walking,1,synthetic_gps
2026-05-19 18:44:55,45.7594192,21.2270542,3.49,victoriei_iulius,walking,1,synthetic_gps
2026-05-19 18:44:56,45.7594188,21.2270775,0.77,victoriei_iulius,walking,1,synthetic_gps
2026-05-19 18:44:57,45.7594794,21.227044,4.23,victoriei_iulius,walking,1,synthetic_gps
2026-05-19 18:44:58,45.7594575,21.2270614,4.83,victoriei_iulius,walking,1,synthetic_gps
2026-05-19 18:44:59,45.7594201,21.2270963,6.25,victoriei_iulius,walking,1,synthetic_gps
2026-05-19 18:45:00,45.7594374,21.2271292,4.91,victoriei_iulius,walking,1,synthetic_gps
2026-05-19 18:45:01,45.7594864,21.2270685,4.45,victoriei_iulius,walking,1,synthetic_gps
2026-05-19 18:45:02,45.7594892,21.2270369,5.59,victoriei_iulius,walking,1,synthetic_gps
2026-05-19 18:45:03,45.7595159,21.2270742,4.69,victoriei_iulius,walking,1,synthetic_gps
2026-05-19 18:45:04,45.7594595,21.2271378,3.96,victoriei_iulius,walking,1,synthetic_gps
2026-05-19 18:45:05,45.7595065,21.2270973,7.0,victoriei_iulius,walking,1,synthetic_gps
2026-05-19 18:45:06,45.7594945,21.2270963,5.36,victoriei_iulius,walking,1,synthetic_gps
2026-05-19 18:45:07,45.7595193,21.2270735,4.07,victoriei_iulius,walking,1,synthetic_gps
2026-05-19 18:45:08,45.7595282,21.227105,5.22,victoriei_iulius,walking,1,synthetic_gps
2026-05-19 18:45:09,45.7595256,21.2271141,3.79,victoriei_iulius,walking,1,synthetic_gps
2026-05-19 18:45:10,45.7595657,21.227077,5.12,victoriei_iulius,walking,1,synthetic_gps
2026-05-19 18:45:11,45.759499,21.2270924,5.33,victoriei_iulius,walking,1,synthetic_gps
2026-05-19 18:45:12,45.759523,21.2271235,3.77,victoriei_iulius,walking,1,synthetic_gps
2026-05-19 18:45:13,45.7595398,21.227071,4.73,victoriei_iulius,walking,1,synthetic_gps
2026-05-19 18:45:14,45.7596127,21.2270771,4.13,victoriei_iulius,walking,1,synthetic_gps
2026-05-19 18:45:15,45.7595778,21.2271211,3.78,victoriei_iulius,walking,1,synthetic_gps
2026-05-19 18:45:16,45.7595727,21.227097,5.3,victoriei_iulius,walking,1,synthetic_gps
2026-05-19 18:45:17,45.7595788,21.2271595,4.63,victoriei_iulius,walking,1,synthetic_gps
2026-05-19 18:45:18,45.759569,21.2271508,4.9,victoriei_iulius,walking,1,synthetic_gps
2026-05-19 18:45:19,45.7596263,21.227135,4.52,victoriei_iulius,walking,1,synthetic_gps
2026-05-19 18:45:20,45.7596199,21.2271608,5.37,victoriei_iulius,walking,1,synthetic_gps
2026-05-19 18:45:21,45.759594,21.227141,4.53,victoriei_iulius,walking,1,synthetic_gps
2026-05-19 18:45:22,45.7596437,21.2271126,4.06,victoriei_iulius,walking,1,synthetic_gps
2026-05-19 18:45:23,45.759658,21.2271631,3.84,victoriei_iulius,walking,1,synthetic_gps
2026-05-19 18:45:24,45.7596797,21.2271668,6.18,victoriei_iulius,walking,1,synthetic_gps
2026-05-19 18:45:25,45.7596526,21.2271757,2.09,victoriei_iulius,walking,1,synthetic_gps
2026-05-19 18:45:26,45.7596283,21.2271186,5.06,victoriei_iulius,walking,1,synthetic_gps
2026-05-19 18:45:27,45.7596656,21.2271412,5.12,victoriei_iulius,walking,1,synthetic_gps
2026-05-19 18:45:28,45.7596296,21.2271527,2.45,victoriei_iulius,walking,1,synthetic_gps
2026-05-19 18:45:29,45.75965,21.2271273,3.87,victoriei_iulius,walking,1,synthetic_gps
2026-05-19 18:45:30,45.759659,21.22719,3.79,victoriei_iulius,walking,1,synthetic_gps
2026-05-19 18:45:31,45.7596462,21.2271912,3.76,victoriei_iulius,walking,1,synthetic_gps
2026-05-19 18:45:32,45.7596986,21.2271271,4.8,victoriei_iulius,walking,1,synthetic_gps
2026-05-19 18:45:33,45.7597464,21.2271553,3.95,victoriei_iulius,walking,1,synthetic_gps
2026-05-19 18:45:34,45.7596976,21.2271615,4.18,victoriei_iulius,walking,1,synthetic_gps
2026-05-19 18:45:35,45.7597252,21.2271404,3.44,victoriei_iulius,walking,1,synthetic_gps
2026-05-19 18:45:36,45.7597914,21.2271654,4.98,victoriei_iulius,walking,1,synthetic_gps
2026-05-19 18:45:37,45.7597492,21.2271519,5.37,victoriei_iulius,walking,1,synthetic_gps
2026-05-19 18:45:38,45.7597665,21.2271738,5.24,victoriei_iulius,walking,1,synthetic_gps
2026-05-19 18:45:39,45.7597831,21.2271994,3.7,victoriei_iulius,walking,1,synthetic_gps
2026-05-19 18:45:40,45.7598288,21.2272246,5.02,victoriei_iulius,walking,1,synthetic_gps
2026-05-19 18:45:41,45.7597945,21.2271891,4.86,victoriei_iulius,walking,1,synthetic_gps
2026-05-19 18:45:42,45.7597668,21.2271928,4.54,victoriei_iulius,walking,1,synthetic_gps
2026-05-19 18:45:43,45.7597747,21.2272087,4.42,victoriei_iulius,walking,1,synthetic_gps
2026-05-19 18:45:44,45.7598121,21.2271938,4.1,victoriei_iulius,walking,1,synthetic_gps
2026-05-19 18:45:45,45.7598205,21.2272047,3.63,victoriei_iulius,walking,1,synthetic_gps
2026-05-19 18:45:46,45.7598236,21.2271834,5.02,victoriei_iulius,walking,1,synthetic_gps
2026-05-19 18:45:47,45.7598369,21.2271501,0.51,victoriei_iulius,walking,1,synthetic_gps
2026-05-19 18:45:48,45.7597986,21.2271947,3.62,victoriei_iulius,walking,1,synthetic_gps
2026-05-19 18:45:49,45.7598446,21.22719,5.08,victoriei_iulius,walking,1,synthetic_gps
2026-05-19 18:45:50,45.7598639,21.2271453,0.99,victoriei_iulius,walking,1,synthetic_gps
2026-05-19 18:45:51,45.759902,21.2272013,4.99,victoriei_iulius,walking,1,synthetic_gps
2026-05-19 18:45:52,45.7598444,21.227189,4.95,victoriei_iulius,walking,1,synthetic_gps
2026-05-19 18:45:53,45.7598903,21.2272136,5.72,victoriei_iulius,walking,1,synthetic_gps
2026-05-19 18:45:54,45.7599016,21.2272045,5.73,victoriei_iulius,walking,1,synthetic_gps
2026-05-19 18:45:55,45.759891,21.2271536,4.39,victoriei_iulius,walking,1,synthetic_gps
2026-05-19 18:45:56,45.7598701,21.227201,7.0,victoriei_iulius,walking,1,synthetic_gps
2026-05-19 18:45:57,45.7598993,21.2272484,2.64,victoriei_iulius,walking,1,synthetic_gps
2026-05-19 18:45:58,45.7599428,21.2271834,3.71,victoriei_iulius,walking,1,synthetic_gps
2026-05-19 18:45:59,45.7599506,21.2271595,4.44,victoriei_iulius,walking,1,synthetic_gps
2026-05-19 18:46:00,45.7599295,21.2272293,4.1,victoriei_iulius,walking,1,synthetic_gps
2026-05-19 18:46:01,45.7599469,21.2272343,4.9,victoriei_iulius,walking,1,synthetic_gps
2026-05-19 18:46:02,45.7600089,21.2272122,4.83,victoriei_iulius,walking,1,synthetic_gps
2026-05-19 18:46:03,45.7599629,21.227193,4.73,victoriei_iulius,walking,1,synthetic_gps
2026-05-19 18:46:04,45.7599937,21.2272315,4.05,victoriei_iulius,walking,1,synthetic_gps
2026-05-19 18:46:05,45.7600297,21.2272049,3.81,victoriei_iulius,walking,1,synthetic_gps
2026-05-19 18:46:06,45.7599877,21.2272098,4.94,victoriei_iulius,walking,1,synthetic_gps
2026-05-19 18:46:07,45.7599404,21.2272425,4.34,victoriei_iulius,walking,1,synthetic_gps
2026-05-19 18:46:08,45.7599608,21.2271863,3.29,victoriei_iulius,walking,1,synthetic_gps
2026-05-19 18:46:09,45.7600435,21.2272347,4.94,victoriei_iulius,walking,1,synthetic_gps
2026-05-19 18:46:10,45.7599714,21.2272329,4.01,victoriei_iulius,walking,1,synthetic_gps
2026-05-19 18:46:11,45.7600037,21.2272785,0.76,victoriei_iulius,walking,1,synthetic_gps
2026-05-19 18:46:12,45.760032,21.2272196,4.84,victoriei_iulius,walking,1,synthetic_gps
2026-05-19 18:46:13,45.7600194,21.2272231,6.71,victoriei_iulius,walking,1,synthetic_gps
2026-05-19 18:46:14,45.760033,21.2272441,3.59,victoriei_iulius,walking,1,synthetic_gps
2026-05-19 18:46:15,45.7600532,21.2272758,3.54,victoriei_iulius,walking,1,synthetic_gps
2026-05-19 18:46:16,45.7600593,21.2272509,2.89,victoriei_iulius,walking,1,synthetic_gps
2026-05-19 18:46:17,45.7600362,21.2272524,3.31,victoriei_iulius,walking,1,synthetic_gps
2026-05-19 18:46:18,45.7600652,21.2272557,3.26,victoriei_iulius,walking,1,synthetic_gps
2026-05-19 18:46:19,45.7600624,21.2272618,5.74,victoriei_iulius,walking,1,synthetic_gps
2026-05-19 18:46:20,45.7600992,21.2272813,4.38,victoriei_iulius,walking,1,synthetic_gps
2026-05-19 18:46:21,45.7601181,21.2272967,3.79,victoriei_iulius,walking,1,synthetic_gps
2026-05-19 18:46:22,45.7600919,21.2272872,4.26,victoriei_iulius,walking,1,synthetic_gps
2026-05-19 18:46:23,45.7601002,21.2272507,5.4,victoriei_iulius,walking,1,synthetic_gps
2026-05-19 18:46:24,45.7601255,21.2272664,4.65,victoriei_iulius,walking,1,synthetic_gps
2026-05-19 18:46:25,45.7601029,21.2272963,4.34,victoriei_iulius,walking,1,synthetic_gps
2026-05-19 18:46:26,45.7601272,21.2272976,5.25,victoriei_iulius,walking,1,synthetic_gps
2026-05-19 18:46:27,45.7601878,21.2272924,4.0,victoriei_iulius,walking,1,synthetic_gps
2026-05-19 18:46:28,45.7601837,21.2272739,5.68,victoriei_iulius,walking,1,synthetic_gps
2026-05-19 18:46:29,45.7601208,21.2272737,4.88,victoriei_iulius,walking,1,synthetic_gps
2026-05-19 18:46:30,45.7601468,21.2272785,2.09,victoriei_iulius,walking,1,synthetic_gps
2026-05-19 18:46:31,45.7601568,21.2272524,3.66,victoriei_iulius,walking,1,synthetic_gps
2026-05-19 18:46:32,45.7601422,21.2272787,3.35,victoriei_iulius,walking,1,synthetic_gps
2026-05-19 18:46:33,45.7601934,21.227275,4.72,victoriei_iulius,walking,1,synthetic_gps
2026-05-19 18:46:34,45.7601875,21.2273226,4.07,victoriei_iulius,walking,1,synthetic_gps
2026-05-19 18:46:35,45.7601934,21.2272743,3.43,victoriei_iulius,walking,1,synthetic_gps
2026-05-19 18:46:36,45.7601703,21.2273379,3.78,victoriei_iulius,walking,1,synthetic_gps
2026-05-19 18:46:37,45.7602194,21.2272896,3.78,victoriei_iulius,walking,1,synthetic_gps
2026-05-19 18:46:38,45.7602254,21.2272617,4.45,victoriei_iulius,walking,1,synthetic_gps
2026-05-19 18:46:39,45.7602427,21.2273029,1.26,victoriei_iulius,walking,1,synthetic_gps
2026-05-19 18:46:40,45.7602067,21.227304,5.32,victoriei_iulius,walking,1,synthetic_gps
2026-05-19 18:46:41,45.7602963,21.2273368,4.66,victoriei_iulius,walking,1,synthetic_gps
2026-05-19 18:46:42,45.7602383,21.2273185,5.27,victoriei_iulius,walking,1,synthetic_gps
2026-05-19 18:46:43,45.7602344,21.2273383,3.84,victoriei_iulius,walking,1,synthetic_gps
2026-05-19 18:46:44,45.7602957,21.2273062,6.38,victoriei_iulius,walking,1,synthetic_gps
2026-05-19 18:46:45,45.7602858,21.2273464,4.26,victoriei_iulius,walking,1,synthetic_gps
2026-05-19 18:46:46,45.7602789,21.2273466,4.9,victoriei_iulius,walking,1,synthetic_gps
2026-05-19 18:46:47,45.760273,21.2273009,4.26,victoriei_iulius,walking,1,synthetic_gps
2026-05-19 18:46:48,45.7603077,21.2273167,4.26,victoriei_iulius,walking,1,synthetic_gps
2026-05-19 18:46:49,45.760365,21.2273182,3.82,victoriei_iulius,walking,1,synthetic_gps
2026-05-19 18:46:50,45.760347,21.2273531,2.62,victoriei_iulius,walking,1,synthetic_gps
2026-05-19 18:46:51,45.7603119,21.2273492,4.18,victoriei_iulius,walking,1,synthetic_gps
2026-05-19 18:46:52,45.7603138,21.2272724,6.24,victoriei_iulius,walking,1,synthetic_gps
2026-05-19 18:46:53,45.7603209,21.2273384,5.38,victoriei_iulius,walking,1,synthetic_gps
2026-05-19 18:46:54,45.7603568,21.2272709,3.65,victoriei_iulius,walking,1,synthetic_gps
2026-05-19 18:46:55,45.7603794,21.2273439,6.09,victoriei_iulius,walking,1,synthetic_gps
2026-05-19 18:46:56,45.760296,21.2273125,5.98,victoriei_iulius,walking,1,synthetic_gps
2026-05-19 18:46:57,45.7604126,21.2273397,5.27,victoriei_iulius,walking,1,synthetic_gps
2026-05-19 18:46:58,45.7603769,21.2273276,4.08,victoriei_iulius,walking,1,synthetic_gps
2026-05-19 18:46:59,45.7604246,21.2273387,4.93,victoriei_iulius,walking,1,synthetic_gps
2026-05-19 18:47:00,45.760379,21.2273316,4.45,victoriei_iulius,walking,1,synthetic_gps
2026-05-19 18:47:01,45.7603992,21.2273801,3.3,victoriei_iulius,walking,1,synthetic_gps
2026-05-19 18:47:02,45.7604072,21.2273699,3.4,victoriei_iulius,walking,1,synthetic_gps
2026-05-19 18:47:03,45.7604069,21.2273515,4.02,victoriei_iulius,walking,1,synthetic_gps
2026-05-19 18:47:04,45.76045,21.2273682,4.3,victoriei_iulius,walking,1,synthetic_gps
2026-05-19 18:47:05,45.7604154,21.2273373,3.42,victoriei_iulius,walking,1,synthetic_gps
2026-05-19 18:47:06,45.7604822,21.2273509,4.28,victoriei_iulius,walking,1,synthetic_gps
2026-05-19 18:47:07,45.7604515,21.2273366,4.62,victoriei_iulius,walking,1,synthetic_gps
2026-05-19 18:47:08,45.7604347,21.2273316,2.8,victoriei_iulius,walking,1,synthetic_gps
2026-05-19 18:47:09,45.7604507,21.2273337,3.8,victoriei_iulius,walking,1,synthetic_gps
2026-05-19 18:47:10,45.7605062,21.2273453,3.66,victoriei_iulius,walking,1,synthetic_gps
2026-05-19 18:47:11,45.7604379,21.227395,0.81,victoriei_iulius,walking,1,synthetic_gps
2026-05-19 18:47:12,45.7605192,21.2274107,4.37,victoriei_iulius,walking,1,synthetic_gps
2026-05-19 18:47:13,45.7604936,21.2274321,5.56,victoriei_iulius,walking,1,synthetic_gps
2026-05-19 18:47:14,45.7605625,21.2273999,4.72,victoriei_iulius,walking,1,synthetic_gps
2026-05-19 18:47:15,45.7604915,21.2273765,5.22,victoriei_iulius,walking,1,synthetic_gps
2026-05-19 18:47:16,45.7605334,21.2273606,4.53,victoriei_iulius,walking,1,synthetic_gps
2026-05-19 18:47:17,45.7605625,21.2274163,5.34,victoriei_iulius,walking,1,synthetic_gps
2026-05-19 18:47:18,45.7605485,21.2273453,4.42,victoriei_iulius,walking,1,synthetic_gps
2026-05-19 18:47:19,45.7605569,21.2274084,3.79,victoriei_iulius,walking,1,synthetic_gps
2026-05-19 18:47:20,45.7605794,21.2274019,5.29,victoriei_iulius,walking,1,synthetic_gps
2026-05-19 18:47:21,45.7606138,21.2274027,4.98,victoriei_iulius,walking,1,synthetic_gps
2026-05-19 18:47:22,45.7605434,21.2274252,3.32,victoriei_iulius,walking,1,synthetic_gps
2026-05-19 18:47:23,45.7605904,21.2273934,4.39,victoriei_iulius,walking,1,synthetic_gps
2026-05-19 18:47:24,45.7606396,21.2274247,2.73,victoriei_iulius,walking,1,synthetic_gps
2026-05-19 18:47:25,45.7605325,21.2273924,3.53,victoriei_iulius,walking,1,synthetic_gps
2026-05-19 18:47:26,45.7606025,21.2274422,4.08,victoriei_iulius,walking,1,synthetic_gps
2026-05-19 18:47:27,45.7606029,21.2273929,5.17,victoriei_iulius,walking,1,synthetic_gps
2026-05-19 18:47:28,45.7605781,21.227397,5.36,victoriei_iulius,walking,1,synthetic_gps
2026-05-19 18:47:29,45.7606719,21.2274308,5.35,victoriei_iulius,walking,1,synthetic_gps
2026-05-19 18:47:30,45.7606267,21.2273805,6.45,victoriei_iulius,walking,1,synthetic_gps
2026-05-19 18:47:31,45.7606551,21.2274361,5.24,victoriei_iulius,walking,1,synthetic_gps
2026-05-19 18:47:32,45.7606459,21.2274555,5.65,victoriei_iulius,walking,1,synthetic_gps
2026-05-19 18:47:33,45.7606702,21.2274169,4.0,victoriei_iulius,walking,1,synthetic_gps
2026-05-19 18:47:34,45.7606559,21.227431,3.66,victoriei_iulius,walking,1,synthetic_gps
2026-05-19 18:47:35,45.7606841,21.2274596,4.54,victoriei_iulius,walking,1,synthetic_gps
2026-05-19 18:47:36,45.7606814,21.227434,4.43,victoriei_iulius,walking,1,synthetic_gps
2026-05-19 18:47:37,45.7606591,21.227407,4.02,victoriei_iulius,walking,1,synthetic_gps
2026-05-19 18:47:38,45.760676,21.2274483,4.75,victoriei_iulius,walking,1,synthetic_gps
2026-05-19 18:47:39,45.7607368,21.2274531,4.24,victoriei_iulius,walking,1,synthetic_gps
2026-05-19 18:47:40,45.7607564,21.2274623,3.35,victoriei_iulius,walking,1,synthetic_gps
2026-05-19 18:47:41,45.760742,21.2274445,4.73,victoriei_iulius,walking,1,synthetic_gps
2026-05-19 18:47:42,45.7607543,21.2274061,4.86,victoriei_iulius,walking,1,synthetic_gps
2026-05-19 18:47:43,45.7607593,21.2274479,4.55,victoriei_iulius,walking,1,synthetic_gps
2026-05-19 18:47:44,45.7607278,21.2274126,3.66,victoriei_iulius,walking,1,synthetic_gps
2026-05-19 18:47:45,45.7607445,21.2274424,5.81,victoriei_iulius,walking,1,synthetic_gps
2026-05-19 18:47:46,45.7607839,21.227467,4.44,victoriei_iulius,walking,1,synthetic_gps
2026-05-19 18:47:47,45.7607657,21.2274656,4.7,victoriei_iulius,walking,1,synthetic_gps
2026-05-19 18:47:48,45.7607883,21.2274638,3.78,victoriei_iulius,walking,1,synthetic_gps
2026-05-19 18:47:49,45.7607844,21.227411,4.86,victoriei_iulius,walking,1,synthetic_gps
2026-05-19 18:47:50,45.7607976,21.2274299,5.39,victoriei_iulius,walking,1,synthetic_gps
2026-05-19 18:47:51,45.760828,21.2274576,3.78,victoriei_iulius,walking,1,synthetic_gps
2026-05-19 18:47:52,45.7607492,21.2274574,2.57,victoriei_iulius,walking,1,synthetic_gps
2026-05-19 18:47:53,45.7608153,21.2274911,4.15,victoriei_iulius,walking,1,synthetic_gps
2026-05-19 18:47:54,45.7608027,21.2274373,4.1,victoriei_iulius,walking,1,synthetic_gps
2026-05-19 18:47:55,45.7608373,21.227485,3.96,victoriei_iulius,walking,1,synthetic_gps
2026-05-19 18:47:56,45.7608562,21.2274772,4.12,victoriei_iulius,walking,1,synthetic_gps
2026-05-19 18:47:57,45.7608498,21.227504,4.98,victoriei_iulius,walking,1,synthetic_gps
2026-05-19 18:47:58,45.7608392,21.227492,3.66,victoriei_iulius,walking,1,synthetic_gps
2026-05-19 18:47:59,45.7608676,21.2274502,3.94,victoriei_iulius,walking,1,synthetic_gps
2026-05-19 18:48:00,45.7608892,21.2274907,5.57,victoriei_iulius,walking,1,synthetic_gps
2026-05-19 18:48:01,45.7608755,21.2274745,3.79,victoriei_iulius,walking,1,synthetic_gps
2026-05-19 18:48:02,45.7608748,21.2275198,3.65,victoriei_iulius,walking,1,synthetic_gps
2026-05-19 18:48:03,45.7608955,21.2274714,1.34,victoriei_iulius,walking,1,synthetic_gps
2026-05-19 18:48:04,45.7609446,21.2274642,0.8,victoriei_iulius,walking,1,synthetic_gps
2026-05-19 18:48:05,45.7608884,21.2275038,3.93,victoriei_iulius,walking,1,synthetic_gps
2026-05-19 18:48:06,45.7609123,21.2274875,4.11,victoriei_iulius,walking,1,synthetic_gps
2026-05-19 18:48:07,45.760923,21.2274681,3.41,victoriei_iulius,walking,1,synthetic_gps
2026-05-19 18:48:08,45.7609237,21.2275107,4.69,victoriei_iulius,walking,1,synthetic_gps
2026-05-19 18:48:09,45.7609188,21.2275413,3.88,victoriei_iulius,walking,1,synthetic_gps
2026-05-19 18:48:10,45.7609535,21.2274936,4.03,victoriei_iulius,walking,1,synthetic_gps
2026-05-19 18:48:11,45.7609518,21.2275188,3.77,victoriei_iulius,walking,1,synthetic_gps
2026-05-19 18:48:12,45.7609552,21.2275354,6.12,victoriei_iulius,walking,1,synthetic_gps
2026-05-19 18:48:13,45.7609646,21.2275547,6.73,victoriei_iulius,walking,1,synthetic_gps
2026-05-19 18:48:14,45.7609552,21.2275642,4.94,victoriei_iulius,walking,1,synthetic_gps
2026-05-19 18:48:15,45.7610124,21.2275629,4.31,victoriei_iulius,walking,1,synthetic_gps
2026-05-19 18:48:16,45.7609801,21.2275344,5.04,victoriei_iulius,walking,1,synthetic_gps
2026-05-19 18:48:17,45.761004,21.2275177,4.39,victoriei_iulius,walking,1,synthetic_gps
2026-05-19 18:48:18,45.7610064,21.2275898,4.99,victoriei_iulius,walking,1,synthetic_gps
2026-05-19 18:48:19,45.7610144,21.2275842,5.57,victoriei_iulius,walking,1,synthetic_gps
2026-05-19 18:48:20,45.7609752,21.2275193,4.31,victoriei_iulius,walking,1,synthetic_gps
2026-05-19 18:48:21,45.7610572,21.2275151,4.58,victoriei_iulius,walking,1,synthetic_gps
2026-05-19 18:48:22,45.7610967,21.2275351,4.81,victoriei_iulius,walking,1,synthetic_gps
2026-05-19 18:48:23,45.7610592,21.2275181,5.1,victoriei_iulius,walking,1,synthetic_gps
2026-05-19 18:48:24,45.7610517,21.2275194,4.48,victoriei_iulius,walking,1,synthetic_gps
2026-05-19 18:48:25,45.7610588,21.2275264,3.17,victoriei_iulius,walking,1,synthetic_gps
2026-05-19 18:48:26,45.7610994,21.2275155,4.76,victoriei_iulius,walking,1,synthetic_gps
2026-05-19 18:48:27,45.761075,21.2275348,1.77,victoriei_iulius,walking,1,synthetic_gps
2026-05-19 18:48:28,45.7611376,21.2275362,3.99,victoriei_iulius,walking,1,synthetic_gps
2026-05-19 18:48:29,45.7610977,21.2275325,6.14,victoriei_iulius,walking,1,synthetic_gps
2026-05-19 18:48:30,45.7611137,21.2275485,2.84,victoriei_iulius,walking,1,synthetic_gps
2026-05-19 18:48:31,45.7611121,21.2275489,3.4,victoriei_iulius,walking,1,synthetic_gps
2026-05-19 18:48:32,45.761159,21.2275544,2.41,victoriei_iulius,walking,1,synthetic_gps
2026-05-19 18:48:33,45.7611268,21.2275331,3.07,victoriei_iulius,walking,1,synthetic_gps
2026-05-19 18:48:34,45.7611152,21.2275399,5.72,victoriei_iulius,walking,1,synthetic_gps
2026-05-19 18:48:35,45.7611722,21.2275588,3.62,victoriei_iulius,walking,1,synthetic_gps
2026-05-19 18:48:36,45.7611346,21.2275162,4.7,victoriei_iulius,walking,1,synthetic_gps
2026-05-19 18:48:37,45.7611813,21.227571,4.57,victoriei_iulius,walking,1,synthetic_gps
2026-05-19 18:48:38,45.7611802,21.2275706,5.29,victoriei_iulius,walking,1,synthetic_gps
2026-05-19 18:48:39,45.7611555,21.2275167,4.57,victoriei_iulius,walking,1,synthetic_gps
2026-05-19 18:48:40,45.7611972,21.2275508,5.37,victoriei_iulius,walking,1,synthetic_gps
2026-05-19 18:48:41,45.7611825,21.2275406,4.8,victoriei_iulius,walking,1,synthetic_gps
2026-05-19 18:48:42,45.7612307,21.2275963,3.65,victoriei_iulius,walking,1,synthetic_gps
2026-05-19 18:48:43,45.761152,21.2276153,3.42,victoriei_iulius,walking,1,synthetic_gps
2026-05-19 18:48:44,45.7612199,21.2275963,6.13,victoriei_iulius,walking,1,synthetic_gps
2026-05-19 18:48:45,45.7612408,21.227582,4.23,victoriei_iulius,walking,1,synthetic_gps
2026-05-19 18:48:46,45.7612457,21.2275615,4.51,victoriei_iulius,walking,1,synthetic_gps
2026-05-19 18:48:47,45.761221,21.2275683,3.24,victoriei_iulius,walking,1,synthetic_gps
2026-05-19 18:48:48,45.7612858,21.2275806,5.31,victoriei_iulius,walking,1,synthetic_gps
2026-05-19 18:48:49,45.7612471,21.2275767,4.78,victoriei_iulius,walking,1,synthetic_gps
2026-05-19 18:48:50,45.7612549,21.2276072,5.12,victoriei_iulius,walking,1,synthetic_gps
2026-05-19 18:48:51,45.7612431,21.2276029,4.66,victoriei_iulius,walking,1,synthetic_gps
2026-05-19 18:48:52,45.761249,21.2276023,5.1,victoriei_iulius,walking,1,synthetic_gps
2026-05-19 18:48:53,45.7612863,21.2275939,5.96,victoriei_iulius,walking,1,synthetic_gps
2026-05-19 18:48:54,45.7612796,21.2276168,4.61,victoriei_iulius,walking,1,synthetic_gps
2026-05-19 18:48:55,45.7613155,21.2275905,4.26,victoriei_iulius,walking,1,synthetic_gps
2026-05-19 18:48:56,45.761279,21.2275914,6.44,victoriei_iulius,walking,1,synthetic_gps
2026-05-19 18:48:57,45.7613433,21.2276463,5.15,victoriei_iulius,walking,1,synthetic_gps
2026-05-19 18:48:58,45.7613128,21.2276184,4.39,victoriei_iulius,walking,1,synthetic_gps
2026-05-19 18:48:59,45.7613827,21.2276201,4.1,victoriei_iulius,walking,1,synthetic_gps
2026-05-19 18:49:00,45.7613194,21.2276137,2.96,victoriei_iulius,walking,1,synthetic_gps
2026-05-19 18:49:01,45.761379,21.2276394,4.14,victoriei_iulius,walking,1,synthetic_gps
2026-05-19 18:49:02,45.7613818,21.2275963,5.36,victoriei_iulius,walking,1,synthetic_gps
2026-05-19 18:49:03,45.7613544,21.2276393,5.47,victoriei_iulius,walking,1,synthetic_gps
2026-05-19 18:49:04,45.7613964,21.2276338,5.11,victoriei_iulius,walking,1,synthetic_gps
2026-05-19 18:49:05,45.761369,21.2275911,5.87,victoriei_iulius,walking,1,synthetic_gps
2026-05-19 18:49:06,45.7613767,21.2276216,3.91,victoriei_iulius,walking,1,synthetic_gps
2026-05-19 18:49:07,45.7614184,21.2276518,3.47,victoriei_iulius,walking,1,synthetic_gps
2026-05-19 18:49:08,45.7614033,21.2276527,3.76,victoriei_iulius,walking,1,synthetic_gps
2026-05-19 18:49:09,45.761462,21.2276242,5.16,victoriei_iulius,walking,1,synthetic_gps
2026-05-19 18:49:10,45.7614395,21.2276349,4.95,victoriei_iulius,walking,1,synthetic_gps
2026-05-19 18:49:11,45.7614786,21.2276263,4.81,victoriei_iulius,walking,1,synthetic_gps
2026-05-19 18:49:12,45.7614437,21.2276229,3.77,victoriei_iulius,walking,1,synthetic_gps
2026-05-19 18:49:13,45.7614337,21.2276133,3.64,victoriei_iulius,walking,1,synthetic_gps
2026-05-19 18:49:14,45.7614378,21.2276291,2.41,victoriei_iulius,walking,1,synthetic_gps
2026-05-19 18:49:15,45.7614402,21.2276747,3.29,victoriei_iulius,walking,1,synthetic_gps
2026-05-19 18:49:16,45.7614471,21.2276986,2.25,victoriei_iulius,walking,1,synthetic_gps
2026-05-19 18:49:17,45.76148,21.2276725,4.5,victoriei_iulius,walking,1,synthetic_gps
2026-05-19 18:49:18,45.7614713,21.2276344,5.78,victoriei_iulius,walking,1,synthetic_gps
2026-05-19 18:49:19,45.7614872,21.2276725,6.5,victoriei_iulius,walking,1,synthetic_gps
2026-05-19 18:49:20,45.7614725,21.2276559,5.08,victoriei_iulius,walking,1,synthetic_gps
2026-05-19 18:49:21,45.7614872,21.2276785,4.58,victoriei_iulius,walking,1,synthetic_gps
2026-05-19 18:49:22,45.7614857,21.2277105,5.16,victoriei_iulius,walking,1,synthetic_gps
2026-05-19 18:49:23,45.7614667,21.2276562,4.68,victoriei_iulius,walking,1,synthetic_gps
2026-05-19 18:49:24,45.7615259,21.2276163,5.53,victoriei_iulius,walking,1,synthetic_gps
2026-05-19 18:49:25,45.7615065,21.2276689,5.23,victoriei_iulius,walking,1,synthetic_gps
2026-05-19 18:49:26,45.761559,21.2276975,4.26,victoriei_iulius,walking,1,synthetic_gps
2026-05-19 18:49:27,45.7615511,21.2276315,4.93,victoriei_iulius,walking,1,synthetic_gps
2026-05-19 18:49:28,45.7615574,21.2276479,4.3,victoriei_iulius,walking,1,synthetic_gps
2026-05-19 18:49:29,45.7615373,21.2276654,4.62,victoriei_iulius,walking,1,synthetic_gps
2026-05-19 18:49:30,45.7615618,21.2277049,3.75,victoriei_iulius,walking,1,synthetic_gps
2026-05-19 18:49:31,45.7615612,21.2276826,4.62,victoriei_iulius,walking,1,synthetic_gps
2026-05-19 18:49:32,45.761607,21.2276491,5.92,victoriei_iulius,walking,1,synthetic_gps
2026-05-19 18:49:33,45.7615592,21.2276142,5.03,victoriei_iulius,walking,1,synthetic_gps
2026-05-19 18:49:34,45.7616441,21.2276852,4.04,victoriei_iulius,walking,1,synthetic_gps
2026-05-19 18:49:35,45.7616375,21.2276595,4.96,victoriei_iulius,walking,1,synthetic_gps
2026-05-19 18:49:36,45.7616004,21.2277027,3.63,victoriei_iulius,walking,1,synthetic_gps
2026-05-19 18:49:37,45.7616681,21.2277392,6.01,victoriei_iulius,walking,1,synthetic_gps
2026-05-19 18:49:38,45.7616348,21.2276556,4.56,victoriei_iulius,walking,1,synthetic_gps
2026-05-19 18:49:39,45.7616476,21.2277003,4.14,victoriei_iulius,walking,1,synthetic_gps
2026-05-19 18:49:40,45.7616315,21.2277012,5.4,victoriei_iulius,walking,1,synthetic_gps
2026-05-19 18:49:41,45.7616796,21.2277166,4.17,victoriei_iulius,walking,1,synthetic_gps
2026-05-19 18:49:42,45.7616602,21.2277519,4.13,victoriei_iulius,walking,1,synthetic_gps
2026-05-19 18:49:43,45.7616859,21.2276854,4.29,victoriei_iulius,walking,1,synthetic_gps
2026-05-19 18:49:44,45.7616472,21.2277229,6.15,victoriei_iulius,walking,1,synthetic_gps
2026-05-19 18:49:45,45.7616703,21.2276898,4.97,victoriei_iulius,walking,1,synthetic_gps
2026-05-19 18:49:46,45.7617239,21.2276971,4.62,victoriei_iulius,walking,1,synthetic_gps
2026-05-19 18:49:47,45.7617217,21.227754,4.47,victoriei_iulius,walking,1,synthetic_gps
2026-05-19 18:49:48,45.7617184,21.2277247,3.97,victoriei_iulius,walking,1,synthetic_gps
2026-05-19 18:49:49,45.7617288,21.2277203,3.69,victoriei_iulius,walking,1,synthetic_gps
2026-05-19 18:49:50,45.761764,21.2277431,4.86,victoriei_iulius,walking,1,synthetic_gps
2026-05-19 18:49:51,45.76171,21.2277432,4.8,victoriei_iulius,walking,1,synthetic_gps
2026-05-19 18:49:52,45.7617646,21.2277985,4.82,victoriei_iulius,walking,1,synthetic_gps
2026-05-19 18:49:53,45.7617728,21.2277425,6.52,victoriei_iulius,walking,1,synthetic_gps
2026-05-19 18:49:54,45.7617681,21.2277259,3.03,victoriei_iulius,walking,1,synthetic_gps
2026-05-19 18:49:55,45.7617558,21.2277178,3.32,victoriei_iulius,walking,1,synthetic_gps
2026-05-19 18:49:56,45.7617566,21.2277457,5.16,victoriei_iulius,walking,1,synthetic_gps
2026-05-19 18:49:57,45.7617969,21.2277642,3.86,victoriei_iulius,walking,1,synthetic_gps
2026-05-19 18:49:58,45.7617654,21.2277553,5.82,victoriei_iulius,walking,1,synthetic_gps
2026-05-19 18:49:59,45.7617885,21.2277691,5.0,victoriei_iulius,walking,1,synthetic_gps
2026-05-19 18:50:00,45.7618422,21.2277369,4.12,victoriei_iulius,walking,1,synthetic_gps
2026-05-19 18:50:01,45.7618288,21.2277223,5.77,victoriei_iulius,walking,1,synthetic_gps
2026-05-19 18:50:02,45.761871,21.2277631,3.11,victoriei_iulius,walking,1,synthetic_gps
2026-05-19 18:50:03,45.7618437,21.227733,5.86,victoriei_iulius,walking,1,synthetic_gps
2026-05-19 18:50:04,45.761841,21.2277573,1.99,victoriei_iulius,walking,1,synthetic_gps
2026-05-19 18:50:05,45.7618767,21.2277684,4.83,victoriei_iulius,walking,1,synthetic_gps
2026-05-19 18:50:06,45.7618585,21.2277186,3.15,victoriei_iulius,walking,1,synthetic_gps
2026-05-19 18:50:07,45.7618915,21.2278003,4.73,victoriei_iulius,walking,1,synthetic_gps
2026-05-19 18:50:08,45.7619133,21.2277797,1.34,victoriei_iulius,walking,1,synthetic_gps
2026-05-19 18:50:09,45.7618728,21.2277765,5.39,victoriei_iulius,walking,1,synthetic_gps
2026-05-19 18:50:10,45.7619042,21.2277962,3.39,victoriei_iulius,walking,1,synthetic_gps
2026-05-19 18:50:11,45.7618604,21.2277722,5.54,victoriei_iulius,walking,1,synthetic_gps
2026-05-19 18:50:12,45.7619073,21.2277692,3.3,victoriei_iulius,walking,1,synthetic_gps
2026-05-19 18:50:13,45.7619278,21.2277945,5.93,victoriei_iulius,walking,1,synthetic_gps
2026-05-19 18:50:14,45.7619004,21.2277745,5.56,victoriei_iulius,walking,1,synthetic_gps
2026-05-19 18:50:15,45.7619739,21.2277592,3.73,victoriei_iulius,walking,1,synthetic_gps
2026-05-19 18:50:16,45.7619573,21.2277853,4.57,victoriei_iulius,walking,1,synthetic_gps
2026-05-19 18:50:17,45.7619222,21.2277587,4.95,victoriei_iulius,walking,1,synthetic_gps
2026-05-19 18:50:18,45.7619561,21.2277739,4.01,victoriei_iulius,walking,1,synthetic_gps
2026-05-19 18:50:19,45.7619663,21.2278119,4.44,victoriei_iulius,walking,1,synthetic_gps
2026-05-19 18:50:20,45.7619566,21.2277607,4.72,victoriei_iulius,walking,1,synthetic_gps
2026-05-19 18:50:21,45.7619645,21.2277802,4.58,victoriei_iulius,walking,1,synthetic_gps
2026-05-19 18:50:22,45.7619538,21.2277741,3.91,victoriei_iulius,walking,1,synthetic_gps
2026-05-19 18:50:23,45.7620233,21.2278319,2.96,victoriei_iulius,walking,1,synthetic_gps
2026-05-19 18:50:24,45.7619877,21.227796,5.28,victoriei_iulius,walking,1,synthetic_gps
2026-05-19 18:50:25,45.7620266,21.2277934,4.8,victoriei_iulius,walking,1,synthetic_gps
2026-05-19 18:50:26,45.7620918,21.2278312,4.87,victoriei_iulius,walking,1,synthetic_gps
2026-05-19 18:50:27,45.7620003,21.227804,4.09,victoriei_iulius,walking,1,synthetic_gps
2026-05-19 18:50:28,45.7620344,21.2277678,3.28,victoriei_iulius,walking,1,synthetic_gps
2026-05-19 18:50:29,45.76206,21.2278246,4.76,victoriei_iulius,walking,1,synthetic_gps
2026-05-19 18:50:30,45.7620751,21.2278131,4.03,victoriei_iulius,walking,1,synthetic_gps
2026-05-19 18:50:31,45.7620758,21.2278144,5.11,victoriei_iulius,walking,1,synthetic_gps
2026-05-19 18:50:32,45.7620539,21.2278193,4.5,victoriei_iulius,walking,1,synthetic_gps
2026-05-19 18:50:33,45.7620862,21.22784,5.67,victoriei_iulius,walking,1,synthetic_gps
2026-05-19 18:50:34,45.7620295,21.2278783,4.14,victoriei_iulius,walking,1,synthetic_gps
2026-05-19 18:50:35,45.7621031,21.2278868,4.38,victoriei_iulius,walking,1,synthetic_gps
2026-05-19 18:50:36,45.7620937,21.2278479,4.87,victoriei_iulius,walking,1,synthetic_gps
2026-05-19 18:50:37,45.7621138,21.2278227,4.67,victoriei_iulius,walking,1,synthetic_gps
2026-05-19 18:50:38,45.7620766,21.2278211,5.04,victoriei_iulius,walking,1,synthetic_gps
2026-05-19 18:50:39,45.7621465,21.2278156,3.91,victoriei_iulius,walking,1,synthetic_gps
2026-05-19 18:50:40,45.762212,21.2278129,5.19,victoriei_iulius,walking,1,synthetic_gps
2026-05-19 18:50:41,45.7621474,21.2278927,5.3,victoriei_iulius,walking,1,synthetic_gps
2026-05-19 18:50:42,45.7621866,21.2278727,4.37,victoriei_iulius,walking,1,synthetic_gps
2026-05-19 18:50:43,45.7622418,21.2278235,5.77,victoriei_iulius,walking,1,synthetic_gps
2026-05-19 18:50:44,45.7622091,21.2278469,4.57,victoriei_iulius,walking,1,synthetic_gps
2026-05-19 18:50:45,45.7621855,21.2278614,5.24,victoriei_iulius,walking,1,synthetic_gps
2026-05-19 18:50:46,45.7621732,21.2278585,5.99,victoriei_iulius,walking,1,synthetic_gps
2026-05-19 18:50:47,45.7622425,21.2278724,5.85,victoriei_iulius,walking,1,synthetic_gps
2026-05-19 18:50:48,45.7622142,21.227847,5.53,victoriei_iulius,walking,1,synthetic_gps
2026-05-19 18:50:49,45.76229,21.2278367,3.22,victoriei_iulius,walking,1,synthetic_gps
2026-05-19 18:50:50,45.7622554,21.2278934,3.11,victoriei_iulius,walking,1,synthetic_gps
2026-05-19 18:50:51,45.7622679,21.2279052,3.95,victoriei_iulius,walking,1,synthetic_gps
2026-05-19 18:50:52,45.7622596,21.2278879,4.63,victoriei_iulius,walking,1,synthetic_gps
2026-05-19 18:50:53,45.7622809,21.2278871,3.0,victoriei_iulius,walking,1,synthetic_gps
2026-05-19 18:50:54,45.7623102,21.2278637,4.23,victoriei_iulius,walking,1,synthetic_gps
2026-05-19 18:50:55,45.7622977,21.2278654,4.58,victoriei_iulius,walking,1,synthetic_gps
2026-05-19 18:50:56,45.7623327,21.2278793,3.1,victoriei_iulius,walking,1,synthetic_gps
2026-05-19 18:50:57,45.7622701,21.2278509,4.92,victoriei_iulius,walking,1,synthetic_gps
2026-05-19 18:50:58,45.7623441,21.2278639,4.52,victoriei_iulius,walking,1,synthetic_gps
2026-05-19 18:50:59,45.7623337,21.2278876,6.31,victoriei_iulius,walking,1,synthetic_gps
2026-05-19 18:51:00,45.7623735,21.2278905,5.72,victoriei_iulius,walking,1,synthetic_gps
2026-05-19 18:51:01,45.7623609,21.2279195,4.21,victoriei_iulius,walking,1,synthetic_gps
2026-05-19 18:51:02,45.7624143,21.2279051,4.89,victoriei_iulius,walking,1,synthetic_gps
2026-05-19 18:51:03,45.7624196,21.2279055,4.19,victoriei_iulius,walking,1,synthetic_gps
2026-05-19 18:51:04,45.7623748,21.227868,3.31,victoriei_iulius,walking,1,synthetic_gps
2026-05-19 18:51:05,45.7624307,21.2278869,3.74,victoriei_iulius,walking,1,synthetic_gps
2026-05-19 18:51:06,45.7624276,21.2278855,2.87,victoriei_iulius,walking,1,synthetic_gps
2026-05-19 18:51:07,45.762382,21.2279245,4.31,victoriei_iulius,walking,1,synthetic_gps
2026-05-19 18:51:08,45.7623911,21.2278692,6.43,victoriei_iulius,walking,1,synthetic_gps
2026-05-19 18:51:09,45.762472,21.2279099,1.26,victoriei_iulius,walking,1,synthetic_gps
2026-05-19 18:51:10,45.762461,21.2279259,4.25,victoriei_iulius,walking,1,synthetic_gps
2026-05-19 18:51:11,45.7624662,21.2279225,3.42,victoriei_iulius,walking,1,synthetic_gps
2026-05-19 18:51:12,45.7624725,21.2279166,4.48,victoriei_iulius,walking,1,synthetic_gps
2026-05-19 18:51:13,45.7625187,21.2278859,3.84,victoriei_iulius,walking,1,synthetic_gps
2026-05-19 18:51:14,45.7624705,21.2279363,4.93,victoriei_iulius,walking,1,synthetic_gps
2026-05-19 18:51:15,45.7625431,21.2279174,3.65,victoriei_iulius,walking,1,synthetic_gps
2026-05-19 18:51:16,45.7625039,21.2279187,3.41,victoriei_iulius,walking,1,synthetic_gps
2026-05-19 18:51:17,45.7624774,21.2279601,4.5,victoriei_iulius,walking,1,synthetic_gps
2026-05-19 18:51:18,45.7625764,21.2279391,3.87,victoriei_iulius,walking,1,synthetic_gps
2026-05-19 18:51:19,45.7625357,21.2279471,3.59,victoriei_iulius,walking,1,synthetic_gps
2026-05-19 18:51:20,45.7625357,21.2279686,4.41,victoriei_iulius,walking,1,synthetic_gps
2026-05-19 18:51:21,45.7625466,21.2279213,4.05,victoriei_iulius,walking,1,synthetic_gps
2026-05-19 18:51:22,45.7625873,21.2279613,4.57,victoriei_iulius,walking,1,synthetic_gps
2026-05-19 18:51:23,45.7626111,21.2279327,4.33,victoriei_iulius,walking,1,synthetic_gps
2026-05-19 18:51:24,45.7626194,21.2279094,4.97,victoriei_iulius,walking,1,synthetic_gps
2026-05-19 18:51:25,45.7625876,21.2279588,6.1,victoriei_iulius,walking,1,synthetic_gps
2026-05-19 18:51:26,45.7626058,21.2279807,5.74,victoriei_iulius,walking,1,synthetic_gps
2026-05-19 18:51:27,45.762599,21.2279181,3.83,victoriei_iulius,walking,1,synthetic_gps
2026-05-19 18:51:28,45.7626317,21.2279782,2.25,victoriei_iulius,walking,1,synthetic_gps
2026-05-19 18:51:29,45.7626318,21.2280043,4.19,victoriei_iulius,walking,1,synthetic_gps
2026-05-19 18:51:30,45.7626669,21.2279521,5.16,victoriei_iulius,walking,1,synthetic_gps
2026-05-19 18:51:31,45.7626366,21.2279663,2.69,victoriei_iulius,walking,1,synthetic_gps
2026-05-19 18:51:32,45.7626743,21.2279821,5.4,victoriei_iulius,walking,1,synthetic_gps
2026-05-19 18:51:33,45.7627133,21.2279798,3.73,victoriei_iulius,walking,1,synthetic_gps
2026-05-19 18:51:34,45.7627009,21.2279444,0.96,victoriei_iulius,walking,1,synthetic_gps
2026-05-19 18:51:35,45.7626841,21.2279234,4.93,victoriei_iulius,walking,1,synthetic_gps
2026-05-19 18:51:36,45.7626862,21.228009,3.74,victoriei_iulius,walking,1,synthetic_gps
2026-05-19 18:51:37,45.7627143,21.2279564,2.65,victoriei_iulius,walking,1,synthetic_gps
2026-05-19 18:51:38,45.7627518,21.2280294,4.14,victoriei_iulius,walking,1,synthetic_gps
2026-05-19 18:51:39,45.7627341,21.2279916,4.79,victoriei_iulius,walking,1,synthetic_gps
2026-05-19 18:51:40,45.7627358,21.2279741,2.99,victoriei_iulius,walking,1,synthetic_gps
2026-05-19 18:51:41,45.7627607,21.2279491,3.74,victoriei_iulius,walking,1,synthetic_gps
2026-05-19 18:51:42,45.7627802,21.2280132,4.11,victoriei_iulius,walking,1,synthetic_gps
2026-05-19 18:51:43,45.7627637,21.2279594,4.56,victoriei_iulius,walking,1,synthetic_gps
2026-05-19 18:51:44,45.7627552,21.2279712,5.42,victoriei_iulius,walking,1,synthetic_gps
2026-05-19 18:51:45,45.762776,21.2279897,4.32,victoriei_iulius,walking,1,synthetic_gps
2026-05-19 18:51:46,45.7627735,21.2279818,5.92,victoriei_iulius,walking,1,synthetic_gps
2026-05-19 18:51:47,45.7628302,21.2280306,3.92,victoriei_iulius,walking,1,synthetic_gps
2026-05-19 18:51:48,45.7628788,21.2280316,1.04,victoriei_iulius,walking,1,synthetic_gps
2026-05-19 18:51:49,45.7628235,21.2280253,3.09,victoriei_iulius,walking,1,synthetic_gps
2026-05-19 18:51:50,45.7628434,21.2279939,6.01,victoriei_iulius,walking,1,synthetic_gps
2026-05-19 18:51:51,45.7628403,21.2280389,5.71,victoriei_iulius,walking,1,synthetic_gps
2026-05-19 18:51:52,45.7628717,21.2279597,5.09,victoriei_iulius,walking,1,synthetic_gps
2026-05-19 18:51:53,45.7628244,21.2279969,3.76,victoriei_iulius,walking,1,synthetic_gps
2026-05-19 18:51:54,45.7628919,21.2280027,5.29,victoriei_iulius,walking,1,synthetic_gps
2026-05-19 18:51:55,45.7629174,21.2280458,5.19,victoriei_iulius,walking,1,synthetic_gps
2026-05-19 18:51:56,45.762878,21.2280129,4.72,victoriei_iulius,walking,1,synthetic_gps
2026-05-19 18:51:57,45.7629268,21.228029,5.2,victoriei_iulius,walking,1,synthetic_gps
2026-05-19 18:51:58,45.762981,21.2279677,4.16,victoriei_iulius,walking,1,synthetic_gps
2026-05-19 18:51:59,45.762958,21.228045,4.61,victoriei_iulius,walking,1,synthetic_gps
2026-05-19 18:52:00,45.7629507,21.2280092,4.66,victoriei_iulius,walking,1,synthetic_gps
2026-05-19 18:52:01,45.7629756,21.2280475,3.1,victoriei_iulius,walking,1,synthetic_gps
2026-05-19 18:52:02,45.7629692,21.2280317,4.17,victoriei_iulius,walking,1,synthetic_gps
2026-05-19 18:52:03,45.7629809,21.2280629,3.88,victoriei_iulius,walking,1,synthetic_gps
2026-05-19 18:52:04,45.7629999,21.2280706,4.08,victoriei_iulius,walking,1,synthetic_gps
2026-05-19 18:52:05,45.7629674,21.2280254,3.69,victoriei_iulius,walking,1,synthetic_gps
2026-05-19 18:52:06,45.7630032,21.2280279,3.29,victoriei_iulius,walking,1,synthetic_gps
2026-05-19 18:52:07,45.7630416,21.2280617,4.96,victoriei_iulius,walking,1,synthetic_gps
2026-05-19 18:52:08,45.7630132,21.2280675,5.8,victoriei_iulius,walking,1,synthetic_gps
2026-05-19 18:52:09,45.763034,21.2280391,4.4,victoriei_iulius,walking,1,synthetic_gps
2026-05-19 18:52:10,45.7630276,21.2280384,3.36,victoriei_iulius,walking,1,synthetic_gps
2026-05-19 18:52:11,45.7630553,21.2280656,4.87,victoriei_iulius,walking,1,synthetic_gps
2026-05-19 18:52:12,45.7630552,21.2280813,3.79,victoriei_iulius,walking,1,synthetic_gps
2026-05-19 18:52:13,45.763087,21.2280462,4.63,victoriei_iulius,walking,1,synthetic_gps
2026-05-19 18:52:14,45.7630713,21.2280629,5.02,victoriei_iulius,walking,1,synthetic_gps
2026-05-19 18:52:15,45.7631444,21.2280581,4.29,victoriei_iulius,walking,1,synthetic_gps
2026-05-19 18:52:16,45.7631035,21.2280236,4.45,victoriei_iulius,walking,1,synthetic_gps
2026-05-19 18:52:17,45.7631037,21.2281212,1.37,victoriei_iulius,walking,1,synthetic_gps
2026-05-19 18:52:18,45.7631721,21.2280982,3.56,victoriei_iulius,walking,1,synthetic_gps
2026-05-19 18:52:19,45.7631282,21.2280478,4.91,victoriei_iulius,walking,1,synthetic_gps
2026-05-19 18:52:20,45.7630995,21.2280862,4.33,victoriei_iulius,walking,1,synthetic_gps
2026-05-19 18:52:21,45.763147,21.2280948,4.47,victoriei_iulius,walking,1,synthetic_gps
2026-05-19 18:52:22,45.7631377,21.2280736,5.42,victoriei_iulius,walking,1,synthetic_gps
2026-05-19 18:52:23,45.7631777,21.2280672,4.24,victoriei_iulius,walking,1,synthetic_gps
2026-05-19 18:52:24,45.7631536,21.2280981,3.83,victoriei_iulius,walking,1,synthetic_gps
2026-05-19 18:52:25,45.7631685,21.2280966,3.84,victoriei_iulius,walking,1,synthetic_gps
2026-05-19 18:52:26,45.7631976,21.2280934,3.95,victoriei_iulius,walking,1,synthetic_gps
2026-05-19 18:52:27,45.7632282,21.2281046,4.04,victoriei_iulius,walking,1,synthetic_gps
2026-05-19 18:52:28,45.763231,21.2280915,3.59,victoriei_iulius,walking,1,synthetic_gps
2026-05-19 18:52:29,45.7632493,21.228126,3.37,victoriei_iulius,walking,1,synthetic_gps
2026-05-19 18:52:30,45.7632088,21.2281283,3.29,victoriei_iulius,walking,1,synthetic_gps
2026-05-19 18:52:31,45.7632519,21.2281233,0.85,victoriei_iulius,walking,1,synthetic_gps
2026-05-19 18:52:32,45.7632298,21.2280885,4.08,victoriei_iulius,walking,1,synthetic_gps
2026-05-19 18:52:33,45.7632993,21.228094,4.36,victoriei_iulius,walking,1,synthetic_gps
2026-05-19 18:52:34,45.7632788,21.228113,3.21,victoriei_iulius,walking,1,synthetic_gps
2026-05-19 18:52:35,45.7632876,21.2281553,5.89,victoriei_iulius,walking,1,synthetic_gps
2026-05-19 18:52:36,45.7632984,21.2281212,5.84,victoriei_iulius,walking,1,synthetic_gps
2026-05-19 18:52:37,45.7633031,21.2281393,5.17,victoriei_iulius,walking,1,synthetic_gps
2026-05-19 18:52:38,45.7633094,21.2281289,4.58,victoriei_iulius,walking,1,synthetic_gps
2026-05-19 18:52:39,45.7633008,21.2281502,5.08,victoriei_iulius,walking,1,synthetic_gps
2026-05-19 18:52:40,45.7633381,21.2281367,5.51,victoriei_iulius,walking,1,synthetic_gps
2026-05-19 18:52:41,45.7633385,21.2281643,3.8,victoriei_iulius,walking,1,synthetic_gps
2026-05-19 18:52:42,45.7633003,21.2281698,3.85,victoriei_iulius,walking,1,synthetic_gps
2026-05-19 18:52:43,45.7633855,21.2281481,4.15,victoriei_iulius,walking,1,synthetic_gps
2026-05-19 18:52:44,45.7633616,21.228121,3.92,victoriei_iulius,walking,1,synthetic_gps
2026-05-19 18:52:45,45.7633946,21.2281434,3.44,victoriei_iulius,walking,1,synthetic_gps
2026-05-19 18:52:46,45.7633983,21.2281485,0.86,victoriei_iulius,walking,1,synthetic_gps
2026-05-19 18:52:47,45.7634511,21.2281207,3.54,victoriei_iulius,walking,1,synthetic_gps
2026-05-19 18:52:48,45.7634125,21.2281749,3.99,victoriei_iulius,walking,1,synthetic_gps
2026-05-19 18:52:49,45.7634146,21.228107,4.6,victoriei_iulius,walking,1,synthetic_gps
2026-05-19 18:52:50,45.7634723,21.2281504,4.58,victoriei_iulius,walking,1,synthetic_gps
2026-05-19 18:52:51,45.7634641,21.2281587,2.35,victoriei_iulius,walking,1,synthetic_gps
2026-05-19 18:52:52,45.7634375,21.2282034,5.12,victoriei_iulius,walking,1,synthetic_gps
2026-05-19 18:52:53,45.7634628,21.2281952,4.94,victoriei_iulius,walking,1,synthetic_gps
2026-05-19 18:52:54,45.763485,21.2281684,3.15,victoriei_iulius,walking,1,synthetic_gps
2026-05-19 18:52:55,45.7634569,21.2281775,3.07,victoriei_iulius,walking,1,synthetic_gps
2026-05-19 18:52:56,45.763536,21.2282082,2.75,victoriei_iulius,walking,1,synthetic_gps
2026-05-19 18:52:57,45.763468,21.2281745,2.53,victoriei_iulius,walking,1,synthetic_gps
2026-05-19 18:52:58,45.7635274,21.2282013,0.7,victoriei_iulius,walking,1,synthetic_gps
2026-05-19 18:52:59,45.7634862,21.2281911,4.42,victoriei_iulius,walking,1,synthetic_gps
2026-05-19 18:53:00,45.7635308,21.2281729,2.73,victoriei_iulius,walking,1,synthetic_gps
2026-05-19 18:53:01,45.7635164,21.2282125,4.54,victoriei_iulius,walking,1,synthetic_gps
2026-05-19 18:53:02,45.7635493,21.228191,7.0,victoriei_iulius,walking,1,synthetic_gps
2026-05-19 18:53:03,45.7635399,21.2281763,3.95,victoriei_iulius,walking,1,synthetic_gps
2026-05-19 18:53:04,45.7636061,21.228214,6.16,victoriei_iulius,walking,1,synthetic_gps
2026-05-19 18:53:05,45.7636012,21.2282228,3.19,victoriei_iulius,walking,1,synthetic_gps
2026-05-19 18:53:06,45.7636084,21.228175,3.99,victoriei_iulius,walking,1,synthetic_gps
2026-05-19 18:53:07,45.7635848,21.2282377,4.63,victoriei_iulius,walking,1,synthetic_gps
2026-05-19 18:53:08,45.7635931,21.2282187,4.1,victoriei_iulius,walking,1,synthetic_gps
2026-05-19 18:53:09,45.7636357,21.2282064,4.05,victoriei_iulius,walking,1,synthetic_gps
2026-05-19 18:53:10,45.7636513,21.2282087,3.07,victoriei_iulius,walking,1,synthetic_gps
2026-05-19 18:53:11,45.7636352,21.2281982,4.21,victoriei_iulius,walking,1,synthetic_gps
2026-05-19 18:53:12,45.7636783,21.2281976,4.9,victoriei_iulius,walking,1,synthetic_gps
2026-05-19 18:53:13,45.7636634,21.228115,3.01,victoriei_iulius,walking,1,synthetic_gps
2026-05-19 18:53:14,45.763669,21.2281801,4.32,victoriei_iulius,walking,1,synthetic_gps
2026-05-19 18:53:15,45.7636543,21.2282312,5.54,victoriei_iulius,walking,1,synthetic_gps
2026-05-19 18:53:16,45.763693,21.228159,4.31,victoriei_iulius,walking,1,synthetic_gps
2026-05-19 18:53:17,45.7636987,21.2282234,3.54,victoriei_iulius,walking,1,synthetic_gps
2026-05-19 18:53:18,45.7637325,21.2282419,3.13,victoriei_iulius,walking,1,synthetic_gps
2026-05-19 18:53:19,45.7637573,21.2282391,5.64,victoriei_iulius,walking,1,synthetic_gps
2026-05-19 18:53:20,45.7636588,21.2282449,5.35,victoriei_iulius,walking,1,synthetic_gps
2026-05-19 18:53:21,45.7637487,21.2282493,3.97,victoriei_iulius,walking,1,synthetic_gps
2026-05-19 18:53:22,45.7637641,21.2282015,6.54,victoriei_iulius,walking,1,synthetic_gps
2026-05-19 18:53:23,45.7637384,21.2282085,4.74,victoriei_iulius,walking,1,synthetic_gps
2026-05-19 18:53:24,45.7638043,21.2282527,4.1,victoriei_iulius,walking,1,synthetic_gps
2026-05-19 18:53:25,45.7637742,21.2282025,4.24,victoriei_iulius,walking,1,synthetic_gps
2026-05-19 18:53:26,45.7637677,21.2282495,4.29,victoriei_iulius,walking,1,synthetic_gps
2026-05-19 18:53:27,45.7637947,21.2282134,5.49,victoriei_iulius,walking,1,synthetic_gps
2026-05-19 18:53:28,45.7638135,21.2282415,4.49,victoriei_iulius,walking,1,synthetic_gps
2026-05-19 18:53:29,45.7638224,21.228269,4.74,victoriei_iulius,walking,1,synthetic_gps
2026-05-19 18:53:30,45.7638438,21.2282959,4.62,victoriei_iulius,walking,1,synthetic_gps
2026-05-19 18:53:31,45.7638342,21.2282301,3.3,victoriei_iulius,walking,1,synthetic_gps
2026-05-19 18:53:32,45.7638097,21.2282645,5.29,victoriei_iulius,walking,1,synthetic_gps
2026-05-19 18:53:33,45.7638688,21.228313,3.53,victoriei_iulius,walking,1,synthetic_gps
2026-05-19 18:53:34,45.7638252,21.2282862,4.54,victoriei_iulius,walking,1,synthetic_gps
2026-05-19 18:53:35,45.7638916,21.2283061,3.58,victoriei_iulius,walking,1,synthetic_gps
2026-05-19 18:53:36,45.7639048,21.2282999,4.12,victoriei_iulius,walking,1,synthetic_gps
2026-05-19 18:53:37,45.7638776,21.2282598,4.76,victoriei_iulius,walking,1,synthetic_gps
2026-05-19 18:53:38,45.7639457,21.2282906,4.79,victoriei_iulius,walking,1,synthetic_gps
2026-05-19 18:53:39,45.7639431,21.2282832,4.05,victoriei_iulius,walking,1,synthetic_gps
2026-05-19 18:53:40,45.7639385,21.2282209,0.85,victoriei_iulius,walking,1,synthetic_gps
2026-05-19 18:53:41,45.7639218,21.2283216,6.06,victoriei_iulius,walking,1,synthetic_gps
2026-05-19 18:53:42,45.7639686,21.2282723,5.01,victoriei_iulius,walking,1,synthetic_gps
2026-05-19 18:53:43,45.7639501,21.2283124,5.98,victoriei_iulius,walking,1,synthetic_gps
2026-05-19 18:53:44,45.7639632,21.2282888,4.92,victoriei_iulius,walking,1,synthetic_gps
2026-05-19 18:53:45,45.7639473,21.2282864,3.55,victoriei_iulius,walking,1,synthetic_gps
2026-05-19 18:53:46,45.7639707,21.228288,5.54,victoriei_iulius,walking,1,synthetic_gps
2026-05-19 18:53:47,45.7640095,21.2282694,3.23,victoriei_iulius,walking,1,synthetic_gps
2026-05-19 18:53:48,45.7639989,21.2282711,4.55,victoriei_iulius,walking,1,synthetic_gps
2026-05-19 18:53:49,45.7640049,21.2282804,4.17,victoriei_iulius,walking,1,synthetic_gps
2026-05-19 18:53:50,45.7639581,21.2282953,2.28,victoriei_iulius,walking,1,synthetic_gps
2026-05-19 18:53:51,45.7640354,21.2282725,5.64,victoriei_iulius,walking,1,synthetic_gps
2026-05-19 18:53:52,45.7640408,21.2283013,4.15,victoriei_iulius,walking,1,synthetic_gps
2026-05-19 18:53:53,45.7640398,21.2282899,3.95,victoriei_iulius,walking,1,synthetic_gps
2026-05-19 18:53:54,45.7640413,21.2282929,5.67,victoriei_iulius,walking,1,synthetic_gps
2026-05-19 18:53:55,45.7640864,21.2282461,3.41,victoriei_iulius,walking,1,synthetic_gps
2026-05-19 18:53:56,45.7640682,21.2283105,3.54,victoriei_iulius,walking,1,synthetic_gps
2026-05-19 18:53:57,45.7641316,21.2283012,3.36,victoriei_iulius,walking,1,synthetic_gps
2026-05-19 18:53:58,45.7641433,21.2282855,4.33,victoriei_iulius,walking,1,synthetic_gps
2026-05-19 18:53:59,45.7640956,21.228335,5.22,victoriei_iulius,walking,1,synthetic_gps
2026-05-19 18:54:00,45.7640745,21.2283604,4.84,victoriei_iulius,walking,1,synthetic_gps
2026-05-19 18:54:01,45.7641016,21.2283624,4.12,victoriei_iulius,walking,1,synthetic_gps
2026-05-19 18:54:02,45.7641289,21.2283231,2.95,victoriei_iulius,walking,1,synthetic_gps
2026-05-19 18:54:03,45.7641555,21.2283383,2.67,victoriei_iulius,walking,1,synthetic_gps
2026-05-19 18:54:04,45.7641567,21.2283493,5.18,victoriei_iulius,walking,1,synthetic_gps
2026-05-19 18:54:05,45.7641929,21.2283433,2.95,victoriei_iulius,walking,1,synthetic_gps
2026-05-19 18:54:06,45.7641557,21.2283421,4.05,victoriei_iulius,walking,1,synthetic_gps
2026-05-19 18:54:07,45.7641569,21.2283442,5.62,victoriei_iulius,walking,1,synthetic_gps
2026-05-19 18:54:08,45.7641819,21.228309,3.13,victoriei_iulius,walking,1,synthetic_gps
2026-05-19 18:54:09,45.7641742,21.2283604,4.36,victoriei_iulius,walking,1,synthetic_gps
2026-05-19 18:54:10,45.7641917,21.2283441,5.07,victoriei_iulius,walking,1,synthetic_gps
2026-05-19 18:54:11,45.7642344,21.2283288,6.02,victoriei_iulius,walking,1,synthetic_gps
2026-05-19 18:54:12,45.7642754,21.2283675,3.96,victoriei_iulius,walking,1,synthetic_gps
2026-05-19 18:54:13,45.7642474,21.2283602,4.16,victoriei_iulius,walking,1,synthetic_gps
2026-05-19 18:54:14,45.7642657,21.228379,4.03,victoriei_iulius,walking,1,synthetic_gps
2026-05-19 18:54:15,45.7643331,21.2284212,4.05,victoriei_iulius,walking,1,synthetic_gps
2026-05-19 18:54:16,45.7642803,21.228357,4.75,victoriei_iulius,walking,1,synthetic_gps
2026-05-19 18:54:17,45.7643248,21.2283766,7.0,victoriei_iulius,walking,1,synthetic_gps
2026-05-19 18:54:18,45.7642695,21.228371,3.67,victoriei_iulius,walking,1,synthetic_gps
2026-05-19 18:54:19,45.7642819,21.2283931,3.64,victoriei_iulius,walking,1,synthetic_gps
2026-05-19 18:54:20,45.7642835,21.2283516,4.74,victoriei_iulius,walking,1,synthetic_gps
2026-05-19 18:54:21,45.7643498,21.2283574,5.56,victoriei_iulius,walking,1,synthetic_gps
2026-05-19 18:54:22,45.7643283,21.2283955,2.53,victoriei_iulius,walking,1,synthetic_gps
2026-05-19 18:54:23,45.7643955,21.22839,3.88,victoriei_iulius,walking,1,synthetic_gps
2026-05-19 18:54:24,45.7643288,21.2283865,5.11,victoriei_iulius,walking,1,synthetic_gps
2026-05-19 18:54:25,45.7643347,21.2284295,2.59,victoriei_iulius,walking,1,synthetic_gps
2026-05-19 18:54:26,45.7643287,21.2283695,3.95,victoriei_iulius,walking,1,synthetic_gps
2026-05-19 18:54:27,45.7643952,21.2283831,3.5,victoriei_iulius,walking,1,synthetic_gps
2026-05-19 18:54:28,45.7644111,21.228398,3.88,victoriei_iulius,walking,1,synthetic_gps
2026-05-19 18:54:29,45.7643715,21.2284154,4.26,victoriei_iulius,walking,1,synthetic_gps
2026-05-19 18:54:30,45.7644043,21.2283971,4.32,victoriei_iulius,walking,1,synthetic_gps
2026-05-19 18:54:31,45.7644335,21.2283811,4.68,victoriei_iulius,walking,1,synthetic_gps
2026-05-19 18:54:32,45.7644243,21.2284385,3.22,victoriei_iulius,walking,1,synthetic_gps
2026-05-19 18:54:33,45.764443,21.228413,2.33,victoriei_iulius,walking,1,synthetic_gps
2026-05-19 18:54:34,45.7644888,21.2284129,4.81,victoriei_iulius,walking,1,synthetic_gps
2026-05-19 18:54:35,45.7644464,21.2284361,4.79,victoriei_iulius,walking,1,synthetic_gps
2026-05-19 18:54:36,45.76448,21.2283842,3.67,victoriei_iulius,walking,1,synthetic_gps
2026-05-19 18:54:37,45.7645016,21.2283935,3.75,victoriei_iulius,walking,1,synthetic_gps
2026-05-19 18:54:38,45.7644874,21.2284438,4.77,victoriei_iulius,walking,1,synthetic_gps
2026-05-19 18:54:39,45.7644834,21.228415,3.4,victoriei_iulius,walking,1,synthetic_gps
2026-05-19 18:54:40,45.7645137,21.2284054,4.57,victoriei_iulius,walking,1,synthetic_gps
2026-05-19 18:54:41,45.7645282,21.2284513,3.63,victoriei_iulius,walking,1,synthetic_gps
2026-05-19 18:54:42,45.7645264,21.2284018,3.44,victoriei_iulius,walking,1,synthetic_gps
2026-05-19 18:54:43,45.7645048,21.2284508,4.39,victoriei_iulius,walking,1,synthetic_gps
2026-05-19 18:54:44,45.764503,21.2284239,2.99,victoriei_iulius,walking,1,synthetic_gps
2026-05-19 18:54:45,45.7645483,21.2284657,3.21,victoriei_iulius,walking,1,synthetic_gps
2026-05-19 18:54:46,45.7645729,21.2284744,4.35,victoriei_iulius,walking,1,synthetic_gps
2026-05-19 18:54:47,45.7645869,21.2284763,3.66,victoriei_iulius,walking,1,synthetic_gps
2026-05-19 18:54:48,45.7646059,21.2284503,3.52,victoriei_iulius,walking,1,synthetic_gps
2026-05-19 18:54:49,45.7646266,21.2284572,4.43,victoriei_iulius,walking,1,synthetic_gps
2026-05-19 18:54:50,45.764579,21.2284735,4.89,victoriei_iulius,walking,1,synthetic_gps
2026-05-19 18:54:51,45.7646091,21.2284482,5.69,victoriei_iulius,walking,1,synthetic_gps
2026-05-19 18:54:52,45.7646037,21.2284451,5.03,victoriei_iulius,walking,1,synthetic_gps
2026-05-19 18:54:53,45.764662,21.2284826,4.67,victoriei_iulius,walking,1,synthetic_gps
2026-05-19 18:54:54,45.7645978,21.2284647,4.23,victoriei_iulius,walking,1,synthetic_gps
2026-05-19 18:54:55,45.7646807,21.2284793,4.89,victoriei_iulius,walking,1,synthetic_gps
2026-05-19 18:54:56,45.7646546,21.2284667,5.25,victoriei_iulius,walking,1,synthetic_gps
2026-05-19 18:54:57,45.7646748,21.2284199,4.7,victoriei_iulius,walking,1,synthetic_gps
2026-05-19 18:54:58,45.7646734,21.2284732,5.09,victoriei_iulius,walking,1,synthetic_gps
2026-05-19 18:54:59,45.7646711,21.228433,4.85,victoriei_iulius,walking,1,synthetic_gps
2026-05-19 18:55:00,45.7647131,21.2284467,1.12,victoriei_iulius,walking,1,synthetic_gps
2026-05-19 18:55:01,45.7647072,21.2285126,3.18,victoriei_iulius,walking,1,synthetic_gps
2026-05-19 18:55:02,45.7647482,21.2284677,6.14,victoriei_iulius,walking,1,synthetic_gps
2026-05-19 18:55:03,45.7647412,21.2284572,3.55,victoriei_iulius,walking,1,synthetic_gps
2026-05-19 18:55:04,45.7647699,21.228473,3.46,victoriei_iulius,walking,1,synthetic_gps
2026-05-19 18:55:05,45.7647237,21.2285105,4.13,victoriei_iulius,walking,1,synthetic_gps
2026-05-19 18:55:06,45.7647537,21.2284743,5.1,victoriei_iulius,walking,1,synthetic_gps
2026-05-19 18:55:07,45.7647726,21.2284716,3.94,victoriei_iulius,walking,1,synthetic_gps
2026-05-19 18:55:08,45.7647702,21.2285158,5.16,victoriei_iulius,walking,1,synthetic_gps
2026-05-19 18:55:09,45.7647852,21.228483,5.39,victoriei_iulius,walking,1,synthetic_gps
2026-05-19 18:55:10,45.7648043,21.2284661,5.56,victoriei_iulius,walking,1,synthetic_gps
2026-05-19 18:55:11,45.7648423,21.2284661,3.67,victoriei_iulius,walking,1,synthetic_gps
2026-05-19 18:55:12,45.7648011,21.2285523,3.27,victoriei_iulius,walking,1,synthetic_gps
2026-05-19 18:55:13,45.764833,21.2284864,5.66,victoriei_iulius,walking,1,synthetic_gps
2026-05-19 18:55:14,45.7648456,21.2285058,3.98,victoriei_iulius,walking,1,synthetic_gps
2026-05-19 18:55:15,45.7648474,21.2285344,5.42,victoriei_iulius,walking,1,synthetic_gps
2026-05-19 18:55:16,45.7648396,21.2285251,4.12,victoriei_iulius,walking,1,synthetic_gps
2026-05-19 18:55:17,45.7648382,21.228492,4.09,victoriei_iulius,walking,1,synthetic_gps
2026-05-19 18:55:18,45.7648957,21.2285304,3.94,victoriei_iulius,walking,1,synthetic_gps
2026-05-19 18:55:19,45.7648894,21.2285048,3.34,victoriei_iulius,walking,1,synthetic_gps
2026-05-19 18:55:20,45.7648921,21.2285194,4.06,victoriei_iulius,walking,1,synthetic_gps
2026-05-19 18:55:21,45.7649052,21.2285491,5.32,victoriei_iulius,walking,1,synthetic_gps
2026-05-19 18:55:22,45.764892,21.2285448,4.84,victoriei_iulius,walking,1,synthetic_gps
2026-05-19 18:55:23,45.7649116,21.228543,6.58,victoriei_iulius,walking,1,synthetic_gps
2026-05-19 18:55:24,45.7649469,21.228559,4.23,victoriei_iulius,walking,1,synthetic_gps
2026-05-19 18:55:25,45.7649332,21.2285513,4.16,victoriei_iulius,walking,1,synthetic_gps
2026-05-19 18:55:26,45.7649508,21.2285656,4.52,victoriei_iulius,walking,1,synthetic_gps
2026-05-19 18:55:27,45.764966,21.2285428,4.28,victoriei_iulius,walking,1,synthetic_gps
2026-05-19 18:55:28,45.7650282,21.2285724,6.44,victoriei_iulius,walking,1,synthetic_gps
2026-05-19 18:55:29,45.7650216,21.2285641,5.29,victoriei_iulius,walking,1,synthetic_gps
2026-05-19 18:55:30,45.7649718,21.2285573,4.56,victoriei_iulius,walking,1,synthetic_gps
2026-05-19 18:55:31,45.7649956,21.2285164,4.07,victoriei_iulius,walking,1,synthetic_gps
2026-05-19 18:55:32,45.7650226,21.2285778,5.51,victoriei_iulius,walking,1,synthetic_gps
2026-05-19 18:55:33,45.7650431,21.2285624,4.27,victoriei_iulius,walking,1,synthetic_gps
2026-05-19 18:55:34,45.7650207,21.2285314,5.03,victoriei_iulius,walking,1,synthetic_gps
2026-05-19 18:55:35,45.7650661,21.2285664,4.92,victoriei_iulius,walking,1,synthetic_gps
2026-05-19 18:55:36,45.7650656,21.2285521,4.87,victoriei_iulius,walking,1,synthetic_gps
2026-05-19 18:55:37,45.7650187,21.228572,5.02,victoriei_iulius,walking,1,synthetic_gps
2026-05-19 18:55:38,45.7650856,21.2285335,3.83,victoriei_iulius,walking,1,synthetic_gps
2026-05-19 18:55:39,45.7651497,21.2285809,2.29,victoriei_iulius,walking,1,synthetic_gps
2026-05-19 18:55:40,45.7650837,21.2285537,4.29,victoriei_iulius,walking,1,synthetic_gps
2026-05-19 18:55:41,45.7651046,21.2285646,4.58,victoriei_iulius,walking,1,synthetic_gps
2026-05-19 18:55:42,45.7651105,21.2285815,3.5,victoriei_iulius,walking,1,synthetic_gps
2026-05-19 18:55:43,45.7651221,21.2285906,4.4,victoriei_iulius,walking,1,synthetic_gps
2026-05-19 18:55:44,45.7651096,21.228632,2.76,victoriei_iulius,walking,1,synthetic_gps
2026-05-19 18:55:45,45.7651542,21.2286071,5.14,victoriei_iulius,walking,1,synthetic_gps
2026-05-19 18:55:46,45.7651393,21.2285683,4.53,victoriei_iulius,walking,1,synthetic_gps
2026-05-19 18:55:47,45.7652023,21.228617,4.8,victoriei_iulius,walking,1,synthetic_gps
2026-05-19 18:55:48,45.7652104,21.2285959,4.48,victoriei_iulius,walking,1,synthetic_gps
2026-05-19 18:55:49,45.7651518,21.2286182,2.93,victoriei_iulius,walking,1,synthetic_gps
2026-05-19 18:55:50,45.7652236,21.2286181,4.47,victoriei_iulius,walking,1,synthetic_gps
2026-05-19 18:55:51,45.7652233,21.2285793,3.44,victoriei_iulius,walking,1,synthetic_gps
2026-05-19 18:55:52,45.7651923,21.2286423,4.56,victoriei_iulius,walking,1,synthetic_gps
2026-05-19 18:55:53,45.7652363,21.2286459,4.79,victoriei_iulius,walking,1,synthetic_gps
2026-05-19 18:55:54,45.7652336,21.2286252,4.1,victoriei_iulius,walking,1,synthetic_gps
2026-05-19 18:55:55,45.7652684,21.2286134,6.89,victoriei_iulius,walking,1,synthetic_gps
2026-05-19 18:55:56,45.7652406,21.2285757,5.31,victoriei_iulius,walking,1,synthetic_gps
2026-05-19 18:55:57,45.7652416,21.2285753,4.5,victoriei_iulius,walking,1,synthetic_gps
2026-05-19 18:55:58,45.7652522,21.2285969,4.64,victoriei_iulius,walking,1,synthetic_gps
2026-05-19 18:55:59,45.7653005,21.2286509,3.95,victoriei_iulius,walking,1,synthetic_gps
2026-05-19 18:56:00,45.7652771,21.2286724,5.77,victoriei_iulius,walking,1,synthetic_gps
2026-05-19 18:56:01,45.7653362,21.2286414,4.7,victoriei_iulius,walking,1,synthetic_gps
2026-05-19 18:56:02,45.7653272,21.228624,6.24,victoriei_iulius,walking,1,synthetic_gps
2026-05-19 18:56:03,45.7653257,21.2286565,4.47,victoriei_iulius,walking,1,synthetic_gps
2026-05-19 18:56:04,45.7653337,21.228622,4.48,victoriei_iulius,walking,1,synthetic_gps
2026-05-19 18:56:05,45.7653394,21.2286434,4.96,victoriei_iulius,walking,1,synthetic_gps
2026-05-19 18:56:06,45.7654214,21.2286417,4.87,victoriei_iulius,walking,1,synthetic_gps
2026-05-19 18:56:07,45.7653996,21.2286213,5.02,victoriei_iulius,walking,1,synthetic_gps
2026-05-19 18:56:08,45.7653634,21.2286265,4.0,victoriei_iulius,walking,1,synthetic_gps
2026-05-19 18:56:09,45.7653801,21.2286424,5.08,victoriei_iulius,walking,1,synthetic_gps
2026-05-19 18:56:10,45.7653561,21.2286792,5.7,victoriei_iulius,walking,1,synthetic_gps
2026-05-19 18:56:11,45.7654328,21.228638,3.33,victoriei_iulius,walking,1,synthetic_gps
2026-05-19 18:56:12,45.7653946,21.2286171,4.13,victoriei_iulius,walking,1,synthetic_gps
2026-05-19 18:56:13,45.7654274,21.2286788,5.66,victoriei_iulius,walking,1,synthetic_gps
2026-05-19 18:56:14,45.7654251,21.22869,2.92,victoriei_iulius,walking,1,synthetic_gps
2026-05-19 18:56:15,45.7654239,21.2286274,5.4,victoriei_iulius,walking,1,synthetic_gps
2026-05-19 18:56:16,45.7654494,21.228681,5.4,victoriei_iulius,walking,1,synthetic_gps
2026-05-19 18:56:17,45.7654547,21.2286729,3.35,victoriei_iulius,walking,1,synthetic_gps
2026-05-19 18:56:18,45.7654422,21.2286513,4.77,victoriei_iulius,walking,1,synthetic_gps
2026-05-19 18:56:19,45.7654864,21.2286742,4.99,victoriei_iulius,walking,1,synthetic_gps
2026-05-19 18:56:20,45.7655034,21.2286723,5.31,victoriei_iulius,walking,1,synthetic_gps
2026-05-19 18:56:21,45.7655262,21.228721,5.07,victoriei_iulius,walking,1,synthetic_gps
2026-05-19 18:56:22,45.7655222,21.2286657,0.66,victoriei_iulius,walking,1,synthetic_gps
2026-05-19 18:56:23,45.7655042,21.228675,6.01,victoriei_iulius,walking,1,synthetic_gps
2026-05-19 18:56:24,45.765601,21.228665,4.63,victoriei_iulius,walking,1,synthetic_gps
2026-05-19 18:56:25,45.7655304,21.2286577,3.31,victoriei_iulius,walking,1,synthetic_gps
2026-05-19 18:56:26,45.7655637,21.2287059,3.15,victoriei_iulius,walking,1,synthetic_gps
2026-05-19 18:56:27,45.7655734,21.2286391,5.12,victoriei_iulius,walking,1,synthetic_gps
2026-05-19 18:56:28,45.7656116,21.2287175,3.24,victoriei_iulius,walking,1,synthetic_gps
2026-05-19 18:56:29,45.7655984,21.2286885,0.6,victoriei_iulius,walking,1,synthetic_gps
2026-05-19 18:56:30,45.7656111,21.2286847,4.07,victoriei_iulius,walking,1,synthetic_gps
2026-05-19 18:56:31,45.7656254,21.2286638,4.98,victoriei_iulius,walking,1,synthetic_gps
2026-05-19 18:56:32,45.7656168,21.2286613,3.29,victoriei_iulius,walking,1,synthetic_gps
2026-05-19 18:56:33,45.7656298,21.2287111,6.41,victoriei_iulius,walking,1,synthetic_gps
2026-05-19 18:56:34,45.76564,21.2287675,5.5,victoriei_iulius,walking,1,synthetic_gps
2026-05-19 18:56:35,45.7656223,21.2287201,3.84,victoriei_iulius,walking,1,synthetic_gps
2026-05-19 18:56:36,45.7657051,21.2287291,4.43,victoriei_iulius,walking,1,synthetic_gps
2026-05-19 18:56:37,45.7656117,21.2287402,5.57,victoriei_iulius,walking,1,synthetic_gps
2026-05-19 18:56:38,45.7656519,21.228759,3.3,victoriei_iulius,walking,1,synthetic_gps
2026-05-19 18:56:39,45.7656718,21.2287121,5.6,victoriei_iulius,walking,1,synthetic_gps
2026-05-19 18:56:40,45.7656783,21.2287212,4.06,victoriei_iulius,walking,1,synthetic_gps
2026-05-19 18:56:41,45.7657043,21.2287213,4.41,victoriei_iulius,walking,1,synthetic_gps
2026-05-19 18:56:42,45.7657507,21.2287164,4.93,victoriei_iulius,walking,1,synthetic_gps
2026-05-19 18:56:43,45.7657411,21.2287365,3.84,victoriei_iulius,walking,1,synthetic_gps
2026-05-19 18:56:44,45.7657231,21.228712,3.41,victoriei_iulius,walking,1,synthetic_gps
2026-05-19 18:56:45,45.7657072,21.2287148,4.03,victoriei_iulius,walking,1,synthetic_gps
2026-05-19 18:56:46,45.7657485,21.2286926,3.4,victoriei_iulius,walking,1,synthetic_gps
2026-05-19 18:56:47,45.7657477,21.2287184,4.05,victoriei_iulius,walking,1,synthetic_gps
2026-05-19 18:56:48,45.7657979,21.2287325,5.11,victoriei_iulius,walking,1,synthetic_gps
2026-05-19 18:56:49,45.7657838,21.2287605,5.11,victoriei_iulius,walking,1,synthetic_gps
2026-05-19 18:56:50,45.7658121,21.2287637,3.85,victoriei_iulius,walking,1,synthetic_gps
2026-05-19 18:56:51,45.7657713,21.228761,3.44,victoriei_iulius,walking,1,synthetic_gps
2026-05-19 18:56:52,45.7658067,21.2287436,2.97,victoriei_iulius,walking,1,synthetic_gps
2026-05-19 18:56:53,45.7658077,21.2287751,4.44,victoriei_iulius,walking,1,synthetic_gps
2026-05-19 18:56:54,45.7658541,21.2287587,6.3,victoriei_iulius,walking,1,synthetic_gps
2026-05-19 18:56:55,45.7658056,21.2287485,4.79,victoriei_iulius,walking,1,synthetic_gps
2026-05-19 18:56:56,45.7658374,21.2287279,3.47,victoriei_iulius,walking,1,synthetic_gps
2026-05-19 18:56:57,45.765872,21.2287675,4.61,victoriei_iulius,walking,1,synthetic_gps
2026-05-19 18:56:58,45.7659016,21.2287932,4.66,victoriei_iulius,walking,1,synthetic_gps
2026-05-19 18:56:59,45.7658494,21.2288295,1.63,victoriei_iulius,walking,1,synthetic_gps
2026-05-19 18:57:00,45.7658642,21.2287606,2.64,victoriei_iulius,walking,1,synthetic_gps
2026-05-19 18:57:01,45.7659118,21.2287426,4.28,victoriei_iulius,walking,1,synthetic_gps
2026-05-19 18:57:02,45.7658978,21.228743,3.23,victoriei_iulius,walking,1,synthetic_gps
2026-05-19 18:57:03,45.7659134,21.2287682,5.6,victoriei_iulius,walking,1,synthetic_gps
2026-05-19 18:57:04,45.7659329,21.2287591,2.62,victoriei_iulius,walking,1,synthetic_gps
2026-05-19 18:57:05,45.7659535,21.2287932,0.54,victoriei_iulius,walking,1,synthetic_gps
2026-05-19 18:57:06,45.7659525,21.2287574,4.66,victoriei_iulius,walking,1,synthetic_gps
2026-05-19 18:57:07,45.7659723,21.2287953,3.75,victoriei_iulius,walking,1,synthetic_gps
2026-05-19 18:57:08,45.7659276,21.2288191,2.9,victoriei_iulius,walking,1,synthetic_gps
2026-05-19 18:57:09,45.7660154,21.2287848,3.44,victoriei_iulius,walking,1,synthetic_gps
2026-05-19 18:57:10,45.7660028,21.2288208,4.62,victoriei_iulius,walking,1,synthetic_gps
2026-05-19 18:57:11,45.7660087,21.2287971,5.76,victoriei_iulius,walking,1,synthetic_gps
2026-05-19 18:57:12,45.7659856,21.2288097,4.89,victoriei_iulius,walking,1,synthetic_gps
2026-05-19 18:57:13,45.7659955,21.2287849,5.25,victoriei_iulius,walking,1,synthetic_gps
2026-05-19 18:57:14,45.7660445,21.2288164,4.98,victoriei_iulius,walking,1,synthetic_gps
2026-05-19 18:57:15,45.7660794,21.2288303,5.4,victoriei_iulius,walking,1,synthetic_gps
2026-05-19 18:57:16,45.7660589,21.2288486,2.57,victoriei_iulius,walking,1,synthetic_gps
2026-05-19 18:57:17,45.7660853,21.2288257,3.75,victoriei_iulius,walking,1,synthetic_gps
2026-05-19 18:57:18,45.7660903,21.2287817,4.55,victoriei_iulius,walking,1,synthetic_gps
2026-05-19 18:57:19,45.7661052,21.2287612,5.18,victoriei_iulius,walking,1,synthetic_gps
2026-05-19 18:57:20,45.7661047,21.2288182,4.68,victoriei_iulius,walking,1,synthetic_gps
2026-05-19 18:57:21,45.7661402,21.2287959,5.24,victoriei_iulius,walking,1,synthetic_gps
2026-05-19 18:57:22,45.7661232,21.2288347,4.67,victoriei_iulius,walking,1,synthetic_gps
2026-05-19 18:57:23,45.7661203,21.2288643,3.87,victoriei_iulius,walking,1,synthetic_gps
2026-05-19 18:57:24,45.7661671,21.2288068,3.84,victoriei_iulius,walking,1,synthetic_gps
2026-05-19 18:57:25,45.7661196,21.228819,4.39,victoriei_iulius,walking,1,synthetic_gps
2026-05-19 18:57:26,45.7662267,21.2288026,5.4,victoriei_iulius,walking,1,synthetic_gps
2026-05-19 18:57:27,45.766233,21.2288224,4.9,victoriei_iulius,walking,1,synthetic_gps
2026-05-19 18:57:28,45.7662401,21.2288362,4.43,victoriei_iulius,walking,1,synthetic_gps
2026-05-19 18:57:29,45.7662453,21.2287901,5.43,victoriei_iulius,walking,1,synthetic_gps
2026-05-19 18:57:30,45.7662389,21.2287997,4.47,victoriei_iulius,walking,1,synthetic_gps
2026-05-19 18:57:31,45.7662278,21.2288178,5.42,victoriei_iulius,walking,1,synthetic_gps
2026-05-19 18:57:32,45.766192,21.2288154,3.41,victoriei_iulius,walking,1,synthetic_gps
2026-05-19 18:57:33,45.7662555,21.2288374,5.71,victoriei_iulius,walking,1,synthetic_gps
2026-05-19 18:57:34,45.7662977,21.2288348,0.62,victoriei_iulius,walking,1,synthetic_gps
2026-05-19 18:57:35,45.7662875,21.2288603,2.99,victoriei_iulius,walking,1,synthetic_gps
2026-05-19 18:57:36,45.7663091,21.2288295,4.18,victoriei_iulius,walking,1,synthetic_gps
2026-05-19 18:57:37,45.7662724,21.2288974,6.47,victoriei_iulius,walking,1,synthetic_gps
2026-05-19 18:57:38,45.766298,21.2288376,4.09,victoriei_iulius,walking,1,synthetic_gps
2026-05-19 18:57:39,45.7663446,21.2288943,5.63,victoriei_iulius,walking,1,synthetic_gps
2026-05-19 18:57:40,45.766342,21.228829,4.51,victoriei_iulius,walking,1,synthetic_gps
2026-05-19 18:57:41,45.7663866,21.2288653,4.68,victoriei_iulius,walking,1,synthetic_gps
2026-05-19 18:57:42,45.7663865,21.2288192,3.26,victoriei_iulius,walking,1,synthetic_gps
2026-05-19 18:57:43,45.76639,21.2288743,5.24,victoriei_iulius,walking,1,synthetic_gps
2026-05-19 18:57:44,45.7663914,21.228865,3.5,victoriei_iulius,walking,1,synthetic_gps
2026-05-19 18:57:45,45.7664424,21.2288449,4.75,victoriei_iulius,walking,1,synthetic_gps
2026-05-19 18:57:46,45.7664204,21.2289211,5.4,victoriei_iulius,walking,1,synthetic_gps
2026-05-19 18:57:47,45.766373,21.2288551,5.81,victoriei_iulius,walking,1,synthetic_gps
2026-05-19 18:57:48,45.7664786,21.2288915,5.13,victoriei_iulius,walking,1,synthetic_gps
2026-05-19 18:57:49,45.7664346,21.228862,4.53,victoriei_iulius,walking,1,synthetic_gps
2026-05-19 18:57:50,45.7664764,21.2288674,3.81,victoriei_iulius,walking,1,synthetic_gps
2026-05-19 18:57:51,45.7664707,21.2288125,4.41,victoriei_iulius,walking,1,synthetic_gps
2026-05-19 18:57:52,45.7665387,21.228878,2.72,victoriei_iulius,walking,1,synthetic_gps
2026-05-19 18:57:53,45.7665343,21.2288501,4.02,victoriei_iulius,walking,1,synthetic_gps
2026-05-19 18:57:54,45.7665213,21.2289001,4.85,victoriei_iulius,walking,1,synthetic_gps
2026-05-19 18:57:55,45.7665262,21.228913,3.75,victoriei_iulius,walking,1,synthetic_gps
2026-05-19 18:57:56,45.7665401,21.2289262,4.5,victoriei_iulius,walking,1,synthetic_gps
2026-05-19 18:57:57,45.7665328,21.228852,3.94,victoriei_iulius,walking,1,synthetic_gps
2026-05-19 18:57:58,45.7665866,21.2288807,3.83,victoriei_iulius,walking,1,synthetic_gps
2026-05-19 18:57:59,45.7665551,21.2288488,3.94,victoriei_iulius,walking,1,synthetic_gps
2026-05-19 18:58:00,45.7666153,21.2289227,5.2,victoriei_iulius,walking,1,synthetic_gps
2026-05-19 18:58:01,45.7666466,21.2288968,4.72,victoriei_iulius,walking,1,synthetic_gps
2026-05-19 18:58:02,45.7665716,21.2288592,3.53,victoriei_iulius,walking,1,synthetic_gps
2026-05-19 18:58:03,45.7666523,21.2289272,5.36,victoriei_iulius,walking,1,synthetic_gps
2026-05-19 18:58:04,45.7666755,21.2288857,3.78,victoriei_iulius,walking,1,synthetic_gps
2026-05-19 18:58:05,45.7666589,21.2288731,3.36,victoriei_iulius,walking,1,synthetic_gps
2026-05-19 18:58:06,45.7666855,21.2289191,6.07,victoriei_iulius,walking,1,synthetic_gps
2026-05-19 18:58:07,45.7667281,21.2289142,4.52,victoriei_iulius,walking,1,synthetic_gps
2026-05-19 18:58:08,45.7667034,21.2288516,4.4,victoriei_iulius,walking,1,synthetic_gps
2026-05-19 18:58:09,45.7667267,21.2289094,4.02,victoriei_iulius,walking,1,synthetic_gps
2026-05-19 18:58:10,45.7667045,21.2289241,3.38,victoriei_iulius,walking,1,synthetic_gps
2026-05-19 18:58:11,45.766728,21.2288367,4.75,victoriei_iulius,walking,1,synthetic_gps
2026-05-19 18:58:12,45.7667565,21.2289569,4.77,victoriei_iulius,walking,1,synthetic_gps
2026-05-19 18:58:13,45.7667643,21.2288573,4.48,victoriei_iulius,walking,1,synthetic_gps
2026-05-19 18:58:14,45.7667358,21.2289091,4.42,victoriei_iulius,walking,1,synthetic_gps
2026-05-19 18:58:15,45.7667991,21.2289213,4.06,victoriei_iulius,walking,1,synthetic_gps
2026-05-19 18:58:16,45.7667787,21.2288475,4.82,victoriei_iulius,walking,1,synthetic_gps
2026-05-19 18:58:17,45.766811,21.228889,5.44,victoriei_iulius,walking,1,synthetic_gps
2026-05-19 18:58:18,45.7668654,21.2289568,4.88,victoriei_iulius,walking,1,synthetic_gps
2026-05-19 18:58:19,45.7668095,21.2289361,4.23,victoriei_iulius,walking,1,synthetic_gps
2026-05-19 18:58:20,45.7668811,21.2289151,4.17,victoriei_iulius,walking,1,synthetic_gps
2026-05-19 18:58:21,45.7668233,21.2289269,4.9,victoriei_iulius,walking,1,synthetic_gps
2026-05-19 18:58:22,45.7668836,21.2288969,2.63,victoriei_iulius,walking,1,synthetic_gps
2026-05-19 18:58:23,45.7668507,21.2289116,4.39,victoriei_iulius,walking,1,synthetic_gps
2026-05-19 18:58:24,45.7669525,21.228925,2.62,victoriei_iulius,walking,1,synthetic_gps
2026-05-19 18:58:25,45.7669134,21.2289439,3.91,victoriei_iulius,walking,1,synthetic_gps
2026-05-19 18:58:26,45.7669054,21.2289276,3.98,victoriei_iulius,walking,1,synthetic_gps
2026-05-19 18:58:27,45.7669214,21.2289543,4.86,victoriei_iulius,walking,1,synthetic_gps
2026-05-19 18:58:28,45.7669796,21.2289607,5.55,victoriei_iulius,walking,1,synthetic_gps
2026-05-19 18:58:29,45.7670133,21.2289495,6.08,victoriei_iulius,walking,1,synthetic_gps
2026-05-19 18:58:30,45.7670212,21.2289369,0.63,victoriei_iulius,walking,1,synthetic_gps
2026-05-19 18:58:31,45.7669508,21.2289777,5.02,victoriei_iulius,walking,1,synthetic_gps
2026-05-19 18:58:32,45.7670067,21.2289438,5.0,victoriei_iulius,walking,1,synthetic_gps
2026-05-19 18:58:33,45.7670178,21.2289554,3.85,victoriei_iulius,walking,1,synthetic_gps
2026-05-19 18:58:34,45.7670255,21.2289295,5.02,victoriei_iulius,walking,1,synthetic_gps
2026-05-19 18:58:35,45.7670538,21.2289957,4.77,victoriei_iulius,walking,1,synthetic_gps
2026-05-19 18:58:36,45.7671142,21.2289405,3.98,victoriei_iulius,walking,1,synthetic_gps
2026-05-19 18:58:37,45.767084,21.2289436,3.14,victoriei_iulius,walking,1,synthetic_gps
2026-05-19 18:58:38,45.7670746,21.2289366,2.82,victoriei_iulius,walking,1,synthetic_gps
2026-05-19 18:58:39,45.7670434,21.228957,4.86,victoriei_iulius,walking,1,synthetic_gps
2026-05-19 18:58:40,45.7671072,21.2289506,3.6,victoriei_iulius,walking,1,synthetic_gps
2026-05-19 18:58:41,45.767121,21.2289878,4.27,victoriei_iulius,walking,1,synthetic_gps
2026-05-19 18:58:42,45.7671189,21.2289408,5.31,victoriei_iulius,walking,1,synthetic_gps
2026-05-19 18:58:43,45.7671414,21.2289321,5.3,victoriei_iulius,walking,1,synthetic_gps
2026-05-19 18:58:44,45.7671845,21.2289527,5.17,victoriei_iulius,walking,1,synthetic_gps
2026-05-19 18:58:45,45.7671356,21.2289576,4.01,victoriei_iulius,walking,1,synthetic_gps
2026-05-19 18:58:46,45.7671667,21.2289521,2.53,victoriei_iulius,walking,1,synthetic_gps
2026-05-19 18:58:47,45.7671759,21.2289347,4.29,victoriei_iulius,walking,1,synthetic_gps
2026-05-19 18:58:48,45.7671939,21.228971,3.61,victoriei_iulius,walking,1,synthetic_gps
2026-05-19 18:58:49,45.7672573,21.2289613,4.4,victoriei_iulius,walking,1,synthetic_gps
2026-05-19 18:58:50,45.767183,21.2289473,5.02,victoriei_iulius,walking,1,synthetic_gps
2026-05-19 18:58:51,45.7672318,21.2290069,3.98,victoriei_iulius,walking,1,synthetic_gps
2026-05-19 18:58:52,45.7672561,21.2289592,3.4,victoriei_iulius,walking,1,synthetic_gps
2026-05-19 18:58:53,45.7672612,21.22897,4.02,victoriei_iulius,walking,1,synthetic_gps
2026-05-19 18:58:54,45.7673065,21.2289287,5.01,victoriei_iulius,walking,1,synthetic_gps
2026-05-19 18:58:55,45.7673249,21.2289771,2.9,victoriei_iulius,walking,1,synthetic_gps
2026-05-19 18:58:56,45.7672899,21.228961,4.38,victoriei_iulius,walking,1,synthetic_gps
2026-05-19 18:58:57,45.7673141,21.2289579,4.23,victoriei_iulius,walking,1,synthetic_gps
2026-05-19 18:58:58,45.7673433,21.2290043,4.31,victoriei_iulius,walking,1,synthetic_gps
2026-05-19 18:58:59,45.7673503,21.229,0.73,victoriei_iulius,walking,1,synthetic_gps
2026-05-19 18:59:00,45.7673245,21.2289847,4.14,victoriei_iulius,walking,1,synthetic_gps
2026-05-19 18:59:01,45.7673422,21.2289932,4.78,victoriei_iulius,walking,1,synthetic_gps
2026-05-19 18:59:02,45.7673456,21.2289897,4.0,victoriei_iulius,walking,1,synthetic_gps
2026-05-19 18:59:03,45.767384,21.2289728,4.95,victoriei_iulius,walking,1,synthetic_gps
2026-05-19 18:59:04,45.7673936,21.2290087,4.13,victoriei_iulius,walking,1,synthetic_gps
2026-05-19 18:59:05,45.7673997,21.2289947,3.9,victoriei_iulius,walking,1,synthetic_gps
2026-05-19 18:59:06,45.7674293,21.2289512,4.73,victoriei_iulius,walking,1,synthetic_gps
2026-05-19 18:59:07,45.7674659,21.2290055,4.93,victoriei_iulius,walking,1,synthetic_gps
2026-05-19 18:59:08,45.7674087,21.2290311,4.37,victoriei_iulius,walking,1,synthetic_gps
2026-05-19 18:59:09,45.7674339,21.2289648,4.61,victoriei_iulius,walking,1,synthetic_gps
2026-05-19 18:59:10,45.767458,21.2289512,6.18,victoriei_iulius,walking,1,synthetic_gps
2026-05-19 18:59:11,45.7675292,21.228977,3.02,victoriei_iulius,walking,1,synthetic_gps
2026-05-19 18:59:12,45.7675346,21.2290045,4.08,victoriei_iulius,walking,1,synthetic_gps
2026-05-19 18:59:13,45.7675044,21.2290383,4.12,victoriei_iulius,walking,1,synthetic_gps
2026-05-19 18:59:14,45.7674806,21.2290261,3.81,victoriei_iulius,walking,1,synthetic_gps
2026-05-19 18:59:15,45.767523,21.2290151,4.54,victoriei_iulius,walking,1,synthetic_gps
2026-05-19 18:59:16,45.7675346,21.2290158,5.06,victoriei_iulius,walking,1,synthetic_gps
2026-05-19 18:59:17,45.7675482,21.2290047,5.06,victoriei_iulius,walking,1,synthetic_gps
2026-05-19 18:59:18,45.7675708,21.2290028,4.3,victoriei_iulius,walking,1,synthetic_gps
2026-05-19 18:59:19,45.7676395,21.2290128,2.36,victoriei_iulius,walking,1,synthetic_gps
2026-05-19 18:59:20,45.7676238,21.2290205,4.01,victoriei_iulius,walking,1,synthetic_gps
2026-05-19 18:59:21,45.7676476,21.2290136,1.13,victoriei_iulius,walking,1,synthetic_gps
2026-05-19 18:59:22,45.7676333,21.2290294,4.35,victoriei_iulius,walking,1,synthetic_gps
2026-05-19 18:59:23,45.767659,21.2290753,2.84,victoriei_iulius,walking,1,synthetic_gps
2026-05-19 18:59:24,45.7676622,21.2290096,4.08,victoriei_iulius,walking,1,synthetic_gps
2026-05-19 18:59:25,45.7676741,21.2289908,4.86,victoriei_iulius,walking,1,synthetic_gps
2026-05-19 18:59:26,45.7677031,21.2289839,6.6,victoriei_iulius,walking,1,synthetic_gps
2026-05-19 18:59:27,45.7676653,21.2290308,3.6,victoriei_iulius,walking,1,synthetic_gps
2026-05-19 18:59:28,45.7676795,21.22904,5.33,victoriei_iulius,walking,1,synthetic_gps
2026-05-19 18:59:29,45.7676737,21.2290354,5.03,victoriei_iulius,walking,1,synthetic_gps
2026-05-19 18:59:30,45.7677107,21.2290089,5.01,victoriei_iulius,walking,1,synthetic_gps
2026-05-19 18:59:31,45.7677542,21.2290492,5.09,victoriei_iulius,walking,1,synthetic_gps
2026-05-19 18:59:32,45.7677031,21.2289817,5.95,victoriei_iulius,walking,1,synthetic_gps
2026-05-19 18:59:33,45.767729,21.2290386,3.55,victoriei_iulius,walking,1,synthetic_gps
2026-05-19 18:59:34,45.7677513,21.2290378,4.65,victoriei_iulius,walking,1,synthetic_gps
2026-05-19 18:59:35,45.7677789,21.2290529,3.76,victoriei_iulius,walking,1,synthetic_gps
2026-05-19 18:59:36,45.7677945,21.2290927,5.19,victoriei_iulius,walking,1,synthetic_gps
2026-05-19 18:59:37,45.7677817,21.2290376,3.16,victoriei_iulius,walking,1,synthetic_gps
2026-05-19 18:59:38,45.7677777,21.2290448,2.62,victoriei_iulius,walking,1,synthetic_gps
2026-05-19 18:59:39,45.7678111,21.229056,4.08,victoriei_iulius,walking,1,synthetic_gps
2026-05-19 18:59:40,45.7678205,21.2290446,4.47,victoriei_iulius,walking,1,synthetic_gps
2026-05-19 18:59:41,45.7678559,21.2289986,3.75,victoriei_iulius,walking,1,synthetic_gps
2026-05-19 18:59:42,45.7677977,21.2290734,3.16,victoriei_iulius,walking,1,synthetic_gps
2026-05-19 18:59:43,45.7679047,21.2290737,5.22,victoriei_iulius,walking,1,synthetic_gps
2026-05-19 18:59:44,45.7678923,21.2290502,5.39,victoriei_iulius,walking,1,synthetic_gps
2026-05-19 18:59:45,45.7679183,21.2290595,3.83,victoriei_iulius,walking,1,synthetic_gps
2026-05-19 18:59:46,45.7679275,21.2290248,4.38,victoriei_iulius,walking,1,synthetic_gps
2026-05-19 18:59:47,45.7679553,21.2290436,6.0,victoriei_iulius,walking,1,synthetic_gps
2026-05-19 18:59:48,45.7679256,21.2290921,4.34,victoriei_iulius,walking,1,synthetic_gps
2026-05-19 18:59:49,45.7679655,21.2290682,4.97,victoriei_iulius,walking,1,synthetic_gps
2026-05-19 18:59:50,45.7679536,21.2290738,5.3,victoriei_iulius,walking,1,synthetic_gps
2026-05-19 18:59:51,45.7679581,21.2290752,3.02,victoriei_iulius,walking,1,synthetic_gps
2026-05-19 18:59:52,45.768008,21.2290209,5.02,victoriei_iulius,walking,1,synthetic_gps
2026-05-19 18:59:53,45.7679833,21.229122,4.28,victoriei_iulius,walking,1,synthetic_gps
2026-05-19 18:59:54,45.768033,21.2291006,4.54,victoriei_iulius,walking,1,synthetic_gps
2026-05-19 18:59:55,45.768053,21.2290825,5.22,victoriei_iulius,walking,1,synthetic_gps
2026-05-19 18:59:56,45.7681071,21.2291054,3.37,victoriei_iulius,walking,1,synthetic_gps
2026-05-19 18:59:57,45.7680581,21.2291018,5.56,victoriei_iulius,walking,1,synthetic_gps
2026-05-19 18:59:58,45.7680626,21.2290699,3.86,victoriei_iulius,walking,1,synthetic_gps
2026-05-19 18:59:59,45.7681077,21.2290553,3.51,victoriei_iulius,walking,1,synthetic_gps
2026-05-19 19:00:00,45.7680789,21.2290572,4.16,victoriei_iulius,walking,1,synthetic_gps
2026-05-19 19:00:01,45.7681291,21.2290527,5.44,victoriei_iulius,walking,1,synthetic_gps
2026-05-19 19:00:02,45.7681255,21.2290909,2.46,victoriei_iulius,walking,1,synthetic_gps
2026-05-19 19:00:03,45.7681071,21.2291036,3.98,victoriei_iulius,walking,1,synthetic_gps
2026-05-19 19:00:04,45.7681057,21.2291081,4.56,victoriei_iulius,walking,1,synthetic_gps
2026-05-19 19:00:05,45.7681781,21.2290966,4.33,victoriei_iulius,walking,1,synthetic_gps
2026-05-19 19:00:06,45.7682061,21.2290763,3.55,victoriei_iulius,walking,1,synthetic_gps
2026-05-19 19:00:07,45.7681982,21.2291085,3.89,victoriei_iulius,walking,1,synthetic_gps
2026-05-19 19:00:08,45.7682498,21.2291118,0.5,victoriei_iulius,walking,1,synthetic_gps
2026-05-19 19:00:09,45.7682119,21.2291261,3.82,victoriei_iulius,walking,1,synthetic_gps
2026-05-19 19:00:10,45.7681885,21.2291154,5.68,victoriei_iulius,walking,1,synthetic_gps
2026-05-19 19:00:11,45.7682203,21.2291245,2.62,victoriei_iulius,walking,1,synthetic_gps
2026-05-19 19:00:12,45.7682585,21.2290875,4.62,victoriei_iulius,walking,1,synthetic_gps
2026-05-19 19:00:13,45.7682838,21.2291152,5.74,victoriei_iulius,walking,1,synthetic_gps
2026-05-19 19:00:14,45.7682367,21.2291246,3.72,victoriei_iulius,walking,1,synthetic_gps
2026-05-19 19:00:15,45.7682981,21.2290977,2.69,victoriei_iulius,walking,1,synthetic_gps
2026-05-19 19:00:16,45.768281,21.2291349,5.48,victoriei_iulius,walking,1,synthetic_gps
2026-05-19 19:00:17,45.7683171,21.229084,0.77,victoriei_iulius,walking,1,synthetic_gps
2026-05-19 19:00:18,45.7683247,21.2291264,3.07,victoriei_iulius,walking,1,synthetic_gps
2026-05-19 19:00:19,45.7683705,21.2291688,5.06,victoriei_iulius,walking,1,synthetic_gps
2026-05-19 19:00:20,45.7683338,21.2291173,3.85,victoriei_iulius,walking,1,synthetic_gps
2026-05-19 19:00:21,45.7683849,21.2290839,5.48,victoriei_iulius,walking,1,synthetic_gps
2026-05-19 19:00:22,45.7684088,21.2291498,4.07,victoriei_iulius,walking,1,synthetic_gps
2026-05-19 19:00:23,45.7683962,21.2291542,4.16,victoriei_iulius,walking,1,synthetic_gps
2026-05-19 19:00:24,45.7684017,21.2291186,4.57,victoriei_iulius,walking,1,synthetic_gps
2026-05-19 19:00:25,45.7684802,21.2291272,4.18,victoriei_iulius,walking,1,synthetic_gps
2026-05-19 19:00:26,45.7684454,21.2291507,4.39,victoriei_iulius,walking,1,synthetic_gps
2026-05-19 19:00:27,45.7684632,21.2291396,5.07,victoriei_iulius,walking,1,synthetic_gps
2026-05-19 19:00:28,45.7684542,21.2291368,3.98,victoriei_iulius,walking,1,synthetic_gps
2026-05-19 19:00:29,45.7684811,21.2291404,4.17,victoriei_iulius,walking,1,synthetic_gps
2026-05-19 19:00:30,45.7684901,21.2291461,2.01,victoriei_iulius,walking,1,synthetic_gps
2026-05-19 19:00:31,45.7684866,21.2291709,3.74,victoriei_iulius,walking,1,synthetic_gps
2026-05-19 19:00:32,45.7685109,21.2291691,3.48,victoriei_iulius,walking,1,synthetic_gps
2026-05-19 19:00:33,45.7685012,21.2291036,4.74,victoriei_iulius,walking,1,synthetic_gps
2026-05-19 19:00:34,45.7685575,21.2291233,6.32,victoriei_iulius,walking,1,synthetic_gps
2026-05-19 19:00:35,45.7685882,21.2291784,4.31,victoriei_iulius,walking,1,synthetic_gps
2026-05-19 19:00:36,45.7685456,21.2291179,1.22,victoriei_iulius,walking,1,synthetic_gps
2026-05-19 19:00:37,45.7685558,21.2291758,4.54,victoriei_iulius,walking,1,synthetic_gps
2026-05-19 19:00:38,45.7685637,21.229145,0.0,victoriei_iulius,walking,1,synthetic_gps
2026-05-19 19:00:39,45.7685261,21.2291641,4.94,victoriei_iulius,walking,1,synthetic_gps
2026-05-19 19:00:40,45.7686125,21.2291195,4.27,victoriei_iulius,walking,1,synthetic_gps
2026-05-19 19:00:41,45.7685815,21.2291245,4.76,victoriei_iulius,walking,1,synthetic_gps
2026-05-19 19:00:42,45.768643,21.2291586,2.94,victoriei_iulius,walking,1,synthetic_gps
2026-05-19 19:00:43,45.7686398,21.2291764,3.66,victoriei_iulius,walking,1,synthetic_gps
2026-05-19 19:00:44,45.7686249,21.2291318,6.07,victoriei_iulius,walking,1,synthetic_gps
2026-05-19 19:00:45,45.7686708,21.2292297,5.23,victoriei_iulius,walking,1,synthetic_gps
2026-05-19 19:00:46,45.7686261,21.2291641,4.64,victoriei_iulius,walking,1,synthetic_gps
2026-05-19 19:00:47,45.7686795,21.2291379,3.6,victoriei_iulius,walking,1,synthetic_gps
2026-05-19 19:00:48,45.7687233,21.2291657,4.77,victoriei_iulius,walking,1,synthetic_gps
2026-05-19 19:00:49,45.7687039,21.2291632,3.0,victoriei_iulius,walking,1,synthetic_gps
2026-05-19 19:00:50,45.7687186,21.2291771,3.89,victoriei_iulius,walking,1,synthetic_gps
2026-05-19 19:00:51,45.7687404,21.2291703,5.99,victoriei_iulius,walking,1,synthetic_gps
2026-05-19 19:00:52,45.7687438,21.229173,2.58,victoriei_iulius,walking,1,synthetic_gps
2026-05-19 19:00:53,45.7687609,21.229192,3.87,victoriei_iulius,walking,1,synthetic_gps
2026-05-19 19:00:54,45.7687707,21.2291973,4.65,victoriei_iulius,walking,1,synthetic_gps
2026-05-19 19:00:55,45.768802,21.2291955,2.92,victoriei_iulius,walking,1,synthetic_gps
2026-05-19 19:00:56,45.7688107,21.2291815,4.39,victoriei_iulius,walking,1,synthetic_gps
2026-05-19 19:00:57,45.7688505,21.2292162,4.19,victoriei_iulius,walking,1,synthetic_gps
2026-05-19 19:00:58,45.7687956,21.2291822,5.25,victoriei_iulius,walking,1,synthetic_gps
2026-05-19 19:00:59,45.7688455,21.2291858,3.56,victoriei_iulius,walking,1,synthetic_gps
2026-05-19 19:01:00,45.7688402,21.2291671,6.09,victoriei_iulius,walking,1,synthetic_gps
2026-05-19 19:01:01,45.7688827,21.2292105,5.72,victoriei_iulius,walking,1,synthetic_gps
2026-05-19 19:01:02,45.7688753,21.229167,5.08,victoriei_iulius,walking,1,synthetic_gps
2026-05-19 19:01:03,45.7688872,21.2291983,4.65,victoriei_iulius,walking,1,synthetic_gps
2026-05-19 19:01:04,45.7688651,21.2291729,6.07,victoriei_iulius,walking,1,synthetic_gps
2026-05-19 19:01:05,45.7689586,21.2291561,5.46,victoriei_iulius,walking,1,synthetic_gps
2026-05-19 19:01:06,45.7688992,21.2291633,3.77,victoriei_iulius,walking,1,synthetic_gps
2026-05-19 19:01:07,45.7689425,21.2292383,4.9,victoriei_iulius,walking,1,synthetic_gps
2026-05-19 19:01:08,45.7689508,21.2292063,5.56,victoriei_iulius,walking,1,synthetic_gps
2026-05-19 19:01:09,45.7689746,21.2292122,4.04,victoriei_iulius,walking,1,synthetic_gps
2026-05-19 19:01:10,45.7689864,21.2292757,4.97,victoriei_iulius,walking,1,synthetic_gps
2026-05-19 19:01:11,45.7690061,21.2291906,5.06,victoriei_iulius,walking,1,synthetic_gps
2026-05-19 19:01:12,45.7690125,21.2292317,4.02,victoriei_iulius,walking,1,synthetic_gps
2026-05-19 19:01:13,45.7690356,21.2291874,3.74,victoriei_iulius,walking,1,synthetic_gps
2026-05-19 19:01:14,45.7690619,21.229231,5.07,victoriei_iulius,walking,1,synthetic_gps
2026-05-19 19:01:15,45.7690408,21.2292074,4.9,victoriei_iulius,walking,1,synthetic_gps
2026-05-19 19:01:16,45.7690493,21.229212,3.97,victoriei_iulius,walking,1,synthetic_gps
2026-05-19 19:01:17,45.7690351,21.2291875,4.57,victoriei_iulius,walking,1,synthetic_gps
2026-05-19 19:01:18,45.7690981,21.2292096,4.2,victoriei_iulius,walking,1,synthetic_gps
2026-05-19 19:01:19,45.7690941,21.2292177,3.81,victoriei_iulius,walking,1,synthetic_gps
2026-05-19 19:01:20,45.7691029,21.2291866,5.39,victoriei_iulius,walking,1,synthetic_gps
2026-05-19 19:01:21,45.7691061,21.2292446,5.32,victoriei_iulius,walking,1,synthetic_gps
2026-05-19 19:01:22,45.7691119,21.2292362,3.06,victoriei_iulius,walking,1,synthetic_gps
2026-05-19 19:01:23,45.7691124,21.2292445,3.75,victoriei_iulius,walking,1,synthetic_gps
2026-05-19 19:01:24,45.769142,21.2292515,5.38,victoriei_iulius,walking,1,synthetic_gps
2026-05-19 19:01:25,45.7691353,21.2292333,4.24,victoriei_iulius,walking,1,synthetic_gps
2026-05-19 19:01:26,45.7691645,21.2292276,4.42,victoriei_iulius,walking,1,synthetic_gps
2026-05-19 19:01:27,45.7691761,21.2292096,3.37,victoriei_iulius,walking,1,synthetic_gps
2026-05-19 19:01:28,45.7692336,21.2293058,4.82,victoriei_iulius,walking,1,synthetic_gps
2026-05-19 19:01:29,45.7691805,21.2292762,4.29,victoriei_iulius,walking,1,synthetic_gps
2026-05-19 19:01:30,45.7692181,21.2292515,3.5,victoriei_iulius,walking,1,synthetic_gps
2026-05-19 19:01:31,45.7691965,21.2292929,5.76,victoriei_iulius,walking,1,synthetic_gps
2026-05-19 19:01:32,45.7692456,21.2292583,4.3,victoriei_iulius,walking,1,synthetic_gps
2026-05-19 19:01:33,45.7692398,21.2292326,4.31,victoriei_iulius,walking,1,synthetic_gps
2026-05-19 19:01:34,45.7692743,21.2292395,5.6,victoriei_iulius,walking,1,synthetic_gps
2026-05-19 19:01:35,45.7693161,21.2292722,4.8,victoriei_iulius,walking,1,synthetic_gps
2026-05-19 19:01:36,45.7692899,21.229272,3.43,victoriei_iulius,walking,1,synthetic_gps
2026-05-19 19:01:37,45.7693064,21.2292067,4.49,victoriei_iulius,walking,1,synthetic_gps
2026-05-19 19:01:38,45.7693077,21.2292585,5.16,victoriei_iulius,walking,1,synthetic_gps
2026-05-19 19:01:39,45.7693804,21.2292543,4.39,victoriei_iulius,walking,1,synthetic_gps
2026-05-19 19:01:40,45.7693414,21.2292076,4.55,victoriei_iulius,walking,1,synthetic_gps
2026-05-19 19:01:41,45.7693607,21.2292613,4.77,victoriei_iulius,walking,1,synthetic_gps
2026-05-19 19:01:42,45.7693858,21.2292489,4.37,victoriei_iulius,walking,1,synthetic_gps
2026-05-19 19:01:43,45.7693651,21.2292847,4.42,victoriei_iulius,walking,1,synthetic_gps
2026-05-19 19:01:44,45.7693742,21.229295,5.09,victoriei_iulius,walking,1,synthetic_gps
2026-05-19 19:01:45,45.7694016,21.229282,2.66,victoriei_iulius,walking,1,synthetic_gps
2026-05-19 19:01:46,45.7694491,21.2292837,4.34,victoriei_iulius,walking,1,synthetic_gps
2026-05-19 19:01:47,45.7694357,21.2293173,5.5,victoriei_iulius,walking,1,synthetic_gps
2026-05-19 19:01:48,45.7693847,21.229266,5.62,victoriei_iulius,walking,1,synthetic_gps
2026-05-19 19:01:49,45.769437,21.2293124,4.69,victoriei_iulius,walking,1,synthetic_gps
2026-05-19 19:01:50,45.7694858,21.2293173,5.17,victoriei_iulius,walking,1,synthetic_gps
2026-05-19 19:01:51,45.7694486,21.2292807,0.54,victoriei_iulius,walking,1,synthetic_gps
2026-05-19 19:01:52,45.7695036,21.2293183,3.55,victoriei_iulius,walking,1,synthetic_gps
2026-05-19 19:01:53,45.7695564,21.2292796,4.33,victoriei_iulius,walking,1,synthetic_gps
2026-05-19 19:01:54,45.7695095,21.2293037,5.7,victoriei_iulius,walking,1,synthetic_gps
2026-05-19 19:01:55,45.7694846,21.2292757,3.91,victoriei_iulius,walking,1,synthetic_gps
2026-05-19 19:01:56,45.7695527,21.2292793,3.24,victoriei_iulius,walking,1,synthetic_gps
2026-05-19 19:01:57,45.7696011,21.2292836,4.6,victoriei_iulius,walking,1,synthetic_gps
2026-05-19 19:01:58,45.7695104,21.2292995,5.1,victoriei_iulius,walking,1,synthetic_gps
2026-05-19 19:01:59,45.7695909,21.2292737,3.48,victoriei_iulius,walking,1,synthetic_gps
2026-05-19 19:02:00,45.7695958,21.2293115,5.64,victoriei_iulius,walking,1,synthetic_gps
2026-05-19 19:02:01,45.7696068,21.2292917,3.49,victoriei_iulius,walking,1,synthetic_gps
2026-05-19 19:02:02,45.7696471,21.2293309,4.08,victoriei_iulius,walking,1,synthetic_gps
2026-05-19 19:02:03,45.76962,21.2293023,4.05,victoriei_iulius,walking,1,synthetic_gps
2026-05-19 19:02:04,45.7696542,21.2292712,4.46,victoriei_iulius,walking,1,synthetic_gps
2026-05-19 19:02:05,45.7696685,21.2292905,4.9,victoriei_iulius,walking,1,synthetic_gps
2026-05-19 19:02:06,45.7696887,21.2293881,4.2,victoriei_iulius,walking,1,synthetic_gps
2026-05-19 19:02:07,45.7696988,21.2293207,2.35,victoriei_iulius,walking,1,synthetic_gps
2026-05-19 19:02:08,45.7696404,21.2293481,4.77,victoriei_iulius,walking,1,synthetic_gps
2026-05-19 19:02:09,45.7697143,21.2293206,3.96,victoriei_iulius,walking,1,synthetic_gps
2026-05-19 19:02:10,45.7697517,21.2293437,6.21,victoriei_iulius,walking,1,synthetic_gps
2026-05-19 19:02:11,45.7697166,21.2293041,3.9,victoriei_iulius,walking,1,synthetic_gps
2026-05-19 19:02:12,45.7697619,21.2293372,5.55,victoriei_iulius,walking,1,synthetic_gps
2026-05-19 19:02:13,45.7697577,21.2293633,4.47,victoriei_iulius,walking,1,synthetic_gps
2026-05-19 19:02:14,45.7697542,21.2292737,4.37,victoriei_iulius,walking,1,synthetic_gps
2026-05-19 19:02:15,45.7698239,21.229283,4.06,victoriei_iulius,walking,1,synthetic_gps
2026-05-19 19:02:16,45.7698169,21.229276,4.21,victoriei_iulius,walking,1,synthetic_gps
2026-05-19 19:02:17,45.769784,21.2293117,3.62,victoriei_iulius,walking,1,synthetic_gps
2026-05-19 19:02:18,45.7698235,21.2293807,5.08,victoriei_iulius,walking,1,synthetic_gps
2026-05-19 19:02:19,45.7698628,21.2293394,4.77,victoriei_iulius,walking,1,synthetic_gps
2026-05-19 19:02:20,45.7698707,21.2293333,4.87,victoriei_iulius,walking,1,synthetic_gps
2026-05-19 19:02:21,45.7699241,21.2293932,2.79,victoriei_iulius,walking,1,synthetic_gps
2026-05-19 19:02:22,45.7698771,21.2293864,4.97,victoriei_iulius,walking,1,synthetic_gps
2026-05-19 19:02:23,45.7698767,21.2293227,5.03,victoriei_iulius,walking,1,synthetic_gps
2026-05-19 19:02:24,45.7698797,21.2293725,5.92,victoriei_iulius,walking,1,synthetic_gps
2026-05-19 19:02:25,45.7699479,21.22931,4.78,victoriei_iulius,walking,1,synthetic_gps
2026-05-19 19:02:26,45.7699105,21.229289,4.11,victoriei_iulius,walking,1,synthetic_gps
2026-05-19 19:02:27,45.769886,21.2293389,5.52,victoriei_iulius,walking,1,synthetic_gps
2026-05-19 19:02:28,45.7699992,21.229339,3.5,victoriei_iulius,walking,1,synthetic_gps
2026-05-19 19:02:29,45.7699179,21.2293201,3.79,victoriei_iulius,walking,1,synthetic_gps
2026-05-19 19:02:30,45.7699643,21.2293421,3.3,victoriei_iulius,walking,1,synthetic_gps
2026-05-19 19:02:31,45.7699954,21.2293669,3.15,victoriei_iulius,walking,1,synthetic_gps
2026-05-19 19:02:32,45.7700171,21.2294028,4.35,victoriei_iulius,walking,1,synthetic_gps
2026-05-19 19:02:33,45.770013,21.2293564,2.88,victoriei_iulius,walking,1,synthetic_gps
2026-05-19 19:02:34,45.7700339,21.2293627,4.46,victoriei_iulius,walking,1,synthetic_gps
2026-05-19 19:02:35,45.7700607,21.2293619,4.76,victoriei_iulius,walking,1,synthetic_gps
2026-05-19 19:02:36,45.7700507,21.2293456,3.57,victoriei_iulius,walking,1,synthetic_gps
2026-05-19 19:02:37,45.7700238,21.2293364,5.52,victoriei_iulius,walking,1,synthetic_gps
2026-05-19 19:02:38,45.770068,21.2294003,4.1,victoriei_iulius,walking,1,synthetic_gps
2026-05-19 19:02:39,45.7701533,21.2294161,1.57,victoriei_iulius,walking,1,synthetic_gps
2026-05-19 19:02:40,45.7701394,21.2293908,1.74,victoriei_iulius,walking,1,synthetic_gps
2026-05-19 19:02:41,45.7701704,21.2293958,1.2,victoriei_iulius,walking,1,synthetic_gps
2026-05-19 19:02:42,45.7701613,21.229353,0.8,victoriei_iulius,walking,1,synthetic_gps
2026-05-19 19:02:43,45.7701324,21.2293553,1.23,victoriei_iulius,walking,1,synthetic_gps
2026-05-19 19:02:44,45.7701971,21.2293525,1.98,victoriei_iulius,walking,1,synthetic_gps
2026-05-19 19:02:45,45.770157,21.2293562,1.27,victoriei_iulius,walking,1,synthetic_gps
2026-05-19 19:02:46,45.7701786,21.2293527,1.03,victoriei_iulius,walking,1,synthetic_gps
2026-05-19 19:02:47,45.7701862,21.229396,1.77,victoriei_iulius,walking,1,synthetic_gps
2026-05-19 19:02:48,45.7701978,21.2293786,1.56,victoriei_iulius,walking,1,synthetic_gps
2026-05-19 19:02:49,45.7701954,21.2293665,1.46,victoriei_iulius,walking,1,synthetic_gps
2026-05-19 19:02:50,45.7702342,21.2293988,1.79,victoriei_iulius,walking,1,synthetic_gps
2026-05-19 19:02:51,45.770228,21.229379,1.91,victoriei_iulius,walking,1,synthetic_gps
2026-05-19 19:02:52,45.7702296,21.2293453,1.74,victoriei_iulius,walking,1,synthetic_gps
2026-05-19 19:02:53,45.7702649,21.2293754,1.85,victoriei_iulius,walking,1,synthetic_gps
2026-05-19 19:02:54,45.7702572,21.2294003,1.98,victoriei_iulius,walking,1,synthetic_gps
2026-05-19 19:02:55,45.7702728,21.2293885,1.57,victoriei_iulius,walking,1,synthetic_gps
2026-05-19 19:02:56,45.7703059,21.2293886,1.48,victoriei_iulius,walking,1,synthetic_gps
2026-05-19 19:02:57,45.7703235,21.2294149,1.81,victoriei_iulius,walking,1,synthetic_gps
2026-05-19 19:02:58,45.7703294,21.2294008,1.91,victoriei_iulius,walking,1,synthetic_gps
2026-05-19 19:02:59,45.770325,21.2293741,1.46,victoriei_iulius,walking,1,synthetic_gps
2026-05-19 19:03:00,45.7703492,21.2294175,1.93,victoriei_iulius,walking,1,synthetic_gps
2026-05-19 19:03:01,45.7703034,21.2293839,1.44,victoriei_iulius,walking,1,synthetic_gps
2026-05-19 19:03:02,45.7703916,21.2294048,1.82,victoriei_iulius,walking,1,synthetic_gps
2026-05-19 19:03:03,45.7704113,21.2294434,1.92,victoriei_iulius,walking,1,synthetic_gps
2026-05-19 19:03:04,45.7703979,21.2293664,1.71,victoriei_iulius,walking,1,synthetic_gps
2026-05-19 19:03:05,45.7704069,21.2294497,1.14,victoriei_iulius,walking,1,synthetic_gps
2026-05-19 19:03:06,45.7704447,21.2294262,1.73,victoriei_iulius,walking,1,synthetic_gps
2026-05-19 19:03:07,45.7704366,21.2294209,1.61,victoriei_iulius,walking,1,synthetic_gps
2026-05-19 19:03:08,45.77044,21.2294094,0.88,victoriei_iulius,walking,1,synthetic_gps
2026-05-19 19:03:09,45.7704528,21.2293864,1.58,victoriei_iulius,walking,1,synthetic_gps
2026-05-19 19:03:10,45.7704756,21.2293858,1.6,victoriei_iulius,walking,1,synthetic_gps
2026-05-19 19:03:11,45.7704666,21.2294272,1.7,victoriei_iulius,walking,1,synthetic_gps
2026-05-19 19:03:12,45.7704794,21.2294148,1.66,victoriei_iulius,walking,1,synthetic_gps
2026-05-19 19:03:13,45.7704823,21.2294176,1.36,victoriei_iulius,walking,1,synthetic_gps
2026-05-19 19:03:14,45.7705404,21.2294115,1.38,victoriei_iulius,walking,1,synthetic_gps
2026-05-19 19:03:15,45.7705205,21.2294469,1.24,victoriei_iulius,walking,1,synthetic_gps
2026-05-19 19:03:16,45.7705656,21.2294295,1.49,victoriei_iulius,walking,1,synthetic_gps
2026-05-19 19:03:17,45.7705922,21.2294351,1.58,victoriei_iulius,walking,1,synthetic_gps
2026-05-19 19:03:18,45.7705575,21.2294438,1.84,victoriei_iulius,walking,1,synthetic_gps
2026-05-19 19:03:19,45.77058,21.22943,1.3,victoriei_iulius,walking,1,synthetic_gps
2026-05-19 19:03:20,45.7705684,21.2294341,1.79,victoriei_iulius,walking,1,synthetic_gps
2026-05-19 19:03:21,45.77061,21.2294548,1.76,victoriei_iulius,walking,1,synthetic_gps
2026-05-19 19:03:22,45.770579,21.2294651,1.44,victoriei_iulius,walking,1,synthetic_gps
2026-05-19 19:03:23,45.7706275,21.2294243,1.26,victoriei_iulius,walking,1,synthetic_gps
2026-05-19 19:03:24,45.7706487,21.2294226,1.65,victoriei_iulius,walking,1,synthetic_gps
2026-05-19 19:03:25,45.7706478,21.2294162,1.78,victoriei_iulius,walking,1,synthetic_gps
2026-05-19 19:03:26,45.7707351,21.2294307,1.32,victoriei_iulius,walking,1,synthetic_gps
2026-05-19 19:03:27,45.7707052,21.2294707,2.24,victoriei_iulius,walking,1,synthetic_gps
2026-05-19 19:03:28,45.7707001,21.2295051,1.8,victoriei_iulius,walking,1,synthetic_gps
2026-05-19 19:03:29,45.7707122,21.2294108,1.77,victoriei_iulius,walking,1,synthetic_gps
2026-05-19 19:03:30,45.7707262,21.2294383,1.99,victoriei_iulius,walking,1,synthetic_gps
2026-05-19 19:03:31,45.7706973,21.2294796,1.43,victoriei_iulius,walking,1,synthetic_gps
2026-05-19 19:03:32,45.7707499,21.2294353,1.59,victoriei_iulius,walking,1,synthetic_gps
2026-05-19 19:03:33,45.7707451,21.2294834,1.44,victoriei_iulius,walking,1,synthetic_gps
2026-05-19 19:03:34,45.7707759,21.2295008,2.36,victoriei_iulius,walking,1,synthetic_gps
2026-05-19 19:03:35,45.7707759,21.2294301,1.31,victoriei_iulius,walking,1,synthetic_gps
2026-05-19 19:03:36,45.7708084,21.2294872,1.67,victoriei_iulius,walking,1,synthetic_gps
2026-05-19 19:03:37,45.7708076,21.2294828,1.38,victoriei_iulius,walking,1,synthetic_gps
2026-05-19 19:03:38,45.7707924,21.2294926,0.95,victoriei_iulius,walking,1,synthetic_gps
2026-05-19 19:03:39,45.7708411,21.2294533,1.31,victoriei_iulius,walking,1,synthetic_gps
2026-05-19 19:03:40,45.7708417,21.2294278,0.89,victoriei_iulius,walking,1,synthetic_gps
2026-05-19 19:03:41,45.7708351,21.2294478,1.56,victoriei_iulius,walking,1,synthetic_gps
2026-05-19 19:03:42,45.770849,21.2295029,1.15,victoriei_iulius,walking,1,synthetic_gps
2026-05-19 19:03:43,45.7709045,21.2294961,1.34,victoriei_iulius,walking,1,synthetic_gps
2026-05-19 19:03:44,45.7708657,21.2294797,1.24,victoriei_iulius,walking,1,synthetic_gps
2026-05-19 19:03:45,45.770893,21.2295189,1.61,victoriei_iulius,walking,1,synthetic_gps
2026-05-19 19:03:46,45.7709172,21.2294641,1.88,victoriei_iulius,walking,1,synthetic_gps
2026-05-19 19:03:47,45.7709164,21.2294872,1.15,victoriei_iulius,walking,1,synthetic_gps
2026-05-19 19:03:48,45.7709148,21.229464,1.85,victoriei_iulius,walking,1,synthetic_gps
2026-05-19 19:03:49,45.771002,21.2294775,2.2,victoriei_iulius,walking,1,synthetic_gps
2026-05-19 19:03:50,45.7709599,21.2294635,1.16,victoriei_iulius,walking,1,synthetic_gps
2026-05-19 19:03:51,45.7710583,21.229495,2.04,victoriei_iulius,walking,1,synthetic_gps
2026-05-19 19:03:52,45.7710119,21.2294683,1.38,victoriei_iulius,walking,1,synthetic_gps
2026-05-19 19:03:53,45.7710114,21.229487,1.4,victoriei_iulius,walking,1,synthetic_gps
2026-05-19 19:03:54,45.7710251,21.2295224,1.35,victoriei_iulius,walking,1,synthetic_gps
2026-05-19 19:03:55,45.7710578,21.2294625,1.42,victoriei_iulius,walking,1,synthetic_gps
2026-05-19 19:03:56,45.7710275,21.2294964,1.67,victoriei_iulius,walking,1,synthetic_gps
2026-05-19 19:03:57,45.7710678,21.2295373,1.47,victoriei_iulius,walking,1,synthetic_gps
2026-05-19 19:03:58,45.7710601,21.229494,1.07,victoriei_iulius,walking,1,synthetic_gps
2026-05-19 19:03:59,45.771109,21.2295128,1.9,victoriei_iulius,walking,1,synthetic_gps
