timestamp,latitude,longitude,speed_kmh,route_id,transport_mode,is_peak_hour,source
2026-05-21 07:05:00,45.771057,21.2294665,12.77,iulius_dumbravita,car,1,synthetic_gps
2026-05-21 07:05:01,45.7710641,21.2294697,20.77,iulius_dumbravita,car,1,synthetic_gps
2026-05-21 07:05:02,45.7711824,21.22956,13.14,iulius_dumbravita,car,1,synthetic_gps
2026-05-21 07:05:03,45.7711474,21.2294212,13.24,iulius_dumbravita,car,1,synthetic_gps
2026-05-21 07:05:04,45.771085,21.2295451,8.86,iulius_dumbravita,car,1,synthetic_gps
2026-05-21 07:05:05,45.7711751,21.2294342,8.13,iulius_dumbravita,car,1,synthetic_gps
2026-05-21 07:05:06,45.771176,21.229554,13.31,iulius_dumbravita,car,1,synthetic_gps
2026-05-21 07:05:07,45.7712586,21.2294737,18.82,iulius_dumbravita,car,1,synthetic_gps
2026-05-21 07:05:08,45.7710752,21.2295104,15.24,iulius_dumbravita,car,1,synthetic_gps
2026-05-21 07:05:09,45.7712896,21.2296221,7.24,iulius_dumbravita,car,1,synthetic_gps
2026-05-21 07:05:10,45.7712042,21.2295754,11.49,iulius_dumbravita,car,1,synthetic_gps
2026-05-21 07:05:11,45.7712295,21.2296985,10.16,iulius_dumbravita,car,1,synthetic_gps
2026-05-21 07:05:12,45.7714409,21.2296596,6.1,iulius_dumbravita,car,1,synthetic_gps
2026-05-21 07:05:13,45.7713305,21.2294827,12.37,iulius_dumbravita,car,1,synthetic_gps
2026-05-21 07:05:14,45.7712856,21.2295569,4.37,iulius_dumbravita,car,1,synthetic_gps
2026-05-21 07:05:15,45.7713067,21.2295587,12.37,iulius_dumbravita,car,1,synthetic_gps
2026-05-21 07:05:16,45.7713705,21.2294775,4.37,iulius_dumbravita,car,1,synthetic_gps
2026-05-21 07:05:17,45.771423,21.2296362,12.37,iulius_dumbravita,car,1,synthetic_gps
2026-05-21 07:05:18,45.7713495,21.2294823,16.91,iulius_dumbravita,car,1,synthetic_gps
2026-05-21 07:05:19,45.7713557,21.2295136,13.84,iulius_dumbravita,car,1,synthetic_gps
2026-05-21 07:05:20,45.7714965,21.2296865,5.84,iulius_dumbravita,car,1,synthetic_gps
2026-05-21 07:05:21,45.7713875,21.229578,7.83,iulius_dumbravita,car,1,synthetic_gps
2026-05-21 07:05:22,45.7714347,21.2295496,15.83,iulius_dumbravita,car,1,synthetic_gps
2026-05-21 07:05:23,45.7714095,21.229528,9.57,iulius_dumbravita,car,1,synthetic_gps
2026-05-21 07:05:24,45.771425,21.2295595,17.57,iulius_dumbravita,car,1,synthetic_gps
2026-05-21 07:05:25,45.7714935,21.2295885,11.44,iulius_dumbravita,car,1,synthetic_gps
2026-05-21 07:05:26,45.771466,21.2297402,19.44,iulius_dumbravita,car,1,synthetic_gps
2026-05-21 07:05:27,45.7714547,21.229677,14.14,iulius_dumbravita,car,1,synthetic_gps
2026-05-21 07:05:28,45.7715408,21.2297899,15.9,iulius_dumbravita,car,1,synthetic_gps
2026-05-21 07:05:29,45.7714922,21.2296698,15.79,iulius_dumbravita,car,1,synthetic_gps
2026-05-21 07:05:30,45.7715638,21.2295964,7.79,iulius_dumbravita,car,1,synthetic_gps
2026-05-21 07:05:31,45.7714607,21.2296528,10.26,iulius_dumbravita,car,1,synthetic_gps
2026-05-21 07:05:32,45.7715414,21.2296893,2.26,iulius_dumbravita,car,1,synthetic_gps
2026-05-21 07:05:33,45.7715661,21.2296537,10.26,iulius_dumbravita,car,1,synthetic_gps
2026-05-21 07:05:34,45.7715725,21.2296835,9.88,iulius_dumbravita,car,1,synthetic_gps
2026-05-21 07:05:35,45.7716116,21.2296504,7.59,iulius_dumbravita,car,1,synthetic_gps
2026-05-21 07:05:36,45.7715689,21.2297515,3.91,iulius_dumbravita,car,1,synthetic_gps
2026-05-21 07:05:37,45.7717314,21.2297404,11.91,iulius_dumbravita,car,1,synthetic_gps
2026-05-21 07:05:38,45.7716887,21.2296478,12.64,iulius_dumbravita,car,1,synthetic_gps
2026-05-21 07:05:39,45.7717426,21.2297909,9.25,iulius_dumbravita,car,1,synthetic_gps
2026-05-21 07:05:40,45.7716654,21.2298126,8.82,iulius_dumbravita,car,1,synthetic_gps
2026-05-21 07:05:41,45.7717274,21.2297809,16.82,iulius_dumbravita,car,1,synthetic_gps
2026-05-21 07:05:42,45.7717158,21.2296652,12.24,iulius_dumbravita,car,1,synthetic_gps
2026-05-21 07:05:43,45.7718518,21.2297697,7.27,iulius_dumbravita,car,1,synthetic_gps
2026-05-21 07:05:44,45.7717265,21.2296878,12.78,iulius_dumbravita,car,1,synthetic_gps
2026-05-21 07:05:45,45.7718601,21.2298273,4.78,iulius_dumbravita,car,1,synthetic_gps
2026-05-21 07:05:46,45.7717723,21.2297097,10.2,iulius_dumbravita,car,1,synthetic_gps
2026-05-21 07:05:47,45.7718304,21.2296849,12.72,iulius_dumbravita,car,1,synthetic_gps
2026-05-21 07:05:48,45.7718125,21.2296737,13.59,iulius_dumbravita,car,1,synthetic_gps
2026-05-21 07:05:49,45.7718044,21.2298522,8.13,iulius_dumbravita,car,1,synthetic_gps
2026-05-21 07:05:50,45.7719281,21.229835,8.11,iulius_dumbravita,car,1,synthetic_gps
2026-05-21 07:05:51,45.7718511,21.2298279,6.61,iulius_dumbravita,car,1,synthetic_gps
2026-05-21 07:05:52,45.7719345,21.2297992,10.0,iulius_dumbravita,car,1,synthetic_gps
2026-05-21 07:05:53,45.7719235,21.2298054,6.24,iulius_dumbravita,car,1,synthetic_gps
2026-05-21 07:05:54,45.7718267,21.2297285,11.93,iulius_dumbravita,car,1,synthetic_gps
2026-05-21 07:05:55,45.771875,21.2297923,12.46,iulius_dumbravita,car,1,synthetic_gps
2026-05-21 07:05:56,45.7719509,21.2298226,14.57,iulius_dumbravita,car,1,synthetic_gps
2026-05-21 07:05:57,45.7719787,21.2298198,15.47,iulius_dumbravita,car,1,synthetic_gps
2026-05-21 07:05:58,45.7719573,21.2297705,23.47,iulius_dumbravita,car,1,synthetic_gps
2026-05-21 07:05:59,45.771989,21.2298708,31.47,iulius_dumbravita,car,1,synthetic_gps
2026-05-21 07:06:00,45.772009,21.2298421,39.47,iulius_dumbravita,car,1,synthetic_gps
2026-05-21 07:06:01,45.7720444,21.2297304,41.62,iulius_dumbravita,car,1,synthetic_gps
2026-05-21 07:06:02,45.7720091,21.2298672,49.62,iulius_dumbravita,car,1,synthetic_gps
2026-05-21 07:06:03,45.7720714,21.2299499,41.62,iulius_dumbravita,car,1,synthetic_gps
2026-05-21 07:06:04,45.7721182,21.2298701,33.62,iulius_dumbravita,car,1,synthetic_gps
2026-05-21 07:06:05,45.7720459,21.2298189,41.62,iulius_dumbravita,car,1,synthetic_gps
2026-05-21 07:06:06,45.7722014,21.2298343,33.62,iulius_dumbravita,car,1,synthetic_gps
2026-05-21 07:06:07,45.7721563,21.22994,40.47,iulius_dumbravita,car,1,synthetic_gps
2026-05-21 07:06:08,45.7720985,21.2297961,40.12,iulius_dumbravita,car,1,synthetic_gps
2026-05-21 07:06:09,45.7722654,21.2299267,39.59,iulius_dumbravita,car,1,synthetic_gps
2026-05-21 07:06:10,45.7720456,21.2298324,31.59,iulius_dumbravita,car,1,synthetic_gps
2026-05-21 07:06:11,45.7722202,21.2298284,32.71,iulius_dumbravita,car,1,synthetic_gps
2026-05-21 07:06:12,45.7723137,21.2299117,40.71,iulius_dumbravita,car,1,synthetic_gps
2026-05-21 07:06:13,45.7720856,21.2298705,35.89,iulius_dumbravita,car,1,synthetic_gps
2026-05-21 07:06:14,45.7721775,21.229853,39.28,iulius_dumbravita,car,1,synthetic_gps
2026-05-21 07:06:15,45.7722793,21.2299142,31.28,iulius_dumbravita,car,1,synthetic_gps
2026-05-21 07:06:16,45.7722204,21.229852,39.28,iulius_dumbravita,car,1,synthetic_gps
2026-05-21 07:06:17,45.7722057,21.2299808,44.87,iulius_dumbravita,car,1,synthetic_gps
2026-05-21 07:06:18,45.7722582,21.229834,36.87,iulius_dumbravita,car,1,synthetic_gps
2026-05-21 07:06:19,45.7723438,21.2299391,28.88,iulius_dumbravita,car,1,synthetic_gps
2026-05-21 07:06:20,45.772306,21.229936,22.72,iulius_dumbravita,car,1,synthetic_gps
2026-05-21 07:06:21,45.7722412,21.2299256,30.72,iulius_dumbravita,car,1,synthetic_gps
2026-05-21 07:06:22,45.7723289,21.2298455,37.14,iulius_dumbravita,car,1,synthetic_gps
2026-05-21 07:06:23,45.7724071,21.2300002,29.14,iulius_dumbravita,car,1,synthetic_gps
2026-05-21 07:06:24,45.7722654,21.2299544,35.27,iulius_dumbravita,car,1,synthetic_gps
2026-05-21 07:06:25,45.7722452,21.2299876,40.74,iulius_dumbravita,car,1,synthetic_gps
2026-05-21 07:06:26,45.7723549,21.2299609,32.74,iulius_dumbravita,car,1,synthetic_gps
2026-05-21 07:06:27,45.7723744,21.2299678,32.42,iulius_dumbravita,car,1,synthetic_gps
2026-05-21 07:06:28,45.772345,21.2298822,33.44,iulius_dumbravita,car,1,synthetic_gps
2026-05-21 07:06:29,45.7724463,21.2300472,25.44,iulius_dumbravita,car,1,synthetic_gps
2026-05-21 07:06:30,45.7725428,21.2299927,31.22,iulius_dumbravita,car,1,synthetic_gps
2026-05-21 07:06:31,45.7723601,21.2298793,37.83,iulius_dumbravita,car,1,synthetic_gps
2026-05-21 07:06:32,45.7724867,21.2299326,37.6,iulius_dumbravita,car,1,synthetic_gps
2026-05-21 07:06:33,45.7724924,21.2300544,29.6,iulius_dumbravita,car,1,synthetic_gps
2026-05-21 07:06:34,45.7724887,21.2300837,37.6,iulius_dumbravita,car,1,synthetic_gps
2026-05-21 07:06:35,45.7724606,21.230064,34.34,iulius_dumbravita,car,1,synthetic_gps
2026-05-21 07:06:36,45.7725332,21.2299899,26.34,iulius_dumbravita,car,1,synthetic_gps
2026-05-21 07:06:37,45.7726087,21.230122,34.34,iulius_dumbravita,car,1,synthetic_gps
2026-05-21 07:06:38,45.7725452,21.2299972,42.34,iulius_dumbravita,car,1,synthetic_gps
2026-05-21 07:06:39,45.7724974,21.2300707,34.34,iulius_dumbravita,car,1,synthetic_gps
2026-05-21 07:06:40,45.7725722,21.2301519,26.34,iulius_dumbravita,car,1,synthetic_gps
2026-05-21 07:06:41,45.7726107,21.2300644,34.34,iulius_dumbravita,car,1,synthetic_gps
2026-05-21 07:06:42,45.77268,21.2298995,42.34,iulius_dumbravita,car,1,synthetic_gps
2026-05-21 07:06:43,45.7726659,21.2300925,38.82,iulius_dumbravita,car,1,synthetic_gps
2026-05-21 07:06:44,45.7726675,21.2299667,46.82,iulius_dumbravita,car,1,synthetic_gps
2026-05-21 07:06:45,45.7726753,21.2301161,38.82,iulius_dumbravita,car,1,synthetic_gps
2026-05-21 07:06:46,45.7727901,21.2300526,34.05,iulius_dumbravita,car,1,synthetic_gps
2026-05-21 07:06:47,45.7727466,21.2301091,39.02,iulius_dumbravita,car,1,synthetic_gps
2026-05-21 07:06:48,45.7727219,21.2300779,46.12,iulius_dumbravita,car,1,synthetic_gps
2026-05-21 07:06:49,45.7727879,21.2301398,38.84,iulius_dumbravita,car,1,synthetic_gps
2026-05-21 07:06:50,45.7727783,21.2302096,46.84,iulius_dumbravita,car,1,synthetic_gps
2026-05-21 07:06:51,45.7728475,21.2300534,38.84,iulius_dumbravita,car,1,synthetic_gps
2026-05-21 07:06:52,45.7727831,21.2300517,38.89,iulius_dumbravita,car,1,synthetic_gps
2026-05-21 07:06:53,45.7726996,21.2301805,36.45,iulius_dumbravita,car,1,synthetic_gps
2026-05-21 07:06:54,45.7727767,21.2302132,42.08,iulius_dumbravita,car,1,synthetic_gps
2026-05-21 07:06:55,45.772854,21.2301788,34.08,iulius_dumbravita,car,1,synthetic_gps
2026-05-21 07:06:56,45.7728569,21.2301899,35.12,iulius_dumbravita,car,1,synthetic_gps
2026-05-21 07:06:57,45.772876,21.2300712,43.12,iulius_dumbravita,car,1,synthetic_gps
2026-05-21 07:06:58,45.7728376,21.2302381,50.75,iulius_dumbravita,car,1,synthetic_gps
2026-05-21 07:06:59,45.7729117,21.2302055,42.75,iulius_dumbravita,car,1,synthetic_gps
2026-05-21 07:07:00,45.7728872,21.2301795,50.47,iulius_dumbravita,car,1,synthetic_gps
2026-05-21 07:07:01,45.7729015,21.230138,58.47,iulius_dumbravita,car,1,synthetic_gps
2026-05-21 07:07:02,45.7728607,21.2302123,50.47,iulius_dumbravita,car,1,synthetic_gps
2026-05-21 07:07:03,45.7729254,21.2301862,42.47,iulius_dumbravita,car,1,synthetic_gps
2026-05-21 07:07:04,45.7728594,21.2301801,34.47,iulius_dumbravita,car,1,synthetic_gps
2026-05-21 07:07:05,45.7729599,21.2301706,26.47,iulius_dumbravita,car,1,synthetic_gps
2026-05-21 07:07:06,45.7730265,21.2301578,18.47,iulius_dumbravita,car,1,synthetic_gps
2026-05-21 07:07:07,45.7727874,21.2302858,16.91,iulius_dumbravita,car,1,synthetic_gps
2026-05-21 07:07:08,45.7730163,21.2302115,24.91,iulius_dumbravita,car,1,synthetic_gps
2026-05-21 07:07:09,45.772913,21.2302741,32.91,iulius_dumbravita,car,1,synthetic_gps
2026-05-21 07:07:10,45.7730769,21.2302245,35.97,iulius_dumbravita,car,1,synthetic_gps
2026-05-21 07:07:11,45.7730914,21.2302251,31.12,iulius_dumbravita,car,1,synthetic_gps
2026-05-21 07:07:12,45.7731684,21.2301672,39.12,iulius_dumbravita,car,1,synthetic_gps
2026-05-21 07:07:13,45.7731379,21.23024,35.08,iulius_dumbravita,car,1,synthetic_gps
2026-05-21 07:07:14,45.7730543,21.2302828,27.08,iulius_dumbravita,car,1,synthetic_gps
2026-05-21 07:07:15,45.7730725,21.2301608,30.46,iulius_dumbravita,car,1,synthetic_gps
2026-05-21 07:07:16,45.7731419,21.2302369,38.46,iulius_dumbravita,car,1,synthetic_gps
2026-05-21 07:07:17,45.7731741,21.2303874,35.17,iulius_dumbravita,car,1,synthetic_gps
2026-05-21 07:07:18,45.7732131,21.2301827,33.91,iulius_dumbravita,car,1,synthetic_gps
2026-05-21 07:07:19,45.7731207,21.2303414,41.91,iulius_dumbravita,car,1,synthetic_gps
2026-05-21 07:07:20,45.7731655,21.2303373,33.91,iulius_dumbravita,car,1,synthetic_gps
2026-05-21 07:07:21,45.7731653,21.2303474,41.91,iulius_dumbravita,car,1,synthetic_gps
2026-05-21 07:07:22,45.7733085,21.2303868,37.99,iulius_dumbravita,car,1,synthetic_gps
2026-05-21 07:07:23,45.7732183,21.2302841,29.99,iulius_dumbravita,car,1,synthetic_gps
2026-05-21 07:07:24,45.7731952,21.230313,21.99,iulius_dumbravita,car,1,synthetic_gps
2026-05-21 07:07:25,45.773261,21.2303528,29.99,iulius_dumbravita,car,1,synthetic_gps
2026-05-21 07:07:26,45.7731655,21.2302663,30.85,iulius_dumbravita,car,1,synthetic_gps
2026-05-21 07:07:27,45.7732267,21.2302267,33.12,iulius_dumbravita,car,1,synthetic_gps
2026-05-21 07:07:28,45.7732372,21.2303321,39.73,iulius_dumbravita,car,1,synthetic_gps
2026-05-21 07:07:29,45.7733175,21.2303911,31.73,iulius_dumbravita,car,1,synthetic_gps
2026-05-21 07:07:30,45.7733035,21.2302964,23.73,iulius_dumbravita,car,1,synthetic_gps
2026-05-21 07:07:31,45.7732853,21.230369,31.73,iulius_dumbravita,car,1,synthetic_gps
2026-05-21 07:07:32,45.7733577,21.2303588,39.73,iulius_dumbravita,car,1,synthetic_gps
2026-05-21 07:07:33,45.7733795,21.2303911,31.73,iulius_dumbravita,car,1,synthetic_gps
2026-05-21 07:07:34,45.7733519,21.2302726,39.73,iulius_dumbravita,car,1,synthetic_gps
2026-05-21 07:07:35,45.7734842,21.230392,35.33,iulius_dumbravita,car,1,synthetic_gps
2026-05-21 07:07:36,45.7734681,21.2303206,43.33,iulius_dumbravita,car,1,synthetic_gps
2026-05-21 07:07:37,45.773409,21.230381,35.33,iulius_dumbravita,car,1,synthetic_gps
2026-05-21 07:07:38,45.7735508,21.2303887,43.33,iulius_dumbravita,car,1,synthetic_gps
2026-05-21 07:07:39,45.7734388,21.2304105,35.33,iulius_dumbravita,car,1,synthetic_gps
2026-05-21 07:07:40,45.773456,21.2303372,30.88,iulius_dumbravita,car,1,synthetic_gps
2026-05-21 07:07:41,45.7734827,21.2303762,38.88,iulius_dumbravita,car,1,synthetic_gps
2026-05-21 07:07:42,45.7735755,21.2304615,30.88,iulius_dumbravita,car,1,synthetic_gps
2026-05-21 07:07:43,45.773524,21.2304948,22.88,iulius_dumbravita,car,1,synthetic_gps
2026-05-21 07:07:44,45.773623,21.2304273,14.88,iulius_dumbravita,car,1,synthetic_gps
2026-05-21 07:07:45,45.7734713,21.2303958,22.88,iulius_dumbravita,car,1,synthetic_gps
2026-05-21 07:07:46,45.7736159,21.2304446,27.26,iulius_dumbravita,car,1,synthetic_gps
2026-05-21 07:07:47,45.7735868,21.2304299,35.26,iulius_dumbravita,car,1,synthetic_gps
2026-05-21 07:07:48,45.7734901,21.2304709,33.6,iulius_dumbravita,car,1,synthetic_gps
2026-05-21 07:07:49,45.7737026,21.2303888,28.71,iulius_dumbravita,car,1,synthetic_gps
2026-05-21 07:07:50,45.7736777,21.2304189,31.49,iulius_dumbravita,car,1,synthetic_gps
2026-05-21 07:07:51,45.773616,21.2305377,39.49,iulius_dumbravita,car,1,synthetic_gps
2026-05-21 07:07:52,45.7738065,21.2305246,31.49,iulius_dumbravita,car,1,synthetic_gps
2026-05-21 07:07:53,45.773772,21.2304111,23.49,iulius_dumbravita,car,1,synthetic_gps
2026-05-21 07:07:54,45.7736237,21.2303408,26.68,iulius_dumbravita,car,1,synthetic_gps
2026-05-21 07:07:55,45.7737412,21.2304189,34.68,iulius_dumbravita,car,1,synthetic_gps
2026-05-21 07:07:56,45.7737673,21.2304004,29.64,iulius_dumbravita,car,1,synthetic_gps
2026-05-21 07:07:57,45.7737728,21.2304603,37.64,iulius_dumbravita,car,1,synthetic_gps
2026-05-21 07:07:58,45.7737646,21.2305319,40.87,iulius_dumbravita,car,1,synthetic_gps
2026-05-21 07:07:59,45.7737875,21.2303994,32.87,iulius_dumbravita,car,1,synthetic_gps
2026-05-21 07:08:00,45.7737971,21.2306434,40.87,iulius_dumbravita,car,1,synthetic_gps
2026-05-21 07:08:01,45.7738298,21.2304189,35.37,iulius_dumbravita,car,1,synthetic_gps
2026-05-21 07:08:02,45.7738607,21.2305017,28.27,iulius_dumbravita,car,1,synthetic_gps
2026-05-21 07:08:03,45.7737848,21.2304886,36.27,iulius_dumbravita,car,1,synthetic_gps
2026-05-21 07:08:04,45.7739532,21.2305924,28.27,iulius_dumbravita,car,1,synthetic_gps
2026-05-21 07:08:05,45.7738556,21.2305878,36.27,iulius_dumbravita,car,1,synthetic_gps
2026-05-21 07:08:06,45.7738178,21.2305055,44.27,iulius_dumbravita,car,1,synthetic_gps
2026-05-21 07:08:07,45.773854,21.2305747,36.27,iulius_dumbravita,car,1,synthetic_gps
2026-05-21 07:08:08,45.7738671,21.2306088,28.27,iulius_dumbravita,car,1,synthetic_gps
2026-05-21 07:08:09,45.7739339,21.2306306,21.1,iulius_dumbravita,car,1,synthetic_gps
2026-05-21 07:08:10,45.7739146,21.2305278,29.1,iulius_dumbravita,car,1,synthetic_gps
2026-05-21 07:08:11,45.7738551,21.2305223,21.1,iulius_dumbravita,car,1,synthetic_gps
2026-05-21 07:08:12,45.7739234,21.2304663,29.1,iulius_dumbravita,car,1,synthetic_gps
2026-05-21 07:08:13,45.7739962,21.2305534,35.26,iulius_dumbravita,car,1,synthetic_gps
2026-05-21 07:08:14,45.7739671,21.230571,43.26,iulius_dumbravita,car,1,synthetic_gps
2026-05-21 07:08:15,45.7740236,21.2305215,42.58,iulius_dumbravita,car,1,synthetic_gps
2026-05-21 07:08:16,45.774091,21.2307146,37.64,iulius_dumbravita,car,1,synthetic_gps
2026-05-21 07:08:17,45.7741517,21.2306778,35.12,iulius_dumbravita,car,1,synthetic_gps
2026-05-21 07:08:18,45.7741158,21.2306638,43.12,iulius_dumbravita,car,1,synthetic_gps
2026-05-21 07:08:19,45.7740248,21.2306282,45.64,iulius_dumbravita,car,1,synthetic_gps
2026-05-21 07:08:20,45.7740691,21.2306201,53.64,iulius_dumbravita,car,1,synthetic_gps
2026-05-21 07:08:21,45.7741154,21.2307001,61.64,iulius_dumbravita,car,1,synthetic_gps
2026-05-21 07:08:22,45.7741307,21.2306908,53.64,iulius_dumbravita,car,1,synthetic_gps
2026-05-21 07:08:23,45.7741238,21.2306254,45.64,iulius_dumbravita,car,1,synthetic_gps
2026-05-21 07:08:24,45.7740506,21.230619,46.07,iulius_dumbravita,car,1,synthetic_gps
2026-05-21 07:08:25,45.7742014,21.2305813,54.07,iulius_dumbravita,car,1,synthetic_gps
2026-05-21 07:08:26,45.7741146,21.2305874,46.07,iulius_dumbravita,car,1,synthetic_gps
2026-05-21 07:08:27,45.774236,21.2305432,38.07,iulius_dumbravita,car,1,synthetic_gps
2026-05-21 07:08:28,45.7743068,21.2306363,35.07,iulius_dumbravita,car,1,synthetic_gps
2026-05-21 07:08:29,45.7742737,21.2306697,43.07,iulius_dumbravita,car,1,synthetic_gps
2026-05-21 07:08:30,45.7742808,21.230677,35.07,iulius_dumbravita,car,1,synthetic_gps
2026-05-21 07:08:31,45.7742489,21.2306909,27.07,iulius_dumbravita,car,1,synthetic_gps
2026-05-21 07:08:32,45.7743095,21.2306851,34.4,iulius_dumbravita,car,1,synthetic_gps
2026-05-21 07:08:33,45.7743298,21.2307531,38.66,iulius_dumbravita,car,1,synthetic_gps
2026-05-21 07:08:34,45.7742963,21.2306918,34.42,iulius_dumbravita,car,1,synthetic_gps
2026-05-21 07:08:35,45.7742445,21.2306532,26.42,iulius_dumbravita,car,1,synthetic_gps
2026-05-21 07:08:36,45.7742397,21.2306615,34.42,iulius_dumbravita,car,1,synthetic_gps
2026-05-21 07:08:37,45.7743171,21.2307688,42.42,iulius_dumbravita,car,1,synthetic_gps
2026-05-21 07:08:38,45.7743229,21.2307151,40.31,iulius_dumbravita,car,1,synthetic_gps
2026-05-21 07:08:39,45.7743961,21.2306898,40.55,iulius_dumbravita,car,1,synthetic_gps
2026-05-21 07:08:40,45.7743442,21.2308401,32.55,iulius_dumbravita,car,1,synthetic_gps
2026-05-21 07:08:41,45.7744658,21.230716,40.55,iulius_dumbravita,car,1,synthetic_gps
2026-05-21 07:08:42,45.7743512,21.2306926,38.71,iulius_dumbravita,car,1,synthetic_gps
2026-05-21 07:08:43,45.774405,21.2307377,46.71,iulius_dumbravita,car,1,synthetic_gps
2026-05-21 07:08:44,45.7744549,21.2307491,54.71,iulius_dumbravita,car,1,synthetic_gps
2026-05-21 07:08:45,45.7745336,21.2307932,46.71,iulius_dumbravita,car,1,synthetic_gps
2026-05-21 07:08:46,45.7744895,21.2308942,38.88,iulius_dumbravita,car,1,synthetic_gps
2026-05-21 07:08:47,45.7744723,21.230708,30.88,iulius_dumbravita,car,1,synthetic_gps
2026-05-21 07:08:48,45.7745273,21.2306985,38.88,iulius_dumbravita,car,1,synthetic_gps
2026-05-21 07:08:49,45.7745424,21.2307337,30.88,iulius_dumbravita,car,1,synthetic_gps
2026-05-21 07:08:50,45.7745494,21.2307118,29.17,iulius_dumbravita,car,1,synthetic_gps
2026-05-21 07:08:51,45.7746504,21.2308362,37.17,iulius_dumbravita,car,1,synthetic_gps
2026-05-21 07:08:52,45.7745822,21.2307563,45.17,iulius_dumbravita,car,1,synthetic_gps
2026-05-21 07:08:53,45.7746673,21.2306596,37.17,iulius_dumbravita,car,1,synthetic_gps
2026-05-21 07:08:54,45.7746694,21.2308161,45.17,iulius_dumbravita,car,1,synthetic_gps
2026-05-21 07:08:55,45.7745465,21.2307917,46.86,iulius_dumbravita,car,1,synthetic_gps
2026-05-21 07:08:56,45.7746427,21.2307332,39.17,iulius_dumbravita,car,1,synthetic_gps
2026-05-21 07:08:57,45.7745602,21.2309086,31.17,iulius_dumbravita,car,1,synthetic_gps
2026-05-21 07:08:58,45.774653,21.2307554,30.02,iulius_dumbravita,car,1,synthetic_gps
2026-05-21 07:08:59,45.7746803,21.2308628,38.02,iulius_dumbravita,car,1,synthetic_gps
2026-05-21 07:09:00,45.7747128,21.2308595,32.85,iulius_dumbravita,car,1,synthetic_gps
2026-05-21 07:09:01,45.7747134,21.2308709,40.85,iulius_dumbravita,car,1,synthetic_gps
2026-05-21 07:09:02,45.7747174,21.2309293,32.85,iulius_dumbravita,car,1,synthetic_gps
2026-05-21 07:09:03,45.7746752,21.230836,24.85,iulius_dumbravita,car,1,synthetic_gps
2026-05-21 07:09:04,45.7746983,21.2308419,32.85,iulius_dumbravita,car,1,synthetic_gps
2026-05-21 07:09:05,45.7748609,21.2309523,24.85,iulius_dumbravita,car,1,synthetic_gps
2026-05-21 07:09:06,45.7747871,21.2307362,32.85,iulius_dumbravita,car,1,synthetic_gps
2026-05-21 07:09:07,45.774671,21.2309137,40.85,iulius_dumbravita,car,1,synthetic_gps
2026-05-21 07:09:08,45.7747844,21.2308891,40.36,iulius_dumbravita,car,1,synthetic_gps
2026-05-21 07:09:09,45.7748494,21.23086,34.69,iulius_dumbravita,car,1,synthetic_gps
2026-05-21 07:09:10,45.7749817,21.2309609,26.69,iulius_dumbravita,car,1,synthetic_gps
2026-05-21 07:09:11,45.7748165,21.2309233,28.57,iulius_dumbravita,car,1,synthetic_gps
2026-05-21 07:09:12,45.7748733,21.2308582,20.57,iulius_dumbravita,car,1,synthetic_gps
2026-05-21 07:09:13,45.7749351,21.2309039,28.57,iulius_dumbravita,car,1,synthetic_gps
2026-05-21 07:09:14,45.7748798,21.230846,36.57,iulius_dumbravita,car,1,synthetic_gps
2026-05-21 07:09:15,45.7749794,21.2309575,28.57,iulius_dumbravita,car,1,synthetic_gps
2026-05-21 07:09:16,45.7750835,21.2308614,36.57,iulius_dumbravita,car,1,synthetic_gps
2026-05-21 07:09:17,45.7750327,21.2308423,44.57,iulius_dumbravita,car,1,synthetic_gps
2026-05-21 07:09:18,45.7749356,21.2309407,52.57,iulius_dumbravita,car,1,synthetic_gps
2026-05-21 07:09:19,45.7749327,21.2309824,44.57,iulius_dumbravita,car,1,synthetic_gps
2026-05-21 07:09:20,45.7749315,21.2308491,36.57,iulius_dumbravita,car,1,synthetic_gps
2026-05-21 07:09:21,45.7750472,21.2309177,34.95,iulius_dumbravita,car,1,synthetic_gps
2026-05-21 07:09:22,45.7751344,21.2309667,42.95,iulius_dumbravita,car,1,synthetic_gps
2026-05-21 07:09:23,45.7750711,21.2310111,39.61,iulius_dumbravita,car,1,synthetic_gps
2026-05-21 07:09:24,45.7751405,21.2310602,40.34,iulius_dumbravita,car,1,synthetic_gps
2026-05-21 07:09:25,45.7750534,21.2309711,32.34,iulius_dumbravita,car,1,synthetic_gps
2026-05-21 07:09:26,45.7750937,21.2310068,40.34,iulius_dumbravita,car,1,synthetic_gps
2026-05-21 07:09:27,45.7752975,21.2309837,32.34,iulius_dumbravita,car,1,synthetic_gps
2026-05-21 07:09:28,45.7750704,21.2309939,36.54,iulius_dumbravita,car,1,synthetic_gps
2026-05-21 07:09:29,45.7752277,21.2309857,28.54,iulius_dumbravita,car,1,synthetic_gps
2026-05-21 07:09:30,45.7751092,21.2309156,36.54,iulius_dumbravita,car,1,synthetic_gps
2026-05-21 07:09:31,45.7751506,21.2310485,39.47,iulius_dumbravita,car,1,synthetic_gps
2026-05-21 07:09:32,45.7751689,21.2310328,31.47,iulius_dumbravita,car,1,synthetic_gps
2026-05-21 07:09:33,45.7752443,21.2310235,39.47,iulius_dumbravita,car,1,synthetic_gps
2026-05-21 07:09:34,45.7752497,21.2310543,44.36,iulius_dumbravita,car,1,synthetic_gps
2026-05-21 07:09:35,45.775312,21.2310218,36.36,iulius_dumbravita,car,1,synthetic_gps
2026-05-21 07:09:36,45.7752234,21.2309683,28.36,iulius_dumbravita,car,1,synthetic_gps
2026-05-21 07:09:37,45.7752684,21.2310398,36.36,iulius_dumbravita,car,1,synthetic_gps
2026-05-21 07:09:38,45.7752589,21.2309899,33.93,iulius_dumbravita,car,1,synthetic_gps
2026-05-21 07:09:39,45.7753179,21.2310156,32.62,iulius_dumbravita,car,1,synthetic_gps
2026-05-21 07:09:40,45.7752645,21.2310206,40.62,iulius_dumbravita,car,1,synthetic_gps
2026-05-21 07:09:41,45.7753523,21.2310369,32.75,iulius_dumbravita,car,1,synthetic_gps
2026-05-21 07:09:42,45.7753801,21.2310264,24.75,iulius_dumbravita,car,1,synthetic_gps
2026-05-21 07:09:43,45.7753312,21.2310612,32.75,iulius_dumbravita,car,1,synthetic_gps
2026-05-21 07:09:44,45.7752314,21.2310889,40.75,iulius_dumbravita,car,1,synthetic_gps
2026-05-21 07:09:45,45.7753184,21.2310906,32.75,iulius_dumbravita,car,1,synthetic_gps
2026-05-21 07:09:46,45.7753601,21.2309942,40.75,iulius_dumbravita,car,1,synthetic_gps
2026-05-21 07:09:47,45.7752977,21.2310218,48.75,iulius_dumbravita,car,1,synthetic_gps
2026-05-21 07:09:48,45.7754133,21.2310307,40.75,iulius_dumbravita,car,1,synthetic_gps
2026-05-21 07:09:49,45.775481,21.2310498,32.75,iulius_dumbravita,car,1,synthetic_gps
2026-05-21 07:09:50,45.7755329,21.2310844,40.75,iulius_dumbravita,car,1,synthetic_gps
2026-05-21 07:09:51,45.7755287,21.2311149,32.75,iulius_dumbravita,car,1,synthetic_gps
2026-05-21 07:09:52,45.7755364,21.2311925,40.75,iulius_dumbravita,car,1,synthetic_gps
2026-05-21 07:09:53,45.7755082,21.2311831,37.55,iulius_dumbravita,car,1,synthetic_gps
2026-05-21 07:09:54,45.7755436,21.2311013,45.55,iulius_dumbravita,car,1,synthetic_gps
2026-05-21 07:09:55,45.7755727,21.2311309,37.55,iulius_dumbravita,car,1,synthetic_gps
2026-05-21 07:09:56,45.7755762,21.2310927,38.96,iulius_dumbravita,car,1,synthetic_gps
2026-05-21 07:09:57,45.775547,21.2310723,37.08,iulius_dumbravita,car,1,synthetic_gps
2026-05-21 07:09:58,45.7754868,21.2311519,41.68,iulius_dumbravita,car,1,synthetic_gps
2026-05-21 07:09:59,45.7755689,21.2310713,45.13,iulius_dumbravita,car,1,synthetic_gps
2026-05-21 07:10:00,45.7754835,21.2311039,37.13,iulius_dumbravita,car,1,synthetic_gps
2026-05-21 07:10:01,45.7755993,21.2312138,45.13,iulius_dumbravita,car,1,synthetic_gps
2026-05-21 07:10:02,45.7756544,21.2311289,52.3,iulius_dumbravita,car,1,synthetic_gps
2026-05-21 07:10:03,45.7756429,21.2310807,44.3,iulius_dumbravita,car,1,synthetic_gps
2026-05-21 07:10:04,45.7756875,21.2312566,36.3,iulius_dumbravita,car,1,synthetic_gps
2026-05-21 07:10:05,45.7757672,21.2311245,44.3,iulius_dumbravita,car,1,synthetic_gps
2026-05-21 07:10:06,45.775653,21.2311816,49.6,iulius_dumbravita,car,1,synthetic_gps
2026-05-21 07:10:07,45.7757385,21.2312261,41.6,iulius_dumbravita,car,1,synthetic_gps
2026-05-21 07:10:08,45.7757526,21.2311871,49.2,iulius_dumbravita,car,1,synthetic_gps
2026-05-21 07:10:09,45.7757764,21.2312089,51.09,iulius_dumbravita,car,1,synthetic_gps
2026-05-21 07:10:10,45.7758438,21.2312079,43.09,iulius_dumbravita,car,1,synthetic_gps
2026-05-21 07:10:11,45.7756369,21.2312744,45.54,iulius_dumbravita,car,1,synthetic_gps
2026-05-21 07:10:12,45.7757381,21.2310663,37.54,iulius_dumbravita,car,1,synthetic_gps
2026-05-21 07:10:13,45.775722,21.2312566,33.16,iulius_dumbravita,car,1,synthetic_gps
2026-05-21 07:10:14,45.7758366,21.2312056,37.36,iulius_dumbravita,car,1,synthetic_gps
2026-05-21 07:10:15,45.7758344,21.2312387,45.36,iulius_dumbravita,car,1,synthetic_gps
2026-05-21 07:10:16,45.7757642,21.2312235,37.36,iulius_dumbravita,car,1,synthetic_gps
2026-05-21 07:10:17,45.7758653,21.2312411,29.36,iulius_dumbravita,car,1,synthetic_gps
2026-05-21 07:10:18,45.775812,21.231291,37.36,iulius_dumbravita,car,1,synthetic_gps
2026-05-21 07:10:19,45.7759004,21.2314166,29.46,iulius_dumbravita,car,1,synthetic_gps
2026-05-21 07:10:20,45.7759939,21.2312627,21.46,iulius_dumbravita,car,1,synthetic_gps
2026-05-21 07:10:21,45.7758965,21.2312,29.46,iulius_dumbravita,car,1,synthetic_gps
2026-05-21 07:10:22,45.7759849,21.2312518,21.46,iulius_dumbravita,car,1,synthetic_gps
2026-05-21 07:10:23,45.7759497,21.2313257,29.46,iulius_dumbravita,car,1,synthetic_gps
2026-05-21 07:10:24,45.7759784,21.2313,37.46,iulius_dumbravita,car,1,synthetic_gps
2026-05-21 07:10:25,45.7759178,21.2312,39.82,iulius_dumbravita,car,1,synthetic_gps
2026-05-21 07:10:26,45.775979,21.2312921,31.82,iulius_dumbravita,car,1,synthetic_gps
2026-05-21 07:10:27,45.7760823,21.2313745,23.82,iulius_dumbravita,car,1,synthetic_gps
2026-05-21 07:10:28,45.7760477,21.2313028,31.82,iulius_dumbravita,car,1,synthetic_gps
2026-05-21 07:10:29,45.7759254,21.2312948,29.56,iulius_dumbravita,car,1,synthetic_gps
2026-05-21 07:10:30,45.7761843,21.2314152,33.76,iulius_dumbravita,car,1,synthetic_gps
2026-05-21 07:10:31,45.7760632,21.2313276,41.76,iulius_dumbravita,car,1,synthetic_gps
2026-05-21 07:10:32,45.776013,21.2314133,49.76,iulius_dumbravita,car,1,synthetic_gps
2026-05-21 07:10:33,45.7761598,21.2313782,49.57,iulius_dumbravita,car,1,synthetic_gps
2026-05-21 07:10:34,45.7760711,21.2313599,43.67,iulius_dumbravita,car,1,synthetic_gps
2026-05-21 07:10:35,45.776148,21.2313281,37.77,iulius_dumbravita,car,1,synthetic_gps
2026-05-21 07:10:36,45.776102,21.2314355,44.53,iulius_dumbravita,car,1,synthetic_gps
2026-05-21 07:10:37,45.7761573,21.2313412,36.53,iulius_dumbravita,car,1,synthetic_gps
2026-05-21 07:10:38,45.7762322,21.2313883,28.53,iulius_dumbravita,car,1,synthetic_gps
2026-05-21 07:10:39,45.7762718,21.2314654,36.53,iulius_dumbravita,car,1,synthetic_gps
2026-05-21 07:10:40,45.7761533,21.2313657,44.53,iulius_dumbravita,car,1,synthetic_gps
2026-05-21 07:10:41,45.7763103,21.2314775,36.53,iulius_dumbravita,car,1,synthetic_gps
2026-05-21 07:10:42,45.7763301,21.2313127,34.08,iulius_dumbravita,car,1,synthetic_gps
2026-05-21 07:10:43,45.7763281,21.2314204,26.08,iulius_dumbravita,car,1,synthetic_gps
2026-05-21 07:10:44,45.7762262,21.2314559,30.91,iulius_dumbravita,car,1,synthetic_gps
2026-05-21 07:10:45,45.7763575,21.2314345,38.91,iulius_dumbravita,car,1,synthetic_gps
2026-05-21 07:10:46,45.7763325,21.2313489,43.19,iulius_dumbravita,car,1,synthetic_gps
2026-05-21 07:10:47,45.7762778,21.2314035,51.19,iulius_dumbravita,car,1,synthetic_gps
2026-05-21 07:10:48,45.7762376,21.2312698,43.19,iulius_dumbravita,car,1,synthetic_gps
2026-05-21 07:10:49,45.7763236,21.2314805,37.24,iulius_dumbravita,car,1,synthetic_gps
2026-05-21 07:10:50,45.7765015,21.2313971,40.22,iulius_dumbravita,car,1,synthetic_gps
2026-05-21 07:10:51,45.7763984,21.2314443,48.22,iulius_dumbravita,car,1,synthetic_gps
2026-05-21 07:10:52,45.7763325,21.2315331,40.22,iulius_dumbravita,car,1,synthetic_gps
2026-05-21 07:10:53,45.7764042,21.2315333,32.22,iulius_dumbravita,car,1,synthetic_gps
2026-05-21 07:10:54,45.7764461,21.2314652,40.22,iulius_dumbravita,car,1,synthetic_gps
2026-05-21 07:10:55,45.776443,21.2314673,48.22,iulius_dumbravita,car,1,synthetic_gps
2026-05-21 07:10:56,45.7764079,21.2314742,42.97,iulius_dumbravita,car,1,synthetic_gps
2026-05-21 07:10:57,45.7765095,21.2313972,46.24,iulius_dumbravita,car,1,synthetic_gps
2026-05-21 07:10:58,45.7764498,21.2314162,51.02,iulius_dumbravita,car,1,synthetic_gps
2026-05-21 07:10:59,45.7766583,21.2315967,54.29,iulius_dumbravita,car,1,synthetic_gps
2026-05-21 07:11:00,45.7765683,21.2314505,46.29,iulius_dumbravita,car,1,synthetic_gps
2026-05-21 07:11:01,45.7765303,21.2315681,38.45,iulius_dumbravita,car,1,synthetic_gps
2026-05-21 07:11:02,45.7765982,21.2315251,33.92,iulius_dumbravita,car,1,synthetic_gps
2026-05-21 07:11:03,45.776517,21.2316118,41.92,iulius_dumbravita,car,1,synthetic_gps
2026-05-21 07:11:04,45.7765875,21.2315121,35.44,iulius_dumbravita,car,1,synthetic_gps
2026-05-21 07:11:05,45.776595,21.2315327,42.42,iulius_dumbravita,car,1,synthetic_gps
2026-05-21 07:11:06,45.7766067,21.2315464,34.42,iulius_dumbravita,car,1,synthetic_gps
2026-05-21 07:11:07,45.7766398,21.231532,28.92,iulius_dumbravita,car,1,synthetic_gps
2026-05-21 07:11:08,45.7766062,21.2315167,36.92,iulius_dumbravita,car,1,synthetic_gps
2026-05-21 07:11:09,45.7765859,21.2316457,35.66,iulius_dumbravita,car,1,synthetic_gps
2026-05-21 07:11:10,45.7767031,21.2315775,31.07,iulius_dumbravita,car,1,synthetic_gps
2026-05-21 07:11:11,45.7767074,21.2316581,39.07,iulius_dumbravita,car,1,synthetic_gps
2026-05-21 07:11:12,45.7766894,21.2316544,42.83,iulius_dumbravita,car,1,synthetic_gps
2026-05-21 07:11:13,45.7765634,21.2316332,50.83,iulius_dumbravita,car,1,synthetic_gps
2026-05-21 07:11:14,45.7767492,21.2316473,42.83,iulius_dumbravita,car,1,synthetic_gps
2026-05-21 07:11:15,45.776646,21.2315259,35.59,iulius_dumbravita,car,1,synthetic_gps
2026-05-21 07:11:16,45.7766745,21.2315811,36.72,iulius_dumbravita,car,1,synthetic_gps
2026-05-21 07:11:17,45.7767209,21.2315604,32.52,iulius_dumbravita,car,1,synthetic_gps
2026-05-21 07:11:18,45.776904,21.2316752,38.09,iulius_dumbravita,car,1,synthetic_gps
2026-05-21 07:11:19,45.7767088,21.2316468,40.47,iulius_dumbravita,car,1,synthetic_gps
2026-05-21 07:11:20,45.7767693,21.2315105,44.44,iulius_dumbravita,car,1,synthetic_gps
2026-05-21 07:11:21,45.7768588,21.231639,36.44,iulius_dumbravita,car,1,synthetic_gps
2026-05-21 07:11:22,45.7769855,21.2317044,44.44,iulius_dumbravita,car,1,synthetic_gps
2026-05-21 07:11:23,45.7768419,21.2316146,36.44,iulius_dumbravita,car,1,synthetic_gps
2026-05-21 07:11:24,45.7768407,21.2317283,28.44,iulius_dumbravita,car,1,synthetic_gps
2026-05-21 07:11:25,45.7768617,21.2316201,34.97,iulius_dumbravita,car,1,synthetic_gps
2026-05-21 07:11:26,45.7767604,21.2318016,26.97,iulius_dumbravita,car,1,synthetic_gps
2026-05-21 07:11:27,45.7768513,21.2316485,34.97,iulius_dumbravita,car,1,synthetic_gps
2026-05-21 07:11:28,45.7769435,21.231791,42.97,iulius_dumbravita,car,1,synthetic_gps
2026-05-21 07:11:29,45.7768455,21.2317887,34.97,iulius_dumbravita,car,1,synthetic_gps
2026-05-21 07:11:30,45.7769323,21.2318133,26.97,iulius_dumbravita,car,1,synthetic_gps
2026-05-21 07:11:31,45.7770373,21.2316758,18.97,iulius_dumbravita,car,1,synthetic_gps
2026-05-21 07:11:32,45.7768862,21.2317688,26.97,iulius_dumbravita,car,1,synthetic_gps
2026-05-21 07:11:33,45.7770789,21.2317797,22.74,iulius_dumbravita,car,1,synthetic_gps
2026-05-21 07:11:34,45.7769775,21.2316697,30.74,iulius_dumbravita,car,1,synthetic_gps
2026-05-21 07:11:35,45.7770711,21.231783,32.89,iulius_dumbravita,car,1,synthetic_gps
2026-05-21 07:11:36,45.7770837,21.2316619,40.89,iulius_dumbravita,car,1,synthetic_gps
2026-05-21 07:11:37,45.7770387,21.2318065,41.77,iulius_dumbravita,car,1,synthetic_gps
2026-05-21 07:11:38,45.7771,21.2318538,33.77,iulius_dumbravita,car,1,synthetic_gps
2026-05-21 07:11:39,45.7771732,21.2317571,25.77,iulius_dumbravita,car,1,synthetic_gps
2026-05-21 07:11:40,45.7770608,21.231869,24.54,iulius_dumbravita,car,1,synthetic_gps
2026-05-21 07:11:41,45.777178,21.2318266,32.54,iulius_dumbravita,car,1,synthetic_gps
2026-05-21 07:11:42,45.7771991,21.2318506,31.35,iulius_dumbravita,car,1,synthetic_gps
2026-05-21 07:11:43,45.7771446,21.2318614,39.35,iulius_dumbravita,car,1,synthetic_gps
2026-05-21 07:11:44,45.7771584,21.2319457,40.07,iulius_dumbravita,car,1,synthetic_gps
2026-05-21 07:11:45,45.7771997,21.2318514,32.07,iulius_dumbravita,car,1,synthetic_gps
2026-05-21 07:11:46,45.777236,21.2317438,35.82,iulius_dumbravita,car,1,synthetic_gps
2026-05-21 07:11:47,45.7772222,21.2319286,29.23,iulius_dumbravita,car,1,synthetic_gps
2026-05-21 07:11:48,45.7772458,21.2319119,37.23,iulius_dumbravita,car,1,synthetic_gps
2026-05-21 07:11:49,45.7772909,21.2317447,29.23,iulius_dumbravita,car,1,synthetic_gps
2026-05-21 07:11:50,45.7772799,21.2318081,28.21,iulius_dumbravita,car,1,synthetic_gps
2026-05-21 07:11:51,45.7772874,21.231993,36.21,iulius_dumbravita,car,1,synthetic_gps
2026-05-21 07:11:52,45.7772935,21.2318929,39.07,iulius_dumbravita,car,1,synthetic_gps
2026-05-21 07:11:53,45.7773545,21.2318771,31.07,iulius_dumbravita,car,1,synthetic_gps
2026-05-21 07:11:54,45.7773294,21.2318726,26.46,iulius_dumbravita,car,1,synthetic_gps
2026-05-21 07:11:55,45.7774052,21.231975,34.46,iulius_dumbravita,car,1,synthetic_gps
2026-05-21 07:11:56,45.777462,21.2320286,26.46,iulius_dumbravita,car,1,synthetic_gps
2026-05-21 07:11:57,45.7774743,21.231919,34.46,iulius_dumbravita,car,1,synthetic_gps
2026-05-21 07:11:58,45.7773491,21.2320672,26.46,iulius_dumbravita,car,1,synthetic_gps
2026-05-21 07:11:59,45.777331,21.2319387,31.75,iulius_dumbravita,car,1,synthetic_gps
2026-05-21 07:12:00,45.7774319,21.2320155,34.79,iulius_dumbravita,car,1,synthetic_gps
2026-05-21 07:12:01,45.7775004,21.2320654,26.79,iulius_dumbravita,car,1,synthetic_gps
2026-05-21 07:12:02,45.7774297,21.2320407,20.28,iulius_dumbravita,car,1,synthetic_gps
2026-05-21 07:12:03,45.7774987,21.2320777,28.28,iulius_dumbravita,car,1,synthetic_gps
2026-05-21 07:12:04,45.7774634,21.2319052,36.28,iulius_dumbravita,car,1,synthetic_gps
2026-05-21 07:12:05,45.7774789,21.2320763,35.0,iulius_dumbravita,car,1,synthetic_gps
2026-05-21 07:12:06,45.7775504,21.2320795,43.0,iulius_dumbravita,car,1,synthetic_gps
2026-05-21 07:12:07,45.7775111,21.2320553,35.0,iulius_dumbravita,car,1,synthetic_gps
2026-05-21 07:12:08,45.7775416,21.2320039,43.0,iulius_dumbravita,car,1,synthetic_gps
2026-05-21 07:12:09,45.7775237,21.2320854,51.0,iulius_dumbravita,car,1,synthetic_gps
2026-05-21 07:12:10,45.7775917,21.2321549,51.38,iulius_dumbravita,car,1,synthetic_gps
2026-05-21 07:12:11,45.7775644,21.2319787,59.38,iulius_dumbravita,car,1,synthetic_gps
2026-05-21 07:12:12,45.7776288,21.2320858,51.38,iulius_dumbravita,car,1,synthetic_gps
2026-05-21 07:12:13,45.7776907,21.232158,53.74,iulius_dumbravita,car,1,synthetic_gps
2026-05-21 07:12:14,45.7777113,21.2320696,45.74,iulius_dumbravita,car,1,synthetic_gps
2026-05-21 07:12:15,45.7776183,21.2320759,37.74,iulius_dumbravita,car,1,synthetic_gps
2026-05-21 07:12:16,45.7775938,21.2320485,29.74,iulius_dumbravita,car,1,synthetic_gps
2026-05-21 07:12:17,45.7776192,21.2320548,37.74,iulius_dumbravita,car,1,synthetic_gps
2026-05-21 07:12:18,45.7776967,21.2321875,33.49,iulius_dumbravita,car,1,synthetic_gps
2026-05-21 07:12:19,45.7776177,21.2320309,25.49,iulius_dumbravita,car,1,synthetic_gps
2026-05-21 07:12:20,45.7777066,21.2322241,32.73,iulius_dumbravita,car,1,synthetic_gps
2026-05-21 07:12:21,45.7778298,21.2322281,40.73,iulius_dumbravita,car,1,synthetic_gps
2026-05-21 07:12:22,45.7777767,21.2322832,47.37,iulius_dumbravita,car,1,synthetic_gps
2026-05-21 07:12:23,45.7777632,21.2322122,39.37,iulius_dumbravita,car,1,synthetic_gps
2026-05-21 07:12:24,45.7776485,21.2322311,47.37,iulius_dumbravita,car,1,synthetic_gps
2026-05-21 07:12:25,45.7777991,21.232218,39.37,iulius_dumbravita,car,1,synthetic_gps
2026-05-21 07:12:26,45.7777591,21.2322544,31.37,iulius_dumbravita,car,1,synthetic_gps
2026-05-21 07:12:27,45.7778118,21.2322955,33.83,iulius_dumbravita,car,1,synthetic_gps
2026-05-21 07:12:28,45.7778249,21.232204,41.83,iulius_dumbravita,car,1,synthetic_gps
2026-05-21 07:12:29,45.7778382,21.2322839,40.03,iulius_dumbravita,car,1,synthetic_gps
2026-05-21 07:12:30,45.7778519,21.2323124,32.03,iulius_dumbravita,car,1,synthetic_gps
2026-05-21 07:12:31,45.7779483,21.2321963,40.03,iulius_dumbravita,car,1,synthetic_gps
2026-05-21 07:12:32,45.7779874,21.2322007,42.8,iulius_dumbravita,car,1,synthetic_gps
2026-05-21 07:12:33,45.7778608,21.2323457,42.28,iulius_dumbravita,car,1,synthetic_gps
2026-05-21 07:12:34,45.7780553,21.2323002,50.28,iulius_dumbravita,car,1,synthetic_gps
2026-05-21 07:12:35,45.7779894,21.2322161,42.28,iulius_dumbravita,car,1,synthetic_gps
2026-05-21 07:12:36,45.7780103,21.2322761,36.07,iulius_dumbravita,car,1,synthetic_gps
2026-05-21 07:12:37,45.7779018,21.2323714,44.07,iulius_dumbravita,car,1,synthetic_gps
2026-05-21 07:12:38,45.778147,21.2322256,36.07,iulius_dumbravita,car,1,synthetic_gps
2026-05-21 07:12:39,45.7779499,21.2322479,40.92,iulius_dumbravita,car,1,synthetic_gps
2026-05-21 07:12:40,45.7780941,21.2323652,43.07,iulius_dumbravita,car,1,synthetic_gps
2026-05-21 07:12:41,45.7779466,21.2323772,35.07,iulius_dumbravita,car,1,synthetic_gps
2026-05-21 07:12:42,45.77802,21.2323939,29.98,iulius_dumbravita,car,1,synthetic_gps
2026-05-21 07:12:43,45.778075,21.2322978,31.89,iulius_dumbravita,car,1,synthetic_gps
2026-05-21 07:12:44,45.7781202,21.2323863,23.89,iulius_dumbravita,car,1,synthetic_gps
2026-05-21 07:12:45,45.7781094,21.2323819,25.98,iulius_dumbravita,car,1,synthetic_gps
2026-05-21 07:12:46,45.7781365,21.2322968,29.56,iulius_dumbravita,car,1,synthetic_gps
2026-05-21 07:12:47,45.7780794,21.2323878,32.17,iulius_dumbravita,car,1,synthetic_gps
2026-05-21 07:12:48,45.7781597,21.2323825,24.17,iulius_dumbravita,car,1,synthetic_gps
2026-05-21 07:12:49,45.7781463,21.2322583,32.17,iulius_dumbravita,car,1,synthetic_gps
2026-05-21 07:12:50,45.7780547,21.232452,40.17,iulius_dumbravita,car,1,synthetic_gps
2026-05-21 07:12:51,45.7781842,21.2323775,48.17,iulius_dumbravita,car,1,synthetic_gps
2026-05-21 07:12:52,45.7781874,21.232422,56.17,iulius_dumbravita,car,1,synthetic_gps
2026-05-21 07:12:53,45.7783077,21.2324893,48.17,iulius_dumbravita,car,1,synthetic_gps
2026-05-21 07:12:54,45.7782285,21.2325193,40.17,iulius_dumbravita,car,1,synthetic_gps
2026-05-21 07:12:55,45.7783333,21.2323728,34.22,iulius_dumbravita,car,1,synthetic_gps
2026-05-21 07:12:56,45.7781348,21.2325254,28.28,iulius_dumbravita,car,1,synthetic_gps
2026-05-21 07:12:57,45.7782824,21.2324437,27.51,iulius_dumbravita,car,1,synthetic_gps
2026-05-21 07:12:58,45.7783607,21.2325775,30.26,iulius_dumbravita,car,1,synthetic_gps
2026-05-21 07:12:59,45.7784541,21.2325997,38.11,iulius_dumbravita,car,1,synthetic_gps
2026-05-21 07:13:00,45.7783972,21.2324312,31.25,iulius_dumbravita,car,1,synthetic_gps
2026-05-21 07:13:01,45.7783289,21.2325083,39.25,iulius_dumbravita,car,1,synthetic_gps
2026-05-21 07:13:02,45.7783715,21.2324777,31.25,iulius_dumbravita,car,1,synthetic_gps
2026-05-21 07:13:03,45.7783835,21.2324805,39.25,iulius_dumbravita,car,1,synthetic_gps
2026-05-21 07:13:04,45.778399,21.2325805,31.25,iulius_dumbravita,car,1,synthetic_gps
2026-05-21 07:13:05,45.7782961,21.232542,23.25,iulius_dumbravita,car,1,synthetic_gps
2026-05-21 07:13:06,45.7785225,21.2325059,22.1,iulius_dumbravita,car,1,synthetic_gps
2026-05-21 07:13:07,45.7784454,21.2325556,30.1,iulius_dumbravita,car,1,synthetic_gps
2026-05-21 07:13:08,45.7784321,21.2325285,22.21,iulius_dumbravita,car,1,synthetic_gps
2026-05-21 07:13:09,45.7785707,21.2326134,30.21,iulius_dumbravita,car,1,synthetic_gps
2026-05-21 07:13:10,45.7786282,21.2327574,38.21,iulius_dumbravita,car,1,synthetic_gps
2026-05-21 07:13:11,45.7784787,21.232476,46.21,iulius_dumbravita,car,1,synthetic_gps
2026-05-21 07:13:12,45.7784869,21.2326015,40.67,iulius_dumbravita,car,1,synthetic_gps
2026-05-21 07:13:13,45.7784854,21.2325988,32.67,iulius_dumbravita,car,1,synthetic_gps
2026-05-21 07:13:14,45.7786118,21.2326223,40.67,iulius_dumbravita,car,1,synthetic_gps
2026-05-21 07:13:15,45.7784986,21.2325573,32.67,iulius_dumbravita,car,1,synthetic_gps
2026-05-21 07:13:16,45.7785935,21.2326914,24.67,iulius_dumbravita,car,1,synthetic_gps
2026-05-21 07:13:17,45.778536,21.2325039,32.67,iulius_dumbravita,car,1,synthetic_gps
2026-05-21 07:13:18,45.7786654,21.2325921,40.67,iulius_dumbravita,car,1,synthetic_gps
2026-05-21 07:13:19,45.7786916,21.2325859,48.67,iulius_dumbravita,car,1,synthetic_gps
2026-05-21 07:13:20,45.77864,21.2325615,41.56,iulius_dumbravita,car,1,synthetic_gps
2026-05-21 07:13:21,45.778617,21.2327771,49.56,iulius_dumbravita,car,1,synthetic_gps
2026-05-21 07:13:22,45.7787109,21.2326619,48.8,iulius_dumbravita,car,1,synthetic_gps
2026-05-21 07:13:23,45.7786592,21.2327268,40.8,iulius_dumbravita,car,1,synthetic_gps
2026-05-21 07:13:24,45.7787503,21.2327308,32.8,iulius_dumbravita,car,1,synthetic_gps
2026-05-21 07:13:25,45.7786572,21.2327265,30.35,iulius_dumbravita,car,1,synthetic_gps
2026-05-21 07:13:26,45.7787076,21.2326886,23.2,iulius_dumbravita,car,1,synthetic_gps
2026-05-21 07:13:27,45.7787134,21.2327542,31.2,iulius_dumbravita,car,1,synthetic_gps
2026-05-21 07:13:28,45.7788211,21.2327315,25.93,iulius_dumbravita,car,1,synthetic_gps
2026-05-21 07:13:29,45.778705,21.2327543,17.93,iulius_dumbravita,car,1,synthetic_gps
2026-05-21 07:13:30,45.7789433,21.232824,25.93,iulius_dumbravita,car,1,synthetic_gps
2026-05-21 07:13:31,45.778849,21.2326814,18.53,iulius_dumbravita,car,1,synthetic_gps
2026-05-21 07:13:32,45.7788866,21.2327366,26.53,iulius_dumbravita,car,1,synthetic_gps
2026-05-21 07:13:33,45.778839,21.2326546,34.53,iulius_dumbravita,car,1,synthetic_gps
2026-05-21 07:13:34,45.7788485,21.2327574,37.21,iulius_dumbravita,car,1,synthetic_gps
2026-05-21 07:13:35,45.778874,21.232903,45.21,iulius_dumbravita,car,1,synthetic_gps
2026-05-21 07:13:36,45.7788666,21.2328058,38.73,iulius_dumbravita,car,1,synthetic_gps
2026-05-21 07:13:37,45.7789653,21.2327496,33.18,iulius_dumbravita,car,1,synthetic_gps
2026-05-21 07:13:38,45.7789771,21.2329021,32.21,iulius_dumbravita,car,1,synthetic_gps
2026-05-21 07:13:39,45.7788524,21.2328837,40.21,iulius_dumbravita,car,1,synthetic_gps
2026-05-21 07:13:40,45.7790168,21.2328553,33.95,iulius_dumbravita,car,1,synthetic_gps
2026-05-21 07:13:41,45.7790062,21.2327754,25.95,iulius_dumbravita,car,1,synthetic_gps
2026-05-21 07:13:42,45.7790113,21.2329239,33.95,iulius_dumbravita,car,1,synthetic_gps
2026-05-21 07:13:43,45.778985,21.2328621,25.95,iulius_dumbravita,car,1,synthetic_gps
2026-05-21 07:13:44,45.7789168,21.2329072,24.93,iulius_dumbravita,car,1,synthetic_gps
2026-05-21 07:13:45,45.7790519,21.2329573,32.93,iulius_dumbravita,car,1,synthetic_gps
2026-05-21 07:13:46,45.7790892,21.2328927,24.93,iulius_dumbravita,car,1,synthetic_gps
2026-05-21 07:13:47,45.7790946,21.2329454,26.11,iulius_dumbravita,car,1,synthetic_gps
2026-05-21 07:13:48,45.7791223,21.2328419,34.11,iulius_dumbravita,car,1,synthetic_gps
2026-05-21 07:13:49,45.7791315,21.2329457,37.2,iulius_dumbravita,car,1,synthetic_gps
2026-05-21 07:13:50,45.7791596,21.2328909,45.2,iulius_dumbravita,car,1,synthetic_gps
2026-05-21 07:13:51,45.7791269,21.2329235,53.2,iulius_dumbravita,car,1,synthetic_gps
2026-05-21 07:13:52,45.7791017,21.2329494,45.2,iulius_dumbravita,car,1,synthetic_gps
2026-05-21 07:13:53,45.7791058,21.2329998,52.11,iulius_dumbravita,car,1,synthetic_gps
2026-05-21 07:13:54,45.7791241,21.2329686,44.11,iulius_dumbravita,car,1,synthetic_gps
2026-05-21 07:13:55,45.7792317,21.2331101,36.3,iulius_dumbravita,car,1,synthetic_gps
2026-05-21 07:13:56,45.7791321,21.2328816,44.3,iulius_dumbravita,car,1,synthetic_gps
2026-05-21 07:13:57,45.7792892,21.2328628,39.87,iulius_dumbravita,car,1,synthetic_gps
2026-05-21 07:13:58,45.7792184,21.2330455,46.8,iulius_dumbravita,car,1,synthetic_gps
2026-05-21 07:13:59,45.7792107,21.2330075,38.8,iulius_dumbravita,car,1,synthetic_gps
2026-05-21 07:14:00,45.7792757,21.2330387,30.8,iulius_dumbravita,car,1,synthetic_gps
2026-05-21 07:14:01,45.7793255,21.2330687,22.8,iulius_dumbravita,car,1,synthetic_gps
2026-05-21 07:14:02,45.7792998,21.2329949,30.8,iulius_dumbravita,car,1,synthetic_gps
2026-05-21 07:14:03,45.7792515,21.2330006,22.8,iulius_dumbravita,car,1,synthetic_gps
2026-05-21 07:14:04,45.7793839,21.233093,30.8,iulius_dumbravita,car,1,synthetic_gps
2026-05-21 07:14:05,45.7793032,21.2330501,31.56,iulius_dumbravita,car,1,synthetic_gps
2026-05-21 07:14:06,45.77934,21.232989,31.95,iulius_dumbravita,car,1,synthetic_gps
2026-05-21 07:14:07,45.7793501,21.2330537,25.3,iulius_dumbravita,car,1,synthetic_gps
2026-05-21 07:14:08,45.7794131,21.2330872,33.3,iulius_dumbravita,car,1,synthetic_gps
2026-05-21 07:14:09,45.7793617,21.2330426,25.3,iulius_dumbravita,car,1,synthetic_gps
2026-05-21 07:14:10,45.7794199,21.2330816,33.3,iulius_dumbravita,car,1,synthetic_gps
2026-05-21 07:14:11,45.7794113,21.2330967,25.3,iulius_dumbravita,car,1,synthetic_gps
2026-05-21 07:14:12,45.7793309,21.233034,17.3,iulius_dumbravita,car,1,synthetic_gps
2026-05-21 07:14:13,45.779322,21.2331531,25.3,iulius_dumbravita,car,1,synthetic_gps
2026-05-21 07:14:14,45.7793424,21.2332356,33.3,iulius_dumbravita,car,1,synthetic_gps
2026-05-21 07:14:15,45.7794559,21.2331265,25.3,iulius_dumbravita,car,1,synthetic_gps
2026-05-21 07:14:16,45.7795393,21.2331047,25.98,iulius_dumbravita,car,1,synthetic_gps
2026-05-21 07:14:17,45.7793995,21.2331623,33.98,iulius_dumbravita,car,1,synthetic_gps
2026-05-21 07:14:18,45.7795257,21.2332522,41.98,iulius_dumbravita,car,1,synthetic_gps
2026-05-21 07:14:19,45.7794952,21.2332026,35.7,iulius_dumbravita,car,1,synthetic_gps
2026-05-21 07:14:20,45.7795424,21.2332449,43.7,iulius_dumbravita,car,1,synthetic_gps
2026-05-21 07:14:21,45.7796191,21.2331121,35.7,iulius_dumbravita,car,1,synthetic_gps
2026-05-21 07:14:22,45.7795502,21.2332252,31.7,iulius_dumbravita,car,1,synthetic_gps
2026-05-21 07:14:23,45.7796884,21.2331448,23.7,iulius_dumbravita,car,1,synthetic_gps
2026-05-21 07:14:24,45.7796482,21.2331961,31.7,iulius_dumbravita,car,1,synthetic_gps
2026-05-21 07:14:25,45.7795958,21.2331833,39.7,iulius_dumbravita,car,1,synthetic_gps
2026-05-21 07:14:26,45.7796716,21.2332241,31.7,iulius_dumbravita,car,1,synthetic_gps
2026-05-21 07:14:27,45.7796086,21.2332327,39.1,iulius_dumbravita,car,1,synthetic_gps
2026-05-21 07:14:28,45.7797518,21.2331352,37.39,iulius_dumbravita,car,1,synthetic_gps
2026-05-21 07:14:29,45.7798157,21.2333038,29.39,iulius_dumbravita,car,1,synthetic_gps
2026-05-21 07:14:30,45.7796392,21.2333527,25.45,iulius_dumbravita,car,1,synthetic_gps
2026-05-21 07:14:31,45.7797029,21.2331725,33.45,iulius_dumbravita,car,1,synthetic_gps
2026-05-21 07:14:32,45.7796291,21.2332927,25.45,iulius_dumbravita,car,1,synthetic_gps
2026-05-21 07:14:33,45.7798764,21.2333151,31.74,iulius_dumbravita,car,1,synthetic_gps
2026-05-21 07:14:34,45.7798004,21.233328,39.74,iulius_dumbravita,car,1,synthetic_gps
2026-05-21 07:14:35,45.7798099,21.2333453,31.74,iulius_dumbravita,car,1,synthetic_gps
2026-05-21 07:14:36,45.7798043,21.2332594,32.75,iulius_dumbravita,car,1,synthetic_gps
2026-05-21 07:14:37,45.7798705,21.2332799,40.75,iulius_dumbravita,car,1,synthetic_gps
2026-05-21 07:14:38,45.7797913,21.2333067,39.75,iulius_dumbravita,car,1,synthetic_gps
2026-05-21 07:14:39,45.7798658,21.2332985,38.77,iulius_dumbravita,car,1,synthetic_gps
2026-05-21 07:14:40,45.7797546,21.2334096,46.77,iulius_dumbravita,car,1,synthetic_gps
2026-05-21 07:14:41,45.779899,21.2333228,38.77,iulius_dumbravita,car,1,synthetic_gps
2026-05-21 07:14:42,45.7800082,21.2333141,46.77,iulius_dumbravita,car,1,synthetic_gps
2026-05-21 07:14:43,45.7799404,21.2333774,38.77,iulius_dumbravita,car,1,synthetic_gps
2026-05-21 07:14:44,45.7799265,21.233299,30.77,iulius_dumbravita,car,1,synthetic_gps
2026-05-21 07:14:45,45.7799392,21.2333567,38.77,iulius_dumbravita,car,1,synthetic_gps
2026-05-21 07:14:46,45.7800557,21.2333732,30.77,iulius_dumbravita,car,1,synthetic_gps
2026-05-21 07:14:47,45.7800618,21.2334003,24.96,iulius_dumbravita,car,1,synthetic_gps
2026-05-21 07:14:48,45.7799445,21.2334086,28.51,iulius_dumbravita,car,1,synthetic_gps
2026-05-21 07:14:49,45.7799548,21.2333964,36.51,iulius_dumbravita,car,1,synthetic_gps
2026-05-21 07:14:50,45.7800357,21.2334372,34.77,iulius_dumbravita,car,1,synthetic_gps
2026-05-21 07:14:51,45.7800472,21.2334293,42.77,iulius_dumbravita,car,1,synthetic_gps
2026-05-21 07:14:52,45.7801618,21.2334194,34.77,iulius_dumbravita,car,1,synthetic_gps
2026-05-21 07:14:53,45.7801053,21.2334938,36.4,iulius_dumbravita,car,1,synthetic_gps
2026-05-21 07:14:54,45.7800133,21.23333,34.36,iulius_dumbravita,car,1,synthetic_gps
2026-05-21 07:14:55,45.7800608,21.2333925,29.21,iulius_dumbravita,car,1,synthetic_gps
2026-05-21 07:14:56,45.7800984,21.2334048,30.31,iulius_dumbravita,car,1,synthetic_gps
2026-05-21 07:14:57,45.7800871,21.2334414,38.31,iulius_dumbravita,car,1,synthetic_gps
2026-05-21 07:14:58,45.7801333,21.233442,37.96,iulius_dumbravita,car,1,synthetic_gps
2026-05-21 07:14:59,45.7802757,21.2334,33.18,iulius_dumbravita,car,1,synthetic_gps
2026-05-21 07:15:00,45.7801662,21.2334565,27.92,iulius_dumbravita,car,1,synthetic_gps
2026-05-21 07:15:01,45.7802188,21.2335582,19.92,iulius_dumbravita,car,1,synthetic_gps
2026-05-21 07:15:02,45.7801867,21.2335182,27.92,iulius_dumbravita,car,1,synthetic_gps
2026-05-21 07:15:03,45.780195,21.2336075,35.18,iulius_dumbravita,car,1,synthetic_gps
2026-05-21 07:15:04,45.7802352,21.2335579,43.18,iulius_dumbravita,car,1,synthetic_gps
2026-05-21 07:15:05,45.7803618,21.2335744,35.18,iulius_dumbravita,car,1,synthetic_gps
2026-05-21 07:15:06,45.7802001,21.2335855,28.39,iulius_dumbravita,car,1,synthetic_gps
2026-05-21 07:15:07,45.7803049,21.2335771,27.79,iulius_dumbravita,car,1,synthetic_gps
2026-05-21 07:15:08,45.780305,21.2335984,24.32,iulius_dumbravita,car,1,synthetic_gps
2026-05-21 07:15:09,45.7802316,21.2336101,32.32,iulius_dumbravita,car,1,synthetic_gps
2026-05-21 07:15:10,45.7803312,21.2336359,35.95,iulius_dumbravita,car,1,synthetic_gps
2026-05-21 07:15:11,45.7804141,21.2335693,42.96,iulius_dumbravita,car,1,synthetic_gps
2026-05-21 07:15:12,45.7803289,21.23343,49.49,iulius_dumbravita,car,1,synthetic_gps
2026-05-21 07:15:13,45.780251,21.2336375,46.96,iulius_dumbravita,car,1,synthetic_gps
2026-05-21 07:15:14,45.7804078,21.2336888,38.96,iulius_dumbravita,car,1,synthetic_gps
2026-05-21 07:15:15,45.7805026,21.2335876,44.85,iulius_dumbravita,car,1,synthetic_gps
2026-05-21 07:15:16,45.780323,21.23354,36.85,iulius_dumbravita,car,1,synthetic_gps
2026-05-21 07:15:17,45.780455,21.2337024,44.85,iulius_dumbravita,car,1,synthetic_gps
2026-05-21 07:15:18,45.7804496,21.233548,36.85,iulius_dumbravita,car,1,synthetic_gps
2026-05-21 07:15:19,45.7804393,21.2336394,28.85,iulius_dumbravita,car,1,synthetic_gps
2026-05-21 07:15:20,45.7804945,21.2336521,31.25,iulius_dumbravita,car,1,synthetic_gps
2026-05-21 07:15:21,45.7805312,21.2336663,37.22,iulius_dumbravita,car,1,synthetic_gps
2026-05-21 07:15:22,45.7805168,21.2336753,29.22,iulius_dumbravita,car,1,synthetic_gps
2026-05-21 07:15:23,45.7805512,21.2338191,37.22,iulius_dumbravita,car,1,synthetic_gps
2026-05-21 07:15:24,45.7804721,21.2336164,29.22,iulius_dumbravita,car,1,synthetic_gps
2026-05-21 07:15:25,45.7805493,21.2337118,21.64,iulius_dumbravita,car,1,synthetic_gps
2026-05-21 07:15:26,45.7805437,21.2336973,29.64,iulius_dumbravita,car,1,synthetic_gps
2026-05-21 07:15:27,45.7805307,21.2337033,21.64,iulius_dumbravita,car,1,synthetic_gps
2026-05-21 07:15:28,45.7804944,21.2336654,29.64,iulius_dumbravita,car,1,synthetic_gps
2026-05-21 07:15:29,45.7806765,21.2337066,37.64,iulius_dumbravita,car,1,synthetic_gps
2026-05-21 07:15:30,45.7805536,21.2337653,29.64,iulius_dumbravita,car,1,synthetic_gps
2026-05-21 07:15:31,45.7806933,21.233815,37.64,iulius_dumbravita,car,1,synthetic_gps
2026-05-21 07:15:32,45.7805543,21.2337428,41.54,iulius_dumbravita,car,1,synthetic_gps
2026-05-21 07:15:33,45.7806601,21.2337863,39.13,iulius_dumbravita,car,1,synthetic_gps
2026-05-21 07:15:34,45.7805673,21.2339023,44.85,iulius_dumbravita,car,1,synthetic_gps
2026-05-21 07:15:35,45.7807164,21.2338089,41.97,iulius_dumbravita,car,1,synthetic_gps
2026-05-21 07:15:36,45.7807566,21.233758,33.97,iulius_dumbravita,car,1,synthetic_gps
2026-05-21 07:15:37,45.7806981,21.2338557,25.97,iulius_dumbravita,car,1,synthetic_gps
2026-05-21 07:15:38,45.7807832,21.2337856,33.97,iulius_dumbravita,car,1,synthetic_gps
2026-05-21 07:15:39,45.7806992,21.2337232,26.97,iulius_dumbravita,car,1,synthetic_gps
2026-05-21 07:15:40,45.7807887,21.2338415,23.73,iulius_dumbravita,car,1,synthetic_gps
2026-05-21 07:15:41,45.7807202,21.2338426,15.73,iulius_dumbravita,car,1,synthetic_gps
2026-05-21 07:15:42,45.780841,21.2338381,23.73,iulius_dumbravita,car,1,synthetic_gps
2026-05-21 07:15:43,45.7808648,21.2339305,15.73,iulius_dumbravita,car,1,synthetic_gps
2026-05-21 07:15:44,45.7806864,21.2338294,23.73,iulius_dumbravita,car,1,synthetic_gps
2026-05-21 07:15:45,45.7808285,21.2338638,15.73,iulius_dumbravita,car,1,synthetic_gps
2026-05-21 07:15:46,45.7808416,21.2339171,23.73,iulius_dumbravita,car,1,synthetic_gps
2026-05-21 07:15:47,45.7808929,21.2338706,31.73,iulius_dumbravita,car,1,synthetic_gps
2026-05-21 07:15:48,45.780892,21.2339311,23.73,iulius_dumbravita,car,1,synthetic_gps
2026-05-21 07:15:49,45.7809832,21.2339738,24.73,iulius_dumbravita,car,1,synthetic_gps
2026-05-21 07:15:50,45.7810735,21.2338046,32.73,iulius_dumbravita,car,1,synthetic_gps
2026-05-21 07:15:51,45.7809524,21.233841,24.73,iulius_dumbravita,car,1,synthetic_gps
2026-05-21 07:15:52,45.7809433,21.2339335,30.98,iulius_dumbravita,car,1,synthetic_gps
2026-05-21 07:15:53,45.7809324,21.2339578,22.98,iulius_dumbravita,car,1,synthetic_gps
2026-05-21 07:15:54,45.7809983,21.2340762,30.98,iulius_dumbravita,car,1,synthetic_gps
2026-05-21 07:15:55,45.7809971,21.2340315,34.93,iulius_dumbravita,car,1,synthetic_gps
2026-05-21 07:15:56,45.7810864,21.2339082,34.37,iulius_dumbravita,car,1,synthetic_gps
2026-05-21 07:15:57,45.781019,21.2339469,33.88,iulius_dumbravita,car,1,synthetic_gps
2026-05-21 07:15:58,45.7810579,21.2340769,32.47,iulius_dumbravita,car,1,synthetic_gps
2026-05-21 07:15:59,45.7810597,21.2339733,30.92,iulius_dumbravita,car,1,synthetic_gps
2026-05-21 07:16:00,45.7810559,21.233956,38.92,iulius_dumbravita,car,1,synthetic_gps
2026-05-21 07:16:01,45.7810987,21.2339745,38.9,iulius_dumbravita,car,1,synthetic_gps
2026-05-21 07:16:02,45.7811361,21.2340499,30.9,iulius_dumbravita,car,1,synthetic_gps
2026-05-21 07:16:03,45.7812382,21.2340046,35.31,iulius_dumbravita,car,1,synthetic_gps
2026-05-21 07:16:04,45.7811194,21.2340986,27.31,iulius_dumbravita,car,1,synthetic_gps
2026-05-21 07:16:05,45.7812564,21.2340592,19.31,iulius_dumbravita,car,1,synthetic_gps
2026-05-21 07:16:06,45.7811614,21.2339888,11.31,iulius_dumbravita,car,1,synthetic_gps
2026-05-21 07:16:07,45.7811278,21.2340732,19.31,iulius_dumbravita,car,1,synthetic_gps
2026-05-21 07:16:08,45.7812657,21.2339871,27.31,iulius_dumbravita,car,1,synthetic_gps
2026-05-21 07:16:09,45.7812736,21.2341108,34.55,iulius_dumbravita,car,1,synthetic_gps
2026-05-21 07:16:10,45.7813183,21.2340074,26.55,iulius_dumbravita,car,1,synthetic_gps
2026-05-21 07:16:11,45.7813493,21.2339483,28.8,iulius_dumbravita,car,1,synthetic_gps
2026-05-21 07:16:12,45.7813429,21.2340828,36.8,iulius_dumbravita,car,1,synthetic_gps
2026-05-21 07:16:13,45.7813827,21.2341812,44.8,iulius_dumbravita,car,1,synthetic_gps
2026-05-21 07:16:14,45.7812024,21.2340937,46.87,iulius_dumbravita,car,1,synthetic_gps
2026-05-21 07:16:15,45.7813871,21.2340449,54.87,iulius_dumbravita,car,1,synthetic_gps
2026-05-21 07:16:16,45.7813737,21.2340855,46.87,iulius_dumbravita,car,1,synthetic_gps
2026-05-21 07:16:17,45.7813489,21.2341604,50.11,iulius_dumbravita,car,1,synthetic_gps
2026-05-21 07:16:18,45.7813093,21.2341322,42.11,iulius_dumbravita,car,1,synthetic_gps
2026-05-21 07:16:19,45.7813457,21.2341532,34.11,iulius_dumbravita,car,1,synthetic_gps
2026-05-21 07:16:20,45.7813868,21.2342439,29.96,iulius_dumbravita,car,1,synthetic_gps
2026-05-21 07:16:21,45.7812993,21.2343035,37.96,iulius_dumbravita,car,1,synthetic_gps
2026-05-21 07:16:22,45.7814214,21.2341012,29.96,iulius_dumbravita,car,1,synthetic_gps
2026-05-21 07:16:23,45.7814489,21.2342249,37.96,iulius_dumbravita,car,1,synthetic_gps
2026-05-21 07:16:24,45.7815552,21.2341264,29.96,iulius_dumbravita,car,1,synthetic_gps
2026-05-21 07:16:25,45.7814925,21.2342448,37.96,iulius_dumbravita,car,1,synthetic_gps
2026-05-21 07:16:26,45.7815571,21.2342681,45.38,iulius_dumbravita,car,1,synthetic_gps
2026-05-21 07:16:27,45.7814487,21.2342505,37.38,iulius_dumbravita,car,1,synthetic_gps
2026-05-21 07:16:28,45.7815271,21.2342192,29.38,iulius_dumbravita,car,1,synthetic_gps
2026-05-21 07:16:29,45.7815479,21.2342423,37.38,iulius_dumbravita,car,1,synthetic_gps
2026-05-21 07:16:30,45.7816441,21.2342066,40.12,iulius_dumbravita,car,1,synthetic_gps
2026-05-21 07:16:31,45.781526,21.2342631,32.12,iulius_dumbravita,car,1,synthetic_gps
2026-05-21 07:16:32,45.781587,21.2342441,34.31,iulius_dumbravita,car,1,synthetic_gps
2026-05-21 07:16:33,45.7816302,21.2343187,38.76,iulius_dumbravita,car,1,synthetic_gps
2026-05-21 07:16:34,45.7816373,21.2341726,38.57,iulius_dumbravita,car,1,synthetic_gps
2026-05-21 07:16:35,45.781738,21.2343362,32.76,iulius_dumbravita,car,1,synthetic_gps
2026-05-21 07:16:36,45.7817228,21.2342038,24.76,iulius_dumbravita,car,1,synthetic_gps
2026-05-21 07:16:37,45.7816248,21.2343145,16.76,iulius_dumbravita,car,1,synthetic_gps
2026-05-21 07:16:38,45.7816904,21.2341761,24.76,iulius_dumbravita,car,1,synthetic_gps
2026-05-21 07:16:39,45.7816686,21.2342869,32.76,iulius_dumbravita,car,1,synthetic_gps
2026-05-21 07:16:40,45.7817536,21.2342549,24.76,iulius_dumbravita,car,1,synthetic_gps
2026-05-21 07:16:41,45.7818466,21.2343535,24.96,iulius_dumbravita,car,1,synthetic_gps
2026-05-21 07:16:42,45.7816806,21.2342617,32.96,iulius_dumbravita,car,1,synthetic_gps
2026-05-21 07:16:43,45.7817348,21.2344723,35.19,iulius_dumbravita,car,1,synthetic_gps
2026-05-21 07:16:44,45.7818939,21.2343145,27.19,iulius_dumbravita,car,1,synthetic_gps
2026-05-21 07:16:45,45.7817848,21.2343879,34.54,iulius_dumbravita,car,1,synthetic_gps
2026-05-21 07:16:46,45.7817208,21.2343694,34.6,iulius_dumbravita,car,1,synthetic_gps
2026-05-21 07:16:47,45.7817817,21.2344014,35.72,iulius_dumbravita,car,1,synthetic_gps
2026-05-21 07:16:48,45.7817588,21.2344667,39.68,iulius_dumbravita,car,1,synthetic_gps
2026-05-21 07:16:49,45.78177,21.234448,31.68,iulius_dumbravita,car,1,synthetic_gps
2026-05-21 07:16:50,45.7817932,21.2344168,34.95,iulius_dumbravita,car,1,synthetic_gps
2026-05-21 07:16:51,45.7818051,21.2343599,42.95,iulius_dumbravita,car,1,synthetic_gps
2026-05-21 07:16:52,45.7818433,21.2343929,44.17,iulius_dumbravita,car,1,synthetic_gps
2026-05-21 07:16:53,45.7819353,21.2344673,36.17,iulius_dumbravita,car,1,synthetic_gps
2026-05-21 07:16:54,45.7818714,21.2345017,30.74,iulius_dumbravita,car,1,synthetic_gps
2026-05-21 07:16:55,45.7818596,21.2344168,22.74,iulius_dumbravita,car,1,synthetic_gps
2026-05-21 07:16:56,45.7819435,21.2343482,27.48,iulius_dumbravita,car,1,synthetic_gps
2026-05-21 07:16:57,45.7820137,21.2346275,29.7,iulius_dumbravita,car,1,synthetic_gps
2026-05-21 07:16:58,45.7820222,21.2344695,21.7,iulius_dumbravita,car,1,synthetic_gps
2026-05-21 07:16:59,45.7819537,21.234528,13.7,iulius_dumbravita,car,1,synthetic_gps
2026-05-21 07:17:00,45.7819537,21.2344677,21.7,iulius_dumbravita,car,1,synthetic_gps
2026-05-21 07:17:01,45.7820217,21.2344854,29.7,iulius_dumbravita,car,1,synthetic_gps
2026-05-21 07:17:02,45.782015,21.2344792,37.7,iulius_dumbravita,car,1,synthetic_gps
2026-05-21 07:17:03,45.7820991,21.2344749,29.7,iulius_dumbravita,car,1,synthetic_gps
2026-05-21 07:17:04,45.7820834,21.2345295,37.7,iulius_dumbravita,car,1,synthetic_gps
2026-05-21 07:17:05,45.782087,21.2345963,45.7,iulius_dumbravita,car,1,synthetic_gps
2026-05-21 07:17:06,45.7820917,21.234531,37.87,iulius_dumbravita,car,1,synthetic_gps
2026-05-21 07:17:07,45.782193,21.2346187,29.87,iulius_dumbravita,car,1,synthetic_gps
2026-05-21 07:17:08,45.7821751,21.2345421,37.87,iulius_dumbravita,car,1,synthetic_gps
2026-05-21 07:17:09,45.7821797,21.2344897,29.87,iulius_dumbravita,car,1,synthetic_gps
2026-05-21 07:17:10,45.7823533,21.2345009,28.22,iulius_dumbravita,car,1,synthetic_gps
2026-05-21 07:17:11,45.7822802,21.2346326,20.22,iulius_dumbravita,car,1,synthetic_gps
2026-05-21 07:17:12,45.7822909,21.2346138,28.22,iulius_dumbravita,car,1,synthetic_gps
2026-05-21 07:17:13,45.782295,21.2346684,36.22,iulius_dumbravita,car,1,synthetic_gps
2026-05-21 07:17:14,45.7822439,21.2344821,33.81,iulius_dumbravita,car,1,synthetic_gps
2026-05-21 07:17:15,45.7823215,21.2346564,29.05,iulius_dumbravita,car,1,synthetic_gps
2026-05-21 07:17:16,45.7822428,21.2346532,37.05,iulius_dumbravita,car,1,synthetic_gps
2026-05-21 07:17:17,45.7823079,21.2345162,31.53,iulius_dumbravita,car,1,synthetic_gps
2026-05-21 07:17:18,45.782267,21.2346339,39.53,iulius_dumbravita,car,1,synthetic_gps
2026-05-21 07:17:19,45.7823814,21.2346641,37.68,iulius_dumbravita,car,1,synthetic_gps
2026-05-21 07:17:20,45.7823665,21.2347297,29.68,iulius_dumbravita,car,1,synthetic_gps
2026-05-21 07:17:21,45.7824016,21.2346101,35.37,iulius_dumbravita,car,1,synthetic_gps
2026-05-21 07:17:22,45.7824056,21.234701,28.27,iulius_dumbravita,car,1,synthetic_gps
2026-05-21 07:17:23,45.7824152,21.2346328,36.27,iulius_dumbravita,car,1,synthetic_gps
2026-05-21 07:17:24,45.7825576,21.2346614,44.27,iulius_dumbravita,car,1,synthetic_gps
2026-05-21 07:17:25,45.7822902,21.2346656,42.14,iulius_dumbravita,car,1,synthetic_gps
2026-05-21 07:17:26,45.7825258,21.2347214,34.14,iulius_dumbravita,car,1,synthetic_gps
2026-05-21 07:17:27,45.7824511,21.2347791,40.53,iulius_dumbravita,car,1,synthetic_gps
2026-05-21 07:17:28,45.7824184,21.2346762,32.53,iulius_dumbravita,car,1,synthetic_gps
2026-05-21 07:17:29,45.7823867,21.2345766,36.53,iulius_dumbravita,car,1,synthetic_gps
2026-05-21 07:17:30,45.7825395,21.2346865,43.02,iulius_dumbravita,car,1,synthetic_gps
2026-05-21 07:17:31,45.782429,21.2346858,46.55,iulius_dumbravita,car,1,synthetic_gps
2026-05-21 07:17:32,45.7825133,21.234776,52.0,iulius_dumbravita,car,1,synthetic_gps
2026-05-21 07:17:33,45.7826406,21.2346514,44.0,iulius_dumbravita,car,1,synthetic_gps
2026-05-21 07:17:34,45.7825596,21.2347142,46.2,iulius_dumbravita,car,1,synthetic_gps
2026-05-21 07:17:35,45.7825887,21.234622,39.29,iulius_dumbravita,car,1,synthetic_gps
2026-05-21 07:17:36,45.7826366,21.2347453,33.04,iulius_dumbravita,car,1,synthetic_gps
2026-05-21 07:17:37,45.7825881,21.2347412,41.04,iulius_dumbravita,car,1,synthetic_gps
2026-05-21 07:17:38,45.7825371,21.2347863,35.64,iulius_dumbravita,car,1,synthetic_gps
2026-05-21 07:17:39,45.7825499,21.2347466,43.64,iulius_dumbravita,car,1,synthetic_gps
2026-05-21 07:17:40,45.7826155,21.2348635,40.14,iulius_dumbravita,car,1,synthetic_gps
2026-05-21 07:17:41,45.7828963,21.2349261,32.14,iulius_dumbravita,car,1,synthetic_gps
2026-05-21 07:17:42,45.7827252,21.2347889,40.14,iulius_dumbravita,car,1,synthetic_gps
2026-05-21 07:17:43,45.782749,21.2348549,32.14,iulius_dumbravita,car,1,synthetic_gps
2026-05-21 07:17:44,45.7827496,21.2348625,34.08,iulius_dumbravita,car,1,synthetic_gps
2026-05-21 07:17:45,45.7827748,21.2348152,41.71,iulius_dumbravita,car,1,synthetic_gps
2026-05-21 07:17:46,45.7828825,21.2347864,33.71,iulius_dumbravita,car,1,synthetic_gps
2026-05-21 07:17:47,45.7828341,21.2348345,39.87,iulius_dumbravita,car,1,synthetic_gps
2026-05-21 07:17:48,45.7827028,21.2347879,34.61,iulius_dumbravita,car,1,synthetic_gps
2026-05-21 07:17:49,45.782759,21.2348708,26.61,iulius_dumbravita,car,1,synthetic_gps
2026-05-21 07:17:50,45.7828232,21.2349384,34.61,iulius_dumbravita,car,1,synthetic_gps
2026-05-21 07:17:51,45.7829669,21.23482,40.96,iulius_dumbravita,car,1,synthetic_gps
2026-05-21 07:17:52,45.7828983,21.2347953,32.96,iulius_dumbravita,car,1,synthetic_gps
2026-05-21 07:17:53,45.7828778,21.234892,35.76,iulius_dumbravita,car,1,synthetic_gps
2026-05-21 07:17:54,45.7829406,21.2348974,27.76,iulius_dumbravita,car,1,synthetic_gps
2026-05-21 07:17:55,45.7830542,21.2349063,19.76,iulius_dumbravita,car,1,synthetic_gps
2026-05-21 07:17:56,45.7828927,21.2349739,27.76,iulius_dumbravita,car,1,synthetic_gps
2026-05-21 07:17:57,45.7829361,21.2348909,35.76,iulius_dumbravita,car,1,synthetic_gps
2026-05-21 07:17:58,45.7829168,21.234874,43.76,iulius_dumbravita,car,1,synthetic_gps
2026-05-21 07:17:59,45.7830054,21.2349333,51.76,iulius_dumbravita,car,1,synthetic_gps
2026-05-21 07:18:00,45.7830101,21.2349844,43.76,iulius_dumbravita,car,1,synthetic_gps
2026-05-21 07:18:01,45.7829983,21.2349592,35.76,iulius_dumbravita,car,1,synthetic_gps
2026-05-21 07:18:02,45.7829733,21.2348628,28.91,iulius_dumbravita,car,1,synthetic_gps
2026-05-21 07:18:03,45.7830996,21.2349781,20.91,iulius_dumbravita,car,1,synthetic_gps
2026-05-21 07:18:04,45.7830743,21.2349718,14.79,iulius_dumbravita,car,1,synthetic_gps
2026-05-21 07:18:05,45.7830721,21.2349399,22.79,iulius_dumbravita,car,1,synthetic_gps
2026-05-21 07:18:06,45.7831068,21.2349044,30.79,iulius_dumbravita,car,1,synthetic_gps
2026-05-21 07:18:07,45.7831622,21.2349266,38.79,iulius_dumbravita,car,1,synthetic_gps
2026-05-21 07:18:08,45.7832897,21.2349806,30.79,iulius_dumbravita,car,1,synthetic_gps
2026-05-21 07:18:09,45.7830945,21.2350522,32.26,iulius_dumbravita,car,1,synthetic_gps
2026-05-21 07:18:10,45.7831877,21.2349088,33.05,iulius_dumbravita,car,1,synthetic_gps
2026-05-21 07:18:11,45.7830298,21.2350048,37.29,iulius_dumbravita,car,1,synthetic_gps
2026-05-21 07:18:12,45.7833875,21.2349886,29.3,iulius_dumbravita,car,1,synthetic_gps
2026-05-21 07:18:13,45.7831929,21.235003,37.3,iulius_dumbravita,car,1,synthetic_gps
2026-05-21 07:18:14,45.783297,21.234901,29.3,iulius_dumbravita,car,1,synthetic_gps
2026-05-21 07:18:15,45.7831809,21.2349278,37.3,iulius_dumbravita,car,1,synthetic_gps
2026-05-21 07:18:16,45.7833247,21.2350485,45.3,iulius_dumbravita,car,1,synthetic_gps
2026-05-21 07:18:17,45.7832853,21.2350176,37.3,iulius_dumbravita,car,1,synthetic_gps
2026-05-21 07:18:18,45.7833088,21.2350551,29.3,iulius_dumbravita,car,1,synthetic_gps
2026-05-21 07:18:19,45.783328,21.2350017,37.3,iulius_dumbravita,car,1,synthetic_gps
2026-05-21 07:18:20,45.7833021,21.2350794,29.3,iulius_dumbravita,car,1,synthetic_gps
2026-05-21 07:18:21,45.7833293,21.2349642,28.9,iulius_dumbravita,car,1,synthetic_gps
2026-05-21 07:18:22,45.7833967,21.2350845,20.9,iulius_dumbravita,car,1,synthetic_gps
2026-05-21 07:18:23,45.783426,21.2350925,27.97,iulius_dumbravita,car,1,synthetic_gps
2026-05-21 07:18:24,45.7834622,21.2351108,19.97,iulius_dumbravita,car,1,synthetic_gps
2026-05-21 07:18:25,45.7834155,21.2349311,26.4,iulius_dumbravita,car,1,synthetic_gps
2026-05-21 07:18:26,45.7835374,21.2351244,34.4,iulius_dumbravita,car,1,synthetic_gps
2026-05-21 07:18:27,45.7834807,21.2350004,28.34,iulius_dumbravita,car,1,synthetic_gps
2026-05-21 07:18:28,45.783431,21.235193,33.6,iulius_dumbravita,car,1,synthetic_gps
2026-05-21 07:18:29,45.7834522,21.2350633,25.6,iulius_dumbravita,car,1,synthetic_gps
2026-05-21 07:18:30,45.7835496,21.2350763,33.6,iulius_dumbravita,car,1,synthetic_gps
2026-05-21 07:18:31,45.7834949,21.2351801,25.6,iulius_dumbravita,car,1,synthetic_gps
2026-05-21 07:18:32,45.7834203,21.2351602,33.6,iulius_dumbravita,car,1,synthetic_gps
2026-05-21 07:18:33,45.783549,21.2350932,25.6,iulius_dumbravita,car,1,synthetic_gps
2026-05-21 07:18:34,45.7834651,21.2351913,33.6,iulius_dumbravita,car,1,synthetic_gps
2026-05-21 07:18:35,45.7835221,21.2352407,41.6,iulius_dumbravita,car,1,synthetic_gps
2026-05-21 07:18:36,45.7835061,21.2351895,44.29,iulius_dumbravita,car,1,synthetic_gps
2026-05-21 07:18:37,45.7836831,21.235127,52.29,iulius_dumbravita,car,1,synthetic_gps
2026-05-21 07:18:38,45.7835124,21.2352053,44.29,iulius_dumbravita,car,1,synthetic_gps
2026-05-21 07:18:39,45.7837034,21.2352453,36.29,iulius_dumbravita,car,1,synthetic_gps
2026-05-21 07:18:40,45.7836342,21.2350902,28.29,iulius_dumbravita,car,1,synthetic_gps
2026-05-21 07:18:41,45.7837335,21.2351387,36.29,iulius_dumbravita,car,1,synthetic_gps
2026-05-21 07:18:42,45.7837249,21.235169,37.08,iulius_dumbravita,car,1,synthetic_gps
2026-05-21 07:18:43,45.7836947,21.2351791,44.12,iulius_dumbravita,car,1,synthetic_gps
2026-05-21 07:18:44,45.7837366,21.2352137,52.12,iulius_dumbravita,car,1,synthetic_gps
2026-05-21 07:18:45,45.7838466,21.2352791,49.05,iulius_dumbravita,car,1,synthetic_gps
2026-05-21 07:18:46,45.7838651,21.2352654,41.05,iulius_dumbravita,car,1,synthetic_gps
2026-05-21 07:18:47,45.783687,21.235313,33.05,iulius_dumbravita,car,1,synthetic_gps
2026-05-21 07:18:48,45.783789,21.2351977,41.05,iulius_dumbravita,car,1,synthetic_gps
2026-05-21 07:18:49,45.7838219,21.2352511,33.05,iulius_dumbravita,car,1,synthetic_gps
2026-05-21 07:18:50,45.7837291,21.2353397,30.91,iulius_dumbravita,car,1,synthetic_gps
2026-05-21 07:18:51,45.7838858,21.2353125,30.96,iulius_dumbravita,car,1,synthetic_gps
2026-05-21 07:18:52,45.7839344,21.235178,38.96,iulius_dumbravita,car,1,synthetic_gps
2026-05-21 07:18:53,45.7837775,21.2352683,46.96,iulius_dumbravita,car,1,synthetic_gps
2026-05-21 07:18:54,45.7838347,21.2351892,38.96,iulius_dumbravita,car,1,synthetic_gps
2026-05-21 07:18:55,45.783955,21.2353832,30.96,iulius_dumbravita,car,1,synthetic_gps
2026-05-21 07:18:56,45.7839466,21.2354335,28.92,iulius_dumbravita,car,1,synthetic_gps
2026-05-21 07:18:57,45.783971,21.2353174,36.92,iulius_dumbravita,car,1,synthetic_gps
2026-05-21 07:18:58,45.7839001,21.2352813,34.96,iulius_dumbravita,car,1,synthetic_gps
2026-05-21 07:18:59,45.7840184,21.2353457,42.96,iulius_dumbravita,car,1,synthetic_gps
2026-05-21 07:19:00,45.7840086,21.2352211,34.96,iulius_dumbravita,car,1,synthetic_gps
2026-05-21 07:19:01,45.7839911,21.2353847,31.21,iulius_dumbravita,car,1,synthetic_gps
2026-05-21 07:19:02,45.7840749,21.2353344,31.29,iulius_dumbravita,car,1,synthetic_gps
2026-05-21 07:19:03,45.7840687,21.2354026,39.29,iulius_dumbravita,car,1,synthetic_gps
2026-05-21 07:19:04,45.7840276,21.2354434,34.33,iulius_dumbravita,car,1,synthetic_gps
2026-05-21 07:19:05,45.7840723,21.235323,42.33,iulius_dumbravita,car,1,synthetic_gps
2026-05-21 07:19:06,45.7841655,21.2353931,37.16,iulius_dumbravita,car,1,synthetic_gps
2026-05-21 07:19:07,45.7840881,21.2354229,41.94,iulius_dumbravita,car,1,synthetic_gps
2026-05-21 07:19:08,45.7841129,21.2354128,49.94,iulius_dumbravita,car,1,synthetic_gps
2026-05-21 07:19:09,45.78406,21.2353452,41.94,iulius_dumbravita,car,1,synthetic_gps
2026-05-21 07:19:10,45.7841947,21.2354054,33.94,iulius_dumbravita,car,1,synthetic_gps
2026-05-21 07:19:11,45.7841979,21.2353756,41.25,iulius_dumbravita,car,1,synthetic_gps
2026-05-21 07:19:12,45.7842713,21.235359,44.2,iulius_dumbravita,car,1,synthetic_gps
2026-05-21 07:19:13,45.7841816,21.2353825,36.2,iulius_dumbravita,car,1,synthetic_gps
2026-05-21 07:19:14,45.784222,21.2354591,37.58,iulius_dumbravita,car,1,synthetic_gps
2026-05-21 07:19:15,45.7841755,21.2354362,39.47,iulius_dumbravita,car,1,synthetic_gps
2026-05-21 07:19:16,45.784285,21.2354486,45.49,iulius_dumbravita,car,1,synthetic_gps
2026-05-21 07:19:17,45.7843623,21.2354624,37.49,iulius_dumbravita,car,1,synthetic_gps
2026-05-21 07:19:18,45.7843559,21.2354159,45.49,iulius_dumbravita,car,1,synthetic_gps
2026-05-21 07:19:19,45.7842708,21.235512,37.49,iulius_dumbravita,car,1,synthetic_gps
2026-05-21 07:19:20,45.7842872,21.2355475,29.49,iulius_dumbravita,car,1,synthetic_gps
2026-05-21 07:19:21,45.7843855,21.2354809,35.1,iulius_dumbravita,car,1,synthetic_gps
2026-05-21 07:19:22,45.7844643,21.2355298,32.82,iulius_dumbravita,car,1,synthetic_gps
2026-05-21 07:19:23,45.7843406,21.2354414,35.36,iulius_dumbravita,car,1,synthetic_gps
2026-05-21 07:19:24,45.7842716,21.2353418,43.06,iulius_dumbravita,car,1,synthetic_gps
2026-05-21 07:19:25,45.7843527,21.2355353,44.53,iulius_dumbravita,car,1,synthetic_gps
2026-05-21 07:19:26,45.7844092,21.2354336,36.53,iulius_dumbravita,car,1,synthetic_gps
2026-05-21 07:19:27,45.784399,21.2354787,44.53,iulius_dumbravita,car,1,synthetic_gps
2026-05-21 07:19:28,45.7844395,21.2354673,36.53,iulius_dumbravita,car,1,synthetic_gps
2026-05-21 07:19:29,45.7845333,21.2355144,44.24,iulius_dumbravita,car,1,synthetic_gps
2026-05-21 07:19:30,45.7844668,21.2355646,36.24,iulius_dumbravita,car,1,synthetic_gps
2026-05-21 07:19:31,45.7844429,21.2354853,44.24,iulius_dumbravita,car,1,synthetic_gps
2026-05-21 07:19:32,45.7845212,21.2355481,44.35,iulius_dumbravita,car,1,synthetic_gps
2026-05-21 07:19:33,45.7844743,21.2356445,36.35,iulius_dumbravita,car,1,synthetic_gps
2026-05-21 07:19:34,45.7846391,21.2355275,28.35,iulius_dumbravita,car,1,synthetic_gps
2026-05-21 07:19:35,45.7846853,21.2354737,36.35,iulius_dumbravita,car,1,synthetic_gps
2026-05-21 07:19:36,45.784578,21.2354315,31.46,iulius_dumbravita,car,1,synthetic_gps
2026-05-21 07:19:37,45.7846504,21.2356147,33.16,iulius_dumbravita,car,1,synthetic_gps
2026-05-21 07:19:38,45.784588,21.2355018,41.16,iulius_dumbravita,car,1,synthetic_gps
2026-05-21 07:19:39,45.7846086,21.2356711,33.16,iulius_dumbravita,car,1,synthetic_gps
2026-05-21 07:19:40,45.7845744,21.2355761,35.97,iulius_dumbravita,car,1,synthetic_gps
2026-05-21 07:19:41,45.7847164,21.2355661,43.97,iulius_dumbravita,car,1,synthetic_gps
2026-05-21 07:19:42,45.7846399,21.2356922,35.97,iulius_dumbravita,car,1,synthetic_gps
2026-05-21 07:19:43,45.7846842,21.2356314,43.97,iulius_dumbravita,car,1,synthetic_gps
2026-05-21 07:19:44,45.7847298,21.235618,35.97,iulius_dumbravita,car,1,synthetic_gps
2026-05-21 07:19:45,45.7846994,21.2356055,33.63,iulius_dumbravita,car,1,synthetic_gps
2026-05-21 07:19:46,45.7848243,21.2355285,25.63,iulius_dumbravita,car,1,synthetic_gps
2026-05-21 07:19:47,45.7847812,21.2355489,33.63,iulius_dumbravita,car,1,synthetic_gps
2026-05-21 07:19:48,45.7848464,21.2356775,25.63,iulius_dumbravita,car,1,synthetic_gps
2026-05-21 07:19:49,45.7848158,21.2356382,31.88,iulius_dumbravita,car,1,synthetic_gps
2026-05-21 07:19:50,45.7848508,21.2356585,23.88,iulius_dumbravita,car,1,synthetic_gps
2026-05-21 07:19:51,45.7847903,21.2357005,31.88,iulius_dumbravita,car,1,synthetic_gps
2026-05-21 07:19:52,45.7849417,21.2357306,39.88,iulius_dumbravita,car,1,synthetic_gps
2026-05-21 07:19:53,45.7849149,21.2356747,45.45,iulius_dumbravita,car,1,synthetic_gps
2026-05-21 07:19:54,45.7849608,21.2355874,37.45,iulius_dumbravita,car,1,synthetic_gps
2026-05-21 07:19:55,45.7849445,21.235806,45.45,iulius_dumbravita,car,1,synthetic_gps
2026-05-21 07:19:56,45.7850649,21.2357012,37.45,iulius_dumbravita,car,1,synthetic_gps
2026-05-21 07:19:57,45.7849585,21.2357653,41.32,iulius_dumbravita,car,1,synthetic_gps
2026-05-21 07:19:58,45.784888,21.2356788,42.45,iulius_dumbravita,car,1,synthetic_gps
2026-05-21 07:19:59,45.7850426,21.235697,34.45,iulius_dumbravita,car,1,synthetic_gps
2026-05-21 07:20:00,45.784948,21.235701,26.45,iulius_dumbravita,car,1,synthetic_gps
2026-05-21 07:20:01,45.7848761,21.2357919,18.45,iulius_dumbravita,car,1,synthetic_gps
2026-05-21 07:20:02,45.7850633,21.2357359,26.45,iulius_dumbravita,car,1,synthetic_gps
2026-05-21 07:20:03,45.7850123,21.2357254,34.45,iulius_dumbravita,car,1,synthetic_gps
2026-05-21 07:20:04,45.7850623,21.2355739,37.29,iulius_dumbravita,car,1,synthetic_gps
2026-05-21 07:20:05,45.7850408,21.2356801,38.47,iulius_dumbravita,car,1,synthetic_gps
2026-05-21 07:20:06,45.7851619,21.23592,35.43,iulius_dumbravita,car,1,synthetic_gps
2026-05-21 07:20:07,45.7851302,21.2357555,43.43,iulius_dumbravita,car,1,synthetic_gps
2026-05-21 07:20:08,45.7852228,21.2358694,35.43,iulius_dumbravita,car,1,synthetic_gps
2026-05-21 07:20:09,45.7851519,21.2356589,34.82,iulius_dumbravita,car,1,synthetic_gps
2026-05-21 07:20:10,45.7850753,21.235764,42.82,iulius_dumbravita,car,1,synthetic_gps
2026-05-21 07:20:11,45.7851689,21.2358064,42.5,iulius_dumbravita,car,1,synthetic_gps
2026-05-21 07:20:12,45.7852477,21.2357985,36.87,iulius_dumbravita,car,1,synthetic_gps
2026-05-21 07:20:13,45.7852503,21.2359092,44.87,iulius_dumbravita,car,1,synthetic_gps
2026-05-21 07:20:14,45.7852489,21.2359573,36.87,iulius_dumbravita,car,1,synthetic_gps
2026-05-21 07:20:15,45.7852556,21.2358435,36.0,iulius_dumbravita,car,1,synthetic_gps
2026-05-21 07:20:16,45.7853143,21.2359017,37.73,iulius_dumbravita,car,1,synthetic_gps
2026-05-21 07:20:17,45.7853226,21.2357896,45.73,iulius_dumbravita,car,1,synthetic_gps
2026-05-21 07:20:18,45.785295,21.235876,37.73,iulius_dumbravita,car,1,synthetic_gps
2026-05-21 07:20:19,45.7852901,21.2359192,37.25,iulius_dumbravita,car,1,synthetic_gps
2026-05-21 07:20:20,45.7854299,21.2358433,45.25,iulius_dumbravita,car,1,synthetic_gps
2026-05-21 07:20:21,45.7853777,21.2358879,37.25,iulius_dumbravita,car,1,synthetic_gps
2026-05-21 07:20:22,45.7853853,21.2358147,37.93,iulius_dumbravita,car,1,synthetic_gps
2026-05-21 07:20:23,45.7854104,21.235805,41.69,iulius_dumbravita,car,1,synthetic_gps
2026-05-21 07:20:24,45.7853075,21.2360291,37.34,iulius_dumbravita,car,1,synthetic_gps
2026-05-21 07:20:25,45.7853845,21.2359715,29.34,iulius_dumbravita,car,1,synthetic_gps
2026-05-21 07:20:26,45.7853771,21.2359077,37.34,iulius_dumbravita,car,1,synthetic_gps
2026-05-21 07:20:27,45.7854135,21.2359359,33.82,iulius_dumbravita,car,1,synthetic_gps
2026-05-21 07:20:28,45.7854024,21.2360178,41.82,iulius_dumbravita,car,1,synthetic_gps
2026-05-21 07:20:29,45.7854511,21.2359651,38.91,iulius_dumbravita,car,1,synthetic_gps
2026-05-21 07:20:30,45.7855232,21.2359921,31.11,iulius_dumbravita,car,1,synthetic_gps
2026-05-21 07:20:31,45.7855633,21.2360469,31.44,iulius_dumbravita,car,1,synthetic_gps
2026-05-21 07:20:32,45.7855373,21.2358777,30.26,iulius_dumbravita,car,1,synthetic_gps
2026-05-21 07:20:33,45.7855519,21.2360003,34.12,iulius_dumbravita,car,1,synthetic_gps
2026-05-21 07:20:34,45.7855425,21.2359828,42.12,iulius_dumbravita,car,1,synthetic_gps
2026-05-21 07:20:35,45.7855851,21.2360722,34.12,iulius_dumbravita,car,1,synthetic_gps
2026-05-21 07:20:36,45.7856654,21.2360045,26.12,iulius_dumbravita,car,1,synthetic_gps
2026-05-21 07:20:37,45.7856641,21.2360873,28.26,iulius_dumbravita,car,1,synthetic_gps
2026-05-21 07:20:38,45.7855692,21.2360269,24.72,iulius_dumbravita,car,1,synthetic_gps
2026-05-21 07:20:39,45.7856492,21.236014,32.72,iulius_dumbravita,car,1,synthetic_gps
2026-05-21 07:20:40,45.7856801,21.236057,40.72,iulius_dumbravita,car,1,synthetic_gps
2026-05-21 07:20:41,45.7856236,21.2360771,44.69,iulius_dumbravita,car,1,synthetic_gps
2026-05-21 07:20:42,45.785677,21.2360404,36.69,iulius_dumbravita,car,1,synthetic_gps
2026-05-21 07:20:43,45.7857238,21.2359666,29.76,iulius_dumbravita,car,1,synthetic_gps
2026-05-21 07:20:44,45.7858047,21.236109,31.67,iulius_dumbravita,car,1,synthetic_gps
2026-05-21 07:20:45,45.7857628,21.2359672,39.67,iulius_dumbravita,car,1,synthetic_gps
2026-05-21 07:20:46,45.7858135,21.2360574,31.67,iulius_dumbravita,car,1,synthetic_gps
2026-05-21 07:20:47,45.78586,21.2360924,39.67,iulius_dumbravita,car,1,synthetic_gps
2026-05-21 07:20:48,45.7857207,21.2359561,33.4,iulius_dumbravita,car,1,synthetic_gps
2026-05-21 07:20:49,45.785822,21.2361675,41.4,iulius_dumbravita,car,1,synthetic_gps
2026-05-21 07:20:50,45.7858605,21.2360888,46.53,iulius_dumbravita,car,1,synthetic_gps
2026-05-21 07:20:51,45.7857366,21.2361174,48.85,iulius_dumbravita,car,1,synthetic_gps
2026-05-21 07:20:52,45.7858765,21.2361313,40.85,iulius_dumbravita,car,1,synthetic_gps
2026-05-21 07:20:53,45.7859022,21.2361448,48.85,iulius_dumbravita,car,1,synthetic_gps
2026-05-21 07:20:54,45.7858269,21.2361939,40.85,iulius_dumbravita,car,1,synthetic_gps
2026-05-21 07:20:55,45.785951,21.2360965,34.61,iulius_dumbravita,car,1,synthetic_gps
2026-05-21 07:20:56,45.7859498,21.2361378,42.61,iulius_dumbravita,car,1,synthetic_gps
2026-05-21 07:20:57,45.7859154,21.2362437,39.65,iulius_dumbravita,car,1,synthetic_gps
2026-05-21 07:20:58,45.7858728,21.2361385,35.92,iulius_dumbravita,car,1,synthetic_gps
2026-05-21 07:20:59,45.7860812,21.2360541,27.92,iulius_dumbravita,car,1,synthetic_gps
2026-05-21 07:21:00,45.786075,21.2360488,28.15,iulius_dumbravita,car,1,synthetic_gps
2026-05-21 07:21:01,45.7860673,21.2361658,36.15,iulius_dumbravita,car,1,synthetic_gps
2026-05-21 07:21:02,45.7859936,21.2361655,28.15,iulius_dumbravita,car,1,synthetic_gps
2026-05-21 07:21:03,45.7860689,21.2362034,27.82,iulius_dumbravita,car,1,synthetic_gps
2026-05-21 07:21:04,45.7860997,21.236247,35.82,iulius_dumbravita,car,1,synthetic_gps
2026-05-21 07:21:05,45.7860176,21.2363025,42.07,iulius_dumbravita,car,1,synthetic_gps
2026-05-21 07:21:06,45.7861186,21.2360751,34.07,iulius_dumbravita,car,1,synthetic_gps
2026-05-21 07:21:07,45.7861982,21.2362309,42.07,iulius_dumbravita,car,1,synthetic_gps
2026-05-21 07:21:08,45.7861194,21.2362854,41.61,iulius_dumbravita,car,1,synthetic_gps
2026-05-21 07:21:09,45.7861225,21.2362599,46.32,iulius_dumbravita,car,1,synthetic_gps
2026-05-21 07:21:10,45.7862347,21.2362966,38.32,iulius_dumbravita,car,1,synthetic_gps
2026-05-21 07:21:11,45.786206,21.2362499,37.28,iulius_dumbravita,car,1,synthetic_gps
2026-05-21 07:21:12,45.7861265,21.2362423,45.26,iulius_dumbravita,car,1,synthetic_gps
2026-05-21 07:21:13,45.786327,21.2362231,37.26,iulius_dumbravita,car,1,synthetic_gps
2026-05-21 07:21:14,45.7862523,21.2363708,29.26,iulius_dumbravita,car,1,synthetic_gps
2026-05-21 07:21:15,45.7862934,21.2362224,33.26,iulius_dumbravita,car,1,synthetic_gps
2026-05-21 07:21:16,45.78624,21.2362182,28.82,iulius_dumbravita,car,1,synthetic_gps
2026-05-21 07:21:17,45.7863008,21.2361713,26.04,iulius_dumbravita,car,1,synthetic_gps
2026-05-21 07:21:18,45.7862544,21.2362655,30.63,iulius_dumbravita,car,1,synthetic_gps
2026-05-21 07:21:19,45.7862778,21.2363138,22.63,iulius_dumbravita,car,1,synthetic_gps
2026-05-21 07:21:20,45.7863525,21.2362022,30.63,iulius_dumbravita,car,1,synthetic_gps
2026-05-21 07:21:21,45.7864276,21.2363447,25.68,iulius_dumbravita,car,1,synthetic_gps
2026-05-21 07:21:22,45.7863786,21.2363015,33.68,iulius_dumbravita,car,1,synthetic_gps
2026-05-21 07:21:23,45.7863321,21.2363328,37.13,iulius_dumbravita,car,1,synthetic_gps
2026-05-21 07:21:24,45.7864391,21.2363269,35.78,iulius_dumbravita,car,1,synthetic_gps
2026-05-21 07:21:25,45.7863657,21.2363447,36.26,iulius_dumbravita,car,1,synthetic_gps
2026-05-21 07:21:26,45.7865434,21.2364346,29.94,iulius_dumbravita,car,1,synthetic_gps
2026-05-21 07:21:27,45.7864751,21.2364219,37.94,iulius_dumbravita,car,1,synthetic_gps
2026-05-21 07:21:28,45.7864758,21.2362911,40.51,iulius_dumbravita,car,1,synthetic_gps
2026-05-21 07:21:29,45.7865406,21.2364196,48.51,iulius_dumbravita,car,1,synthetic_gps
2026-05-21 07:21:30,45.786513,21.2362906,40.51,iulius_dumbravita,car,1,synthetic_gps
2026-05-21 07:21:31,45.7864986,21.2364195,32.51,iulius_dumbravita,car,1,synthetic_gps
2026-05-21 07:21:32,45.7865192,21.2364432,40.51,iulius_dumbravita,car,1,synthetic_gps
2026-05-21 07:21:33,45.7865106,21.2363476,44.46,iulius_dumbravita,car,1,synthetic_gps
2026-05-21 07:21:34,45.7865718,21.2363496,45.77,iulius_dumbravita,car,1,synthetic_gps
2026-05-21 07:21:35,45.7865542,21.2363705,37.77,iulius_dumbravita,car,1,synthetic_gps
2026-05-21 07:21:36,45.7865816,21.2365139,35.06,iulius_dumbravita,car,1,synthetic_gps
2026-05-21 07:21:37,45.7865547,21.2364367,43.06,iulius_dumbravita,car,1,synthetic_gps
2026-05-21 07:21:38,45.7866325,21.2364503,35.06,iulius_dumbravita,car,1,synthetic_gps
2026-05-21 07:21:39,45.786476,21.2365851,43.06,iulius_dumbravita,car,1,synthetic_gps
2026-05-21 07:21:40,45.7867653,21.2364453,35.06,iulius_dumbravita,car,1,synthetic_gps
2026-05-21 07:21:41,45.786761,21.2364098,34.12,iulius_dumbravita,car,1,synthetic_gps
2026-05-21 07:21:42,45.786766,21.2364809,42.12,iulius_dumbravita,car,1,synthetic_gps
2026-05-21 07:21:43,45.7867448,21.2364342,48.71,iulius_dumbravita,car,1,synthetic_gps
2026-05-21 07:21:44,45.7866952,21.236375,40.71,iulius_dumbravita,car,1,synthetic_gps
2026-05-21 07:21:45,45.7867679,21.236406,35.72,iulius_dumbravita,car,1,synthetic_gps
2026-05-21 07:21:46,45.7867844,21.236517,27.72,iulius_dumbravita,car,1,synthetic_gps
2026-05-21 07:21:47,45.7868027,21.2364849,24.25,iulius_dumbravita,car,1,synthetic_gps
2026-05-21 07:21:48,45.7868543,21.2364894,32.25,iulius_dumbravita,car,1,synthetic_gps
2026-05-21 07:21:49,45.7867494,21.2364323,39.44,iulius_dumbravita,car,1,synthetic_gps
2026-05-21 07:21:50,45.7867422,21.2364847,47.44,iulius_dumbravita,car,1,synthetic_gps
2026-05-21 07:21:51,45.786869,21.2364793,39.44,iulius_dumbravita,car,1,synthetic_gps
2026-05-21 07:21:52,45.7868122,21.2365959,31.44,iulius_dumbravita,car,1,synthetic_gps
2026-05-21 07:21:53,45.7868699,21.2364947,36.53,iulius_dumbravita,car,1,synthetic_gps
2026-05-21 07:21:54,45.78694,21.2365762,32.55,iulius_dumbravita,car,1,synthetic_gps
2026-05-21 07:21:55,45.7868756,21.2365033,40.55,iulius_dumbravita,car,1,synthetic_gps
2026-05-21 07:21:56,45.7869005,21.2366153,32.55,iulius_dumbravita,car,1,synthetic_gps
2026-05-21 07:21:57,45.7870259,21.236626,40.55,iulius_dumbravita,car,1,synthetic_gps
2026-05-21 07:21:58,45.7869995,21.236649,48.55,iulius_dumbravita,car,1,synthetic_gps
2026-05-21 07:21:59,45.7869249,21.2365886,40.55,iulius_dumbravita,car,1,synthetic_gps
2026-05-21 07:22:00,45.7869386,21.2365736,46.61,iulius_dumbravita,car,1,synthetic_gps
2026-05-21 07:22:01,45.7870898,21.2366463,44.74,iulius_dumbravita,car,1,synthetic_gps
2026-05-21 07:22:02,45.7869926,21.2366502,44.43,iulius_dumbravita,car,1,synthetic_gps
2026-05-21 07:22:03,45.7869475,21.2366054,48.14,iulius_dumbravita,car,1,synthetic_gps
2026-05-21 07:22:04,45.7870212,21.2366244,40.14,iulius_dumbravita,car,1,synthetic_gps
2026-05-21 07:22:05,45.7871203,21.2365645,48.14,iulius_dumbravita,car,1,synthetic_gps
2026-05-21 07:22:06,45.7871159,21.2365653,40.14,iulius_dumbravita,car,1,synthetic_gps
2026-05-21 07:22:07,45.7870727,21.2367591,32.14,iulius_dumbravita,car,1,synthetic_gps
2026-05-21 07:22:08,45.7871515,21.2365789,29.14,iulius_dumbravita,car,1,synthetic_gps
2026-05-21 07:22:09,45.7872316,21.2366856,37.14,iulius_dumbravita,car,1,synthetic_gps
2026-05-21 07:22:10,45.7871437,21.2366488,45.14,iulius_dumbravita,car,1,synthetic_gps
2026-05-21 07:22:11,45.7871568,21.2366698,46.31,iulius_dumbravita,car,1,synthetic_gps
2026-05-21 07:22:12,45.7871362,21.2367029,49.71,iulius_dumbravita,car,1,synthetic_gps
2026-05-21 07:22:13,45.7872295,21.2367599,55.76,iulius_dumbravita,car,1,synthetic_gps
2026-05-21 07:22:14,45.7871884,21.2367906,51.81,iulius_dumbravita,car,1,synthetic_gps
2026-05-21 07:22:15,45.7871896,21.2366032,43.81,iulius_dumbravita,car,1,synthetic_gps
2026-05-21 07:22:16,45.787321,21.2367211,35.81,iulius_dumbravita,car,1,synthetic_gps
2026-05-21 07:22:17,45.7872613,21.2366248,27.81,iulius_dumbravita,car,1,synthetic_gps
2026-05-21 07:22:18,45.7873195,21.2366855,35.81,iulius_dumbravita,car,1,synthetic_gps
2026-05-21 07:22:19,45.7873274,21.23673,43.81,iulius_dumbravita,car,1,synthetic_gps
2026-05-21 07:22:20,45.787417,21.2367341,35.81,iulius_dumbravita,car,1,synthetic_gps
2026-05-21 07:22:21,45.787369,21.236713,43.81,iulius_dumbravita,car,1,synthetic_gps
2026-05-21 07:22:22,45.7873539,21.2366575,51.81,iulius_dumbravita,car,1,synthetic_gps
2026-05-21 07:22:23,45.7874184,21.236827,43.81,iulius_dumbravita,car,1,synthetic_gps
2026-05-21 07:22:24,45.7873751,21.2368214,36.96,iulius_dumbravita,car,1,synthetic_gps
2026-05-21 07:22:25,45.7874056,21.2367604,28.96,iulius_dumbravita,car,1,synthetic_gps
2026-05-21 07:22:26,45.7875005,21.236713,36.96,iulius_dumbravita,car,1,synthetic_gps
2026-05-21 07:22:27,45.787425,21.2367543,44.96,iulius_dumbravita,car,1,synthetic_gps
2026-05-21 07:22:28,45.787489,21.2367873,36.96,iulius_dumbravita,car,1,synthetic_gps
2026-05-21 07:22:29,45.7876173,21.2366822,33.65,iulius_dumbravita,car,1,synthetic_gps
2026-05-21 07:22:30,45.7874558,21.2367796,25.65,iulius_dumbravita,car,1,synthetic_gps
2026-05-21 07:22:31,45.7874893,21.2368382,33.65,iulius_dumbravita,car,1,synthetic_gps
2026-05-21 07:22:32,45.787628,21.2367677,41.64,iulius_dumbravita,car,1,synthetic_gps
2026-05-21 07:22:33,45.7875489,21.2367365,36.82,iulius_dumbravita,car,1,synthetic_gps
2026-05-21 07:22:34,45.78767,21.2369107,39.61,iulius_dumbravita,car,1,synthetic_gps
2026-05-21 07:22:35,45.7875822,21.2368808,47.61,iulius_dumbravita,car,1,synthetic_gps
2026-05-21 07:22:36,45.7876163,21.2367799,39.61,iulius_dumbravita,car,1,synthetic_gps
2026-05-21 07:22:37,45.7875916,21.2368676,45.63,iulius_dumbravita,car,1,synthetic_gps
2026-05-21 07:22:38,45.787657,21.2368901,49.13,iulius_dumbravita,car,1,synthetic_gps
2026-05-21 07:22:39,45.7876517,21.236834,44.95,iulius_dumbravita,car,1,synthetic_gps
2026-05-21 07:22:40,45.7876875,21.2369061,36.95,iulius_dumbravita,car,1,synthetic_gps
2026-05-21 07:22:41,45.7876977,21.2369134,44.95,iulius_dumbravita,car,1,synthetic_gps
2026-05-21 07:22:42,45.7877352,21.2368242,40.9,iulius_dumbravita,car,1,synthetic_gps
2026-05-21 07:22:43,45.7877383,21.2368028,48.9,iulius_dumbravita,car,1,synthetic_gps
2026-05-21 07:22:44,45.7877864,21.2368102,40.9,iulius_dumbravita,car,1,synthetic_gps
2026-05-21 07:22:45,45.7877439,21.2368858,32.9,iulius_dumbravita,car,1,synthetic_gps
2026-05-21 07:22:46,45.7879118,21.2369106,40.9,iulius_dumbravita,car,1,synthetic_gps
2026-05-21 07:22:47,45.7878153,21.2368875,32.9,iulius_dumbravita,car,1,synthetic_gps
2026-05-21 07:22:48,45.7878664,21.2368554,24.9,iulius_dumbravita,car,1,synthetic_gps
2026-05-21 07:22:49,45.7878317,21.236936,32.81,iulius_dumbravita,car,1,synthetic_gps
2026-05-21 07:22:50,45.7877748,21.2369898,25.11,iulius_dumbravita,car,1,synthetic_gps
2026-05-21 07:22:51,45.788011,21.2370031,32.8,iulius_dumbravita,car,1,synthetic_gps
2026-05-21 07:22:52,45.7878466,21.2368413,24.8,iulius_dumbravita,car,1,synthetic_gps
2026-05-21 07:22:53,45.7879189,21.2370117,31.88,iulius_dumbravita,car,1,synthetic_gps
2026-05-21 07:22:54,45.7879055,21.2369694,24.26,iulius_dumbravita,car,1,synthetic_gps
2026-05-21 07:22:55,45.7879163,21.2370526,30.85,iulius_dumbravita,car,1,synthetic_gps
2026-05-21 07:22:56,45.7879048,21.236982,28.11,iulius_dumbravita,car,1,synthetic_gps
2026-05-21 07:22:57,45.7879687,21.2369406,36.11,iulius_dumbravita,car,1,synthetic_gps
2026-05-21 07:22:58,45.7880073,21.2370556,37.56,iulius_dumbravita,car,1,synthetic_gps
2026-05-21 07:22:59,45.7880068,21.2370648,29.56,iulius_dumbravita,car,1,synthetic_gps
2026-05-21 07:23:00,45.788058,21.237001,37.56,iulius_dumbravita,car,1,synthetic_gps
2026-05-21 07:23:01,45.7879507,21.2370097,44.29,iulius_dumbravita,car,1,synthetic_gps
2026-05-21 07:23:02,45.7880787,21.2370993,39.78,iulius_dumbravita,car,1,synthetic_gps
2026-05-21 07:23:03,45.7880993,21.237028,43.58,iulius_dumbravita,car,1,synthetic_gps
2026-05-21 07:23:04,45.7881083,21.2370393,35.58,iulius_dumbravita,car,1,synthetic_gps
2026-05-21 07:23:05,45.788126,21.2371053,38.8,iulius_dumbravita,car,1,synthetic_gps
2026-05-21 07:23:06,45.7882094,21.2370144,30.8,iulius_dumbravita,car,1,synthetic_gps
2026-05-21 07:23:07,45.7880581,21.2370778,38.8,iulius_dumbravita,car,1,synthetic_gps
2026-05-21 07:23:08,45.7881094,21.2370119,30.8,iulius_dumbravita,car,1,synthetic_gps
2026-05-21 07:23:09,45.7882628,21.2371048,38.8,iulius_dumbravita,car,1,synthetic_gps
2026-05-21 07:23:10,45.7882584,21.2370785,39.81,iulius_dumbravita,car,1,synthetic_gps
2026-05-21 07:23:11,45.7881682,21.2370747,40.45,iulius_dumbravita,car,1,synthetic_gps
2026-05-21 07:23:12,45.7881957,21.2371654,48.45,iulius_dumbravita,car,1,synthetic_gps
2026-05-21 07:23:13,45.7882324,21.2371469,40.45,iulius_dumbravita,car,1,synthetic_gps
2026-05-21 07:23:14,45.7881779,21.2371989,32.45,iulius_dumbravita,car,1,synthetic_gps
2026-05-21 07:23:15,45.7882598,21.2372395,34.97,iulius_dumbravita,car,1,synthetic_gps
2026-05-21 07:23:16,45.7883011,21.2371147,26.97,iulius_dumbravita,car,1,synthetic_gps
2026-05-21 07:23:17,45.7883474,21.237089,19.84,iulius_dumbravita,car,1,synthetic_gps
2026-05-21 07:23:18,45.7881751,21.2371138,27.84,iulius_dumbravita,car,1,synthetic_gps
2026-05-21 07:23:19,45.7882437,21.2371805,35.84,iulius_dumbravita,car,1,synthetic_gps
2026-05-21 07:23:20,45.7883768,21.2373151,31.7,iulius_dumbravita,car,1,synthetic_gps
2026-05-21 07:23:21,45.7882613,21.2371841,36.34,iulius_dumbravita,car,1,synthetic_gps
2026-05-21 07:23:22,45.7883854,21.2371214,28.34,iulius_dumbravita,car,1,synthetic_gps
2026-05-21 07:23:23,45.7884051,21.2372962,36.34,iulius_dumbravita,car,1,synthetic_gps
2026-05-21 07:23:24,45.7883204,21.2372021,44.34,iulius_dumbravita,car,1,synthetic_gps
2026-05-21 07:23:25,45.7884205,21.2371473,36.34,iulius_dumbravita,car,1,synthetic_gps
2026-05-21 07:23:26,45.7884722,21.237143,31.84,iulius_dumbravita,car,1,synthetic_gps
2026-05-21 07:23:27,45.7884391,21.2372077,39.84,iulius_dumbravita,car,1,synthetic_gps
2026-05-21 07:23:28,45.7884522,21.2371608,32.32,iulius_dumbravita,car,1,synthetic_gps
2026-05-21 07:23:29,45.7885407,21.2371557,40.32,iulius_dumbravita,car,1,synthetic_gps
2026-05-21 07:23:30,45.7884336,21.2372271,32.32,iulius_dumbravita,car,1,synthetic_gps
2026-05-21 07:23:31,45.7885246,21.2372302,24.32,iulius_dumbravita,car,1,synthetic_gps
2026-05-21 07:23:32,45.7884228,21.2372945,32.32,iulius_dumbravita,car,1,synthetic_gps
2026-05-21 07:23:33,45.7885555,21.2372445,28.22,iulius_dumbravita,car,1,synthetic_gps
2026-05-21 07:23:34,45.7885735,21.2371878,36.22,iulius_dumbravita,car,1,synthetic_gps
2026-05-21 07:23:35,45.7885588,21.2372878,37.39,iulius_dumbravita,car,1,synthetic_gps
2026-05-21 07:23:36,45.7885601,21.2373586,29.39,iulius_dumbravita,car,1,synthetic_gps
2026-05-21 07:23:37,45.7886708,21.2373334,21.39,iulius_dumbravita,car,1,synthetic_gps
2026-05-21 07:23:38,45.7886618,21.2372911,29.39,iulius_dumbravita,car,1,synthetic_gps
2026-05-21 07:23:39,45.7885525,21.2373471,29.28,iulius_dumbravita,car,1,synthetic_gps
2026-05-21 07:23:40,45.7885291,21.2373313,24.27,iulius_dumbravita,car,1,synthetic_gps
2026-05-21 07:23:41,45.7887104,21.2372821,19.11,iulius_dumbravita,car,1,synthetic_gps
2026-05-21 07:23:42,45.7887198,21.2374079,27.11,iulius_dumbravita,car,1,synthetic_gps
2026-05-21 07:23:43,45.7887428,21.2373247,35.11,iulius_dumbravita,car,1,synthetic_gps
2026-05-21 07:23:44,45.7888382,21.237416,35.94,iulius_dumbravita,car,1,synthetic_gps
2026-05-21 07:23:45,45.7887255,21.2373897,43.94,iulius_dumbravita,car,1,synthetic_gps
2026-05-21 07:23:46,45.7887843,21.2373625,51.94,iulius_dumbravita,car,1,synthetic_gps
2026-05-21 07:23:47,45.7887149,21.237436,43.94,iulius_dumbravita,car,1,synthetic_gps
2026-05-21 07:23:48,45.7888811,21.2374453,35.94,iulius_dumbravita,car,1,synthetic_gps
2026-05-21 07:23:49,45.7889068,21.2374871,37.46,iulius_dumbravita,car,1,synthetic_gps
2026-05-21 07:23:50,45.7888573,21.2373183,39.19,iulius_dumbravita,car,1,synthetic_gps
2026-05-21 07:23:51,45.7888562,21.2374209,47.19,iulius_dumbravita,car,1,synthetic_gps
2026-05-21 07:23:52,45.7890056,21.2374787,43.81,iulius_dumbravita,car,1,synthetic_gps
2026-05-21 07:23:53,45.7889258,21.2374072,35.81,iulius_dumbravita,car,1,synthetic_gps
2026-05-21 07:23:54,45.7888261,21.2373721,27.81,iulius_dumbravita,car,1,synthetic_gps
2026-05-21 07:23:55,45.7888987,21.2374632,19.81,iulius_dumbravita,car,1,synthetic_gps
2026-05-21 07:23:56,45.7888461,21.2374255,27.81,iulius_dumbravita,car,1,synthetic_gps
2026-05-21 07:23:57,45.7889019,21.2374432,33.26,iulius_dumbravita,car,1,synthetic_gps
2026-05-21 07:23:58,45.7889907,21.2374814,25.26,iulius_dumbravita,car,1,synthetic_gps
2026-05-21 07:23:59,45.7890179,21.2376243,33.26,iulius_dumbravita,car,1,synthetic_gps
2026-05-21 07:24:00,45.7890048,21.2374333,25.26,iulius_dumbravita,car,1,synthetic_gps
2026-05-21 07:24:01,45.7889729,21.2374952,22.41,iulius_dumbravita,car,1,synthetic_gps
2026-05-21 07:24:02,45.7889819,21.2374784,14.41,iulius_dumbravita,car,1,synthetic_gps
2026-05-21 07:24:03,45.7888869,21.2374724,22.41,iulius_dumbravita,car,1,synthetic_gps
2026-05-21 07:24:04,45.789042,21.2374919,30.41,iulius_dumbravita,car,1,synthetic_gps
2026-05-21 07:24:05,45.7890996,21.2376005,38.41,iulius_dumbravita,car,1,synthetic_gps
2026-05-21 07:24:06,45.7889948,21.2374805,30.41,iulius_dumbravita,car,1,synthetic_gps
2026-05-21 07:24:07,45.7890072,21.2375454,38.41,iulius_dumbravita,car,1,synthetic_gps
2026-05-21 07:24:08,45.7890722,21.2375399,31.78,iulius_dumbravita,car,1,synthetic_gps
2026-05-21 07:24:09,45.7890824,21.2375453,36.9,iulius_dumbravita,car,1,synthetic_gps
2026-05-21 07:24:10,45.7893012,21.2376251,39.33,iulius_dumbravita,car,1,synthetic_gps
2026-05-21 07:24:11,45.7891878,21.2375845,31.33,iulius_dumbravita,car,1,synthetic_gps
2026-05-21 07:24:12,45.789303,21.2375877,38.56,iulius_dumbravita,car,1,synthetic_gps
2026-05-21 07:24:13,45.7891995,21.2375766,46.56,iulius_dumbravita,car,1,synthetic_gps
2026-05-21 07:24:14,45.7892528,21.2376791,52.71,iulius_dumbravita,car,1,synthetic_gps
2026-05-21 07:24:15,45.789164,21.2376816,44.71,iulius_dumbravita,car,1,synthetic_gps
2026-05-21 07:24:16,45.7893009,21.2377252,36.71,iulius_dumbravita,car,1,synthetic_gps
2026-05-21 07:24:17,45.7893423,21.2376438,28.71,iulius_dumbravita,car,1,synthetic_gps
2026-05-21 07:24:18,45.7892927,21.2375943,36.71,iulius_dumbravita,car,1,synthetic_gps
2026-05-21 07:24:19,45.7894043,21.2377529,31.25,iulius_dumbravita,car,1,synthetic_gps
2026-05-21 07:24:20,45.7893493,21.2376178,38.86,iulius_dumbravita,car,1,synthetic_gps
2026-05-21 07:24:21,45.7893518,21.237673,43.76,iulius_dumbravita,car,1,synthetic_gps
2026-05-21 07:24:22,45.7893706,21.2375714,51.76,iulius_dumbravita,car,1,synthetic_gps
2026-05-21 07:24:23,45.7894461,21.2376979,43.76,iulius_dumbravita,car,1,synthetic_gps
2026-05-21 07:24:24,45.7894466,21.2377726,36.49,iulius_dumbravita,car,1,synthetic_gps
2026-05-21 07:24:25,45.7893185,21.2376604,28.49,iulius_dumbravita,car,1,synthetic_gps
2026-05-21 07:24:26,45.789396,21.2376764,36.49,iulius_dumbravita,car,1,synthetic_gps
2026-05-21 07:24:27,45.7895164,21.2378369,28.49,iulius_dumbravita,car,1,synthetic_gps
2026-05-21 07:24:28,45.7894552,21.2377168,27.8,iulius_dumbravita,car,1,synthetic_gps
2026-05-21 07:24:29,45.7894329,21.237683,35.8,iulius_dumbravita,car,1,synthetic_gps
2026-05-21 07:24:30,45.7894137,21.2378421,27.8,iulius_dumbravita,car,1,synthetic_gps
2026-05-21 07:24:31,45.7894395,21.2377705,35.6,iulius_dumbravita,car,1,synthetic_gps
2026-05-21 07:24:32,45.789581,21.2377641,41.91,iulius_dumbravita,car,1,synthetic_gps
2026-05-21 07:24:33,45.7896267,21.2377676,49.91,iulius_dumbravita,car,1,synthetic_gps
2026-05-21 07:24:34,45.7895574,21.2377868,44.1,iulius_dumbravita,car,1,synthetic_gps
2026-05-21 07:24:35,45.789483,21.2378113,36.1,iulius_dumbravita,car,1,synthetic_gps
2026-05-21 07:24:36,45.7896282,21.2377564,41.37,iulius_dumbravita,car,1,synthetic_gps
2026-05-21 07:24:37,45.7896806,21.2378356,39.39,iulius_dumbravita,car,1,synthetic_gps
2026-05-21 07:24:38,45.7896907,21.2378813,47.39,iulius_dumbravita,car,1,synthetic_gps
2026-05-21 07:24:39,45.7895758,21.237691,55.39,iulius_dumbravita,car,1,synthetic_gps
2026-05-21 07:24:40,45.7896933,21.2378808,47.39,iulius_dumbravita,car,1,synthetic_gps
2026-05-21 07:24:41,45.7897151,21.2378555,43.44,iulius_dumbravita,car,1,synthetic_gps
2026-05-21 07:24:42,45.7897863,21.2379142,43.03,iulius_dumbravita,car,1,synthetic_gps
2026-05-21 07:24:43,45.789721,21.2378036,51.03,iulius_dumbravita,car,1,synthetic_gps
2026-05-21 07:24:44,45.7897334,21.2379055,43.03,iulius_dumbravita,car,1,synthetic_gps
2026-05-21 07:24:45,45.7897861,21.2378558,37.6,iulius_dumbravita,car,1,synthetic_gps
2026-05-21 07:24:46,45.7896546,21.2379023,45.6,iulius_dumbravita,car,1,synthetic_gps
2026-05-21 07:24:47,45.7898169,21.2379437,37.6,iulius_dumbravita,car,1,synthetic_gps
2026-05-21 07:24:48,45.7898002,21.2377871,29.6,iulius_dumbravita,car,1,synthetic_gps
2026-05-21 07:24:49,45.7899196,21.2381243,36.65,iulius_dumbravita,car,1,synthetic_gps
2026-05-21 07:24:50,45.7897993,21.2378082,44.65,iulius_dumbravita,car,1,synthetic_gps
2026-05-21 07:24:51,45.789832,21.237865,36.65,iulius_dumbravita,car,1,synthetic_gps
2026-05-21 07:24:52,45.7898903,21.2378767,40.62,iulius_dumbravita,car,1,synthetic_gps
2026-05-21 07:24:53,45.7898465,21.2379023,48.62,iulius_dumbravita,car,1,synthetic_gps
2026-05-21 07:24:54,45.7897595,21.2379308,40.62,iulius_dumbravita,car,1,synthetic_gps
2026-05-21 07:24:55,45.7899524,21.2379583,32.62,iulius_dumbravita,car,1,synthetic_gps
2026-05-21 07:24:56,45.7899252,21.2379522,36.98,iulius_dumbravita,car,1,synthetic_gps
2026-05-21 07:24:57,45.7899546,21.2379723,28.98,iulius_dumbravita,car,1,synthetic_gps
2026-05-21 07:24:58,45.789919,21.2379737,36.77,iulius_dumbravita,car,1,synthetic_gps
2026-05-21 07:24:59,45.7899416,21.2379727,30.08,iulius_dumbravita,car,1,synthetic_gps
2026-05-21 07:25:00,45.7900082,21.2378843,38.08,iulius_dumbravita,car,1,synthetic_gps
2026-05-21 07:25:01,45.7899925,21.2380081,30.8,iulius_dumbravita,car,1,synthetic_gps
2026-05-21 07:25:02,45.7899872,21.2380111,37.99,iulius_dumbravita,car,1,synthetic_gps
2026-05-21 07:25:03,45.7901091,21.2380737,45.99,iulius_dumbravita,car,1,synthetic_gps
2026-05-21 07:25:04,45.7899754,21.2379282,37.99,iulius_dumbravita,car,1,synthetic_gps
2026-05-21 07:25:05,45.7901066,21.2381548,29.99,iulius_dumbravita,car,1,synthetic_gps
2026-05-21 07:25:06,45.7901475,21.2380439,32.99,iulius_dumbravita,car,1,synthetic_gps
2026-05-21 07:25:07,45.7901366,21.2380906,40.99,iulius_dumbravita,car,1,synthetic_gps
2026-05-21 07:25:08,45.7900922,21.2380733,32.99,iulius_dumbravita,car,1,synthetic_gps
2026-05-21 07:25:09,45.7901548,21.23804,40.99,iulius_dumbravita,car,1,synthetic_gps
2026-05-21 07:25:10,45.7902374,21.2381536,42.95,iulius_dumbravita,car,1,synthetic_gps
2026-05-21 07:25:11,45.790241,21.2381484,34.95,iulius_dumbravita,car,1,synthetic_gps
2026-05-21 07:25:12,45.7901833,21.2379983,40.32,iulius_dumbravita,car,1,synthetic_gps
2026-05-21 07:25:13,45.7902334,21.2380921,40.48,iulius_dumbravita,car,1,synthetic_gps
2026-05-21 07:25:14,45.7902024,21.2380645,32.48,iulius_dumbravita,car,1,synthetic_gps
2026-05-21 07:25:15,45.7902416,21.2379925,31.32,iulius_dumbravita,car,1,synthetic_gps
2026-05-21 07:25:16,45.7903087,21.2380907,39.32,iulius_dumbravita,car,1,synthetic_gps
2026-05-21 07:25:17,45.7903208,21.2381216,41.39,iulius_dumbravita,car,1,synthetic_gps
2026-05-21 07:25:18,45.7902847,21.2380934,33.39,iulius_dumbravita,car,1,synthetic_gps
2026-05-21 07:25:19,45.7903743,21.2381439,34.21,iulius_dumbravita,car,1,synthetic_gps
2026-05-21 07:25:20,45.7903825,21.2381362,26.21,iulius_dumbravita,car,1,synthetic_gps
2026-05-21 07:25:21,45.790256,21.238138,25.42,iulius_dumbravita,car,1,synthetic_gps
2026-05-21 07:25:22,45.7903094,21.2381657,33.42,iulius_dumbravita,car,1,synthetic_gps
2026-05-21 07:25:23,45.7903424,21.2381858,41.42,iulius_dumbravita,car,1,synthetic_gps
2026-05-21 07:25:24,45.79045,21.2381785,33.67,iulius_dumbravita,car,1,synthetic_gps
2026-05-21 07:25:25,45.7904387,21.2382535,34.0,iulius_dumbravita,car,1,synthetic_gps
2026-05-21 07:25:26,45.7903956,21.2382989,42.0,iulius_dumbravita,car,1,synthetic_gps
2026-05-21 07:25:27,45.7903871,21.2382651,34.0,iulius_dumbravita,car,1,synthetic_gps
2026-05-21 07:25:28,45.7904996,21.2383041,42.0,iulius_dumbravita,car,1,synthetic_gps
2026-05-21 07:25:29,45.7904584,21.2382056,41.35,iulius_dumbravita,car,1,synthetic_gps
2026-05-21 07:25:30,45.7904734,21.2382303,49.35,iulius_dumbravita,car,1,synthetic_gps
2026-05-21 07:25:31,45.7905678,21.238202,48.45,iulius_dumbravita,car,1,synthetic_gps
2026-05-21 07:25:32,45.7904724,21.2383589,40.45,iulius_dumbravita,car,1,synthetic_gps
2026-05-21 07:25:33,45.7905375,21.2382023,48.45,iulius_dumbravita,car,1,synthetic_gps
2026-05-21 07:25:34,45.7905892,21.2383021,40.45,iulius_dumbravita,car,1,synthetic_gps
2026-05-21 07:25:35,45.7906734,21.2383495,43.94,iulius_dumbravita,car,1,synthetic_gps
2026-05-21 07:25:36,45.7905594,21.2383084,38.41,iulius_dumbravita,car,1,synthetic_gps
2026-05-21 07:25:37,45.7906648,21.2382866,37.6,iulius_dumbravita,car,1,synthetic_gps
2026-05-21 07:25:38,45.7905797,21.2382954,29.6,iulius_dumbravita,car,1,synthetic_gps
2026-05-21 07:25:39,45.7906437,21.2383436,28.77,iulius_dumbravita,car,1,synthetic_gps
2026-05-21 07:25:40,45.7906706,21.2383247,36.77,iulius_dumbravita,car,1,synthetic_gps
2026-05-21 07:25:41,45.7907059,21.2383458,28.77,iulius_dumbravita,car,1,synthetic_gps
2026-05-21 07:25:42,45.7907288,21.2384065,32.93,iulius_dumbravita,car,1,synthetic_gps
2026-05-21 07:25:43,45.790617,21.2383294,40.93,iulius_dumbravita,car,1,synthetic_gps
2026-05-21 07:25:44,45.790774,21.2384442,33.12,iulius_dumbravita,car,1,synthetic_gps
2026-05-21 07:25:45,45.7906643,21.2384043,25.12,iulius_dumbravita,car,1,synthetic_gps
2026-05-21 07:25:46,45.7907081,21.2383559,31.13,iulius_dumbravita,car,1,synthetic_gps
2026-05-21 07:25:47,45.7907762,21.2383932,39.13,iulius_dumbravita,car,1,synthetic_gps
2026-05-21 07:25:48,45.790817,21.2383081,31.13,iulius_dumbravita,car,1,synthetic_gps
2026-05-21 07:25:49,45.7907958,21.238451,33.77,iulius_dumbravita,car,1,synthetic_gps
2026-05-21 07:25:50,45.7908428,21.2383783,41.77,iulius_dumbravita,car,1,synthetic_gps
2026-05-21 07:25:51,45.7908515,21.2384709,40.1,iulius_dumbravita,car,1,synthetic_gps
2026-05-21 07:25:52,45.7909123,21.2383903,45.99,iulius_dumbravita,car,1,synthetic_gps
2026-05-21 07:25:53,45.7908272,21.2383673,37.99,iulius_dumbravita,car,1,synthetic_gps
2026-05-21 07:25:54,45.7909115,21.2385191,29.99,iulius_dumbravita,car,1,synthetic_gps
2026-05-21 07:25:55,45.7907764,21.2383958,37.99,iulius_dumbravita,car,1,synthetic_gps
2026-05-21 07:25:56,45.7908768,21.2384045,29.99,iulius_dumbravita,car,1,synthetic_gps
2026-05-21 07:25:57,45.7909286,21.2384327,37.11,iulius_dumbravita,car,1,synthetic_gps
2026-05-21 07:25:58,45.7910198,21.2384227,45.11,iulius_dumbravita,car,1,synthetic_gps
2026-05-21 07:25:59,45.7909633,21.2384516,43.96,iulius_dumbravita,car,1,synthetic_gps
2026-05-21 07:26:00,45.7910589,21.2384962,51.96,iulius_dumbravita,car,1,synthetic_gps
2026-05-21 07:26:01,45.7910715,21.2384842,59.96,iulius_dumbravita,car,1,synthetic_gps
2026-05-21 07:26:02,45.7909456,21.2384709,51.96,iulius_dumbravita,car,1,synthetic_gps
2026-05-21 07:26:03,45.7910956,21.2385892,43.96,iulius_dumbravita,car,1,synthetic_gps
2026-05-21 07:26:04,45.7910814,21.238478,48.99,iulius_dumbravita,car,1,synthetic_gps
2026-05-21 07:26:05,45.7911094,21.2386133,40.99,iulius_dumbravita,car,1,synthetic_gps
2026-05-21 07:26:06,45.7910953,21.2385532,33.76,iulius_dumbravita,car,1,synthetic_gps
2026-05-21 07:26:07,45.7911175,21.2385251,37.65,iulius_dumbravita,car,1,synthetic_gps
2026-05-21 07:26:08,45.7909944,21.2384885,29.65,iulius_dumbravita,car,1,synthetic_gps
2026-05-21 07:26:09,45.7911758,21.2385826,25.22,iulius_dumbravita,car,1,synthetic_gps
2026-05-21 07:26:10,45.7912324,21.238547,33.22,iulius_dumbravita,car,1,synthetic_gps
2026-05-21 07:26:11,45.7910987,21.2386607,33.02,iulius_dumbravita,car,1,synthetic_gps
2026-05-21 07:26:12,45.7912838,21.2386251,37.75,iulius_dumbravita,car,1,synthetic_gps
2026-05-21 07:26:13,45.7911751,21.238541,45.38,iulius_dumbravita,car,1,synthetic_gps
2026-05-21 07:26:14,45.7912722,21.238712,41.9,iulius_dumbravita,car,1,synthetic_gps
2026-05-21 07:26:15,45.7913025,21.2386191,40.14,iulius_dumbravita,car,1,synthetic_gps
2026-05-21 07:26:16,45.7912735,21.2386936,37.52,iulius_dumbravita,car,1,synthetic_gps
2026-05-21 07:26:17,45.7912311,21.2386588,37.39,iulius_dumbravita,car,1,synthetic_gps
2026-05-21 07:26:18,45.7912817,21.2386863,45.39,iulius_dumbravita,car,1,synthetic_gps
2026-05-21 07:26:19,45.7913677,21.2385808,53.39,iulius_dumbravita,car,1,synthetic_gps
2026-05-21 07:26:20,45.7913452,21.2387336,50.29,iulius_dumbravita,car,1,synthetic_gps
2026-05-21 07:26:21,45.7912966,21.2387805,57.37,iulius_dumbravita,car,1,synthetic_gps
2026-05-21 07:26:22,45.7913896,21.2386893,49.37,iulius_dumbravita,car,1,synthetic_gps
2026-05-21 07:26:23,45.7914724,21.2387012,41.37,iulius_dumbravita,car,1,synthetic_gps
2026-05-21 07:26:24,45.7913861,21.238726,45.88,iulius_dumbravita,car,1,synthetic_gps
2026-05-21 07:26:25,45.791436,21.2387222,37.88,iulius_dumbravita,car,1,synthetic_gps
2026-05-21 07:26:26,45.7913068,21.23877,29.88,iulius_dumbravita,car,1,synthetic_gps
2026-05-21 07:26:27,45.7914863,21.2388397,37.88,iulius_dumbravita,car,1,synthetic_gps
2026-05-21 07:26:28,45.7915825,21.2386909,45.88,iulius_dumbravita,car,1,synthetic_gps
2026-05-21 07:26:29,45.791482,21.2387232,37.88,iulius_dumbravita,car,1,synthetic_gps
2026-05-21 07:26:30,45.7915261,21.2386599,32.93,iulius_dumbravita,car,1,synthetic_gps
2026-05-21 07:26:31,45.7915747,21.2386698,39.42,iulius_dumbravita,car,1,synthetic_gps
2026-05-21 07:26:32,45.7915793,21.2387497,31.77,iulius_dumbravita,car,1,synthetic_gps
2026-05-21 07:26:33,45.7916309,21.2385998,30.57,iulius_dumbravita,car,1,synthetic_gps
2026-05-21 07:26:34,45.7915327,21.2388475,22.57,iulius_dumbravita,car,1,synthetic_gps
2026-05-21 07:26:35,45.7916804,21.2387877,30.57,iulius_dumbravita,car,1,synthetic_gps
2026-05-21 07:26:36,45.7915822,21.2387883,38.57,iulius_dumbravita,car,1,synthetic_gps
2026-05-21 07:26:37,45.7915552,21.2388127,30.57,iulius_dumbravita,car,1,synthetic_gps
2026-05-21 07:26:38,45.7918044,21.2386772,32.43,iulius_dumbravita,car,1,synthetic_gps
2026-05-21 07:26:39,45.7916087,21.238819,24.43,iulius_dumbravita,car,1,synthetic_gps
2026-05-21 07:26:40,45.7917754,21.2388243,32.43,iulius_dumbravita,car,1,synthetic_gps
2026-05-21 07:26:41,45.7915544,21.238817,39.67,iulius_dumbravita,car,1,synthetic_gps
2026-05-21 07:26:42,45.7916049,21.2388883,39.77,iulius_dumbravita,car,1,synthetic_gps
2026-05-21 07:26:43,45.791589,21.2389074,47.77,iulius_dumbravita,car,1,synthetic_gps
2026-05-21 07:26:44,45.791657,21.2388538,39.77,iulius_dumbravita,car,1,synthetic_gps
2026-05-21 07:26:45,45.7918086,21.2389208,39.82,iulius_dumbravita,car,1,synthetic_gps
2026-05-21 07:26:46,45.7917456,21.2387735,44.4,iulius_dumbravita,car,1,synthetic_gps
2026-05-21 07:26:47,45.7917924,21.2389676,36.4,iulius_dumbravita,car,1,synthetic_gps
2026-05-21 07:26:48,45.7918338,21.2389137,34.89,iulius_dumbravita,car,1,synthetic_gps
2026-05-21 07:26:49,45.7918263,21.238927,26.89,iulius_dumbravita,car,1,synthetic_gps
2026-05-21 07:26:50,45.7918373,21.238995,29.76,iulius_dumbravita,car,1,synthetic_gps
2026-05-21 07:26:51,45.7918888,21.2388773,37.76,iulius_dumbravita,car,1,synthetic_gps
2026-05-21 07:26:52,45.7918298,21.2389325,45.76,iulius_dumbravita,car,1,synthetic_gps
2026-05-21 07:26:53,45.7918634,21.2389149,37.76,iulius_dumbravita,car,1,synthetic_gps
2026-05-21 07:26:54,45.7918851,21.2388876,45.76,iulius_dumbravita,car,1,synthetic_gps
2026-05-21 07:26:55,45.7918681,21.2389822,44.09,iulius_dumbravita,car,1,synthetic_gps
2026-05-21 07:26:56,45.7920222,21.2389136,36.09,iulius_dumbravita,car,1,synthetic_gps
2026-05-21 07:26:57,45.7919532,21.2390122,44.09,iulius_dumbravita,car,1,synthetic_gps
2026-05-21 07:26:58,45.7920986,21.2389351,45.91,iulius_dumbravita,car,1,synthetic_gps
2026-05-21 07:26:59,45.7919223,21.2390453,53.91,iulius_dumbravita,car,1,synthetic_gps
2026-05-21 07:27:00,45.7920044,21.2389653,46.42,iulius_dumbravita,car,1,synthetic_gps
2026-05-21 07:27:01,45.7919894,21.2391381,38.42,iulius_dumbravita,car,1,synthetic_gps
2026-05-21 07:27:02,45.792043,21.2391662,39.12,iulius_dumbravita,car,1,synthetic_gps
2026-05-21 07:27:03,45.7921658,21.2390748,47.12,iulius_dumbravita,car,1,synthetic_gps
2026-05-21 07:27:04,45.7921158,21.2391389,55.12,iulius_dumbravita,car,1,synthetic_gps
2026-05-21 07:27:05,45.7920557,21.2390296,47.12,iulius_dumbravita,car,1,synthetic_gps
2026-05-21 07:27:06,45.7921315,21.2390313,39.12,iulius_dumbravita,car,1,synthetic_gps
2026-05-21 07:27:07,45.7920488,21.2390403,47.12,iulius_dumbravita,car,1,synthetic_gps
2026-05-21 07:27:08,45.7921456,21.2390527,39.12,iulius_dumbravita,car,1,synthetic_gps
2026-05-21 07:27:09,45.7921767,21.2390478,37.51,iulius_dumbravita,car,1,synthetic_gps
2026-05-21 07:27:10,45.7921288,21.2390996,37.52,iulius_dumbravita,car,1,synthetic_gps
2026-05-21 07:27:11,45.7922022,21.2390063,45.52,iulius_dumbravita,car,1,synthetic_gps
2026-05-21 07:27:12,45.79211,21.2391606,37.52,iulius_dumbravita,car,1,synthetic_gps
2026-05-21 07:27:13,45.7922449,21.2390432,29.52,iulius_dumbravita,car,1,synthetic_gps
2026-05-21 07:27:14,45.792286,21.239114,37.52,iulius_dumbravita,car,1,synthetic_gps
2026-05-21 07:27:15,45.7922583,21.2392301,29.52,iulius_dumbravita,car,1,synthetic_gps
2026-05-21 07:27:16,45.7922657,21.2391826,32.11,iulius_dumbravita,car,1,synthetic_gps
2026-05-21 07:27:17,45.7921834,21.2391207,35.16,iulius_dumbravita,car,1,synthetic_gps
2026-05-21 07:27:18,45.792288,21.2391576,31.45,iulius_dumbravita,car,1,synthetic_gps
2026-05-21 07:27:19,45.7923953,21.2392854,39.45,iulius_dumbravita,car,1,synthetic_gps
2026-05-21 07:27:20,45.7922649,21.2390837,35.08,iulius_dumbravita,car,1,synthetic_gps
2026-05-21 07:27:21,45.7924257,21.2392171,38.56,iulius_dumbravita,car,1,synthetic_gps
2026-05-21 07:27:22,45.7924382,21.239158,45.08,iulius_dumbravita,car,1,synthetic_gps
2026-05-21 07:27:23,45.7923813,21.239157,37.22,iulius_dumbravita,car,1,synthetic_gps
2026-05-21 07:27:24,45.7923524,21.2391212,43.4,iulius_dumbravita,car,1,synthetic_gps
2026-05-21 07:27:25,45.7925329,21.2391784,35.97,iulius_dumbravita,car,1,synthetic_gps
2026-05-21 07:27:26,45.7924563,21.2392356,43.97,iulius_dumbravita,car,1,synthetic_gps
2026-05-21 07:27:27,45.7923919,21.2392185,35.97,iulius_dumbravita,car,1,synthetic_gps
2026-05-21 07:27:28,45.7924502,21.2392502,40.84,iulius_dumbravita,car,1,synthetic_gps
2026-05-21 07:27:29,45.7925725,21.2391929,32.84,iulius_dumbravita,car,1,synthetic_gps
2026-05-21 07:27:30,45.7923983,21.2391186,40.84,iulius_dumbravita,car,1,synthetic_gps
2026-05-21 07:27:31,45.7924816,21.2392587,32.84,iulius_dumbravita,car,1,synthetic_gps
2026-05-21 07:27:32,45.7925109,21.2393331,40.84,iulius_dumbravita,car,1,synthetic_gps
2026-05-21 07:27:33,45.7925545,21.2391724,32.84,iulius_dumbravita,car,1,synthetic_gps
2026-05-21 07:27:34,45.7925961,21.2392405,40.84,iulius_dumbravita,car,1,synthetic_gps
2026-05-21 07:27:35,45.7925945,21.2393203,39.94,iulius_dumbravita,car,1,synthetic_gps
2026-05-21 07:27:36,45.7925405,21.2392251,47.94,iulius_dumbravita,car,1,synthetic_gps
2026-05-21 07:27:37,45.7926157,21.2392686,39.94,iulius_dumbravita,car,1,synthetic_gps
2026-05-21 07:27:38,45.792542,21.2391871,31.94,iulius_dumbravita,car,1,synthetic_gps
2026-05-21 07:27:39,45.7926219,21.239246,39.94,iulius_dumbravita,car,1,synthetic_gps
2026-05-21 07:27:40,45.7926713,21.239291,31.94,iulius_dumbravita,car,1,synthetic_gps
2026-05-21 07:27:41,45.7927622,21.2393485,37.33,iulius_dumbravita,car,1,synthetic_gps
2026-05-21 07:27:42,45.7927059,21.2393724,45.33,iulius_dumbravita,car,1,synthetic_gps
2026-05-21 07:27:43,45.7927209,21.2394622,37.59,iulius_dumbravita,car,1,synthetic_gps
2026-05-21 07:27:44,45.7927515,21.239276,34.04,iulius_dumbravita,car,1,synthetic_gps
2026-05-21 07:27:45,45.7928538,21.2393473,41.72,iulius_dumbravita,car,1,synthetic_gps
2026-05-21 07:27:46,45.7927106,21.2394482,35.56,iulius_dumbravita,car,1,synthetic_gps
2026-05-21 07:27:47,45.7928643,21.2392981,43.56,iulius_dumbravita,car,1,synthetic_gps
2026-05-21 07:27:48,45.7927006,21.2393839,38.21,iulius_dumbravita,car,1,synthetic_gps
2026-05-21 07:27:49,45.7928742,21.2394274,36.59,iulius_dumbravita,car,1,synthetic_gps
2026-05-21 07:27:50,45.7928891,21.2395417,30.13,iulius_dumbravita,car,1,synthetic_gps
2026-05-21 07:27:51,45.7927752,21.2394242,30.73,iulius_dumbravita,car,1,synthetic_gps
2026-05-21 07:27:52,45.792909,21.2394608,38.73,iulius_dumbravita,car,1,synthetic_gps
2026-05-21 07:27:53,45.7928152,21.2394264,46.2,iulius_dumbravita,car,1,synthetic_gps
2026-05-21 07:27:54,45.7930763,21.239451,38.2,iulius_dumbravita,car,1,synthetic_gps
2026-05-21 07:27:55,45.7928675,21.2394296,35.0,iulius_dumbravita,car,1,synthetic_gps
2026-05-21 07:27:56,45.7929864,21.2394336,27.0,iulius_dumbravita,car,1,synthetic_gps
2026-05-21 07:27:57,45.7929243,21.2395132,29.5,iulius_dumbravita,car,1,synthetic_gps
2026-05-21 07:27:58,45.7930221,21.2395132,37.5,iulius_dumbravita,car,1,synthetic_gps
2026-05-21 07:27:59,45.7929239,21.2394674,44.66,iulius_dumbravita,car,1,synthetic_gps
2026-05-21 07:28:00,45.7929838,21.2394963,38.68,iulius_dumbravita,car,1,synthetic_gps
2026-05-21 07:28:01,45.7929794,21.2395151,38.46,iulius_dumbravita,car,1,synthetic_gps
2026-05-21 07:28:02,45.7929718,21.2393903,43.99,iulius_dumbravita,car,1,synthetic_gps
2026-05-21 07:28:03,45.7931179,21.2394546,35.99,iulius_dumbravita,car,1,synthetic_gps
2026-05-21 07:28:04,45.7930442,21.23943,27.99,iulius_dumbravita,car,1,synthetic_gps
2026-05-21 07:28:05,45.7929888,21.2395123,19.99,iulius_dumbravita,car,1,synthetic_gps
2026-05-21 07:28:06,45.7932164,21.239547,18.0,iulius_dumbravita,car,1,synthetic_gps
2026-05-21 07:28:07,45.7930315,21.2395338,10.0,iulius_dumbravita,car,1,synthetic_gps
2026-05-21 07:28:08,45.7931228,21.2395643,17.28,iulius_dumbravita,car,1,synthetic_gps
2026-05-21 07:28:09,45.793113,21.2396632,18.24,iulius_dumbravita,car,1,synthetic_gps
2026-05-21 07:28:10,45.7931077,21.2397064,14.78,iulius_dumbravita,car,1,synthetic_gps
2026-05-21 07:28:11,45.7932891,21.239625,12.01,iulius_dumbravita,car,1,synthetic_gps
2026-05-21 07:28:12,45.7931669,21.2395738,14.04,iulius_dumbravita,car,1,synthetic_gps
2026-05-21 07:28:13,45.7932603,21.2396651,15.65,iulius_dumbravita,car,1,synthetic_gps
2026-05-21 07:28:14,45.7932551,21.2395985,7.65,iulius_dumbravita,car,1,synthetic_gps
2026-05-21 07:28:15,45.7932777,21.2396611,15.65,iulius_dumbravita,car,1,synthetic_gps
2026-05-21 07:28:16,45.7932584,21.2397348,10.65,iulius_dumbravita,car,1,synthetic_gps
2026-05-21 07:28:17,45.7932429,21.2395877,9.95,iulius_dumbravita,car,1,synthetic_gps
2026-05-21 07:28:18,45.7933486,21.2397209,10.93,iulius_dumbravita,car,1,synthetic_gps
2026-05-21 07:28:19,45.7933071,21.2397185,10.97,iulius_dumbravita,car,1,synthetic_gps
2026-05-21 07:28:20,45.7932711,21.2397692,11.72,iulius_dumbravita,car,1,synthetic_gps
2026-05-21 07:28:21,45.7933463,21.2396405,8.17,iulius_dumbravita,car,1,synthetic_gps
2026-05-21 07:28:22,45.7933327,21.2395567,9.45,iulius_dumbravita,car,1,synthetic_gps
2026-05-21 07:28:23,45.7933662,21.2396664,15.9,iulius_dumbravita,car,1,synthetic_gps
2026-05-21 07:28:24,45.7933562,21.2397633,13.69,iulius_dumbravita,car,1,synthetic_gps
2026-05-21 07:28:25,45.7934584,21.2397503,9.98,iulius_dumbravita,car,1,synthetic_gps
2026-05-21 07:28:26,45.7935831,21.2397758,10.97,iulius_dumbravita,car,1,synthetic_gps
2026-05-21 07:28:27,45.7935121,21.2396878,9.19,iulius_dumbravita,car,1,synthetic_gps
2026-05-21 07:28:28,45.7934201,21.2397142,8.45,iulius_dumbravita,car,1,synthetic_gps
2026-05-21 07:28:29,45.7934864,21.2398034,16.45,iulius_dumbravita,car,1,synthetic_gps
2026-05-21 07:28:30,45.7935949,21.23973,13.48,iulius_dumbravita,car,1,synthetic_gps
2026-05-21 07:28:31,45.7934955,21.2396703,13.07,iulius_dumbravita,car,1,synthetic_gps
2026-05-21 07:28:32,45.7936014,21.2397464,9.3,iulius_dumbravita,car,1,synthetic_gps
2026-05-21 07:28:33,45.7935734,21.239805,12.93,iulius_dumbravita,car,1,synthetic_gps
2026-05-21 07:28:34,45.7936193,21.239791,10.51,iulius_dumbravita,car,1,synthetic_gps
2026-05-21 07:28:35,45.7935068,21.2397933,15.73,iulius_dumbravita,car,1,synthetic_gps
2026-05-21 07:28:36,45.7936445,21.2397116,17.55,iulius_dumbravita,car,1,synthetic_gps
2026-05-21 07:28:37,45.7936053,21.2397882,9.55,iulius_dumbravita,car,1,synthetic_gps
2026-05-21 07:28:38,45.7935857,21.2397926,16.93,iulius_dumbravita,car,1,synthetic_gps
2026-05-21 07:28:39,45.7935973,21.2396905,13.04,iulius_dumbravita,car,1,synthetic_gps
2026-05-21 07:28:40,45.7937082,21.239869,12.62,iulius_dumbravita,car,1,synthetic_gps
2026-05-21 07:28:41,45.793752,21.2398193,13.72,iulius_dumbravita,car,1,synthetic_gps
2026-05-21 07:28:42,45.7936531,21.239856,6.42,iulius_dumbravita,car,1,synthetic_gps
2026-05-21 07:28:43,45.7936632,21.2398856,9.26,iulius_dumbravita,car,1,synthetic_gps
2026-05-21 07:28:44,45.7937971,21.2398492,13.07,iulius_dumbravita,car,1,synthetic_gps
2026-05-21 07:28:45,45.7937074,21.2400099,15.11,iulius_dumbravita,car,1,synthetic_gps
2026-05-21 07:28:46,45.7938459,21.2397724,12.32,iulius_dumbravita,car,1,synthetic_gps
2026-05-21 07:28:47,45.7938443,21.2399012,12.13,iulius_dumbravita,car,1,synthetic_gps
2026-05-21 07:28:48,45.7938342,21.2398285,11.83,iulius_dumbravita,car,1,synthetic_gps
2026-05-21 07:28:49,45.793794,21.2399285,11.52,iulius_dumbravita,car,1,synthetic_gps
2026-05-21 07:28:50,45.7937294,21.2399834,17.93,iulius_dumbravita,car,1,synthetic_gps
2026-05-21 07:28:51,45.7937927,21.2398273,14.65,iulius_dumbravita,car,1,synthetic_gps
2026-05-21 07:28:52,45.7938219,21.2400109,14.43,iulius_dumbravita,car,1,synthetic_gps
2026-05-21 07:28:53,45.793989,21.2398478,18.25,iulius_dumbravita,car,1,synthetic_gps
2026-05-21 07:28:54,45.7938526,21.2399252,14.23,iulius_dumbravita,car,1,synthetic_gps
2026-05-21 07:28:55,45.7939348,21.2398992,6.23,iulius_dumbravita,car,1,synthetic_gps
2026-05-21 07:28:56,45.7938593,21.2399419,14.23,iulius_dumbravita,car,1,synthetic_gps
2026-05-21 07:28:57,45.7939037,21.2399885,15.93,iulius_dumbravita,car,1,synthetic_gps
2026-05-21 07:28:58,45.7939192,21.239953,14.78,iulius_dumbravita,car,1,synthetic_gps
2026-05-21 07:28:59,45.7939725,21.2399291,16.69,iulius_dumbravita,car,1,synthetic_gps
