timestamp,latitude,longitude,speed_kmh,route_id,transport_mode,is_peak_hour,source
2026-05-21 17:44:00,45.7710362,21.2295609,16.85,iulius_airport,car,1,synthetic_gps
2026-05-21 17:44:01,45.7710724,21.2295102,21.25,iulius_airport,car,1,synthetic_gps
2026-05-21 17:44:02,45.7711812,21.2295135,21.04,iulius_airport,car,1,synthetic_gps
2026-05-21 17:44:03,45.7711204,21.229571,13.04,iulius_airport,car,1,synthetic_gps
2026-05-21 17:44:04,45.7711477,21.2295713,16.63,iulius_airport,car,1,synthetic_gps
2026-05-21 17:44:05,45.7711185,21.2298113,16.56,iulius_airport,car,1,synthetic_gps
2026-05-21 17:44:06,45.771116,21.229702,17.54,iulius_airport,car,1,synthetic_gps
2026-05-21 17:44:07,45.7712518,21.2297441,20.74,iulius_airport,car,1,synthetic_gps
2026-05-21 17:44:08,45.7712278,21.2297035,13.28,iulius_airport,car,1,synthetic_gps
2026-05-21 17:44:09,45.7712226,21.2297655,11.99,iulius_airport,car,1,synthetic_gps
2026-05-21 17:44:10,45.7711645,21.2298861,19.99,iulius_airport,car,1,synthetic_gps
2026-05-21 17:44:11,45.7711597,21.2297314,11.99,iulius_airport,car,1,synthetic_gps
2026-05-21 17:44:12,45.7710979,21.2298335,19.99,iulius_airport,car,1,synthetic_gps
2026-05-21 17:44:13,45.7710712,21.229922,17.41,iulius_airport,car,1,synthetic_gps
2026-05-21 17:44:14,45.7710484,21.2298975,24.36,iulius_airport,car,1,synthetic_gps
2026-05-21 17:44:15,45.7711164,21.2298863,16.36,iulius_airport,car,1,synthetic_gps
2026-05-21 17:44:16,45.7712148,21.2300142,16.53,iulius_airport,car,1,synthetic_gps
2026-05-21 17:44:17,45.7712764,21.2300251,24.53,iulius_airport,car,1,synthetic_gps
2026-05-21 17:44:18,45.7711197,21.2301269,20.24,iulius_airport,car,1,synthetic_gps
2026-05-21 17:44:19,45.7711565,21.2301929,24.66,iulius_airport,car,1,synthetic_gps
2026-05-21 17:44:20,45.7711935,21.2301362,16.66,iulius_airport,car,1,synthetic_gps
2026-05-21 17:44:21,45.771202,21.2300767,20.87,iulius_airport,car,1,synthetic_gps
2026-05-21 17:44:22,45.7712257,21.2301887,14.69,iulius_airport,car,1,synthetic_gps
2026-05-21 17:44:23,45.7712764,21.2302202,16.99,iulius_airport,car,1,synthetic_gps
2026-05-21 17:44:24,45.7712424,21.2302972,24.99,iulius_airport,car,1,synthetic_gps
2026-05-21 17:44:25,45.7712954,21.2302783,24.41,iulius_airport,car,1,synthetic_gps
2026-05-21 17:44:26,45.7713684,21.2303552,27.55,iulius_airport,car,1,synthetic_gps
2026-05-21 17:44:27,45.771277,21.2303389,19.55,iulius_airport,car,1,synthetic_gps
2026-05-21 17:44:28,45.7711679,21.2304049,17.42,iulius_airport,car,1,synthetic_gps
2026-05-21 17:44:29,45.7712425,21.230462,9.42,iulius_airport,car,1,synthetic_gps
2026-05-21 17:44:30,45.7713118,21.230583,9.18,iulius_airport,car,1,synthetic_gps
2026-05-21 17:44:31,45.7713061,21.230496,11.76,iulius_airport,car,1,synthetic_gps
2026-05-21 17:44:32,45.7712686,21.2305679,19.76,iulius_airport,car,1,synthetic_gps
2026-05-21 17:44:33,45.7713602,21.2305433,11.76,iulius_airport,car,1,synthetic_gps
2026-05-21 17:44:34,45.7713195,21.2305847,16.39,iulius_airport,car,1,synthetic_gps
2026-05-21 17:44:35,45.7713764,21.2306101,24.39,iulius_airport,car,1,synthetic_gps
2026-05-21 17:44:36,45.7713073,21.2307726,16.39,iulius_airport,car,1,synthetic_gps
2026-05-21 17:44:37,45.7713539,21.2307125,21.43,iulius_airport,car,1,synthetic_gps
2026-05-21 17:44:38,45.7713299,21.2307586,15.68,iulius_airport,car,1,synthetic_gps
2026-05-21 17:44:39,45.7713107,21.2306378,12.34,iulius_airport,car,1,synthetic_gps
2026-05-21 17:44:40,45.7713109,21.2308222,14.17,iulius_airport,car,1,synthetic_gps
2026-05-21 17:44:41,45.7713625,21.2307625,17.3,iulius_airport,car,1,synthetic_gps
2026-05-21 17:44:42,45.7713668,21.2308398,18.98,iulius_airport,car,1,synthetic_gps
2026-05-21 17:44:43,45.7712888,21.2309149,10.98,iulius_airport,car,1,synthetic_gps
2026-05-21 17:44:44,45.7714086,21.2308131,12.9,iulius_airport,car,1,synthetic_gps
2026-05-21 17:44:45,45.7714116,21.2310092,11.75,iulius_airport,car,1,synthetic_gps
2026-05-21 17:44:46,45.7714391,21.2309214,19.75,iulius_airport,car,1,synthetic_gps
2026-05-21 17:44:47,45.7713872,21.2310773,17.98,iulius_airport,car,1,synthetic_gps
2026-05-21 17:44:48,45.7715118,21.2309908,21.28,iulius_airport,car,1,synthetic_gps
2026-05-21 17:44:49,45.7713997,21.2310342,18.5,iulius_airport,car,1,synthetic_gps
2026-05-21 17:44:50,45.7714333,21.231086,16.82,iulius_airport,car,1,synthetic_gps
2026-05-21 17:44:51,45.7714353,21.2310436,15.88,iulius_airport,car,1,synthetic_gps
2026-05-21 17:44:52,45.7714458,21.2311263,10.1,iulius_airport,car,1,synthetic_gps
2026-05-21 17:44:53,45.7714471,21.2312303,14.51,iulius_airport,car,1,synthetic_gps
2026-05-21 17:44:54,45.7713808,21.2311377,16.61,iulius_airport,car,1,synthetic_gps
2026-05-21 17:44:55,45.7714274,21.2313166,11.18,iulius_airport,car,1,synthetic_gps
2026-05-21 17:44:56,45.771373,21.2312028,19.18,iulius_airport,car,1,synthetic_gps
2026-05-21 17:44:57,45.7714082,21.2312137,23.13,iulius_airport,car,1,synthetic_gps
2026-05-21 17:44:58,45.7713976,21.2313564,15.13,iulius_airport,car,1,synthetic_gps
2026-05-21 17:44:59,45.7714448,21.2313515,17.93,iulius_airport,car,1,synthetic_gps
2026-05-21 17:45:00,45.7714905,21.2314262,19.01,iulius_airport,car,1,synthetic_gps
2026-05-21 17:45:01,45.7714523,21.2314175,24.7,iulius_airport,car,1,synthetic_gps
2026-05-21 17:45:02,45.7714027,21.2315613,16.7,iulius_airport,car,1,synthetic_gps
2026-05-21 17:45:03,45.7715098,21.2315277,23.99,iulius_airport,car,1,synthetic_gps
2026-05-21 17:45:04,45.7712843,21.2316138,21.31,iulius_airport,car,1,synthetic_gps
2026-05-21 17:45:05,45.7713722,21.2316048,13.31,iulius_airport,car,1,synthetic_gps
2026-05-21 17:45:06,45.7715292,21.2316634,14.0,iulius_airport,car,1,synthetic_gps
2026-05-21 17:45:07,45.7715206,21.2316136,21.14,iulius_airport,car,1,synthetic_gps
2026-05-21 17:45:08,45.7714976,21.2315862,16.12,iulius_airport,car,1,synthetic_gps
2026-05-21 17:45:09,45.7715276,21.2316126,23.43,iulius_airport,car,1,synthetic_gps
2026-05-21 17:45:10,45.7715979,21.2317371,15.43,iulius_airport,car,1,synthetic_gps
2026-05-21 17:45:11,45.7714857,21.23175,18.17,iulius_airport,car,1,synthetic_gps
2026-05-21 17:45:12,45.7715849,21.2318096,11.64,iulius_airport,car,1,synthetic_gps
2026-05-21 17:45:13,45.7715469,21.2318977,19.64,iulius_airport,car,1,synthetic_gps
2026-05-21 17:45:14,45.771531,21.231853,22.02,iulius_airport,car,1,synthetic_gps
2026-05-21 17:45:15,45.7715878,21.2320347,21.09,iulius_airport,car,1,synthetic_gps
2026-05-21 17:45:16,45.7716589,21.231949,21.47,iulius_airport,car,1,synthetic_gps
2026-05-21 17:45:17,45.7715513,21.2319127,14.05,iulius_airport,car,1,synthetic_gps
2026-05-21 17:45:18,45.7716094,21.2320055,12.52,iulius_airport,car,1,synthetic_gps
2026-05-21 17:45:19,45.771546,21.231955,13.81,iulius_airport,car,1,synthetic_gps
2026-05-21 17:45:20,45.771576,21.2321173,16.21,iulius_airport,car,1,synthetic_gps
2026-05-21 17:45:21,45.7714642,21.2320676,10.05,iulius_airport,car,1,synthetic_gps
2026-05-21 17:45:22,45.7716251,21.2321261,18.05,iulius_airport,car,1,synthetic_gps
2026-05-21 17:45:23,45.7715103,21.2321201,26.05,iulius_airport,car,1,synthetic_gps
2026-05-21 17:45:24,45.7716308,21.2322309,34.05,iulius_airport,car,1,synthetic_gps
2026-05-21 17:45:25,45.7715639,21.2321857,35.09,iulius_airport,car,1,synthetic_gps
2026-05-21 17:45:26,45.7716039,21.232201,43.09,iulius_airport,car,1,synthetic_gps
2026-05-21 17:45:27,45.7716264,21.232315,35.09,iulius_airport,car,1,synthetic_gps
2026-05-21 17:45:28,45.7716099,21.2323664,31.4,iulius_airport,car,1,synthetic_gps
2026-05-21 17:45:29,45.7716684,21.2323685,39.4,iulius_airport,car,1,synthetic_gps
2026-05-21 17:45:30,45.7715947,21.2323799,37.43,iulius_airport,car,1,synthetic_gps
2026-05-21 17:45:31,45.7715488,21.2323812,45.43,iulius_airport,car,1,synthetic_gps
2026-05-21 17:45:32,45.7716718,21.232404,37.43,iulius_airport,car,1,synthetic_gps
2026-05-21 17:45:33,45.7715432,21.2323678,42.81,iulius_airport,car,1,synthetic_gps
2026-05-21 17:45:34,45.7716332,21.2325745,42.62,iulius_airport,car,1,synthetic_gps
2026-05-21 17:45:35,45.7715846,21.2325585,42.77,iulius_airport,car,1,synthetic_gps
2026-05-21 17:45:36,45.7716911,21.2325114,43.87,iulius_airport,car,1,synthetic_gps
2026-05-21 17:45:37,45.7716235,21.2325478,35.87,iulius_airport,car,1,synthetic_gps
2026-05-21 17:45:38,45.7717659,21.2325865,43.87,iulius_airport,car,1,synthetic_gps
2026-05-21 17:45:39,45.7716858,21.2326652,44.68,iulius_airport,car,1,synthetic_gps
2026-05-21 17:45:40,45.7716057,21.2326973,52.68,iulius_airport,car,1,synthetic_gps
2026-05-21 17:45:41,45.7717334,21.2326706,60.68,iulius_airport,car,1,synthetic_gps
2026-05-21 17:45:42,45.7717474,21.2328225,52.68,iulius_airport,car,1,synthetic_gps
2026-05-21 17:45:43,45.7716909,21.2327815,44.68,iulius_airport,car,1,synthetic_gps
2026-05-21 17:45:44,45.7716934,21.2326907,38.24,iulius_airport,car,1,synthetic_gps
2026-05-21 17:45:45,45.7717149,21.2329236,40.37,iulius_airport,car,1,synthetic_gps
2026-05-21 17:45:46,45.7717492,21.2328726,48.37,iulius_airport,car,1,synthetic_gps
2026-05-21 17:45:47,45.7716964,21.2328485,53.14,iulius_airport,car,1,synthetic_gps
2026-05-21 17:45:48,45.771706,21.2330157,59.01,iulius_airport,car,1,synthetic_gps
2026-05-21 17:45:49,45.7718436,21.2328781,51.01,iulius_airport,car,1,synthetic_gps
2026-05-21 17:45:50,45.7717858,21.2330065,43.01,iulius_airport,car,1,synthetic_gps
2026-05-21 17:45:51,45.7717079,21.2330826,41.93,iulius_airport,car,1,synthetic_gps
2026-05-21 17:45:52,45.7718139,21.2331387,48.61,iulius_airport,car,1,synthetic_gps
2026-05-21 17:45:53,45.7717331,21.2330449,56.61,iulius_airport,car,1,synthetic_gps
2026-05-21 17:45:54,45.7717425,21.2331453,48.61,iulius_airport,car,1,synthetic_gps
2026-05-21 17:45:55,45.7717827,21.2331747,40.61,iulius_airport,car,1,synthetic_gps
2026-05-21 17:45:56,45.7718362,21.2331621,44.06,iulius_airport,car,1,synthetic_gps
2026-05-21 17:45:57,45.7717495,21.2331834,43.83,iulius_airport,car,1,synthetic_gps
2026-05-21 17:45:58,45.7716954,21.2332667,51.83,iulius_airport,car,1,synthetic_gps
2026-05-21 17:45:59,45.7717847,21.23322,43.83,iulius_airport,car,1,synthetic_gps
2026-05-21 17:46:00,45.7718312,21.23341,48.76,iulius_airport,car,1,synthetic_gps
2026-05-21 17:46:01,45.7717389,21.233331,56.76,iulius_airport,car,1,synthetic_gps
2026-05-21 17:46:02,45.7718286,21.2333394,48.76,iulius_airport,car,1,synthetic_gps
2026-05-21 17:46:03,45.7719308,21.2332798,40.76,iulius_airport,car,1,synthetic_gps
2026-05-21 17:46:04,45.7717619,21.2334919,48.76,iulius_airport,car,1,synthetic_gps
2026-05-21 17:46:05,45.7717553,21.2334338,56.76,iulius_airport,car,1,synthetic_gps
2026-05-21 17:46:06,45.7716976,21.2334942,51.66,iulius_airport,car,1,synthetic_gps
2026-05-21 17:46:07,45.7719097,21.2335043,43.66,iulius_airport,car,1,synthetic_gps
2026-05-21 17:46:08,45.7719208,21.2335725,51.66,iulius_airport,car,1,synthetic_gps
2026-05-21 17:46:09,45.7718765,21.233649,43.66,iulius_airport,car,1,synthetic_gps
2026-05-21 17:46:10,45.7717497,21.2336287,51.66,iulius_airport,car,1,synthetic_gps
2026-05-21 17:46:11,45.7718531,21.233653,43.66,iulius_airport,car,1,synthetic_gps
2026-05-21 17:46:12,45.7718853,21.233687,41.76,iulius_airport,car,1,synthetic_gps
2026-05-21 17:46:13,45.7718753,21.233829,49.76,iulius_airport,car,1,synthetic_gps
2026-05-21 17:46:14,45.7719179,21.2338569,41.76,iulius_airport,car,1,synthetic_gps
2026-05-21 17:46:15,45.771853,21.2337522,43.78,iulius_airport,car,1,synthetic_gps
2026-05-21 17:46:16,45.7719302,21.2337981,43.14,iulius_airport,car,1,synthetic_gps
2026-05-21 17:46:17,45.7719179,21.2338604,35.14,iulius_airport,car,1,synthetic_gps
2026-05-21 17:46:18,45.7718684,21.2338318,43.14,iulius_airport,car,1,synthetic_gps
2026-05-21 17:46:19,45.7719432,21.2339701,35.14,iulius_airport,car,1,synthetic_gps
2026-05-21 17:46:20,45.7719962,21.2339573,30.62,iulius_airport,car,1,synthetic_gps
2026-05-21 17:46:21,45.7719355,21.2340167,38.62,iulius_airport,car,1,synthetic_gps
2026-05-21 17:46:22,45.7718694,21.2340084,46.62,iulius_airport,car,1,synthetic_gps
2026-05-21 17:46:23,45.7719915,21.2340493,38.62,iulius_airport,car,1,synthetic_gps
2026-05-21 17:46:24,45.7719319,21.2340121,46.62,iulius_airport,car,1,synthetic_gps
2026-05-21 17:46:25,45.7718975,21.2341687,54.42,iulius_airport,car,1,synthetic_gps
2026-05-21 17:46:26,45.7719083,21.2341005,46.42,iulius_airport,car,1,synthetic_gps
2026-05-21 17:46:27,45.7720268,21.2341978,54.42,iulius_airport,car,1,synthetic_gps
2026-05-21 17:46:28,45.7719391,21.2342623,58.85,iulius_airport,car,1,synthetic_gps
2026-05-21 17:46:29,45.7719506,21.2341959,50.85,iulius_airport,car,1,synthetic_gps
2026-05-21 17:46:30,45.7719742,21.2342868,58.85,iulius_airport,car,1,synthetic_gps
2026-05-21 17:46:31,45.7719798,21.23431,50.85,iulius_airport,car,1,synthetic_gps
2026-05-21 17:46:32,45.7718582,21.23441,42.85,iulius_airport,car,1,synthetic_gps
2026-05-21 17:46:33,45.7720185,21.2343858,43.66,iulius_airport,car,1,synthetic_gps
2026-05-21 17:46:34,45.7719653,21.2344,45.75,iulius_airport,car,1,synthetic_gps
2026-05-21 17:46:35,45.7719692,21.2344259,48.12,iulius_airport,car,1,synthetic_gps
2026-05-21 17:46:36,45.7720224,21.2344234,49.15,iulius_airport,car,1,synthetic_gps
2026-05-21 17:46:37,45.7720128,21.2345639,57.15,iulius_airport,car,1,synthetic_gps
2026-05-21 17:46:38,45.7719471,21.2344536,56.11,iulius_airport,car,1,synthetic_gps
2026-05-21 17:46:39,45.7720211,21.2345774,55.99,iulius_airport,car,1,synthetic_gps
2026-05-21 17:46:40,45.7719819,21.2346775,55.7,iulius_airport,car,1,synthetic_gps
2026-05-21 17:46:41,45.7719842,21.2346368,51.34,iulius_airport,car,1,synthetic_gps
2026-05-21 17:46:42,45.7720671,21.2346694,43.34,iulius_airport,car,1,synthetic_gps
2026-05-21 17:46:43,45.7721188,21.2347874,51.34,iulius_airport,car,1,synthetic_gps
2026-05-21 17:46:44,45.772052,21.2346693,43.34,iulius_airport,car,1,synthetic_gps
2026-05-21 17:46:45,45.7720757,21.2347625,51.34,iulius_airport,car,1,synthetic_gps
2026-05-21 17:46:46,45.7720551,21.2348806,59.34,iulius_airport,car,1,synthetic_gps
2026-05-21 17:46:47,45.7721449,21.2347787,51.34,iulius_airport,car,1,synthetic_gps
2026-05-21 17:46:48,45.7720651,21.2349459,59.34,iulius_airport,car,1,synthetic_gps
2026-05-21 17:46:49,45.7721439,21.2347098,54.17,iulius_airport,car,1,synthetic_gps
2026-05-21 17:46:50,45.7721096,21.2349521,46.17,iulius_airport,car,1,synthetic_gps
2026-05-21 17:46:51,45.7720947,21.2350071,54.17,iulius_airport,car,1,synthetic_gps
2026-05-21 17:46:52,45.7721354,21.2350414,46.17,iulius_airport,car,1,synthetic_gps
2026-05-21 17:46:53,45.7721038,21.2348274,38.17,iulius_airport,car,1,synthetic_gps
2026-05-21 17:46:54,45.7721223,21.2350521,46.17,iulius_airport,car,1,synthetic_gps
2026-05-21 17:46:55,45.7721494,21.2350738,47.7,iulius_airport,car,1,synthetic_gps
2026-05-21 17:46:56,45.7721788,21.2350563,45.08,iulius_airport,car,1,synthetic_gps
2026-05-21 17:46:57,45.7722617,21.2351032,43.62,iulius_airport,car,1,synthetic_gps
2026-05-21 17:46:58,45.7722377,21.2351784,47.01,iulius_airport,car,1,synthetic_gps
2026-05-21 17:46:59,45.7721534,21.2351536,39.01,iulius_airport,car,1,synthetic_gps
2026-05-21 17:47:00,45.7721859,21.2351919,31.01,iulius_airport,car,1,synthetic_gps
2026-05-21 17:47:01,45.7721059,21.235322,39.01,iulius_airport,car,1,synthetic_gps
2026-05-21 17:47:02,45.7720826,21.2353003,44.87,iulius_airport,car,1,synthetic_gps
2026-05-21 17:47:03,45.7722248,21.2352781,50.04,iulius_airport,car,1,synthetic_gps
2026-05-21 17:47:04,45.7721905,21.2353987,47.45,iulius_airport,car,1,synthetic_gps
2026-05-21 17:47:05,45.772252,21.2353544,55.45,iulius_airport,car,1,synthetic_gps
2026-05-21 17:47:06,45.7722804,21.2354472,47.45,iulius_airport,car,1,synthetic_gps
2026-05-21 17:47:07,45.7722187,21.2354231,55.45,iulius_airport,car,1,synthetic_gps
2026-05-21 17:47:08,45.7723266,21.2355134,52.01,iulius_airport,car,1,synthetic_gps
2026-05-21 17:47:09,45.7721544,21.2356096,44.01,iulius_airport,car,1,synthetic_gps
2026-05-21 17:47:10,45.7723203,21.2355677,51.25,iulius_airport,car,1,synthetic_gps
2026-05-21 17:47:11,45.7721864,21.2355978,46.66,iulius_airport,car,1,synthetic_gps
2026-05-21 17:47:12,45.7722676,21.2355599,54.66,iulius_airport,car,1,synthetic_gps
2026-05-21 17:47:13,45.7721996,21.2355985,58.45,iulius_airport,car,1,synthetic_gps
2026-05-21 17:47:14,45.772255,21.2357071,66.45,iulius_airport,car,1,synthetic_gps
2026-05-21 17:47:15,45.7721406,21.235691,58.45,iulius_airport,car,1,synthetic_gps
2026-05-21 17:47:16,45.7723825,21.2357527,50.45,iulius_airport,car,1,synthetic_gps
2026-05-21 17:47:17,45.7722479,21.2357778,42.45,iulius_airport,car,1,synthetic_gps
2026-05-21 17:47:18,45.7722898,21.2357917,50.45,iulius_airport,car,1,synthetic_gps
2026-05-21 17:47:19,45.7722772,21.2358175,58.45,iulius_airport,car,1,synthetic_gps
2026-05-21 17:47:20,45.7722345,21.235751,50.45,iulius_airport,car,1,synthetic_gps
2026-05-21 17:47:21,45.7722681,21.2359925,42.45,iulius_airport,car,1,synthetic_gps
2026-05-21 17:47:22,45.7721619,21.2359353,50.45,iulius_airport,car,1,synthetic_gps
2026-05-21 17:47:23,45.7723481,21.2358634,42.45,iulius_airport,car,1,synthetic_gps
2026-05-21 17:47:24,45.7723703,21.2359242,42.33,iulius_airport,car,1,synthetic_gps
2026-05-21 17:47:25,45.7722427,21.236051,36.69,iulius_airport,car,1,synthetic_gps
2026-05-21 17:47:26,45.7722754,21.2361202,44.69,iulius_airport,car,1,synthetic_gps
2026-05-21 17:47:27,45.7722411,21.2359426,40.63,iulius_airport,car,1,synthetic_gps
2026-05-21 17:47:28,45.7723342,21.2360691,40.52,iulius_airport,car,1,synthetic_gps
2026-05-21 17:47:29,45.7724352,21.2362968,37.59,iulius_airport,car,1,synthetic_gps
2026-05-21 17:47:30,45.7724427,21.2362022,29.59,iulius_airport,car,1,synthetic_gps
2026-05-21 17:47:31,45.772368,21.2362318,37.59,iulius_airport,car,1,synthetic_gps
2026-05-21 17:47:32,45.7722745,21.2361737,45.59,iulius_airport,car,1,synthetic_gps
2026-05-21 17:47:33,45.7724003,21.2363147,37.59,iulius_airport,car,1,synthetic_gps
2026-05-21 17:47:34,45.7723033,21.236278,29.59,iulius_airport,car,1,synthetic_gps
2026-05-21 17:47:35,45.7722458,21.2363362,21.59,iulius_airport,car,1,synthetic_gps
2026-05-21 17:47:36,45.7723861,21.2362455,29.59,iulius_airport,car,1,synthetic_gps
2026-05-21 17:47:37,45.7723546,21.2363067,36.3,iulius_airport,car,1,synthetic_gps
2026-05-21 17:47:38,45.7723389,21.236444,40.15,iulius_airport,car,1,synthetic_gps
2026-05-21 17:47:39,45.7723827,21.2364911,48.15,iulius_airport,car,1,synthetic_gps
2026-05-21 17:47:40,45.77235,21.2364783,56.15,iulius_airport,car,1,synthetic_gps
2026-05-21 17:47:41,45.7723843,21.2364965,59.2,iulius_airport,car,1,synthetic_gps
2026-05-21 17:47:42,45.7723776,21.2366444,51.2,iulius_airport,car,1,synthetic_gps
2026-05-21 17:47:43,45.7723498,21.2366066,59.2,iulius_airport,car,1,synthetic_gps
2026-05-21 17:47:44,45.772398,21.2365861,67.2,iulius_airport,car,1,synthetic_gps
2026-05-21 17:47:45,45.772381,21.2366129,59.2,iulius_airport,car,1,synthetic_gps
2026-05-21 17:47:46,45.7724171,21.2367312,51.2,iulius_airport,car,1,synthetic_gps
2026-05-21 17:47:47,45.7724714,21.2367465,59.2,iulius_airport,car,1,synthetic_gps
2026-05-21 17:47:48,45.7724005,21.2367347,51.2,iulius_airport,car,1,synthetic_gps
2026-05-21 17:47:49,45.7723889,21.2368502,52.65,iulius_airport,car,1,synthetic_gps
2026-05-21 17:47:50,45.7724286,21.2367274,49.77,iulius_airport,car,1,synthetic_gps
2026-05-21 17:47:51,45.7725156,21.2370023,41.77,iulius_airport,car,1,synthetic_gps
2026-05-21 17:47:52,45.7725189,21.2368497,33.77,iulius_airport,car,1,synthetic_gps
2026-05-21 17:47:53,45.7724029,21.2368876,41.77,iulius_airport,car,1,synthetic_gps
2026-05-21 17:47:54,45.7723307,21.2369611,48.95,iulius_airport,car,1,synthetic_gps
2026-05-21 17:47:55,45.7724345,21.2369892,56.95,iulius_airport,car,1,synthetic_gps
2026-05-21 17:47:56,45.7724169,21.2369486,48.95,iulius_airport,car,1,synthetic_gps
2026-05-21 17:47:57,45.7725018,21.2369793,53.23,iulius_airport,car,1,synthetic_gps
2026-05-21 17:47:58,45.7724107,21.2370842,45.23,iulius_airport,car,1,synthetic_gps
2026-05-21 17:47:59,45.7725305,21.2371394,49.35,iulius_airport,car,1,synthetic_gps
2026-05-21 17:48:00,45.7725713,21.237151,49.81,iulius_airport,car,1,synthetic_gps
2026-05-21 17:48:01,45.7725858,21.2372028,52.11,iulius_airport,car,1,synthetic_gps
2026-05-21 17:48:02,45.7725849,21.237224,60.11,iulius_airport,car,1,synthetic_gps
2026-05-21 17:48:03,45.7726309,21.237196,66.45,iulius_airport,car,1,synthetic_gps
2026-05-21 17:48:04,45.7723994,21.2372505,58.45,iulius_airport,car,1,synthetic_gps
2026-05-21 17:48:05,45.7724742,21.2373203,50.45,iulius_airport,car,1,synthetic_gps
2026-05-21 17:48:06,45.7726275,21.2373648,42.45,iulius_airport,car,1,synthetic_gps
2026-05-21 17:48:07,45.7724942,21.2373459,45.89,iulius_airport,car,1,synthetic_gps
2026-05-21 17:48:08,45.7725558,21.2373943,53.89,iulius_airport,car,1,synthetic_gps
2026-05-21 17:48:09,45.7724959,21.2373844,47.31,iulius_airport,car,1,synthetic_gps
2026-05-21 17:48:10,45.7724958,21.2373131,39.31,iulius_airport,car,1,synthetic_gps
2026-05-21 17:48:11,45.7726572,21.237562,31.31,iulius_airport,car,1,synthetic_gps
2026-05-21 17:48:12,45.7725185,21.2374653,39.31,iulius_airport,car,1,synthetic_gps
2026-05-21 17:48:13,45.7725585,21.2376938,47.31,iulius_airport,car,1,synthetic_gps
2026-05-21 17:48:14,45.7726247,21.2375419,40.4,iulius_airport,car,1,synthetic_gps
2026-05-21 17:48:15,45.7726445,21.237699,43.63,iulius_airport,car,1,synthetic_gps
2026-05-21 17:48:16,45.7725685,21.2376796,43.8,iulius_airport,car,1,synthetic_gps
2026-05-21 17:48:17,45.7726497,21.2377675,35.8,iulius_airport,car,1,synthetic_gps
2026-05-21 17:48:18,45.7725752,21.2377928,43.8,iulius_airport,car,1,synthetic_gps
2026-05-21 17:48:19,45.7726229,21.2378126,45.75,iulius_airport,car,1,synthetic_gps
2026-05-21 17:48:20,45.7726768,21.2377316,41.7,iulius_airport,car,1,synthetic_gps
2026-05-21 17:48:21,45.7727261,21.2378143,37.27,iulius_airport,car,1,synthetic_gps
2026-05-21 17:48:22,45.7727561,21.2377922,34.53,iulius_airport,car,1,synthetic_gps
2026-05-21 17:48:23,45.7726393,21.2379298,26.53,iulius_airport,car,1,synthetic_gps
2026-05-21 17:48:24,45.7725091,21.2378777,34.53,iulius_airport,car,1,synthetic_gps
2026-05-21 17:48:25,45.7726331,21.237842,42.31,iulius_airport,car,1,synthetic_gps
2026-05-21 17:48:26,45.772643,21.237999,49.02,iulius_airport,car,1,synthetic_gps
2026-05-21 17:48:27,45.7727334,21.2379787,48.28,iulius_airport,car,1,synthetic_gps
2026-05-21 17:48:28,45.7725725,21.2380656,40.28,iulius_airport,car,1,synthetic_gps
2026-05-21 17:48:29,45.7726052,21.2380366,48.28,iulius_airport,car,1,synthetic_gps
2026-05-21 17:48:30,45.7726443,21.2380357,40.28,iulius_airport,car,1,synthetic_gps
2026-05-21 17:48:31,45.7727416,21.2382628,32.93,iulius_airport,car,1,synthetic_gps
2026-05-21 17:48:32,45.77276,21.2382578,40.93,iulius_airport,car,1,synthetic_gps
2026-05-21 17:48:33,45.7727707,21.2381265,32.93,iulius_airport,car,1,synthetic_gps
2026-05-21 17:48:34,45.7727335,21.2381475,40.93,iulius_airport,car,1,synthetic_gps
2026-05-21 17:48:35,45.7727059,21.2383096,32.93,iulius_airport,car,1,synthetic_gps
2026-05-21 17:48:36,45.7726483,21.238203,40.93,iulius_airport,car,1,synthetic_gps
2026-05-21 17:48:37,45.7725756,21.2383429,48.93,iulius_airport,car,1,synthetic_gps
2026-05-21 17:48:38,45.7727475,21.2383403,56.93,iulius_airport,car,1,synthetic_gps
2026-05-21 17:48:39,45.7727648,21.2384298,64.93,iulius_airport,car,1,synthetic_gps
2026-05-21 17:48:40,45.7727081,21.2384062,56.93,iulius_airport,car,1,synthetic_gps
2026-05-21 17:48:41,45.7727865,21.2384625,48.93,iulius_airport,car,1,synthetic_gps
2026-05-21 17:48:42,45.7728008,21.2384802,40.93,iulius_airport,car,1,synthetic_gps
2026-05-21 17:48:43,45.7728488,21.2386062,48.93,iulius_airport,car,1,synthetic_gps
2026-05-21 17:48:44,45.772755,21.2386231,53.96,iulius_airport,car,1,synthetic_gps
2026-05-21 17:48:45,45.7727804,21.2386482,45.96,iulius_airport,car,1,synthetic_gps
2026-05-21 17:48:46,45.772785,21.2386543,37.96,iulius_airport,car,1,synthetic_gps
2026-05-21 17:48:47,45.7727346,21.2385575,45.96,iulius_airport,car,1,synthetic_gps
2026-05-21 17:48:48,45.7727509,21.2388503,53.96,iulius_airport,car,1,synthetic_gps
2026-05-21 17:48:49,45.7727768,21.2386963,45.96,iulius_airport,car,1,synthetic_gps
2026-05-21 17:48:50,45.7728176,21.2387097,49.42,iulius_airport,car,1,synthetic_gps
2026-05-21 17:48:51,45.772912,21.2387917,41.42,iulius_airport,car,1,synthetic_gps
2026-05-21 17:48:52,45.7727159,21.2388005,49.42,iulius_airport,car,1,synthetic_gps
2026-05-21 17:48:53,45.7727703,21.238806,41.42,iulius_airport,car,1,synthetic_gps
2026-05-21 17:48:54,45.7727789,21.2388549,42.86,iulius_airport,car,1,synthetic_gps
2026-05-21 17:48:55,45.7728326,21.2387757,50.86,iulius_airport,car,1,synthetic_gps
2026-05-21 17:48:56,45.7727607,21.2388473,42.86,iulius_airport,car,1,synthetic_gps
2026-05-21 17:48:57,45.7728723,21.2389333,50.86,iulius_airport,car,1,synthetic_gps
2026-05-21 17:48:58,45.7727848,21.2388195,58.86,iulius_airport,car,1,synthetic_gps
2026-05-21 17:48:59,45.7729368,21.238949,50.86,iulius_airport,car,1,synthetic_gps
2026-05-21 17:49:00,45.772871,21.2390158,42.86,iulius_airport,car,1,synthetic_gps
2026-05-21 17:49:01,45.7728168,21.239167,50.86,iulius_airport,car,1,synthetic_gps
2026-05-21 17:49:02,45.772922,21.2391153,58.86,iulius_airport,car,1,synthetic_gps
2026-05-21 17:49:03,45.7728891,21.2390955,62.24,iulius_airport,car,1,synthetic_gps
2026-05-21 17:49:04,45.772835,21.2391951,54.24,iulius_airport,car,1,synthetic_gps
2026-05-21 17:49:05,45.7729414,21.2391914,62.24,iulius_airport,car,1,synthetic_gps
2026-05-21 17:49:06,45.7728834,21.2393683,56.15,iulius_airport,car,1,synthetic_gps
2026-05-21 17:49:07,45.7729683,21.2392836,48.15,iulius_airport,car,1,synthetic_gps
2026-05-21 17:49:08,45.7729935,21.2393567,45.55,iulius_airport,car,1,synthetic_gps
2026-05-21 17:49:09,45.7729063,21.2392882,37.55,iulius_airport,car,1,synthetic_gps
2026-05-21 17:49:10,45.7729727,21.2393637,45.55,iulius_airport,car,1,synthetic_gps
2026-05-21 17:49:11,45.7729558,21.2394733,53.55,iulius_airport,car,1,synthetic_gps
2026-05-21 17:49:12,45.7728746,21.2394226,57.65,iulius_airport,car,1,synthetic_gps
2026-05-21 17:49:13,45.772874,21.2396033,49.65,iulius_airport,car,1,synthetic_gps
2026-05-21 17:49:14,45.7729104,21.2394268,49.59,iulius_airport,car,1,synthetic_gps
2026-05-21 17:49:15,45.772918,21.2395187,41.59,iulius_airport,car,1,synthetic_gps
2026-05-21 17:49:16,45.7729854,21.2396034,37.5,iulius_airport,car,1,synthetic_gps
2026-05-21 17:49:17,45.7730221,21.2396932,35.07,iulius_airport,car,1,synthetic_gps
2026-05-21 17:49:18,45.7729939,21.2396547,34.42,iulius_airport,car,1,synthetic_gps
2026-05-21 17:49:19,45.773078,21.2395842,34.3,iulius_airport,car,1,synthetic_gps
2026-05-21 17:49:20,45.7730027,21.2396162,35.85,iulius_airport,car,1,synthetic_gps
2026-05-21 17:49:21,45.7729036,21.2397427,43.85,iulius_airport,car,1,synthetic_gps
2026-05-21 17:49:22,45.7730042,21.2398008,51.85,iulius_airport,car,1,synthetic_gps
2026-05-21 17:49:23,45.7728371,21.239846,59.22,iulius_airport,car,1,synthetic_gps
2026-05-21 17:49:24,45.7730204,21.2398431,51.22,iulius_airport,car,1,synthetic_gps
2026-05-21 17:49:25,45.7730761,21.2399992,50.06,iulius_airport,car,1,synthetic_gps
2026-05-21 17:49:26,45.7730377,21.2398791,58.06,iulius_airport,car,1,synthetic_gps
2026-05-21 17:49:27,45.7729341,21.2398397,63.43,iulius_airport,car,1,synthetic_gps
2026-05-21 17:49:28,45.7731163,21.239953,55.43,iulius_airport,car,1,synthetic_gps
2026-05-21 17:49:29,45.7729813,21.239994,63.43,iulius_airport,car,1,synthetic_gps
2026-05-21 17:49:30,45.7730897,21.2400108,55.43,iulius_airport,car,1,synthetic_gps
2026-05-21 17:49:31,45.7730925,21.2399535,47.43,iulius_airport,car,1,synthetic_gps
2026-05-21 17:49:32,45.7730689,21.2401032,54.59,iulius_airport,car,1,synthetic_gps
2026-05-21 17:49:33,45.7730924,21.240148,46.59,iulius_airport,car,1,synthetic_gps
2026-05-21 17:49:34,45.7729766,21.2400897,54.59,iulius_airport,car,1,synthetic_gps
2026-05-21 17:49:35,45.7729985,21.2401116,46.59,iulius_airport,car,1,synthetic_gps
2026-05-21 17:49:36,45.7729858,21.2402659,38.59,iulius_airport,car,1,synthetic_gps
2026-05-21 17:49:37,45.773113,21.2401279,46.59,iulius_airport,car,1,synthetic_gps
2026-05-21 17:49:38,45.7730645,21.2402451,40.14,iulius_airport,car,1,synthetic_gps
2026-05-21 17:49:39,45.7730902,21.2402651,48.14,iulius_airport,car,1,synthetic_gps
2026-05-21 17:49:40,45.7731025,21.2402882,40.14,iulius_airport,car,1,synthetic_gps
2026-05-21 17:49:41,45.7731542,21.240392,48.14,iulius_airport,car,1,synthetic_gps
2026-05-21 17:49:42,45.7731718,21.2403792,56.14,iulius_airport,car,1,synthetic_gps
2026-05-21 17:49:43,45.7731101,21.2404477,52.81,iulius_airport,car,1,synthetic_gps
2026-05-21 17:49:44,45.7730289,21.2405011,52.99,iulius_airport,car,1,synthetic_gps
2026-05-21 17:49:45,45.7730829,21.2405145,44.99,iulius_airport,car,1,synthetic_gps
2026-05-21 17:49:46,45.7731726,21.240529,39.34,iulius_airport,car,1,synthetic_gps
2026-05-21 17:49:47,45.7730626,21.2405083,31.34,iulius_airport,car,1,synthetic_gps
2026-05-21 17:49:48,45.7731792,21.2406157,39.34,iulius_airport,car,1,synthetic_gps
2026-05-21 17:49:49,45.7733125,21.2406476,47.24,iulius_airport,car,1,synthetic_gps
2026-05-21 17:49:50,45.7730783,21.2405667,54.34,iulius_airport,car,1,synthetic_gps
2026-05-21 17:49:51,45.7732066,21.2407009,62.34,iulius_airport,car,1,synthetic_gps
2026-05-21 17:49:52,45.7732687,21.2406482,54.34,iulius_airport,car,1,synthetic_gps
2026-05-21 17:49:53,45.7731539,21.240923,46.34,iulius_airport,car,1,synthetic_gps
2026-05-21 17:49:54,45.7732334,21.2407468,51.59,iulius_airport,car,1,synthetic_gps
2026-05-21 17:49:55,45.7733537,21.2408521,44.84,iulius_airport,car,1,synthetic_gps
2026-05-21 17:49:56,45.7731523,21.2409501,52.84,iulius_airport,car,1,synthetic_gps
2026-05-21 17:49:57,45.7731567,21.2408056,60.82,iulius_airport,car,1,synthetic_gps
2026-05-21 17:49:58,45.7732377,21.2408183,52.82,iulius_airport,car,1,synthetic_gps
2026-05-21 17:49:59,45.7730268,21.2409964,51.4,iulius_airport,car,1,synthetic_gps
2026-05-21 17:50:00,45.7733094,21.2409798,44.35,iulius_airport,car,1,synthetic_gps
2026-05-21 17:50:01,45.773348,21.2410799,50.45,iulius_airport,car,1,synthetic_gps
2026-05-21 17:50:02,45.7732476,21.2410432,58.45,iulius_airport,car,1,synthetic_gps
2026-05-21 17:50:03,45.773293,21.2410974,50.45,iulius_airport,car,1,synthetic_gps
2026-05-21 17:50:04,45.7732553,21.2409765,47.91,iulius_airport,car,1,synthetic_gps
2026-05-21 17:50:05,45.7733316,21.241088,55.91,iulius_airport,car,1,synthetic_gps
2026-05-21 17:50:06,45.7732176,21.2411663,47.91,iulius_airport,car,1,synthetic_gps
2026-05-21 17:50:07,45.7733059,21.2411201,55.91,iulius_airport,car,1,synthetic_gps
2026-05-21 17:50:08,45.7733237,21.241246,47.91,iulius_airport,car,1,synthetic_gps
2026-05-21 17:50:09,45.7733371,21.2411704,55.91,iulius_airport,car,1,synthetic_gps
2026-05-21 17:50:10,45.7733331,21.2413855,63.55,iulius_airport,car,1,synthetic_gps
2026-05-21 17:50:11,45.7732462,21.2412154,55.55,iulius_airport,car,1,synthetic_gps
2026-05-21 17:50:12,45.7732406,21.2412466,50.55,iulius_airport,car,1,synthetic_gps
2026-05-21 17:50:13,45.7733169,21.2414773,58.55,iulius_airport,car,1,synthetic_gps
2026-05-21 17:50:14,45.7733873,21.2414037,50.55,iulius_airport,car,1,synthetic_gps
2026-05-21 17:50:15,45.7733714,21.2415078,58.55,iulius_airport,car,1,synthetic_gps
2026-05-21 17:50:16,45.7734014,21.2414774,50.55,iulius_airport,car,1,synthetic_gps
2026-05-21 17:50:17,45.7733915,21.2414898,44.16,iulius_airport,car,1,synthetic_gps
2026-05-21 17:50:18,45.7732591,21.2415125,52.16,iulius_airport,car,1,synthetic_gps
2026-05-21 17:50:19,45.7733528,21.2415108,44.16,iulius_airport,car,1,synthetic_gps
2026-05-21 17:50:20,45.7732815,21.2415555,36.16,iulius_airport,car,1,synthetic_gps
2026-05-21 17:50:21,45.773349,21.2416689,41.05,iulius_airport,car,1,synthetic_gps
2026-05-21 17:50:22,45.773374,21.2416414,48.85,iulius_airport,car,1,synthetic_gps
2026-05-21 17:50:23,45.7734668,21.2417558,52.4,iulius_airport,car,1,synthetic_gps
2026-05-21 17:50:24,45.773299,21.2417618,60.4,iulius_airport,car,1,synthetic_gps
2026-05-21 17:50:25,45.7733541,21.241676,68.4,iulius_airport,car,1,synthetic_gps
2026-05-21 17:50:26,45.7734397,21.2417674,60.4,iulius_airport,car,1,synthetic_gps
2026-05-21 17:50:27,45.7734169,21.2419093,52.4,iulius_airport,car,1,synthetic_gps
2026-05-21 17:50:28,45.7734675,21.2417781,60.4,iulius_airport,car,1,synthetic_gps
2026-05-21 17:50:29,45.7733778,21.2418828,52.4,iulius_airport,car,1,synthetic_gps
2026-05-21 17:50:30,45.7733639,21.2418733,51.81,iulius_airport,car,1,synthetic_gps
2026-05-21 17:50:31,45.7733919,21.2419929,43.81,iulius_airport,car,1,synthetic_gps
2026-05-21 17:50:32,45.7734207,21.2419272,47.67,iulius_airport,car,1,synthetic_gps
2026-05-21 17:50:33,45.773438,21.2419885,39.67,iulius_airport,car,1,synthetic_gps
2026-05-21 17:50:34,45.7733789,21.2420782,47.67,iulius_airport,car,1,synthetic_gps
2026-05-21 17:50:35,45.7734866,21.242126,50.23,iulius_airport,car,1,synthetic_gps
2026-05-21 17:50:36,45.7734177,21.242046,54.75,iulius_airport,car,1,synthetic_gps
2026-05-21 17:50:37,45.7734095,21.2422111,58.81,iulius_airport,car,1,synthetic_gps
2026-05-21 17:50:38,45.773397,21.2420823,50.81,iulius_airport,car,1,synthetic_gps
2026-05-21 17:50:39,45.7734258,21.2421701,42.81,iulius_airport,car,1,synthetic_gps
2026-05-21 17:50:40,45.7734558,21.2422541,50.81,iulius_airport,car,1,synthetic_gps
2026-05-21 17:50:41,45.7734054,21.2422063,42.81,iulius_airport,car,1,synthetic_gps
2026-05-21 17:50:42,45.773348,21.2422789,50.81,iulius_airport,car,1,synthetic_gps
2026-05-21 17:50:43,45.7734993,21.2423132,58.81,iulius_airport,car,1,synthetic_gps
2026-05-21 17:50:44,45.7734007,21.242442,66.81,iulius_airport,car,1,synthetic_gps
2026-05-21 17:50:45,45.773388,21.2423844,58.81,iulius_airport,car,1,synthetic_gps
2026-05-21 17:50:46,45.7734159,21.242434,50.81,iulius_airport,car,1,synthetic_gps
2026-05-21 17:50:47,45.7735227,21.242458,46.33,iulius_airport,car,1,synthetic_gps
2026-05-21 17:50:48,45.7735592,21.2425243,54.33,iulius_airport,car,1,synthetic_gps
2026-05-21 17:50:49,45.773477,21.2425829,46.33,iulius_airport,car,1,synthetic_gps
2026-05-21 17:50:50,45.7734225,21.2426512,46.26,iulius_airport,car,1,synthetic_gps
2026-05-21 17:50:51,45.7736092,21.2426269,54.26,iulius_airport,car,1,synthetic_gps
2026-05-21 17:50:52,45.7734319,21.2426528,55.23,iulius_airport,car,1,synthetic_gps
2026-05-21 17:50:53,45.7735647,21.2426038,63.23,iulius_airport,car,1,synthetic_gps
2026-05-21 17:50:54,45.7735558,21.2427743,58.74,iulius_airport,car,1,synthetic_gps
2026-05-21 17:50:55,45.7736273,21.2428334,50.74,iulius_airport,car,1,synthetic_gps
2026-05-21 17:50:56,45.7735163,21.2428963,50.21,iulius_airport,car,1,synthetic_gps
2026-05-21 17:50:57,45.7735891,21.2428903,46.84,iulius_airport,car,1,synthetic_gps
2026-05-21 17:50:58,45.7736553,21.2428922,54.84,iulius_airport,car,1,synthetic_gps
2026-05-21 17:50:59,45.7735454,21.242871,46.84,iulius_airport,car,1,synthetic_gps
2026-05-21 17:51:00,45.7735845,21.2429258,49.53,iulius_airport,car,1,synthetic_gps
2026-05-21 17:51:01,45.7735502,21.2430887,57.53,iulius_airport,car,1,synthetic_gps
2026-05-21 17:51:02,45.773659,21.2430234,65.53,iulius_airport,car,1,synthetic_gps
2026-05-21 17:51:03,45.7736863,21.2431782,68.58,iulius_airport,car,1,synthetic_gps
2026-05-21 17:51:04,45.7735882,21.2432401,60.58,iulius_airport,car,1,synthetic_gps
2026-05-21 17:51:05,45.7734452,21.2432303,52.58,iulius_airport,car,1,synthetic_gps
2026-05-21 17:51:06,45.7736541,21.2432369,60.58,iulius_airport,car,1,synthetic_gps
2026-05-21 17:51:07,45.7735825,21.2432923,52.58,iulius_airport,car,1,synthetic_gps
2026-05-21 17:51:08,45.7736683,21.2433869,60.58,iulius_airport,car,1,synthetic_gps
2026-05-21 17:51:09,45.7736423,21.2434965,52.58,iulius_airport,car,1,synthetic_gps
2026-05-21 17:51:10,45.773719,21.2433196,60.58,iulius_airport,car,1,synthetic_gps
2026-05-21 17:51:11,45.7737806,21.2435518,52.58,iulius_airport,car,1,synthetic_gps
2026-05-21 17:51:12,45.773769,21.2434449,60.58,iulius_airport,car,1,synthetic_gps
2026-05-21 17:51:13,45.7737916,21.243622,62.75,iulius_airport,car,1,synthetic_gps
2026-05-21 17:51:14,45.7737501,21.2435691,54.75,iulius_airport,car,1,synthetic_gps
2026-05-21 17:51:15,45.773792,21.2436457,46.75,iulius_airport,car,1,synthetic_gps
2026-05-21 17:51:16,45.7737367,21.2436547,38.75,iulius_airport,car,1,synthetic_gps
2026-05-21 17:51:17,45.7736062,21.2437781,41.21,iulius_airport,car,1,synthetic_gps
2026-05-21 17:51:18,45.7737403,21.2437726,49.21,iulius_airport,car,1,synthetic_gps
2026-05-21 17:51:19,45.7736703,21.2438752,42.79,iulius_airport,car,1,synthetic_gps
2026-05-21 17:51:20,45.7738122,21.2439922,37.07,iulius_airport,car,1,synthetic_gps
2026-05-21 17:51:21,45.7736904,21.2439235,29.07,iulius_airport,car,1,synthetic_gps
2026-05-21 17:51:22,45.7736253,21.2438854,37.07,iulius_airport,car,1,synthetic_gps
2026-05-21 17:51:23,45.7739375,21.2439427,43.59,iulius_airport,car,1,synthetic_gps
2026-05-21 17:51:24,45.773792,21.2441567,35.59,iulius_airport,car,1,synthetic_gps
2026-05-21 17:51:25,45.7737535,21.2441812,39.8,iulius_airport,car,1,synthetic_gps
2026-05-21 17:51:26,45.7737268,21.2441032,47.8,iulius_airport,car,1,synthetic_gps
2026-05-21 17:51:27,45.7737935,21.2442215,47.67,iulius_airport,car,1,synthetic_gps
2026-05-21 17:51:28,45.77378,21.2442766,45.49,iulius_airport,car,1,synthetic_gps
2026-05-21 17:51:29,45.773898,21.2442044,44.66,iulius_airport,car,1,synthetic_gps
2026-05-21 17:51:30,45.7738146,21.2443354,36.66,iulius_airport,car,1,synthetic_gps
2026-05-21 17:51:31,45.7737849,21.2443254,44.66,iulius_airport,car,1,synthetic_gps
2026-05-21 17:51:32,45.7738134,21.2443572,36.66,iulius_airport,car,1,synthetic_gps
2026-05-21 17:51:33,45.7737615,21.2444848,39.5,iulius_airport,car,1,synthetic_gps
2026-05-21 17:51:34,45.7737867,21.2444638,47.5,iulius_airport,car,1,synthetic_gps
2026-05-21 17:51:35,45.7738667,21.244544,46.4,iulius_airport,car,1,synthetic_gps
2026-05-21 17:51:36,45.7738909,21.2446102,54.4,iulius_airport,car,1,synthetic_gps
2026-05-21 17:51:37,45.7739307,21.2444654,59.95,iulius_airport,car,1,synthetic_gps
2026-05-21 17:51:38,45.7739862,21.2447218,51.95,iulius_airport,car,1,synthetic_gps
2026-05-21 17:51:39,45.7739275,21.2446401,59.95,iulius_airport,car,1,synthetic_gps
2026-05-21 17:51:40,45.7739822,21.2448003,51.95,iulius_airport,car,1,synthetic_gps
2026-05-21 17:51:41,45.7739677,21.2447341,43.95,iulius_airport,car,1,synthetic_gps
2026-05-21 17:51:42,45.7738583,21.2448141,47.73,iulius_airport,car,1,synthetic_gps
2026-05-21 17:51:43,45.7739154,21.2448988,44.6,iulius_airport,car,1,synthetic_gps
2026-05-21 17:51:44,45.7739179,21.2448925,36.6,iulius_airport,car,1,synthetic_gps
2026-05-21 17:51:45,45.7739705,21.2450116,28.6,iulius_airport,car,1,synthetic_gps
2026-05-21 17:51:46,45.7739048,21.2449387,36.6,iulius_airport,car,1,synthetic_gps
2026-05-21 17:51:47,45.7740027,21.2450137,28.6,iulius_airport,car,1,synthetic_gps
2026-05-21 17:51:48,45.7739849,21.2450655,20.6,iulius_airport,car,1,synthetic_gps
2026-05-21 17:51:49,45.7740083,21.2451757,28.6,iulius_airport,car,1,synthetic_gps
2026-05-21 17:51:50,45.7738965,21.2451838,36.6,iulius_airport,car,1,synthetic_gps
2026-05-21 17:51:51,45.7739853,21.2451892,44.6,iulius_airport,car,1,synthetic_gps
2026-05-21 17:51:52,45.77389,21.2452209,43.59,iulius_airport,car,1,synthetic_gps
2026-05-21 17:51:53,45.7739609,21.2452193,51.59,iulius_airport,car,1,synthetic_gps
2026-05-21 17:51:54,45.7739629,21.2453405,59.59,iulius_airport,car,1,synthetic_gps
2026-05-21 17:51:55,45.7739848,21.2453672,51.59,iulius_airport,car,1,synthetic_gps
2026-05-21 17:51:56,45.7739321,21.2454211,50.7,iulius_airport,car,1,synthetic_gps
2026-05-21 17:51:57,45.7738979,21.2454589,42.7,iulius_airport,car,1,synthetic_gps
2026-05-21 17:51:58,45.7741302,21.2454822,35.89,iulius_airport,car,1,synthetic_gps
2026-05-21 17:51:59,45.7740051,21.2455289,27.89,iulius_airport,car,1,synthetic_gps
2026-05-21 17:52:00,45.7740887,21.2456553,35.89,iulius_airport,car,1,synthetic_gps
2026-05-21 17:52:01,45.7740948,21.2456864,36.71,iulius_airport,car,1,synthetic_gps
2026-05-21 17:52:02,45.7740832,21.2457497,44.71,iulius_airport,car,1,synthetic_gps
2026-05-21 17:52:03,45.7740453,21.2457297,52.71,iulius_airport,car,1,synthetic_gps
2026-05-21 17:52:04,45.7741164,21.2458117,47.13,iulius_airport,car,1,synthetic_gps
2026-05-21 17:52:05,45.774201,21.245822,43.86,iulius_airport,car,1,synthetic_gps
2026-05-21 17:52:06,45.7741057,21.245928,51.86,iulius_airport,car,1,synthetic_gps
2026-05-21 17:52:07,45.7741716,21.2459609,59.86,iulius_airport,car,1,synthetic_gps
2026-05-21 17:52:08,45.7741356,21.2458804,51.86,iulius_airport,car,1,synthetic_gps
2026-05-21 17:52:09,45.7741707,21.2460962,43.86,iulius_airport,car,1,synthetic_gps
2026-05-21 17:52:10,45.774169,21.2459933,51.86,iulius_airport,car,1,synthetic_gps
2026-05-21 17:52:11,45.7740507,21.246059,59.86,iulius_airport,car,1,synthetic_gps
2026-05-21 17:52:12,45.7741684,21.2460764,51.86,iulius_airport,car,1,synthetic_gps
2026-05-21 17:52:13,45.7740172,21.2462636,48.68,iulius_airport,car,1,synthetic_gps
2026-05-21 17:52:14,45.7742878,21.2461422,40.68,iulius_airport,car,1,synthetic_gps
2026-05-21 17:52:15,45.7741922,21.2463122,48.68,iulius_airport,car,1,synthetic_gps
2026-05-21 17:52:16,45.7743707,21.2463209,56.68,iulius_airport,car,1,synthetic_gps
2026-05-21 17:52:17,45.7742117,21.2463157,48.68,iulius_airport,car,1,synthetic_gps
2026-05-21 17:52:18,45.7741571,21.246326,40.68,iulius_airport,car,1,synthetic_gps
2026-05-21 17:52:19,45.7742263,21.2464925,32.68,iulius_airport,car,1,synthetic_gps
2026-05-21 17:52:20,45.7742713,21.2463785,40.68,iulius_airport,car,1,synthetic_gps
2026-05-21 17:52:21,45.7741139,21.2463802,48.68,iulius_airport,car,1,synthetic_gps
2026-05-21 17:52:22,45.7743086,21.2464701,46.62,iulius_airport,car,1,synthetic_gps
2026-05-21 17:52:23,45.7741536,21.2466646,54.62,iulius_airport,car,1,synthetic_gps
2026-05-21 17:52:24,45.774192,21.2466291,62.62,iulius_airport,car,1,synthetic_gps
2026-05-21 17:52:25,45.7741656,21.2466285,54.62,iulius_airport,car,1,synthetic_gps
2026-05-21 17:52:26,45.7741763,21.2466286,53.53,iulius_airport,car,1,synthetic_gps
2026-05-21 17:52:27,45.774236,21.2467459,45.53,iulius_airport,car,1,synthetic_gps
2026-05-21 17:52:28,45.7741434,21.2468119,39.61,iulius_airport,car,1,synthetic_gps
2026-05-21 17:52:29,45.7743016,21.2467614,39.13,iulius_airport,car,1,synthetic_gps
2026-05-21 17:52:30,45.7741666,21.2468583,38.72,iulius_airport,car,1,synthetic_gps
2026-05-21 17:52:31,45.7743289,21.2469618,46.72,iulius_airport,car,1,synthetic_gps
2026-05-21 17:52:32,45.7742103,21.2468971,49.28,iulius_airport,car,1,synthetic_gps
2026-05-21 17:52:33,45.7742705,21.2469665,54.93,iulius_airport,car,1,synthetic_gps
2026-05-21 17:52:34,45.7742681,21.2470595,46.93,iulius_airport,car,1,synthetic_gps
2026-05-21 17:52:35,45.7743833,21.247076,46.67,iulius_airport,car,1,synthetic_gps
2026-05-21 17:52:36,45.7743297,21.2472389,38.67,iulius_airport,car,1,synthetic_gps
2026-05-21 17:52:37,45.7742838,21.247092,30.67,iulius_airport,car,1,synthetic_gps
2026-05-21 17:52:38,45.7742929,21.2471936,38.67,iulius_airport,car,1,synthetic_gps
2026-05-21 17:52:39,45.7742983,21.2472857,30.67,iulius_airport,car,1,synthetic_gps
2026-05-21 17:52:40,45.7742574,21.2473172,38.67,iulius_airport,car,1,synthetic_gps
2026-05-21 17:52:41,45.774175,21.2473606,33.35,iulius_airport,car,1,synthetic_gps
2026-05-21 17:52:42,45.7743005,21.2473872,37.33,iulius_airport,car,1,synthetic_gps
2026-05-21 17:52:43,45.7743231,21.2473768,45.33,iulius_airport,car,1,synthetic_gps
2026-05-21 17:52:44,45.7742994,21.2473226,37.33,iulius_airport,car,1,synthetic_gps
2026-05-21 17:52:45,45.7742998,21.2474816,36.21,iulius_airport,car,1,synthetic_gps
2026-05-21 17:52:46,45.7743744,21.2476141,44.21,iulius_airport,car,1,synthetic_gps
2026-05-21 17:52:47,45.7744252,21.2475503,48.82,iulius_airport,car,1,synthetic_gps
2026-05-21 17:52:48,45.7744632,21.2475873,52.11,iulius_airport,car,1,synthetic_gps
2026-05-21 17:52:49,45.7744145,21.2476719,44.11,iulius_airport,car,1,synthetic_gps
2026-05-21 17:52:50,45.7744303,21.2477858,47.53,iulius_airport,car,1,synthetic_gps
2026-05-21 17:52:51,45.7744306,21.2477535,39.53,iulius_airport,car,1,synthetic_gps
2026-05-21 17:52:52,45.7744353,21.2478085,46.58,iulius_airport,car,1,synthetic_gps
2026-05-21 17:52:53,45.7745654,21.2478934,38.58,iulius_airport,car,1,synthetic_gps
2026-05-21 17:52:54,45.7744422,21.2479394,46.58,iulius_airport,car,1,synthetic_gps
2026-05-21 17:52:55,45.7744395,21.2479235,51.83,iulius_airport,car,1,synthetic_gps
2026-05-21 17:52:56,45.7743202,21.2480717,43.83,iulius_airport,car,1,synthetic_gps
2026-05-21 17:52:57,45.7743845,21.2481578,51.83,iulius_airport,car,1,synthetic_gps
2026-05-21 17:52:58,45.7745513,21.2482214,45.41,iulius_airport,car,1,synthetic_gps
2026-05-21 17:52:59,45.7744958,21.2481144,46.68,iulius_airport,car,1,synthetic_gps
2026-05-21 17:53:00,45.7743305,21.2481808,54.68,iulius_airport,car,1,synthetic_gps
2026-05-21 17:53:01,45.7744911,21.2482113,46.68,iulius_airport,car,1,synthetic_gps
2026-05-21 17:53:02,45.7744126,21.2482544,38.68,iulius_airport,car,1,synthetic_gps
2026-05-21 17:53:03,45.7744904,21.2482607,46.68,iulius_airport,car,1,synthetic_gps
2026-05-21 17:53:04,45.7745147,21.2483965,38.68,iulius_airport,car,1,synthetic_gps
2026-05-21 17:53:05,45.7744812,21.2482475,46.68,iulius_airport,car,1,synthetic_gps
2026-05-21 17:53:06,45.7745793,21.2485188,54.68,iulius_airport,car,1,synthetic_gps
2026-05-21 17:53:07,45.7745294,21.2484381,46.68,iulius_airport,car,1,synthetic_gps
2026-05-21 17:53:08,45.7745645,21.2484839,54.68,iulius_airport,car,1,synthetic_gps
2026-05-21 17:53:09,45.7745168,21.2485998,46.68,iulius_airport,car,1,synthetic_gps
2026-05-21 17:53:10,45.7745938,21.2485212,54.68,iulius_airport,car,1,synthetic_gps
2026-05-21 17:53:11,45.7744529,21.248477,53.13,iulius_airport,car,1,synthetic_gps
2026-05-21 17:53:12,45.7745278,21.248703,45.13,iulius_airport,car,1,synthetic_gps
2026-05-21 17:53:13,45.7745543,21.2486836,39.25,iulius_airport,car,1,synthetic_gps
2026-05-21 17:53:14,45.7745507,21.2487239,47.25,iulius_airport,car,1,synthetic_gps
2026-05-21 17:53:15,45.7746548,21.2488051,48.93,iulius_airport,car,1,synthetic_gps
2026-05-21 17:53:16,45.7745467,21.2488382,40.93,iulius_airport,car,1,synthetic_gps
2026-05-21 17:53:17,45.7745656,21.2489192,48.93,iulius_airport,car,1,synthetic_gps
2026-05-21 17:53:18,45.7745558,21.2488827,51.28,iulius_airport,car,1,synthetic_gps
2026-05-21 17:53:19,45.7747451,21.248943,49.83,iulius_airport,car,1,synthetic_gps
2026-05-21 17:53:20,45.7746027,21.2490595,56.72,iulius_airport,car,1,synthetic_gps
2026-05-21 17:53:21,45.7747659,21.2488852,64.72,iulius_airport,car,1,synthetic_gps
2026-05-21 17:53:22,45.7746883,21.2490231,62.11,iulius_airport,car,1,synthetic_gps
2026-05-21 17:53:23,45.7745708,21.2491032,54.11,iulius_airport,car,1,synthetic_gps
2026-05-21 17:53:24,45.7745975,21.2491941,53.72,iulius_airport,car,1,synthetic_gps
2026-05-21 17:53:25,45.7746499,21.2492948,47.55,iulius_airport,car,1,synthetic_gps
2026-05-21 17:53:26,45.7747443,21.2493583,55.55,iulius_airport,car,1,synthetic_gps
2026-05-21 17:53:27,45.7746158,21.2493962,47.55,iulius_airport,car,1,synthetic_gps
2026-05-21 17:53:28,45.77461,21.2493462,48.08,iulius_airport,car,1,synthetic_gps
2026-05-21 17:53:29,45.774689,21.2493257,56.08,iulius_airport,car,1,synthetic_gps
2026-05-21 17:53:30,45.7748366,21.2495051,48.08,iulius_airport,car,1,synthetic_gps
2026-05-21 17:53:31,45.7747366,21.2494841,56.08,iulius_airport,car,1,synthetic_gps
2026-05-21 17:53:32,45.7747849,21.2493281,48.08,iulius_airport,car,1,synthetic_gps
2026-05-21 17:53:33,45.7746414,21.2494107,50.9,iulius_airport,car,1,synthetic_gps
2026-05-21 17:53:34,45.7748458,21.2497104,42.9,iulius_airport,car,1,synthetic_gps
2026-05-21 17:53:35,45.7746796,21.2497651,50.9,iulius_airport,car,1,synthetic_gps
2026-05-21 17:53:36,45.7747826,21.2497466,58.9,iulius_airport,car,1,synthetic_gps
2026-05-21 17:53:37,45.7746686,21.2497912,66.84,iulius_airport,car,1,synthetic_gps
2026-05-21 17:53:38,45.7747743,21.249735,58.84,iulius_airport,car,1,synthetic_gps
2026-05-21 17:53:39,45.7746493,21.2498416,50.84,iulius_airport,car,1,synthetic_gps
2026-05-21 17:53:40,45.7747922,21.2499643,55.56,iulius_airport,car,1,synthetic_gps
2026-05-21 17:53:41,45.7747676,21.2498425,60.68,iulius_airport,car,1,synthetic_gps
2026-05-21 17:53:42,45.7748408,21.2499103,53.28,iulius_airport,car,1,synthetic_gps
2026-05-21 17:53:43,45.7747574,21.2500137,45.28,iulius_airport,car,1,synthetic_gps
2026-05-21 17:53:44,45.774838,21.2501323,53.28,iulius_airport,car,1,synthetic_gps
2026-05-21 17:53:45,45.7748608,21.2500914,50.59,iulius_airport,car,1,synthetic_gps
2026-05-21 17:53:46,45.7747854,21.2500503,58.28,iulius_airport,car,1,synthetic_gps
2026-05-21 17:53:47,45.7748333,21.2502277,50.28,iulius_airport,car,1,synthetic_gps
2026-05-21 17:53:48,45.7747833,21.2501628,58.28,iulius_airport,car,1,synthetic_gps
2026-05-21 17:53:49,45.7748632,21.2502279,50.28,iulius_airport,car,1,synthetic_gps
2026-05-21 17:53:50,45.7749471,21.2504135,42.28,iulius_airport,car,1,synthetic_gps
2026-05-21 17:53:51,45.7747296,21.2504945,41.79,iulius_airport,car,1,synthetic_gps
2026-05-21 17:53:52,45.774858,21.250324,41.58,iulius_airport,car,1,synthetic_gps
2026-05-21 17:53:53,45.7749212,21.2504569,41.14,iulius_airport,car,1,synthetic_gps
2026-05-21 17:53:54,45.7747925,21.2504064,33.14,iulius_airport,car,1,synthetic_gps
2026-05-21 17:53:55,45.7748432,21.250467,25.14,iulius_airport,car,1,synthetic_gps
2026-05-21 17:53:56,45.7748844,21.2504814,25.26,iulius_airport,car,1,synthetic_gps
2026-05-21 17:53:57,45.7749616,21.2506459,33.26,iulius_airport,car,1,synthetic_gps
2026-05-21 17:53:58,45.7748102,21.2505975,41.26,iulius_airport,car,1,synthetic_gps
2026-05-21 17:53:59,45.7749727,21.250599,33.26,iulius_airport,car,1,synthetic_gps
2026-05-21 17:54:00,45.7750281,21.250783,32.2,iulius_airport,car,1,synthetic_gps
2026-05-21 17:54:01,45.7748775,21.2508725,40.2,iulius_airport,car,1,synthetic_gps
2026-05-21 17:54:02,45.7749055,21.2507985,42.95,iulius_airport,car,1,synthetic_gps
2026-05-21 17:54:03,45.7749376,21.250771,40.52,iulius_airport,car,1,synthetic_gps
2026-05-21 17:54:04,45.7750729,21.2508295,38.87,iulius_airport,car,1,synthetic_gps
2026-05-21 17:54:05,45.7748125,21.2509185,30.87,iulius_airport,car,1,synthetic_gps
2026-05-21 17:54:06,45.7749133,21.2510208,38.87,iulius_airport,car,1,synthetic_gps
2026-05-21 17:54:07,45.7749983,21.2511343,46.87,iulius_airport,car,1,synthetic_gps
2026-05-21 17:54:08,45.7750267,21.2510966,49.55,iulius_airport,car,1,synthetic_gps
2026-05-21 17:54:09,45.7749467,21.2511125,41.55,iulius_airport,car,1,synthetic_gps
2026-05-21 17:54:10,45.7750138,21.2511942,49.55,iulius_airport,car,1,synthetic_gps
2026-05-21 17:54:11,45.7750218,21.2511779,41.55,iulius_airport,car,1,synthetic_gps
2026-05-21 17:54:12,45.7750318,21.2512679,49.55,iulius_airport,car,1,synthetic_gps
2026-05-21 17:54:13,45.7750019,21.2513461,54.66,iulius_airport,car,1,synthetic_gps
2026-05-21 17:54:14,45.7750059,21.2513644,46.66,iulius_airport,car,1,synthetic_gps
2026-05-21 17:54:15,45.7750589,21.2514364,52.23,iulius_airport,car,1,synthetic_gps
2026-05-21 17:54:16,45.7749735,21.251457,44.23,iulius_airport,car,1,synthetic_gps
2026-05-21 17:54:17,45.7750131,21.2515039,37.18,iulius_airport,car,1,synthetic_gps
2026-05-21 17:54:18,45.775081,21.2514115,35.19,iulius_airport,car,1,synthetic_gps
2026-05-21 17:54:19,45.774992,21.2515127,38.95,iulius_airport,car,1,synthetic_gps
2026-05-21 17:54:20,45.7750011,21.2515782,30.95,iulius_airport,car,1,synthetic_gps
2026-05-21 17:54:21,45.7751425,21.2516621,30.68,iulius_airport,car,1,synthetic_gps
2026-05-21 17:54:22,45.7750435,21.2516827,38.68,iulius_airport,car,1,synthetic_gps
2026-05-21 17:54:23,45.7750676,21.2517933,46.68,iulius_airport,car,1,synthetic_gps
2026-05-21 17:54:24,45.7752161,21.2518282,48.61,iulius_airport,car,1,synthetic_gps
2026-05-21 17:54:25,45.7751333,21.2517919,44.21,iulius_airport,car,1,synthetic_gps
2026-05-21 17:54:26,45.7752266,21.2517782,38.82,iulius_airport,car,1,synthetic_gps
2026-05-21 17:54:27,45.7751047,21.2518652,46.82,iulius_airport,car,1,synthetic_gps
2026-05-21 17:54:28,45.7751016,21.251973,38.82,iulius_airport,car,1,synthetic_gps
2026-05-21 17:54:29,45.7750817,21.2519276,30.82,iulius_airport,car,1,synthetic_gps
2026-05-21 17:54:30,45.775212,21.2519886,38.82,iulius_airport,car,1,synthetic_gps
2026-05-21 17:54:31,45.7751102,21.2520703,46.82,iulius_airport,car,1,synthetic_gps
2026-05-21 17:54:32,45.7752073,21.2521685,50.15,iulius_airport,car,1,synthetic_gps
2026-05-21 17:54:33,45.7753545,21.2520906,44.15,iulius_airport,car,1,synthetic_gps
2026-05-21 17:54:34,45.7752557,21.2522197,52.15,iulius_airport,car,1,synthetic_gps
2026-05-21 17:54:35,45.7751923,21.2522025,44.15,iulius_airport,car,1,synthetic_gps
2026-05-21 17:54:36,45.7751974,21.2523959,36.15,iulius_airport,car,1,synthetic_gps
2026-05-21 17:54:37,45.7750621,21.2523065,44.15,iulius_airport,car,1,synthetic_gps
2026-05-21 17:54:38,45.7751943,21.252295,49.11,iulius_airport,car,1,synthetic_gps
2026-05-21 17:54:39,45.7750946,21.2524032,53.98,iulius_airport,car,1,synthetic_gps
2026-05-21 17:54:40,45.7752679,21.2524988,45.98,iulius_airport,car,1,synthetic_gps
2026-05-21 17:54:41,45.7751994,21.252526,37.98,iulius_airport,car,1,synthetic_gps
2026-05-21 17:54:42,45.7752428,21.2525775,45.98,iulius_airport,car,1,synthetic_gps
2026-05-21 17:54:43,45.7752171,21.2524928,40.95,iulius_airport,car,1,synthetic_gps
2026-05-21 17:54:44,45.7751464,21.2525774,40.53,iulius_airport,car,1,synthetic_gps
2026-05-21 17:54:45,45.7751777,21.2526785,46.89,iulius_airport,car,1,synthetic_gps
2026-05-21 17:54:46,45.7752835,21.2526788,38.89,iulius_airport,car,1,synthetic_gps
2026-05-21 17:54:47,45.7752248,21.2526541,46.89,iulius_airport,car,1,synthetic_gps
2026-05-21 17:54:48,45.775242,21.2526471,54.89,iulius_airport,car,1,synthetic_gps
2026-05-21 17:54:49,45.7753523,21.2527609,46.89,iulius_airport,car,1,synthetic_gps
2026-05-21 17:54:50,45.7753431,21.2528569,52.87,iulius_airport,car,1,synthetic_gps
2026-05-21 17:54:51,45.7753455,21.2529922,60.87,iulius_airport,car,1,synthetic_gps
2026-05-21 17:54:52,45.7753524,21.2529832,68.0,iulius_airport,car,1,synthetic_gps
2026-05-21 17:54:53,45.7753808,21.2528471,71.75,iulius_airport,car,1,synthetic_gps
2026-05-21 17:54:54,45.7752063,21.2530684,63.75,iulius_airport,car,1,synthetic_gps
2026-05-21 17:54:55,45.77534,21.2531609,55.75,iulius_airport,car,1,synthetic_gps
2026-05-21 17:54:56,45.7753397,21.2532161,49.21,iulius_airport,car,1,synthetic_gps
2026-05-21 17:54:57,45.7753012,21.2531638,57.21,iulius_airport,car,1,synthetic_gps
2026-05-21 17:54:58,45.7753656,21.2532489,49.21,iulius_airport,car,1,synthetic_gps
2026-05-21 17:54:59,45.7754495,21.253303,57.21,iulius_airport,car,1,synthetic_gps
2026-05-21 17:55:00,45.7755093,21.2533451,59.57,iulius_airport,car,1,synthetic_gps
2026-05-21 17:55:01,45.7753045,21.2533925,51.57,iulius_airport,car,1,synthetic_gps
2026-05-21 17:55:02,45.7754279,21.2534294,59.57,iulius_airport,car,1,synthetic_gps
2026-05-21 17:55:03,45.7754789,21.2534222,57.74,iulius_airport,car,1,synthetic_gps
2026-05-21 17:55:04,45.7753429,21.2535308,49.74,iulius_airport,car,1,synthetic_gps
2026-05-21 17:55:05,45.775431,21.2535301,57.74,iulius_airport,car,1,synthetic_gps
2026-05-21 17:55:06,45.7753615,21.2535895,49.74,iulius_airport,car,1,synthetic_gps
2026-05-21 17:55:07,45.7753621,21.2535814,47.86,iulius_airport,car,1,synthetic_gps
2026-05-21 17:55:08,45.7752905,21.2534858,55.86,iulius_airport,car,1,synthetic_gps
2026-05-21 17:55:09,45.7754516,21.2536545,63.86,iulius_airport,car,1,synthetic_gps
2026-05-21 17:55:10,45.7754094,21.2538294,55.86,iulius_airport,car,1,synthetic_gps
2026-05-21 17:55:11,45.7754306,21.2538649,47.86,iulius_airport,car,1,synthetic_gps
2026-05-21 17:55:12,45.7752679,21.2538972,54.14,iulius_airport,car,1,synthetic_gps
2026-05-21 17:55:13,45.7754788,21.2539354,51.4,iulius_airport,car,1,synthetic_gps
2026-05-21 17:55:14,45.7755464,21.2539527,43.4,iulius_airport,car,1,synthetic_gps
2026-05-21 17:55:15,45.775379,21.2538813,51.4,iulius_airport,car,1,synthetic_gps
2026-05-21 17:55:16,45.7753963,21.2541025,59.4,iulius_airport,car,1,synthetic_gps
2026-05-21 17:55:17,45.7754492,21.2541707,51.4,iulius_airport,car,1,synthetic_gps
2026-05-21 17:55:18,45.7754212,21.2541281,57.46,iulius_airport,car,1,synthetic_gps
2026-05-21 17:55:19,45.7754898,21.2540536,49.46,iulius_airport,car,1,synthetic_gps
2026-05-21 17:55:20,45.7755464,21.2541516,41.46,iulius_airport,car,1,synthetic_gps
2026-05-21 17:55:21,45.7754516,21.254108,33.46,iulius_airport,car,1,synthetic_gps
2026-05-21 17:55:22,45.7754751,21.2542564,41.46,iulius_airport,car,1,synthetic_gps
2026-05-21 17:55:23,45.7754937,21.2542571,33.46,iulius_airport,car,1,synthetic_gps
2026-05-21 17:55:24,45.7754933,21.254336,41.46,iulius_airport,car,1,synthetic_gps
2026-05-21 17:55:25,45.7755069,21.2544024,33.46,iulius_airport,car,1,synthetic_gps
2026-05-21 17:55:26,45.7755643,21.2544122,41.46,iulius_airport,car,1,synthetic_gps
2026-05-21 17:55:27,45.7755399,21.2545291,33.46,iulius_airport,car,1,synthetic_gps
2026-05-21 17:55:28,45.7756637,21.254364,41.46,iulius_airport,car,1,synthetic_gps
2026-05-21 17:55:29,45.7755242,21.2545703,49.46,iulius_airport,car,1,synthetic_gps
2026-05-21 17:55:30,45.7756207,21.2545692,56.36,iulius_airport,car,1,synthetic_gps
2026-05-21 17:55:31,45.7756519,21.2546906,48.36,iulius_airport,car,1,synthetic_gps
2026-05-21 17:55:32,45.7755736,21.2546861,52.13,iulius_airport,car,1,synthetic_gps
2026-05-21 17:55:33,45.775564,21.2546956,44.13,iulius_airport,car,1,synthetic_gps
2026-05-21 17:55:34,45.775548,21.2548743,44.56,iulius_airport,car,1,synthetic_gps
2026-05-21 17:55:35,45.7756275,21.2548295,52.56,iulius_airport,car,1,synthetic_gps
2026-05-21 17:55:36,45.7756661,21.2548219,44.56,iulius_airport,car,1,synthetic_gps
2026-05-21 17:55:37,45.7756809,21.2549352,41.9,iulius_airport,car,1,synthetic_gps
2026-05-21 17:55:38,45.7755524,21.2549218,46.69,iulius_airport,car,1,synthetic_gps
2026-05-21 17:55:39,45.7755359,21.2550211,38.69,iulius_airport,car,1,synthetic_gps
2026-05-21 17:55:40,45.7756656,21.2550447,44.75,iulius_airport,car,1,synthetic_gps
2026-05-21 17:55:41,45.7756175,21.2551262,42.08,iulius_airport,car,1,synthetic_gps
2026-05-21 17:55:42,45.7756566,21.2550737,50.08,iulius_airport,car,1,synthetic_gps
2026-05-21 17:55:43,45.7756617,21.2550328,42.08,iulius_airport,car,1,synthetic_gps
2026-05-21 17:55:44,45.775598,21.255158,50.08,iulius_airport,car,1,synthetic_gps
2026-05-21 17:55:45,45.775692,21.2553036,54.48,iulius_airport,car,1,synthetic_gps
2026-05-21 17:55:46,45.7756641,21.2552931,46.48,iulius_airport,car,1,synthetic_gps
2026-05-21 17:55:47,45.7757001,21.2553482,38.48,iulius_airport,car,1,synthetic_gps
2026-05-21 17:55:48,45.7757852,21.2553577,30.48,iulius_airport,car,1,synthetic_gps
2026-05-21 17:55:49,45.77552,21.2554225,38.48,iulius_airport,car,1,synthetic_gps
2026-05-21 17:55:50,45.7756953,21.2553721,46.48,iulius_airport,car,1,synthetic_gps
2026-05-21 17:55:51,45.7756694,21.2554325,50.19,iulius_airport,car,1,synthetic_gps
2026-05-21 17:55:52,45.7756316,21.2555761,58.19,iulius_airport,car,1,synthetic_gps
2026-05-21 17:55:53,45.7758263,21.2556162,50.19,iulius_airport,car,1,synthetic_gps
2026-05-21 17:55:54,45.7756992,21.2555793,58.19,iulius_airport,car,1,synthetic_gps
2026-05-21 17:55:55,45.7756976,21.2555978,52.82,iulius_airport,car,1,synthetic_gps
2026-05-21 17:55:56,45.7757335,21.2556618,44.82,iulius_airport,car,1,synthetic_gps
2026-05-21 17:55:57,45.7759236,21.255875,52.82,iulius_airport,car,1,synthetic_gps
2026-05-21 17:55:58,45.7758509,21.2558455,50.06,iulius_airport,car,1,synthetic_gps
2026-05-21 17:55:59,45.7756838,21.2558527,52.73,iulius_airport,car,1,synthetic_gps
2026-05-21 17:56:00,45.7757916,21.2559689,60.73,iulius_airport,car,1,synthetic_gps
2026-05-21 17:56:01,45.7757562,21.2560018,58.66,iulius_airport,car,1,synthetic_gps
2026-05-21 17:56:02,45.7758468,21.2559438,66.66,iulius_airport,car,1,synthetic_gps
2026-05-21 17:56:03,45.7757537,21.2560294,58.66,iulius_airport,car,1,synthetic_gps
2026-05-21 17:56:04,45.775873,21.2560087,66.66,iulius_airport,car,1,synthetic_gps
2026-05-21 17:56:05,45.7757901,21.2560957,58.66,iulius_airport,car,1,synthetic_gps
2026-05-21 17:56:06,45.7758248,21.2561105,55.26,iulius_airport,car,1,synthetic_gps
2026-05-21 17:56:07,45.7759083,21.2560903,47.26,iulius_airport,car,1,synthetic_gps
2026-05-21 17:56:08,45.7758547,21.2562491,49.73,iulius_airport,car,1,synthetic_gps
2026-05-21 17:56:09,45.7759055,21.2563046,57.73,iulius_airport,car,1,synthetic_gps
2026-05-21 17:56:10,45.7758065,21.2563314,49.73,iulius_airport,car,1,synthetic_gps
2026-05-21 17:56:11,45.7757655,21.2562962,45.89,iulius_airport,car,1,synthetic_gps
2026-05-21 17:56:12,45.7758163,21.2564117,53.89,iulius_airport,car,1,synthetic_gps
2026-05-21 17:56:13,45.7758702,21.2563415,45.89,iulius_airport,car,1,synthetic_gps
2026-05-21 17:56:14,45.7758225,21.2566341,53.89,iulius_airport,car,1,synthetic_gps
2026-05-21 17:56:15,45.775779,21.2565835,45.89,iulius_airport,car,1,synthetic_gps
2026-05-21 17:56:16,45.7759171,21.256525,53.17,iulius_airport,car,1,synthetic_gps
2026-05-21 17:56:17,45.775919,21.256514,61.17,iulius_airport,car,1,synthetic_gps
2026-05-21 17:56:18,45.7759061,21.256602,53.17,iulius_airport,car,1,synthetic_gps
2026-05-21 17:56:19,45.7759512,21.2567859,45.17,iulius_airport,car,1,synthetic_gps
2026-05-21 17:56:20,45.7759172,21.2567376,37.17,iulius_airport,car,1,synthetic_gps
2026-05-21 17:56:21,45.7760034,21.2566706,29.17,iulius_airport,car,1,synthetic_gps
2026-05-21 17:56:22,45.7758585,21.2567624,37.17,iulius_airport,car,1,synthetic_gps
2026-05-21 17:56:23,45.7759565,21.2568656,45.17,iulius_airport,car,1,synthetic_gps
2026-05-21 17:56:24,45.7759969,21.2568878,37.17,iulius_airport,car,1,synthetic_gps
2026-05-21 17:56:25,45.7759412,21.2569356,32.37,iulius_airport,car,1,synthetic_gps
2026-05-21 17:56:26,45.7760231,21.2569017,24.37,iulius_airport,car,1,synthetic_gps
2026-05-21 17:56:27,45.7758779,21.2570674,32.37,iulius_airport,car,1,synthetic_gps
2026-05-21 17:56:28,45.7760219,21.2570256,40.37,iulius_airport,car,1,synthetic_gps
2026-05-21 17:56:29,45.7761072,21.2571953,34.13,iulius_airport,car,1,synthetic_gps
2026-05-21 17:56:30,45.7760384,21.2570926,42.13,iulius_airport,car,1,synthetic_gps
2026-05-21 17:56:31,45.7761043,21.2572089,37.11,iulius_airport,car,1,synthetic_gps
2026-05-21 17:56:32,45.7760566,21.2573521,45.11,iulius_airport,car,1,synthetic_gps
2026-05-21 17:56:33,45.7761588,21.2574351,37.11,iulius_airport,car,1,synthetic_gps
2026-05-21 17:56:34,45.7759799,21.2572967,45.11,iulius_airport,car,1,synthetic_gps
2026-05-21 17:56:35,45.7758925,21.2574392,37.11,iulius_airport,car,1,synthetic_gps
2026-05-21 17:56:36,45.776099,21.2574393,45.11,iulius_airport,car,1,synthetic_gps
2026-05-21 17:56:37,45.7761633,21.2573209,53.11,iulius_airport,car,1,synthetic_gps
2026-05-21 17:56:38,45.7761664,21.2575423,45.11,iulius_airport,car,1,synthetic_gps
2026-05-21 17:56:39,45.7760266,21.2576462,53.11,iulius_airport,car,1,synthetic_gps
2026-05-21 17:56:40,45.776211,21.2575982,54.58,iulius_airport,car,1,synthetic_gps
2026-05-21 17:56:41,45.7761334,21.2576876,62.58,iulius_airport,car,1,synthetic_gps
2026-05-21 17:56:42,45.7762196,21.2576144,54.58,iulius_airport,car,1,synthetic_gps
2026-05-21 17:56:43,45.7760228,21.2575644,46.58,iulius_airport,car,1,synthetic_gps
2026-05-21 17:56:44,45.7761836,21.2577347,46.62,iulius_airport,car,1,synthetic_gps
2026-05-21 17:56:45,45.7761815,21.2578246,38.62,iulius_airport,car,1,synthetic_gps
2026-05-21 17:56:46,45.7761997,21.2577777,46.62,iulius_airport,car,1,synthetic_gps
2026-05-21 17:56:47,45.7761232,21.2578458,39.94,iulius_airport,car,1,synthetic_gps
2026-05-21 17:56:48,45.7761286,21.2579373,47.94,iulius_airport,car,1,synthetic_gps
2026-05-21 17:56:49,45.7761397,21.2580165,48.65,iulius_airport,car,1,synthetic_gps
2026-05-21 17:56:50,45.7761744,21.2581034,44.79,iulius_airport,car,1,synthetic_gps
2026-05-21 17:56:51,45.7761271,21.2580298,36.79,iulius_airport,car,1,synthetic_gps
2026-05-21 17:56:52,45.7761116,21.25806,34.73,iulius_airport,car,1,synthetic_gps
2026-05-21 17:56:53,45.7761006,21.2580983,42.73,iulius_airport,car,1,synthetic_gps
2026-05-21 17:56:54,45.776149,21.2581428,50.73,iulius_airport,car,1,synthetic_gps
2026-05-21 17:56:55,45.7761601,21.2581862,58.73,iulius_airport,car,1,synthetic_gps
2026-05-21 17:56:56,45.7761726,21.2582884,65.56,iulius_airport,car,1,synthetic_gps
2026-05-21 17:56:57,45.7762612,21.258331,65.64,iulius_airport,car,1,synthetic_gps
2026-05-21 17:56:58,45.7762392,21.2583894,57.64,iulius_airport,car,1,synthetic_gps
2026-05-21 17:56:59,45.776218,21.2584799,65.64,iulius_airport,car,1,synthetic_gps
2026-05-21 17:57:00,45.7761954,21.2586127,63.5,iulius_airport,car,1,synthetic_gps
2026-05-21 17:57:01,45.7762839,21.2584513,71.5,iulius_airport,car,1,synthetic_gps
2026-05-21 17:57:02,45.7761978,21.2585402,63.5,iulius_airport,car,1,synthetic_gps
2026-05-21 17:57:03,45.7761179,21.2586016,55.5,iulius_airport,car,1,synthetic_gps
2026-05-21 17:57:04,45.7762196,21.2585795,63.5,iulius_airport,car,1,synthetic_gps
2026-05-21 17:57:05,45.7761874,21.2587197,66.34,iulius_airport,car,1,synthetic_gps
2026-05-21 17:57:06,45.7763415,21.2588126,58.34,iulius_airport,car,1,synthetic_gps
2026-05-21 17:57:07,45.7762687,21.2587912,64.2,iulius_airport,car,1,synthetic_gps
2026-05-21 17:57:08,45.7762205,21.2587498,56.2,iulius_airport,car,1,synthetic_gps
2026-05-21 17:57:09,45.7763433,21.2587425,48.2,iulius_airport,car,1,synthetic_gps
2026-05-21 17:57:10,45.7763468,21.2588755,56.2,iulius_airport,car,1,synthetic_gps
2026-05-21 17:57:11,45.7763419,21.2588757,58.64,iulius_airport,car,1,synthetic_gps
2026-05-21 17:57:12,45.776307,21.258904,50.64,iulius_airport,car,1,synthetic_gps
2026-05-21 17:57:13,45.7763107,21.2590177,42.64,iulius_airport,car,1,synthetic_gps
2026-05-21 17:57:14,45.7765037,21.2590645,50.64,iulius_airport,car,1,synthetic_gps
2026-05-21 17:57:15,45.7763167,21.259107,42.64,iulius_airport,car,1,synthetic_gps
2026-05-21 17:57:16,45.776468,21.2591052,34.64,iulius_airport,car,1,synthetic_gps
2026-05-21 17:57:17,45.7764088,21.259241,42.64,iulius_airport,car,1,synthetic_gps
2026-05-21 17:57:18,45.7763315,21.2592801,34.64,iulius_airport,car,1,synthetic_gps
2026-05-21 17:57:19,45.7764718,21.2592336,37.97,iulius_airport,car,1,synthetic_gps
2026-05-21 17:57:20,45.7763944,21.2592609,45.97,iulius_airport,car,1,synthetic_gps
2026-05-21 17:57:21,45.7763625,21.2593042,52.79,iulius_airport,car,1,synthetic_gps
2026-05-21 17:57:22,45.7763802,21.2594144,51.18,iulius_airport,car,1,synthetic_gps
2026-05-21 17:57:23,45.7763984,21.2594713,59.18,iulius_airport,car,1,synthetic_gps
2026-05-21 17:57:24,45.7764448,21.25956,67.18,iulius_airport,car,1,synthetic_gps
2026-05-21 17:57:25,45.7763879,21.2595363,59.18,iulius_airport,car,1,synthetic_gps
2026-05-21 17:57:26,45.77636,21.2595065,51.18,iulius_airport,car,1,synthetic_gps
2026-05-21 17:57:27,45.7763848,21.2596118,43.18,iulius_airport,car,1,synthetic_gps
2026-05-21 17:57:28,45.7764648,21.2596833,51.18,iulius_airport,car,1,synthetic_gps
2026-05-21 17:57:29,45.7764,21.2596918,43.18,iulius_airport,car,1,synthetic_gps
2026-05-21 17:57:30,45.7765229,21.2597372,35.18,iulius_airport,car,1,synthetic_gps
2026-05-21 17:57:31,45.7764953,21.2598253,40.52,iulius_airport,car,1,synthetic_gps
2026-05-21 17:57:32,45.77641,21.2598333,42.3,iulius_airport,car,1,synthetic_gps
2026-05-21 17:57:33,45.7764783,21.2599659,50.3,iulius_airport,car,1,synthetic_gps
2026-05-21 17:57:34,45.7765057,21.2598145,50.33,iulius_airport,car,1,synthetic_gps
2026-05-21 17:57:35,45.7765172,21.259783,43.32,iulius_airport,car,1,synthetic_gps
2026-05-21 17:57:36,45.7764638,21.259984,46.89,iulius_airport,car,1,synthetic_gps
2026-05-21 17:57:37,45.7764707,21.2601295,47.83,iulius_airport,car,1,synthetic_gps
2026-05-21 17:57:38,45.7763661,21.260105,55.08,iulius_airport,car,1,synthetic_gps
2026-05-21 17:57:39,45.7764851,21.2602189,63.08,iulius_airport,car,1,synthetic_gps
2026-05-21 17:57:40,45.7765307,21.2602508,55.08,iulius_airport,car,1,synthetic_gps
2026-05-21 17:57:41,45.7764836,21.2603372,47.08,iulius_airport,car,1,synthetic_gps
2026-05-21 17:57:42,45.7764925,21.2603547,45.91,iulius_airport,car,1,synthetic_gps
2026-05-21 17:57:43,45.776555,21.2603574,44.9,iulius_airport,car,1,synthetic_gps
2026-05-21 17:57:44,45.7765246,21.2605247,52.9,iulius_airport,car,1,synthetic_gps
2026-05-21 17:57:45,45.7765548,21.2605699,49.82,iulius_airport,car,1,synthetic_gps
2026-05-21 17:57:46,45.7765605,21.260561,45.58,iulius_airport,car,1,synthetic_gps
2026-05-21 17:57:47,45.7766323,21.2606254,37.58,iulius_airport,car,1,synthetic_gps
2026-05-21 17:57:48,45.7766176,21.2607059,45.58,iulius_airport,car,1,synthetic_gps
2026-05-21 17:57:49,45.7765066,21.2608401,37.58,iulius_airport,car,1,synthetic_gps
2026-05-21 17:57:50,45.7766943,21.2608087,41.8,iulius_airport,car,1,synthetic_gps
2026-05-21 17:57:51,45.77655,21.2609488,33.8,iulius_airport,car,1,synthetic_gps
2026-05-21 17:57:52,45.7766293,21.2610385,30.33,iulius_airport,car,1,synthetic_gps
2026-05-21 17:57:53,45.7766504,21.2610494,38.33,iulius_airport,car,1,synthetic_gps
2026-05-21 17:57:54,45.776544,21.2611754,46.33,iulius_airport,car,1,synthetic_gps
2026-05-21 17:57:55,45.7765922,21.2611464,42.82,iulius_airport,car,1,synthetic_gps
2026-05-21 17:57:56,45.7766374,21.2612267,34.82,iulius_airport,car,1,synthetic_gps
2026-05-21 17:57:57,45.7765353,21.2613311,42.82,iulius_airport,car,1,synthetic_gps
2026-05-21 17:57:58,45.7766585,21.2614417,50.82,iulius_airport,car,1,synthetic_gps
2026-05-21 17:57:59,45.7766252,21.2613294,43.66,iulius_airport,car,1,synthetic_gps
2026-05-21 17:58:00,45.7767304,21.2613963,45.4,iulius_airport,car,1,synthetic_gps
2026-05-21 17:58:01,45.7766852,21.2613813,53.4,iulius_airport,car,1,synthetic_gps
2026-05-21 17:58:02,45.7765843,21.2616147,53.9,iulius_airport,car,1,synthetic_gps
2026-05-21 17:58:03,45.7764703,21.2614994,45.9,iulius_airport,car,1,synthetic_gps
2026-05-21 17:58:04,45.7766897,21.2617426,37.9,iulius_airport,car,1,synthetic_gps
2026-05-21 17:58:05,45.7766006,21.2617189,45.9,iulius_airport,car,1,synthetic_gps
2026-05-21 17:58:06,45.7766689,21.2617998,53.9,iulius_airport,car,1,synthetic_gps
2026-05-21 17:58:07,45.7766957,21.2619228,52.54,iulius_airport,car,1,synthetic_gps
2026-05-21 17:58:08,45.7766473,21.2619638,44.54,iulius_airport,car,1,synthetic_gps
2026-05-21 17:58:09,45.7767212,21.2619671,36.54,iulius_airport,car,1,synthetic_gps
2026-05-21 17:58:10,45.7767385,21.2620514,43.17,iulius_airport,car,1,synthetic_gps
2026-05-21 17:58:11,45.7767459,21.2621871,51.17,iulius_airport,car,1,synthetic_gps
2026-05-21 17:58:12,45.7766296,21.2621481,55.0,iulius_airport,car,1,synthetic_gps
2026-05-21 17:58:13,45.776764,21.2622653,47.0,iulius_airport,car,1,synthetic_gps
2026-05-21 17:58:14,45.7766786,21.2624378,40.59,iulius_airport,car,1,synthetic_gps
2026-05-21 17:58:15,45.7767071,21.2624439,48.59,iulius_airport,car,1,synthetic_gps
2026-05-21 17:58:16,45.7766941,21.2624017,40.59,iulius_airport,car,1,synthetic_gps
2026-05-21 17:58:17,45.7767113,21.262533,44.43,iulius_airport,car,1,synthetic_gps
2026-05-21 17:58:18,45.7767695,21.2624857,52.43,iulius_airport,car,1,synthetic_gps
2026-05-21 17:58:19,45.776738,21.2626526,44.43,iulius_airport,car,1,synthetic_gps
2026-05-21 17:58:20,45.7767617,21.2626298,49.56,iulius_airport,car,1,synthetic_gps
2026-05-21 17:58:21,45.7767989,21.2627535,41.56,iulius_airport,car,1,synthetic_gps
2026-05-21 17:58:22,45.7768122,21.2628811,49.56,iulius_airport,car,1,synthetic_gps
2026-05-21 17:58:23,45.7767633,21.262764,41.56,iulius_airport,car,1,synthetic_gps
2026-05-21 17:58:24,45.7768236,21.2628943,41.12,iulius_airport,car,1,synthetic_gps
2026-05-21 17:58:25,45.7767841,21.262924,33.12,iulius_airport,car,1,synthetic_gps
2026-05-21 17:58:26,45.7766923,21.2629741,25.12,iulius_airport,car,1,synthetic_gps
2026-05-21 17:58:27,45.7768516,21.2632203,33.12,iulius_airport,car,1,synthetic_gps
2026-05-21 17:58:28,45.7768328,21.2633111,41.12,iulius_airport,car,1,synthetic_gps
2026-05-21 17:58:29,45.7768494,21.263287,49.12,iulius_airport,car,1,synthetic_gps
2026-05-21 17:58:30,45.7768687,21.2633045,49.5,iulius_airport,car,1,synthetic_gps
2026-05-21 17:58:31,45.7768822,21.2634919,41.5,iulius_airport,car,1,synthetic_gps
2026-05-21 17:58:32,45.7768425,21.263391,34.98,iulius_airport,car,1,synthetic_gps
2026-05-21 17:58:33,45.7767462,21.263474,42.98,iulius_airport,car,1,synthetic_gps
2026-05-21 17:58:34,45.7768686,21.2636354,34.98,iulius_airport,car,1,synthetic_gps
2026-05-21 17:58:35,45.776852,21.2636662,27.03,iulius_airport,car,1,synthetic_gps
2026-05-21 17:58:36,45.7767655,21.2637252,35.03,iulius_airport,car,1,synthetic_gps
2026-05-21 17:58:37,45.7769183,21.2636674,42.2,iulius_airport,car,1,synthetic_gps
2026-05-21 17:58:38,45.776893,21.2637304,50.2,iulius_airport,car,1,synthetic_gps
2026-05-21 17:58:39,45.7769905,21.2637849,47.68,iulius_airport,car,1,synthetic_gps
2026-05-21 17:58:40,45.7767951,21.2638716,55.68,iulius_airport,car,1,synthetic_gps
2026-05-21 17:58:41,45.7768724,21.263979,47.68,iulius_airport,car,1,synthetic_gps
2026-05-21 17:58:42,45.7768127,21.2639862,39.68,iulius_airport,car,1,synthetic_gps
2026-05-21 17:58:43,45.7768286,21.2640555,47.68,iulius_airport,car,1,synthetic_gps
2026-05-21 17:58:44,45.7769643,21.2642396,55.68,iulius_airport,car,1,synthetic_gps
2026-05-21 17:58:45,45.7769407,21.2641552,47.68,iulius_airport,car,1,synthetic_gps
2026-05-21 17:58:46,45.7768941,21.2642441,55.68,iulius_airport,car,1,synthetic_gps
2026-05-21 17:58:47,45.7769506,21.2643194,63.68,iulius_airport,car,1,synthetic_gps
2026-05-21 17:58:48,45.7768687,21.2644484,55.68,iulius_airport,car,1,synthetic_gps
2026-05-21 17:58:49,45.77695,21.2644087,47.68,iulius_airport,car,1,synthetic_gps
2026-05-21 17:58:50,45.7769954,21.2644917,39.68,iulius_airport,car,1,synthetic_gps
2026-05-21 17:58:51,45.7769579,21.2645226,47.68,iulius_airport,car,1,synthetic_gps
2026-05-21 17:58:52,45.7770043,21.2645414,41.54,iulius_airport,car,1,synthetic_gps
2026-05-21 17:58:53,45.7769582,21.26458,33.94,iulius_airport,car,1,synthetic_gps
2026-05-21 17:58:54,45.7770361,21.2646852,41.94,iulius_airport,car,1,synthetic_gps
2026-05-21 17:58:55,45.7769185,21.2648119,49.94,iulius_airport,car,1,synthetic_gps
2026-05-21 17:58:56,45.7769613,21.2648663,46.77,iulius_airport,car,1,synthetic_gps
2026-05-21 17:58:57,45.7769309,21.2648247,54.77,iulius_airport,car,1,synthetic_gps
2026-05-21 17:58:58,45.7768818,21.265075,58.7,iulius_airport,car,1,synthetic_gps
2026-05-21 17:58:59,45.777046,21.2650405,51.35,iulius_airport,car,1,synthetic_gps
2026-05-21 17:59:00,45.7770222,21.265172,43.35,iulius_airport,car,1,synthetic_gps
2026-05-21 17:59:01,45.7768817,21.2652103,35.35,iulius_airport,car,1,synthetic_gps
2026-05-21 17:59:02,45.777048,21.2652064,43.35,iulius_airport,car,1,synthetic_gps
2026-05-21 17:59:03,45.7771572,21.2653182,35.35,iulius_airport,car,1,synthetic_gps
2026-05-21 17:59:04,45.7769937,21.265457,43.35,iulius_airport,car,1,synthetic_gps
2026-05-21 17:59:05,45.7770784,21.2655283,51.35,iulius_airport,car,1,synthetic_gps
2026-05-21 17:59:06,45.7770785,21.2653298,43.35,iulius_airport,car,1,synthetic_gps
2026-05-21 17:59:07,45.7770929,21.2655335,35.35,iulius_airport,car,1,synthetic_gps
2026-05-21 17:59:08,45.7771263,21.2656013,43.35,iulius_airport,car,1,synthetic_gps
2026-05-21 17:59:09,45.7771206,21.2657271,43.53,iulius_airport,car,1,synthetic_gps
2026-05-21 17:59:10,45.7770996,21.2657554,42.95,iulius_airport,car,1,synthetic_gps
2026-05-21 17:59:11,45.7770073,21.2657707,34.95,iulius_airport,car,1,synthetic_gps
2026-05-21 17:59:12,45.7771066,21.2659934,42.95,iulius_airport,car,1,synthetic_gps
2026-05-21 17:59:13,45.7769968,21.2659027,50.95,iulius_airport,car,1,synthetic_gps
2026-05-21 17:59:14,45.777212,21.2658947,58.95,iulius_airport,car,1,synthetic_gps
2026-05-21 17:59:15,45.7771009,21.2661676,66.69,iulius_airport,car,1,synthetic_gps
2026-05-21 17:59:16,45.7769927,21.2660813,61.2,iulius_airport,car,1,synthetic_gps
2026-05-21 17:59:17,45.7771176,21.2661876,53.2,iulius_airport,car,1,synthetic_gps
2026-05-21 17:59:18,45.7770258,21.2661745,45.2,iulius_airport,car,1,synthetic_gps
2026-05-21 17:59:19,45.7770855,21.2662568,53.2,iulius_airport,car,1,synthetic_gps
2026-05-21 17:59:20,45.7771655,21.2663187,45.2,iulius_airport,car,1,synthetic_gps
2026-05-21 17:59:21,45.7771132,21.2664562,53.2,iulius_airport,car,1,synthetic_gps
2026-05-21 17:59:22,45.7772605,21.2664992,48.14,iulius_airport,car,1,synthetic_gps
2026-05-21 17:59:23,45.7770521,21.2665376,56.14,iulius_airport,car,1,synthetic_gps
2026-05-21 17:59:24,45.7772358,21.2665049,57.33,iulius_airport,car,1,synthetic_gps
2026-05-21 17:59:25,45.7771919,21.2665755,62.0,iulius_airport,car,1,synthetic_gps
2026-05-21 17:59:26,45.7772786,21.2668289,54.0,iulius_airport,car,1,synthetic_gps
2026-05-21 17:59:27,45.7771298,21.2668037,48.48,iulius_airport,car,1,synthetic_gps
2026-05-21 17:59:28,45.7771539,21.2668332,40.48,iulius_airport,car,1,synthetic_gps
2026-05-21 17:59:29,45.7771468,21.2668067,48.48,iulius_airport,car,1,synthetic_gps
2026-05-21 17:59:30,45.7771649,21.2669781,42.78,iulius_airport,car,1,synthetic_gps
2026-05-21 17:59:31,45.77719,21.2669492,49.67,iulius_airport,car,1,synthetic_gps
2026-05-21 17:59:32,45.7772538,21.2670415,56.45,iulius_airport,car,1,synthetic_gps
2026-05-21 17:59:33,45.7771556,21.2671736,48.45,iulius_airport,car,1,synthetic_gps
2026-05-21 17:59:34,45.7771569,21.2671489,56.45,iulius_airport,car,1,synthetic_gps
2026-05-21 17:59:35,45.777202,21.2673698,48.45,iulius_airport,car,1,synthetic_gps
2026-05-21 17:59:36,45.7772593,21.2672927,56.45,iulius_airport,car,1,synthetic_gps
2026-05-21 17:59:37,45.777222,21.2672862,48.45,iulius_airport,car,1,synthetic_gps
2026-05-21 17:59:38,45.7771807,21.2674488,40.45,iulius_airport,car,1,synthetic_gps
2026-05-21 17:59:39,45.7772655,21.2674996,47.59,iulius_airport,car,1,synthetic_gps
2026-05-21 17:59:40,45.7772013,21.2676427,39.59,iulius_airport,car,1,synthetic_gps
2026-05-21 17:59:41,45.777266,21.267738,47.59,iulius_airport,car,1,synthetic_gps
2026-05-21 17:59:42,45.7771861,21.2677565,50.49,iulius_airport,car,1,synthetic_gps
2026-05-21 17:59:43,45.7772862,21.2677084,44.69,iulius_airport,car,1,synthetic_gps
2026-05-21 17:59:44,45.7771971,21.2678039,36.69,iulius_airport,car,1,synthetic_gps
2026-05-21 17:59:45,45.7772652,21.26782,43.83,iulius_airport,car,1,synthetic_gps
2026-05-21 17:59:46,45.7773653,21.2680353,51.83,iulius_airport,car,1,synthetic_gps
2026-05-21 17:59:47,45.7772627,21.268009,43.83,iulius_airport,car,1,synthetic_gps
2026-05-21 17:59:48,45.7773633,21.2681921,51.83,iulius_airport,car,1,synthetic_gps
2026-05-21 17:59:49,45.7773363,21.2681645,43.83,iulius_airport,car,1,synthetic_gps
2026-05-21 17:59:50,45.7772674,21.2682075,47.35,iulius_airport,car,1,synthetic_gps
2026-05-21 17:59:51,45.7773314,21.2682774,39.35,iulius_airport,car,1,synthetic_gps
2026-05-21 17:59:52,45.7772491,21.2681977,34.82,iulius_airport,car,1,synthetic_gps
2026-05-21 17:59:53,45.7773076,21.26846,42.82,iulius_airport,car,1,synthetic_gps
2026-05-21 17:59:54,45.7772901,21.2684285,50.82,iulius_airport,car,1,synthetic_gps
2026-05-21 17:59:55,45.7773232,21.2685229,58.82,iulius_airport,car,1,synthetic_gps
2026-05-21 17:59:56,45.7773824,21.2685841,50.82,iulius_airport,car,1,synthetic_gps
2026-05-21 17:59:57,45.7773502,21.268676,42.82,iulius_airport,car,1,synthetic_gps
2026-05-21 17:59:58,45.7774372,21.2687662,50.82,iulius_airport,car,1,synthetic_gps
2026-05-21 17:59:59,45.7773805,21.2687672,58.82,iulius_airport,car,1,synthetic_gps
2026-05-21 18:00:00,45.7772918,21.2688795,50.82,iulius_airport,car,1,synthetic_gps
2026-05-21 18:00:01,45.7772939,21.2688552,42.82,iulius_airport,car,1,synthetic_gps
2026-05-21 18:00:02,45.7773504,21.26903,49.75,iulius_airport,car,1,synthetic_gps
2026-05-21 18:00:03,45.7774644,21.2690416,42.31,iulius_airport,car,1,synthetic_gps
2026-05-21 18:00:04,45.7774645,21.2691601,50.31,iulius_airport,car,1,synthetic_gps
2026-05-21 18:00:05,45.7774074,21.2690871,58.31,iulius_airport,car,1,synthetic_gps
2026-05-21 18:00:06,45.777429,21.2691798,57.65,iulius_airport,car,1,synthetic_gps
2026-05-21 18:00:07,45.7775578,21.2692477,65.65,iulius_airport,car,1,synthetic_gps
2026-05-21 18:00:08,45.777474,21.2693914,67.49,iulius_airport,car,1,synthetic_gps
2026-05-21 18:00:09,45.7774697,21.2693999,59.49,iulius_airport,car,1,synthetic_gps
2026-05-21 18:00:10,45.7774378,21.2695851,51.49,iulius_airport,car,1,synthetic_gps
2026-05-21 18:00:11,45.7775005,21.2694196,43.49,iulius_airport,car,1,synthetic_gps
2026-05-21 18:00:12,45.7774541,21.2696821,51.49,iulius_airport,car,1,synthetic_gps
2026-05-21 18:00:13,45.777493,21.2695819,53.97,iulius_airport,car,1,synthetic_gps
2026-05-21 18:00:14,45.7773742,21.2696054,46.94,iulius_airport,car,1,synthetic_gps
2026-05-21 18:00:15,45.7774123,21.2696761,51.81,iulius_airport,car,1,synthetic_gps
2026-05-21 18:00:16,45.7774254,21.2699394,43.81,iulius_airport,car,1,synthetic_gps
2026-05-21 18:00:17,45.7774703,21.2698957,51.81,iulius_airport,car,1,synthetic_gps
2026-05-21 18:00:18,45.7775183,21.2700126,43.81,iulius_airport,car,1,synthetic_gps
2026-05-21 18:00:19,45.7775049,21.269863,51.81,iulius_airport,car,1,synthetic_gps
2026-05-21 18:00:20,45.7775117,21.2700711,43.81,iulius_airport,car,1,synthetic_gps
2026-05-21 18:00:21,45.7775263,21.2700296,50.41,iulius_airport,car,1,synthetic_gps
2026-05-21 18:00:22,45.7775254,21.2702652,42.41,iulius_airport,car,1,synthetic_gps
2026-05-21 18:00:23,45.7775767,21.2702807,42.23,iulius_airport,car,1,synthetic_gps
2026-05-21 18:00:24,45.7774181,21.2702676,50.23,iulius_airport,car,1,synthetic_gps
2026-05-21 18:00:25,45.7775171,21.2703041,57.51,iulius_airport,car,1,synthetic_gps
2026-05-21 18:00:26,45.7776054,21.2704476,49.51,iulius_airport,car,1,synthetic_gps
2026-05-21 18:00:27,45.7775561,21.2704885,41.51,iulius_airport,car,1,synthetic_gps
2026-05-21 18:00:28,45.7775985,21.2705931,49.51,iulius_airport,car,1,synthetic_gps
2026-05-21 18:00:29,45.7775849,21.270595,41.51,iulius_airport,car,1,synthetic_gps
2026-05-21 18:00:30,45.7775969,21.2705967,49.51,iulius_airport,car,1,synthetic_gps
2026-05-21 18:00:31,45.7775687,21.2707858,41.51,iulius_airport,car,1,synthetic_gps
2026-05-21 18:00:32,45.7775281,21.2707002,44.64,iulius_airport,car,1,synthetic_gps
2026-05-21 18:00:33,45.7775313,21.2708488,50.17,iulius_airport,car,1,synthetic_gps
2026-05-21 18:00:34,45.7776338,21.2709107,42.17,iulius_airport,car,1,synthetic_gps
2026-05-21 18:00:35,45.7775245,21.2709881,42.82,iulius_airport,car,1,synthetic_gps
2026-05-21 18:00:36,45.7776786,21.2710807,50.82,iulius_airport,car,1,synthetic_gps
2026-05-21 18:00:37,45.7775363,21.2710781,58.82,iulius_airport,car,1,synthetic_gps
2026-05-21 18:00:38,45.7776456,21.2711724,50.82,iulius_airport,car,1,synthetic_gps
2026-05-21 18:00:39,45.7776474,21.2712034,50.19,iulius_airport,car,1,synthetic_gps
2026-05-21 18:00:40,45.7776563,21.2713871,42.19,iulius_airport,car,1,synthetic_gps
2026-05-21 18:00:41,45.7776808,21.2713498,34.19,iulius_airport,car,1,synthetic_gps
2026-05-21 18:00:42,45.7775815,21.2713601,42.19,iulius_airport,car,1,synthetic_gps
2026-05-21 18:00:43,45.777636,21.2715124,40.92,iulius_airport,car,1,synthetic_gps
2026-05-21 18:00:44,45.7777,21.2715373,32.92,iulius_airport,car,1,synthetic_gps
2026-05-21 18:00:45,45.7775998,21.2715802,24.92,iulius_airport,car,1,synthetic_gps
2026-05-21 18:00:46,45.7775837,21.2716769,32.92,iulius_airport,car,1,synthetic_gps
2026-05-21 18:00:47,45.7776805,21.2717648,40.92,iulius_airport,car,1,synthetic_gps
2026-05-21 18:00:48,45.7777432,21.2716873,43.46,iulius_airport,car,1,synthetic_gps
2026-05-21 18:00:49,45.7777476,21.2717726,38.82,iulius_airport,car,1,synthetic_gps
2026-05-21 18:00:50,45.777631,21.2719895,46.82,iulius_airport,car,1,synthetic_gps
2026-05-21 18:00:51,45.7776218,21.2720631,51.02,iulius_airport,car,1,synthetic_gps
2026-05-21 18:00:52,45.7776836,21.2718695,56.01,iulius_airport,car,1,synthetic_gps
2026-05-21 18:00:53,45.7777067,21.2720719,64.01,iulius_airport,car,1,synthetic_gps
2026-05-21 18:00:54,45.7778065,21.2721607,56.01,iulius_airport,car,1,synthetic_gps
2026-05-21 18:00:55,45.7777589,21.2721482,48.01,iulius_airport,car,1,synthetic_gps
2026-05-21 18:00:56,45.7777686,21.2721785,53.47,iulius_airport,car,1,synthetic_gps
2026-05-21 18:00:57,45.777814,21.27236,45.47,iulius_airport,car,1,synthetic_gps
2026-05-21 18:00:58,45.7777022,21.2724274,37.47,iulius_airport,car,1,synthetic_gps
2026-05-21 18:00:59,45.7776906,21.2724235,45.47,iulius_airport,car,1,synthetic_gps
2026-05-21 18:01:00,45.77774,21.2725319,37.47,iulius_airport,car,1,synthetic_gps
2026-05-21 18:01:01,45.7777464,21.2725703,29.47,iulius_airport,car,1,synthetic_gps
2026-05-21 18:01:02,45.7777662,21.272582,32.38,iulius_airport,car,1,synthetic_gps
2026-05-21 18:01:03,45.7777612,21.2726543,40.38,iulius_airport,car,1,synthetic_gps
2026-05-21 18:01:04,45.7777774,21.2727343,46.34,iulius_airport,car,1,synthetic_gps
2026-05-21 18:01:05,45.7777213,21.2728089,45.16,iulius_airport,car,1,synthetic_gps
2026-05-21 18:01:06,45.7777961,21.2728383,37.16,iulius_airport,car,1,synthetic_gps
2026-05-21 18:01:07,45.7778784,21.2728752,45.16,iulius_airport,car,1,synthetic_gps
2026-05-21 18:01:08,45.7778207,21.2730364,53.16,iulius_airport,car,1,synthetic_gps
2026-05-21 18:01:09,45.7778682,21.2731111,45.16,iulius_airport,car,1,synthetic_gps
2026-05-21 18:01:10,45.7778827,21.2731524,41.73,iulius_airport,car,1,synthetic_gps
2026-05-21 18:01:11,45.7778343,21.2731314,48.87,iulius_airport,car,1,synthetic_gps
2026-05-21 18:01:12,45.7778762,21.2731927,50.08,iulius_airport,car,1,synthetic_gps
2026-05-21 18:01:13,45.7778047,21.2733518,57.38,iulius_airport,car,1,synthetic_gps
2026-05-21 18:01:14,45.7777709,21.2733084,53.02,iulius_airport,car,1,synthetic_gps
2026-05-21 18:01:15,45.7777645,21.273303,45.02,iulius_airport,car,1,synthetic_gps
2026-05-21 18:01:16,45.777797,21.2734183,37.02,iulius_airport,car,1,synthetic_gps
2026-05-21 18:01:17,45.7779424,21.2735302,29.02,iulius_airport,car,1,synthetic_gps
2026-05-21 18:01:18,45.7779284,21.273633,37.02,iulius_airport,car,1,synthetic_gps
2026-05-21 18:01:19,45.7778435,21.2736673,45.02,iulius_airport,car,1,synthetic_gps
2026-05-21 18:01:20,45.7778467,21.2738001,53.02,iulius_airport,car,1,synthetic_gps
2026-05-21 18:01:21,45.7779287,21.2738506,61.02,iulius_airport,car,1,synthetic_gps
2026-05-21 18:01:22,45.7779818,21.27387,53.02,iulius_airport,car,1,synthetic_gps
2026-05-21 18:01:23,45.7779583,21.2740281,45.02,iulius_airport,car,1,synthetic_gps
2026-05-21 18:01:24,45.777894,21.2739642,53.02,iulius_airport,car,1,synthetic_gps
2026-05-21 18:01:25,45.7778033,21.2740393,45.02,iulius_airport,car,1,synthetic_gps
2026-05-21 18:01:26,45.7778237,21.2741259,52.52,iulius_airport,car,1,synthetic_gps
2026-05-21 18:01:27,45.7778332,21.2742363,60.52,iulius_airport,car,1,synthetic_gps
2026-05-21 18:01:28,45.777955,21.2741185,52.52,iulius_airport,car,1,synthetic_gps
2026-05-21 18:01:29,45.7778998,21.2742538,44.52,iulius_airport,car,1,synthetic_gps
2026-05-21 18:01:30,45.7779367,21.2742563,52.52,iulius_airport,car,1,synthetic_gps
2026-05-21 18:01:31,45.7779704,21.2744089,44.52,iulius_airport,car,1,synthetic_gps
2026-05-21 18:01:32,45.7779562,21.2744672,36.52,iulius_airport,car,1,synthetic_gps
2026-05-21 18:01:33,45.7780297,21.2743724,44.5,iulius_airport,car,1,synthetic_gps
2026-05-21 18:01:34,45.7780193,21.2744989,52.5,iulius_airport,car,1,synthetic_gps
2026-05-21 18:01:35,45.7779874,21.2745582,47.35,iulius_airport,car,1,synthetic_gps
2026-05-21 18:01:36,45.7780289,21.2747028,39.35,iulius_airport,car,1,synthetic_gps
2026-05-21 18:01:37,45.7780297,21.274829,31.35,iulius_airport,car,1,synthetic_gps
2026-05-21 18:01:38,45.7780568,21.2747547,39.35,iulius_airport,car,1,synthetic_gps
2026-05-21 18:01:39,45.7779538,21.2748384,47.35,iulius_airport,car,1,synthetic_gps
2026-05-21 18:01:40,45.7779997,21.274983,55.35,iulius_airport,car,1,synthetic_gps
2026-05-21 18:01:41,45.7780376,21.2750565,54.56,iulius_airport,car,1,synthetic_gps
2026-05-21 18:01:42,45.7779785,21.274962,57.28,iulius_airport,car,1,synthetic_gps
2026-05-21 18:01:43,45.7779689,21.2751412,49.28,iulius_airport,car,1,synthetic_gps
2026-05-21 18:01:44,45.7779428,21.2750653,55.64,iulius_airport,car,1,synthetic_gps
2026-05-21 18:01:45,45.7780003,21.2753459,63.64,iulius_airport,car,1,synthetic_gps
2026-05-21 18:01:46,45.7780116,21.2753952,55.64,iulius_airport,car,1,synthetic_gps
2026-05-21 18:01:47,45.7780542,21.2753966,58.39,iulius_airport,car,1,synthetic_gps
2026-05-21 18:01:48,45.7779104,21.2753782,50.39,iulius_airport,car,1,synthetic_gps
2026-05-21 18:01:49,45.7780717,21.2755364,45.75,iulius_airport,car,1,synthetic_gps
2026-05-21 18:01:50,45.7780258,21.2755424,53.75,iulius_airport,car,1,synthetic_gps
2026-05-21 18:01:51,45.7781712,21.2755575,45.75,iulius_airport,car,1,synthetic_gps
2026-05-21 18:01:52,45.778143,21.275764,48.08,iulius_airport,car,1,synthetic_gps
2026-05-21 18:01:53,45.7780611,21.2757807,41.96,iulius_airport,car,1,synthetic_gps
2026-05-21 18:01:54,45.7780441,21.2757422,49.96,iulius_airport,car,1,synthetic_gps
2026-05-21 18:01:55,45.7781244,21.2759589,41.96,iulius_airport,car,1,synthetic_gps
2026-05-21 18:01:56,45.7780887,21.2758817,49.96,iulius_airport,car,1,synthetic_gps
2026-05-21 18:01:57,45.7780639,21.2759784,57.96,iulius_airport,car,1,synthetic_gps
2026-05-21 18:01:58,45.7780936,21.2760414,65.96,iulius_airport,car,1,synthetic_gps
2026-05-21 18:01:59,45.778152,21.2761138,57.96,iulius_airport,car,1,synthetic_gps
2026-05-21 18:02:00,45.7780694,21.2762514,49.96,iulius_airport,car,1,synthetic_gps
2026-05-21 18:02:01,45.7780953,21.2762554,41.96,iulius_airport,car,1,synthetic_gps
2026-05-21 18:02:02,45.778066,21.2762769,49.96,iulius_airport,car,1,synthetic_gps
2026-05-21 18:02:03,45.7782231,21.2763539,57.96,iulius_airport,car,1,synthetic_gps
2026-05-21 18:02:04,45.7781491,21.2763355,60.38,iulius_airport,car,1,synthetic_gps
2026-05-21 18:02:05,45.7781736,21.2765029,63.25,iulius_airport,car,1,synthetic_gps
2026-05-21 18:02:06,45.7781099,21.2766179,62.22,iulius_airport,car,1,synthetic_gps
2026-05-21 18:02:07,45.7782284,21.2765817,65.17,iulius_airport,car,1,synthetic_gps
2026-05-21 18:02:08,45.7781381,21.2767491,73.17,iulius_airport,car,1,synthetic_gps
2026-05-21 18:02:09,45.778127,21.2766909,65.17,iulius_airport,car,1,synthetic_gps
2026-05-21 18:02:10,45.7781742,21.2767759,58.65,iulius_airport,car,1,synthetic_gps
2026-05-21 18:02:11,45.7781745,21.2769431,50.65,iulius_airport,car,1,synthetic_gps
2026-05-21 18:02:12,45.778227,21.2769445,58.65,iulius_airport,car,1,synthetic_gps
2026-05-21 18:02:13,45.7781503,21.2770309,66.65,iulius_airport,car,1,synthetic_gps
2026-05-21 18:02:14,45.7782535,21.2769777,58.65,iulius_airport,car,1,synthetic_gps
2026-05-21 18:02:15,45.7782135,21.2770595,62.84,iulius_airport,car,1,synthetic_gps
2026-05-21 18:02:16,45.778184,21.2771698,54.84,iulius_airport,car,1,synthetic_gps
2026-05-21 18:02:17,45.7783131,21.2772966,60.24,iulius_airport,car,1,synthetic_gps
2026-05-21 18:02:18,45.7782299,21.2773215,52.24,iulius_airport,car,1,synthetic_gps
2026-05-21 18:02:19,45.7782486,21.2773131,44.24,iulius_airport,car,1,synthetic_gps
2026-05-21 18:02:20,45.77822,21.2773153,36.24,iulius_airport,car,1,synthetic_gps
2026-05-21 18:02:21,45.7782219,21.277535,44.24,iulius_airport,car,1,synthetic_gps
2026-05-21 18:02:22,45.7782775,21.2774631,52.24,iulius_airport,car,1,synthetic_gps
2026-05-21 18:02:23,45.778251,21.2775655,44.24,iulius_airport,car,1,synthetic_gps
2026-05-21 18:02:24,45.7782895,21.2776633,38.67,iulius_airport,car,1,synthetic_gps
2026-05-21 18:02:25,45.7782671,21.277738,30.67,iulius_airport,car,1,synthetic_gps
2026-05-21 18:02:26,45.7782709,21.2777262,38.67,iulius_airport,car,1,synthetic_gps
2026-05-21 18:02:27,45.7782031,21.2778978,38.51,iulius_airport,car,1,synthetic_gps
2026-05-21 18:02:28,45.7782518,21.2777701,46.51,iulius_airport,car,1,synthetic_gps
2026-05-21 18:02:29,45.7783354,21.2778873,47.31,iulius_airport,car,1,synthetic_gps
2026-05-21 18:02:30,45.7782146,21.2779771,39.31,iulius_airport,car,1,synthetic_gps
2026-05-21 18:02:31,45.7782998,21.2780585,47.31,iulius_airport,car,1,synthetic_gps
2026-05-21 18:02:32,45.7783339,21.2780868,55.31,iulius_airport,car,1,synthetic_gps
2026-05-21 18:02:33,45.7782913,21.2781172,47.31,iulius_airport,car,1,synthetic_gps
2026-05-21 18:02:34,45.7782872,21.2784237,55.31,iulius_airport,car,1,synthetic_gps
2026-05-21 18:02:35,45.7783286,21.2782171,47.31,iulius_airport,car,1,synthetic_gps
2026-05-21 18:02:36,45.7783297,21.2783408,55.31,iulius_airport,car,1,synthetic_gps
2026-05-21 18:02:37,45.7783277,21.2784126,63.31,iulius_airport,car,1,synthetic_gps
2026-05-21 18:02:38,45.7783768,21.2785249,55.31,iulius_airport,car,1,synthetic_gps
2026-05-21 18:02:39,45.7782521,21.2785873,47.31,iulius_airport,car,1,synthetic_gps
2026-05-21 18:02:40,45.7783519,21.2785812,55.31,iulius_airport,car,1,synthetic_gps
2026-05-21 18:02:41,45.7783166,21.2787424,54.55,iulius_airport,car,1,synthetic_gps
2026-05-21 18:02:42,45.7784495,21.27878,46.55,iulius_airport,car,1,synthetic_gps
2026-05-21 18:02:43,45.7783958,21.2788256,54.55,iulius_airport,car,1,synthetic_gps
2026-05-21 18:02:44,45.7784795,21.2788654,46.55,iulius_airport,car,1,synthetic_gps
2026-05-21 18:02:45,45.7783152,21.2788329,54.55,iulius_airport,car,1,synthetic_gps
2026-05-21 18:02:46,45.7783976,21.2788879,62.55,iulius_airport,car,1,synthetic_gps
2026-05-21 18:02:47,45.7782887,21.279087,54.55,iulius_airport,car,1,synthetic_gps
2026-05-21 18:02:48,45.7783869,21.2791922,46.55,iulius_airport,car,1,synthetic_gps
2026-05-21 18:02:49,45.778409,21.2791831,54.55,iulius_airport,car,1,synthetic_gps
2026-05-21 18:02:50,45.7783274,21.2793099,50.65,iulius_airport,car,1,synthetic_gps
2026-05-21 18:02:51,45.7784672,21.2792528,43.99,iulius_airport,car,1,synthetic_gps
2026-05-21 18:02:52,45.7783492,21.2793448,35.99,iulius_airport,car,1,synthetic_gps
2026-05-21 18:02:53,45.7784659,21.2793187,40.13,iulius_airport,car,1,synthetic_gps
2026-05-21 18:02:54,45.7784088,21.2794854,48.13,iulius_airport,car,1,synthetic_gps
2026-05-21 18:02:55,45.7784187,21.2795668,56.13,iulius_airport,car,1,synthetic_gps
2026-05-21 18:02:56,45.7784556,21.2796191,61.93,iulius_airport,car,1,synthetic_gps
2026-05-21 18:02:57,45.7785759,21.2795982,53.93,iulius_airport,car,1,synthetic_gps
2026-05-21 18:02:58,45.7784112,21.2797103,45.93,iulius_airport,car,1,synthetic_gps
2026-05-21 18:02:59,45.7785384,21.2797521,53.93,iulius_airport,car,1,synthetic_gps
2026-05-21 18:03:00,45.7785056,21.2799115,52.69,iulius_airport,car,1,synthetic_gps
2026-05-21 18:03:01,45.7784772,21.2798948,60.17,iulius_airport,car,1,synthetic_gps
2026-05-21 18:03:02,45.7784836,21.2800531,52.17,iulius_airport,car,1,synthetic_gps
2026-05-21 18:03:03,45.7784658,21.2799697,60.17,iulius_airport,car,1,synthetic_gps
2026-05-21 18:03:04,45.7784276,21.2800984,68.17,iulius_airport,car,1,synthetic_gps
2026-05-21 18:03:05,45.7784948,21.2801652,60.17,iulius_airport,car,1,synthetic_gps
2026-05-21 18:03:06,45.7785162,21.2801758,52.17,iulius_airport,car,1,synthetic_gps
2026-05-21 18:03:07,45.7786546,21.2803879,60.17,iulius_airport,car,1,synthetic_gps
2026-05-21 18:03:08,45.778642,21.2803356,52.17,iulius_airport,car,1,synthetic_gps
2026-05-21 18:03:09,45.7785582,21.2803104,44.17,iulius_airport,car,1,synthetic_gps
2026-05-21 18:03:10,45.7785417,21.2804772,43.06,iulius_airport,car,1,synthetic_gps
2026-05-21 18:03:11,45.7784543,21.2804935,35.06,iulius_airport,car,1,synthetic_gps
2026-05-21 18:03:12,45.7785627,21.2806123,42.13,iulius_airport,car,1,synthetic_gps
2026-05-21 18:03:13,45.7785435,21.2806305,34.13,iulius_airport,car,1,synthetic_gps
2026-05-21 18:03:14,45.7786146,21.2807525,39.09,iulius_airport,car,1,synthetic_gps
2026-05-21 18:03:15,45.7785553,21.2807497,47.09,iulius_airport,car,1,synthetic_gps
2026-05-21 18:03:16,45.7784541,21.2809407,39.09,iulius_airport,car,1,synthetic_gps
2026-05-21 18:03:17,45.7786257,21.2808938,47.09,iulius_airport,car,1,synthetic_gps
2026-05-21 18:03:18,45.7786728,21.2809746,55.09,iulius_airport,car,1,synthetic_gps
2026-05-21 18:03:19,45.7785195,21.2810606,60.21,iulius_airport,car,1,synthetic_gps
2026-05-21 18:03:20,45.7786266,21.2811298,52.21,iulius_airport,car,1,synthetic_gps
2026-05-21 18:03:21,45.7787081,21.2811367,54.48,iulius_airport,car,1,synthetic_gps
2026-05-21 18:03:22,45.7785893,21.2812142,49.12,iulius_airport,car,1,synthetic_gps
2026-05-21 18:03:23,45.7786842,21.2812436,53.56,iulius_airport,car,1,synthetic_gps
2026-05-21 18:03:24,45.7786649,21.2813916,58.52,iulius_airport,car,1,synthetic_gps
2026-05-21 18:03:25,45.778591,21.2814823,50.52,iulius_airport,car,1,synthetic_gps
2026-05-21 18:03:26,45.7786228,21.2814032,48.38,iulius_airport,car,1,synthetic_gps
2026-05-21 18:03:27,45.77856,21.2815638,47.7,iulius_airport,car,1,synthetic_gps
2026-05-21 18:03:28,45.7787984,21.2816245,48.24,iulius_airport,car,1,synthetic_gps
2026-05-21 18:03:29,45.7787369,21.2816606,46.98,iulius_airport,car,1,synthetic_gps
2026-05-21 18:03:30,45.7787031,21.281714,54.98,iulius_airport,car,1,synthetic_gps
2026-05-21 18:03:31,45.778693,21.2818354,58.98,iulius_airport,car,1,synthetic_gps
2026-05-21 18:03:32,45.7786116,21.2818836,50.98,iulius_airport,car,1,synthetic_gps
2026-05-21 18:03:33,45.7786458,21.2819475,50.77,iulius_airport,car,1,synthetic_gps
2026-05-21 18:03:34,45.7786876,21.2818921,58.77,iulius_airport,car,1,synthetic_gps
2026-05-21 18:03:35,45.7787202,21.2820665,53.33,iulius_airport,car,1,synthetic_gps
2026-05-21 18:03:36,45.7786912,21.2820638,56.36,iulius_airport,car,1,synthetic_gps
2026-05-21 18:03:37,45.7787431,21.2820232,55.69,iulius_airport,car,1,synthetic_gps
2026-05-21 18:03:38,45.7786746,21.282273,52.67,iulius_airport,car,1,synthetic_gps
2026-05-21 18:03:39,45.778774,21.2822198,60.67,iulius_airport,car,1,synthetic_gps
2026-05-21 18:03:40,45.7787908,21.2822332,52.67,iulius_airport,car,1,synthetic_gps
2026-05-21 18:03:41,45.7787193,21.2823624,60.67,iulius_airport,car,1,synthetic_gps
2026-05-21 18:03:42,45.7787397,21.2823174,68.67,iulius_airport,car,1,synthetic_gps
2026-05-21 18:03:43,45.7786698,21.2824453,60.67,iulius_airport,car,1,synthetic_gps
2026-05-21 18:03:44,45.7787981,21.2825441,52.67,iulius_airport,car,1,synthetic_gps
2026-05-21 18:03:45,45.7787214,21.2826681,44.67,iulius_airport,car,1,synthetic_gps
2026-05-21 18:03:46,45.7787411,21.2827307,36.67,iulius_airport,car,1,synthetic_gps
2026-05-21 18:03:47,45.7788138,21.2827285,44.67,iulius_airport,car,1,synthetic_gps
2026-05-21 18:03:48,45.7788009,21.2828262,36.67,iulius_airport,car,1,synthetic_gps
2026-05-21 18:03:49,45.7787519,21.2827759,28.67,iulius_airport,car,1,synthetic_gps
2026-05-21 18:03:50,45.7788262,21.282881,29.62,iulius_airport,car,1,synthetic_gps
2026-05-21 18:03:51,45.7787921,21.2830167,37.62,iulius_airport,car,1,synthetic_gps
2026-05-21 18:03:52,45.7787196,21.2829606,40.83,iulius_airport,car,1,synthetic_gps
2026-05-21 18:03:53,45.7787692,21.2832577,34.88,iulius_airport,car,1,synthetic_gps
2026-05-21 18:03:54,45.7788529,21.2831838,32.33,iulius_airport,car,1,synthetic_gps
2026-05-21 18:03:55,45.7788032,21.2832485,39.69,iulius_airport,car,1,synthetic_gps
2026-05-21 18:03:56,45.7789035,21.283321,31.69,iulius_airport,car,1,synthetic_gps
2026-05-21 18:03:57,45.7788961,21.2833906,39.69,iulius_airport,car,1,synthetic_gps
2026-05-21 18:03:58,45.7787778,21.2833157,31.69,iulius_airport,car,1,synthetic_gps
2026-05-21 18:03:59,45.7788688,21.2835223,39.69,iulius_airport,car,1,synthetic_gps
2026-05-21 18:04:00,45.7788516,21.2834996,31.69,iulius_airport,car,1,synthetic_gps
2026-05-21 18:04:01,45.7788498,21.2834548,39.69,iulius_airport,car,1,synthetic_gps
2026-05-21 18:04:02,45.7789195,21.2836252,47.69,iulius_airport,car,1,synthetic_gps
2026-05-21 18:04:03,45.7788032,21.2837993,55.69,iulius_airport,car,1,synthetic_gps
2026-05-21 18:04:04,45.778932,21.2838047,61.22,iulius_airport,car,1,synthetic_gps
2026-05-21 18:04:05,45.7789609,21.2838586,53.22,iulius_airport,car,1,synthetic_gps
2026-05-21 18:04:06,45.7788163,21.2838274,45.22,iulius_airport,car,1,synthetic_gps
2026-05-21 18:04:07,45.7788266,21.2839971,53.22,iulius_airport,car,1,synthetic_gps
2026-05-21 18:04:08,45.7788357,21.2840233,45.22,iulius_airport,car,1,synthetic_gps
2026-05-21 18:04:09,45.7789208,21.2840904,52.93,iulius_airport,car,1,synthetic_gps
2026-05-21 18:04:10,45.7789469,21.2842504,56.01,iulius_airport,car,1,synthetic_gps
2026-05-21 18:04:11,45.7789902,21.2841662,48.01,iulius_airport,car,1,synthetic_gps
2026-05-21 18:04:12,45.7789907,21.2842209,46.76,iulius_airport,car,1,synthetic_gps
2026-05-21 18:04:13,45.7789971,21.2843389,47.85,iulius_airport,car,1,synthetic_gps
2026-05-21 18:04:14,45.7788701,21.284292,50.89,iulius_airport,car,1,synthetic_gps
2026-05-21 18:04:15,45.779,21.2845358,50.03,iulius_airport,car,1,synthetic_gps
2026-05-21 18:04:16,45.7789471,21.2845984,42.03,iulius_airport,car,1,synthetic_gps
2026-05-21 18:04:17,45.7788864,21.284574,36.1,iulius_airport,car,1,synthetic_gps
2026-05-21 18:04:18,45.7790369,21.2845607,44.1,iulius_airport,car,1,synthetic_gps
2026-05-21 18:04:19,45.7789493,21.2847096,46.2,iulius_airport,car,1,synthetic_gps
2026-05-21 18:04:20,45.7789916,21.2847782,54.2,iulius_airport,car,1,synthetic_gps
2026-05-21 18:04:21,45.778883,21.2847987,46.2,iulius_airport,car,1,synthetic_gps
2026-05-21 18:04:22,45.7790102,21.2849013,54.2,iulius_airport,car,1,synthetic_gps
2026-05-21 18:04:23,45.7789463,21.2848942,46.2,iulius_airport,car,1,synthetic_gps
2026-05-21 18:04:24,45.7790127,21.2850206,54.2,iulius_airport,car,1,synthetic_gps
2026-05-21 18:04:25,45.7790048,21.2850084,46.2,iulius_airport,car,1,synthetic_gps
2026-05-21 18:04:26,45.7789864,21.2851331,54.2,iulius_airport,car,1,synthetic_gps
2026-05-21 18:04:27,45.7789804,21.2852863,56.8,iulius_airport,car,1,synthetic_gps
2026-05-21 18:04:28,45.7789047,21.2853481,64.8,iulius_airport,car,1,synthetic_gps
2026-05-21 18:04:29,45.7789059,21.2853665,56.8,iulius_airport,car,1,synthetic_gps
2026-05-21 18:04:30,45.7790974,21.285612,64.8,iulius_airport,car,1,synthetic_gps
2026-05-21 18:04:31,45.7789735,21.2854734,58.92,iulius_airport,car,1,synthetic_gps
2026-05-21 18:04:32,45.779107,21.2856053,50.92,iulius_airport,car,1,synthetic_gps
2026-05-21 18:04:33,45.7789886,21.2856433,58.92,iulius_airport,car,1,synthetic_gps
2026-05-21 18:04:34,45.7790609,21.2857093,52.41,iulius_airport,car,1,synthetic_gps
2026-05-21 18:04:35,45.7789449,21.285856,44.41,iulius_airport,car,1,synthetic_gps
2026-05-21 18:04:36,45.7791778,21.2859589,52.41,iulius_airport,car,1,synthetic_gps
2026-05-21 18:04:37,45.7791261,21.2861062,44.41,iulius_airport,car,1,synthetic_gps
2026-05-21 18:04:38,45.7790959,21.2860525,52.41,iulius_airport,car,1,synthetic_gps
2026-05-21 18:04:39,45.7791415,21.2860888,44.6,iulius_airport,car,1,synthetic_gps
2026-05-21 18:04:40,45.7791142,21.2861883,52.6,iulius_airport,car,1,synthetic_gps
2026-05-21 18:04:41,45.7791615,21.286236,44.6,iulius_airport,car,1,synthetic_gps
2026-05-21 18:04:42,45.779209,21.2862934,52.6,iulius_airport,car,1,synthetic_gps
2026-05-21 18:04:43,45.7791645,21.2864146,60.6,iulius_airport,car,1,synthetic_gps
2026-05-21 18:04:44,45.7792565,21.2864081,52.6,iulius_airport,car,1,synthetic_gps
2026-05-21 18:04:45,45.7791971,21.2865271,53.83,iulius_airport,car,1,synthetic_gps
2026-05-21 18:04:46,45.7792296,21.2866117,45.83,iulius_airport,car,1,synthetic_gps
2026-05-21 18:04:47,45.7792167,21.286688,53.83,iulius_airport,car,1,synthetic_gps
2026-05-21 18:04:48,45.7792149,21.2867259,45.83,iulius_airport,car,1,synthetic_gps
2026-05-21 18:04:49,45.7791863,21.2869466,46.15,iulius_airport,car,1,synthetic_gps
2026-05-21 18:04:50,45.7792185,21.286935,45.53,iulius_airport,car,1,synthetic_gps
2026-05-21 18:04:51,45.779178,21.286965,51.49,iulius_airport,car,1,synthetic_gps
2026-05-21 18:04:52,45.7791485,21.2869812,43.49,iulius_airport,car,1,synthetic_gps
2026-05-21 18:04:53,45.7791691,21.2871413,51.49,iulius_airport,car,1,synthetic_gps
2026-05-21 18:04:54,45.7791721,21.2872673,43.49,iulius_airport,car,1,synthetic_gps
2026-05-21 18:04:55,45.7792614,21.2873626,51.22,iulius_airport,car,1,synthetic_gps
2026-05-21 18:04:56,45.7793682,21.2874166,43.22,iulius_airport,car,1,synthetic_gps
2026-05-21 18:04:57,45.7792141,21.2873053,49.92,iulius_airport,car,1,synthetic_gps
2026-05-21 18:04:58,45.7792052,21.2874984,57.92,iulius_airport,car,1,synthetic_gps
2026-05-21 18:04:59,45.7792561,21.2875697,65.92,iulius_airport,car,1,synthetic_gps
2026-05-21 18:05:00,45.7792447,21.2876588,57.92,iulius_airport,car,1,synthetic_gps
2026-05-21 18:05:01,45.7793174,21.2878379,49.92,iulius_airport,car,1,synthetic_gps
2026-05-21 18:05:02,45.7792382,21.2877409,57.92,iulius_airport,car,1,synthetic_gps
2026-05-21 18:05:03,45.7792008,21.287929,60.65,iulius_airport,car,1,synthetic_gps
2026-05-21 18:05:04,45.7793257,21.2879488,52.65,iulius_airport,car,1,synthetic_gps
2026-05-21 18:05:05,45.7792807,21.2881036,47.05,iulius_airport,car,1,synthetic_gps
2026-05-21 18:05:06,45.7793217,21.2880969,43.47,iulius_airport,car,1,synthetic_gps
2026-05-21 18:05:07,45.779264,21.2882038,35.47,iulius_airport,car,1,synthetic_gps
2026-05-21 18:05:08,45.7793361,21.2881817,43.47,iulius_airport,car,1,synthetic_gps
2026-05-21 18:05:09,45.779375,21.288263,37.32,iulius_airport,car,1,synthetic_gps
2026-05-21 18:05:10,45.7793809,21.2884372,45.32,iulius_airport,car,1,synthetic_gps
2026-05-21 18:05:11,45.7793174,21.288502,37.32,iulius_airport,car,1,synthetic_gps
2026-05-21 18:05:12,45.7792244,21.2886108,45.32,iulius_airport,car,1,synthetic_gps
2026-05-21 18:05:13,45.7792884,21.288633,37.32,iulius_airport,car,1,synthetic_gps
2026-05-21 18:05:14,45.779366,21.2886116,45.32,iulius_airport,car,1,synthetic_gps
2026-05-21 18:05:15,45.7793535,21.2888254,53.32,iulius_airport,car,1,synthetic_gps
2026-05-21 18:05:16,45.7794107,21.2887767,45.32,iulius_airport,car,1,synthetic_gps
2026-05-21 18:05:17,45.7793609,21.2888275,51.17,iulius_airport,car,1,synthetic_gps
2026-05-21 18:05:18,45.7794894,21.2889755,43.17,iulius_airport,car,1,synthetic_gps
2026-05-21 18:05:19,45.7794577,21.289093,35.17,iulius_airport,car,1,synthetic_gps
2026-05-21 18:05:20,45.7793637,21.2891157,41.41,iulius_airport,car,1,synthetic_gps
2026-05-21 18:05:21,45.7794444,21.2892617,48.11,iulius_airport,car,1,synthetic_gps
2026-05-21 18:05:22,45.7794867,21.2892334,56.11,iulius_airport,car,1,synthetic_gps
2026-05-21 18:05:23,45.7793559,21.2894191,48.11,iulius_airport,car,1,synthetic_gps
2026-05-21 18:05:24,45.7794265,21.2895035,40.11,iulius_airport,car,1,synthetic_gps
2026-05-21 18:05:25,45.7794598,21.2894631,42.61,iulius_airport,car,1,synthetic_gps
2026-05-21 18:05:26,45.7793366,21.2894918,34.61,iulius_airport,car,1,synthetic_gps
2026-05-21 18:05:27,45.7794903,21.2896722,42.61,iulius_airport,car,1,synthetic_gps
2026-05-21 18:05:28,45.7794337,21.2897632,50.61,iulius_airport,car,1,synthetic_gps
2026-05-21 18:05:29,45.7794386,21.2896962,42.61,iulius_airport,car,1,synthetic_gps
2026-05-21 18:05:30,45.7794244,21.2899655,34.61,iulius_airport,car,1,synthetic_gps
2026-05-21 18:05:31,45.7794222,21.2899598,42.61,iulius_airport,car,1,synthetic_gps
2026-05-21 18:05:32,45.7795144,21.2899781,49.32,iulius_airport,car,1,synthetic_gps
2026-05-21 18:05:33,45.779571,21.290127,57.32,iulius_airport,car,1,synthetic_gps
2026-05-21 18:05:34,45.779492,21.2901541,49.58,iulius_airport,car,1,synthetic_gps
2026-05-21 18:05:35,45.7794033,21.2902111,41.58,iulius_airport,car,1,synthetic_gps
2026-05-21 18:05:36,45.779584,21.2903311,49.58,iulius_airport,car,1,synthetic_gps
2026-05-21 18:05:37,45.7796408,21.2903883,41.58,iulius_airport,car,1,synthetic_gps
2026-05-21 18:05:38,45.7797409,21.290478,49.58,iulius_airport,car,1,synthetic_gps
2026-05-21 18:05:39,45.7795776,21.2904736,57.58,iulius_airport,car,1,synthetic_gps
2026-05-21 18:05:40,45.7795889,21.2904306,49.58,iulius_airport,car,1,synthetic_gps
2026-05-21 18:05:41,45.7796017,21.2906508,51.13,iulius_airport,car,1,synthetic_gps
2026-05-21 18:05:42,45.7794723,21.2906869,59.13,iulius_airport,car,1,synthetic_gps
2026-05-21 18:05:43,45.7795446,21.2908308,52.03,iulius_airport,car,1,synthetic_gps
2026-05-21 18:05:44,45.77959,21.2908375,44.03,iulius_airport,car,1,synthetic_gps
2026-05-21 18:05:45,45.7795424,21.2910068,52.03,iulius_airport,car,1,synthetic_gps
2026-05-21 18:05:46,45.7796275,21.291043,59.31,iulius_airport,car,1,synthetic_gps
2026-05-21 18:05:47,45.7795518,21.2909945,51.31,iulius_airport,car,1,synthetic_gps
2026-05-21 18:05:48,45.7796081,21.291086,47.25,iulius_airport,car,1,synthetic_gps
2026-05-21 18:05:49,45.7796291,21.2912665,46.66,iulius_airport,car,1,synthetic_gps
2026-05-21 18:05:50,45.7796257,21.2913682,38.66,iulius_airport,car,1,synthetic_gps
2026-05-21 18:05:51,45.7796266,21.2913989,30.66,iulius_airport,car,1,synthetic_gps
2026-05-21 18:05:52,45.779579,21.2914535,38.66,iulius_airport,car,1,synthetic_gps
2026-05-21 18:05:53,45.7796618,21.2916186,30.66,iulius_airport,car,1,synthetic_gps
2026-05-21 18:05:54,45.7796863,21.2916714,38.66,iulius_airport,car,1,synthetic_gps
2026-05-21 18:05:55,45.7796049,21.291778,37.24,iulius_airport,car,1,synthetic_gps
2026-05-21 18:05:56,45.7796533,21.2917649,45.24,iulius_airport,car,1,synthetic_gps
2026-05-21 18:05:57,45.7797647,21.2918658,37.24,iulius_airport,car,1,synthetic_gps
2026-05-21 18:05:58,45.7796681,21.2918809,32.58,iulius_airport,car,1,synthetic_gps
2026-05-21 18:05:59,45.779716,21.2920144,40.58,iulius_airport,car,1,synthetic_gps
2026-05-21 18:06:00,45.7798388,21.2920886,41.44,iulius_airport,car,1,synthetic_gps
2026-05-21 18:06:01,45.7797294,21.2920589,35.79,iulius_airport,car,1,synthetic_gps
2026-05-21 18:06:02,45.7796466,21.2922433,27.79,iulius_airport,car,1,synthetic_gps
2026-05-21 18:06:03,45.7797728,21.2923497,35.79,iulius_airport,car,1,synthetic_gps
2026-05-21 18:06:04,45.7797539,21.2924,43.79,iulius_airport,car,1,synthetic_gps
2026-05-21 18:06:05,45.7798046,21.2924613,46.25,iulius_airport,car,1,synthetic_gps
2026-05-21 18:06:06,45.7797216,21.2925475,49.27,iulius_airport,car,1,synthetic_gps
2026-05-21 18:06:07,45.7797342,21.2925753,47.35,iulius_airport,car,1,synthetic_gps
2026-05-21 18:06:08,45.7798094,21.2925635,39.35,iulius_airport,car,1,synthetic_gps
2026-05-21 18:06:09,45.7798723,21.2926597,47.35,iulius_airport,car,1,synthetic_gps
2026-05-21 18:06:10,45.7796631,21.2928086,43.67,iulius_airport,car,1,synthetic_gps
2026-05-21 18:06:11,45.7798387,21.2928826,51.67,iulius_airport,car,1,synthetic_gps
2026-05-21 18:06:12,45.7797744,21.2929727,59.67,iulius_airport,car,1,synthetic_gps
2026-05-21 18:06:13,45.7797179,21.2929948,51.67,iulius_airport,car,1,synthetic_gps
2026-05-21 18:06:14,45.7798074,21.2931256,51.95,iulius_airport,car,1,synthetic_gps
2026-05-21 18:06:15,45.7797688,21.2931521,43.95,iulius_airport,car,1,synthetic_gps
2026-05-21 18:06:16,45.7798213,21.2932389,42.99,iulius_airport,car,1,synthetic_gps
2026-05-21 18:06:17,45.7797737,21.2932403,50.99,iulius_airport,car,1,synthetic_gps
2026-05-21 18:06:18,45.7799766,21.2933407,58.99,iulius_airport,car,1,synthetic_gps
2026-05-21 18:06:19,45.7797722,21.2934722,50.99,iulius_airport,car,1,synthetic_gps
2026-05-21 18:06:20,45.7798392,21.2935107,53.74,iulius_airport,car,1,synthetic_gps
2026-05-21 18:06:21,45.7798746,21.2936189,49.61,iulius_airport,car,1,synthetic_gps
2026-05-21 18:06:22,45.7798332,21.2935992,50.3,iulius_airport,car,1,synthetic_gps
2026-05-21 18:06:23,45.7798742,21.2937532,54.93,iulius_airport,car,1,synthetic_gps
2026-05-21 18:06:24,45.7798645,21.2938794,46.93,iulius_airport,car,1,synthetic_gps
2026-05-21 18:06:25,45.7799324,21.2938221,49.79,iulius_airport,car,1,synthetic_gps
2026-05-21 18:06:26,45.7799255,21.2939653,41.79,iulius_airport,car,1,synthetic_gps
2026-05-21 18:06:27,45.7798897,21.2940555,47.95,iulius_airport,car,1,synthetic_gps
2026-05-21 18:06:28,45.7798622,21.2941435,55.95,iulius_airport,car,1,synthetic_gps
2026-05-21 18:06:29,45.7798675,21.2942205,50.49,iulius_airport,car,1,synthetic_gps
2026-05-21 18:06:30,45.7799189,21.2942644,42.49,iulius_airport,car,1,synthetic_gps
2026-05-21 18:06:31,45.7799881,21.2942877,50.49,iulius_airport,car,1,synthetic_gps
2026-05-21 18:06:32,45.7800242,21.2944701,56.01,iulius_airport,car,1,synthetic_gps
2026-05-21 18:06:33,45.7799103,21.2944381,48.01,iulius_airport,car,1,synthetic_gps
2026-05-21 18:06:34,45.7799122,21.2946308,40.01,iulius_airport,car,1,synthetic_gps
2026-05-21 18:06:35,45.7799689,21.2946977,32.01,iulius_airport,car,1,synthetic_gps
2026-05-21 18:06:36,45.7799278,21.2946603,37.64,iulius_airport,car,1,synthetic_gps
2026-05-21 18:06:37,45.7800051,21.294872,45.64,iulius_airport,car,1,synthetic_gps
2026-05-21 18:06:38,45.780044,21.2948278,51.36,iulius_airport,car,1,synthetic_gps
2026-05-21 18:06:39,45.7800468,21.2948379,59.36,iulius_airport,car,1,synthetic_gps
2026-05-21 18:06:40,45.7801426,21.2949787,51.36,iulius_airport,car,1,synthetic_gps
2026-05-21 18:06:41,45.7800817,21.2950775,47.94,iulius_airport,car,1,synthetic_gps
2026-05-21 18:06:42,45.7801285,21.2951721,39.94,iulius_airport,car,1,synthetic_gps
2026-05-21 18:06:43,45.7800798,21.2952622,34.97,iulius_airport,car,1,synthetic_gps
2026-05-21 18:06:44,45.7799636,21.2953212,38.28,iulius_airport,car,1,synthetic_gps
2026-05-21 18:06:45,45.7800721,21.2953675,30.28,iulius_airport,car,1,synthetic_gps
2026-05-21 18:06:46,45.7800001,21.2954586,38.28,iulius_airport,car,1,synthetic_gps
2026-05-21 18:06:47,45.7801008,21.2954659,38.38,iulius_airport,car,1,synthetic_gps
2026-05-21 18:06:48,45.7800862,21.2955258,33.88,iulius_airport,car,1,synthetic_gps
2026-05-21 18:06:49,45.780023,21.2957161,39.6,iulius_airport,car,1,synthetic_gps
2026-05-21 18:06:50,45.780089,21.2957934,47.6,iulius_airport,car,1,synthetic_gps
2026-05-21 18:06:51,45.7800582,21.2958386,41.1,iulius_airport,car,1,synthetic_gps
2026-05-21 18:06:52,45.7800882,21.2958461,49.1,iulius_airport,car,1,synthetic_gps
2026-05-21 18:06:53,45.7800359,21.295938,41.1,iulius_airport,car,1,synthetic_gps
2026-05-21 18:06:54,45.7800367,21.2960538,33.1,iulius_airport,car,1,synthetic_gps
2026-05-21 18:06:55,45.7802418,21.296115,41.1,iulius_airport,car,1,synthetic_gps
2026-05-21 18:06:56,45.7801206,21.2962047,46.73,iulius_airport,car,1,synthetic_gps
2026-05-21 18:06:57,45.7801328,21.2961968,45.86,iulius_airport,car,1,synthetic_gps
2026-05-21 18:06:58,45.7801404,21.2963453,51.51,iulius_airport,car,1,synthetic_gps
2026-05-21 18:06:59,45.7801336,21.2964029,50.33,iulius_airport,car,1,synthetic_gps
2026-05-21 18:07:00,45.780218,21.2963983,43.54,iulius_airport,car,1,synthetic_gps
2026-05-21 18:07:01,45.7801747,21.2965594,51.54,iulius_airport,car,1,synthetic_gps
2026-05-21 18:07:02,45.7800278,21.2966265,50.97,iulius_airport,car,1,synthetic_gps
2026-05-21 18:07:03,45.7801039,21.2966162,58.97,iulius_airport,car,1,synthetic_gps
2026-05-21 18:07:04,45.7801783,21.2968098,50.97,iulius_airport,car,1,synthetic_gps
2026-05-21 18:07:05,45.7802442,21.2968784,45.84,iulius_airport,car,1,synthetic_gps
2026-05-21 18:07:06,45.7802081,21.2969846,40.52,iulius_airport,car,1,synthetic_gps
2026-05-21 18:07:07,45.7800964,21.2969618,48.52,iulius_airport,car,1,synthetic_gps
2026-05-21 18:07:08,45.7801773,21.2970989,56.52,iulius_airport,car,1,synthetic_gps
2026-05-21 18:07:09,45.78011,21.2971483,48.65,iulius_airport,car,1,synthetic_gps
2026-05-21 18:07:10,45.7802204,21.2972248,45.51,iulius_airport,car,1,synthetic_gps
2026-05-21 18:07:11,45.7801448,21.2972575,46.15,iulius_airport,car,1,synthetic_gps
2026-05-21 18:07:12,45.7802894,21.2972727,38.54,iulius_airport,car,1,synthetic_gps
2026-05-21 18:07:13,45.7803296,21.2973969,30.54,iulius_airport,car,1,synthetic_gps
2026-05-21 18:07:14,45.7802656,21.2973929,35.01,iulius_airport,car,1,synthetic_gps
2026-05-21 18:07:15,45.7801945,21.2974773,43.01,iulius_airport,car,1,synthetic_gps
2026-05-21 18:07:16,45.7802543,21.2976683,51.01,iulius_airport,car,1,synthetic_gps
2026-05-21 18:07:17,45.7802133,21.2977554,51.11,iulius_airport,car,1,synthetic_gps
2026-05-21 18:07:18,45.7804108,21.2977884,43.11,iulius_airport,car,1,synthetic_gps
2026-05-21 18:07:19,45.7803072,21.2979105,35.68,iulius_airport,car,1,synthetic_gps
2026-05-21 18:07:20,45.7802589,21.2978784,43.68,iulius_airport,car,1,synthetic_gps
2026-05-21 18:07:21,45.7802435,21.2979233,37.03,iulius_airport,car,1,synthetic_gps
2026-05-21 18:07:22,45.7804221,21.2980421,45.03,iulius_airport,car,1,synthetic_gps
2026-05-21 18:07:23,45.7803839,21.2981222,53.03,iulius_airport,car,1,synthetic_gps
2026-05-21 18:07:24,45.7803832,21.2981945,59.62,iulius_airport,car,1,synthetic_gps
2026-05-21 18:07:25,45.7804097,21.2983896,51.62,iulius_airport,car,1,synthetic_gps
2026-05-21 18:07:26,45.7803917,21.2984131,49.49,iulius_airport,car,1,synthetic_gps
2026-05-21 18:07:27,45.7802195,21.2983815,41.49,iulius_airport,car,1,synthetic_gps
2026-05-21 18:07:28,45.7802345,21.2984801,49.49,iulius_airport,car,1,synthetic_gps
2026-05-21 18:07:29,45.7803075,21.2986824,50.44,iulius_airport,car,1,synthetic_gps
2026-05-21 18:07:30,45.7803276,21.2987852,56.42,iulius_airport,car,1,synthetic_gps
2026-05-21 18:07:31,45.7803686,21.2987521,48.42,iulius_airport,car,1,synthetic_gps
2026-05-21 18:07:32,45.7803492,21.298784,40.42,iulius_airport,car,1,synthetic_gps
2026-05-21 18:07:33,45.7803266,21.2989131,32.42,iulius_airport,car,1,synthetic_gps
2026-05-21 18:07:34,45.7803547,21.298909,40.42,iulius_airport,car,1,synthetic_gps
2026-05-21 18:07:35,45.7803305,21.2990082,40.28,iulius_airport,car,1,synthetic_gps
2026-05-21 18:07:36,45.7804108,21.2992173,48.28,iulius_airport,car,1,synthetic_gps
2026-05-21 18:07:37,45.7804521,21.2991886,50.48,iulius_airport,car,1,synthetic_gps
2026-05-21 18:07:38,45.7804675,21.2993096,58.48,iulius_airport,car,1,synthetic_gps
2026-05-21 18:07:39,45.7802788,21.299374,66.48,iulius_airport,car,1,synthetic_gps
2026-05-21 18:07:40,45.7803736,21.2993814,60.61,iulius_airport,car,1,synthetic_gps
2026-05-21 18:07:41,45.7803849,21.2994998,52.61,iulius_airport,car,1,synthetic_gps
2026-05-21 18:07:42,45.780389,21.299512,46.05,iulius_airport,car,1,synthetic_gps
2026-05-21 18:07:43,45.7803912,21.2996795,38.05,iulius_airport,car,1,synthetic_gps
2026-05-21 18:07:44,45.7805551,21.299774,40.26,iulius_airport,car,1,synthetic_gps
2026-05-21 18:07:45,45.7804284,21.2997815,36.69,iulius_airport,car,1,synthetic_gps
2026-05-21 18:07:46,45.7804374,21.2999552,44.69,iulius_airport,car,1,synthetic_gps
2026-05-21 18:07:47,45.7804039,21.2999846,36.69,iulius_airport,car,1,synthetic_gps
2026-05-21 18:07:48,45.7805419,21.3000159,32.8,iulius_airport,car,1,synthetic_gps
2026-05-21 18:07:49,45.7804281,21.3000277,39.28,iulius_airport,car,1,synthetic_gps
2026-05-21 18:07:50,45.7804826,21.3001159,46.14,iulius_airport,car,1,synthetic_gps
2026-05-21 18:07:51,45.7805743,21.3002996,41.27,iulius_airport,car,1,synthetic_gps
2026-05-21 18:07:52,45.7804692,21.3003379,35.65,iulius_airport,car,1,synthetic_gps
2026-05-21 18:07:53,45.7805091,21.3003456,43.65,iulius_airport,car,1,synthetic_gps
2026-05-21 18:07:54,45.7805906,21.3004616,51.65,iulius_airport,car,1,synthetic_gps
2026-05-21 18:07:55,45.7805236,21.3006023,49.64,iulius_airport,car,1,synthetic_gps
2026-05-21 18:07:56,45.7804931,21.3006317,41.64,iulius_airport,car,1,synthetic_gps
2026-05-21 18:07:57,45.7805144,21.300549,33.64,iulius_airport,car,1,synthetic_gps
2026-05-21 18:07:58,45.7805506,21.3006536,41.64,iulius_airport,car,1,synthetic_gps
2026-05-21 18:07:59,45.7806239,21.3007868,49.64,iulius_airport,car,1,synthetic_gps
2026-05-21 18:08:00,45.7806725,21.300912,41.64,iulius_airport,car,1,synthetic_gps
2026-05-21 18:08:01,45.7805017,21.3009421,45.99,iulius_airport,car,1,synthetic_gps
2026-05-21 18:08:02,45.7806309,21.3009316,37.99,iulius_airport,car,1,synthetic_gps
2026-05-21 18:08:03,45.780574,21.3011421,45.99,iulius_airport,car,1,synthetic_gps
2026-05-21 18:08:04,45.7806027,21.3012509,53.99,iulius_airport,car,1,synthetic_gps
2026-05-21 18:08:05,45.7806525,21.3012731,45.99,iulius_airport,car,1,synthetic_gps
2026-05-21 18:08:06,45.780619,21.3013312,53.99,iulius_airport,car,1,synthetic_gps
2026-05-21 18:08:07,45.7805135,21.3014274,61.93,iulius_airport,car,1,synthetic_gps
2026-05-21 18:08:08,45.7807027,21.3014079,60.11,iulius_airport,car,1,synthetic_gps
2026-05-21 18:08:09,45.7806032,21.3014239,52.11,iulius_airport,car,1,synthetic_gps
2026-05-21 18:08:10,45.7806222,21.3015389,49.92,iulius_airport,car,1,synthetic_gps
2026-05-21 18:08:11,45.7806591,21.3015699,41.92,iulius_airport,car,1,synthetic_gps
2026-05-21 18:08:12,45.7806426,21.3016692,37.39,iulius_airport,car,1,synthetic_gps
2026-05-21 18:08:13,45.7806702,21.3018164,29.39,iulius_airport,car,1,synthetic_gps
2026-05-21 18:08:14,45.7807083,21.3019019,37.39,iulius_airport,car,1,synthetic_gps
2026-05-21 18:08:15,45.7807757,21.3019983,45.39,iulius_airport,car,1,synthetic_gps
2026-05-21 18:08:16,45.7807618,21.3019854,53.39,iulius_airport,car,1,synthetic_gps
2026-05-21 18:08:17,45.7807255,21.3021985,56.47,iulius_airport,car,1,synthetic_gps
2026-05-21 18:08:18,45.7807643,21.3023456,64.47,iulius_airport,car,1,synthetic_gps
2026-05-21 18:08:19,45.7807222,21.3023639,56.47,iulius_airport,car,1,synthetic_gps
2026-05-21 18:08:20,45.780815,21.3023013,59.95,iulius_airport,car,1,synthetic_gps
2026-05-21 18:08:21,45.7806849,21.3024887,59.83,iulius_airport,car,1,synthetic_gps
2026-05-21 18:08:22,45.780714,21.3024446,51.83,iulius_airport,car,1,synthetic_gps
2026-05-21 18:08:23,45.7806928,21.302629,55.81,iulius_airport,car,1,synthetic_gps
2026-05-21 18:08:24,45.7806629,21.3026988,47.81,iulius_airport,car,1,synthetic_gps
2026-05-21 18:08:25,45.7808084,21.3026634,44.29,iulius_airport,car,1,synthetic_gps
2026-05-21 18:08:26,45.7807253,21.3027508,47.28,iulius_airport,car,1,synthetic_gps
2026-05-21 18:08:27,45.7808597,21.3029411,42.65,iulius_airport,car,1,synthetic_gps
2026-05-21 18:08:28,45.7808124,21.3028886,50.65,iulius_airport,car,1,synthetic_gps
2026-05-21 18:08:29,45.7808761,21.3029522,42.65,iulius_airport,car,1,synthetic_gps
2026-05-21 18:08:30,45.7808633,21.3029883,50.65,iulius_airport,car,1,synthetic_gps
2026-05-21 18:08:31,45.7808665,21.3030808,58.65,iulius_airport,car,1,synthetic_gps
2026-05-21 18:08:32,45.7808117,21.3031619,50.65,iulius_airport,car,1,synthetic_gps
2026-05-21 18:08:33,45.7808661,21.303228,48.24,iulius_airport,car,1,synthetic_gps
2026-05-21 18:08:34,45.78079,21.3034251,40.24,iulius_airport,car,1,synthetic_gps
2026-05-21 18:08:35,45.7808239,21.3033641,48.24,iulius_airport,car,1,synthetic_gps
2026-05-21 18:08:36,45.7807757,21.3035488,40.24,iulius_airport,car,1,synthetic_gps
2026-05-21 18:08:37,45.7808526,21.3035888,32.24,iulius_airport,car,1,synthetic_gps
2026-05-21 18:08:38,45.7808222,21.3036651,40.24,iulius_airport,car,1,synthetic_gps
2026-05-21 18:08:39,45.7809291,21.3037974,48.24,iulius_airport,car,1,synthetic_gps
2026-05-21 18:08:40,45.7807864,21.303805,54.28,iulius_airport,car,1,synthetic_gps
2026-05-21 18:08:41,45.7808705,21.3037828,49.2,iulius_airport,car,1,synthetic_gps
2026-05-21 18:08:42,45.7809769,21.3040107,57.2,iulius_airport,car,1,synthetic_gps
2026-05-21 18:08:43,45.7808692,21.3041156,49.2,iulius_airport,car,1,synthetic_gps
2026-05-21 18:08:44,45.7808388,21.3041151,57.2,iulius_airport,car,1,synthetic_gps
2026-05-21 18:08:45,45.7809186,21.3041711,49.2,iulius_airport,car,1,synthetic_gps
2026-05-21 18:08:46,45.7808882,21.3042266,56.87,iulius_airport,car,1,synthetic_gps
2026-05-21 18:08:47,45.7809106,21.3043082,64.87,iulius_airport,car,1,synthetic_gps
2026-05-21 18:08:48,45.7809587,21.3043891,56.87,iulius_airport,car,1,synthetic_gps
2026-05-21 18:08:49,45.7809359,21.3044771,48.87,iulius_airport,car,1,synthetic_gps
2026-05-21 18:08:50,45.7808489,21.3045551,40.87,iulius_airport,car,1,synthetic_gps
2026-05-21 18:08:51,45.7809819,21.3046331,48.87,iulius_airport,car,1,synthetic_gps
2026-05-21 18:08:52,45.7809009,21.3046871,40.87,iulius_airport,car,1,synthetic_gps
2026-05-21 18:08:53,45.7810212,21.3047735,48.87,iulius_airport,car,1,synthetic_gps
2026-05-21 18:08:54,45.7809292,21.3049073,40.87,iulius_airport,car,1,synthetic_gps
2026-05-21 18:08:55,45.7809599,21.3048422,32.87,iulius_airport,car,1,synthetic_gps
2026-05-21 18:08:56,45.7810048,21.3049502,40.87,iulius_airport,car,1,synthetic_gps
2026-05-21 18:08:57,45.78099,21.3051247,48.87,iulius_airport,car,1,synthetic_gps
2026-05-21 18:08:58,45.7810405,21.3051658,43.6,iulius_airport,car,1,synthetic_gps
2026-05-21 18:08:59,45.7810761,21.3051657,35.6,iulius_airport,car,1,synthetic_gps
2026-05-21 18:09:00,45.7810117,21.3053106,43.6,iulius_airport,car,1,synthetic_gps
2026-05-21 18:09:01,45.7810705,21.3054045,41.48,iulius_airport,car,1,synthetic_gps
2026-05-21 18:09:02,45.7810377,21.3053921,44.98,iulius_airport,car,1,synthetic_gps
2026-05-21 18:09:03,45.781019,21.3055681,36.98,iulius_airport,car,1,synthetic_gps
2026-05-21 18:09:04,45.7810928,21.305581,28.98,iulius_airport,car,1,synthetic_gps
2026-05-21 18:09:05,45.7811477,21.3056233,36.98,iulius_airport,car,1,synthetic_gps
2026-05-21 18:09:06,45.7809798,21.30568,37.43,iulius_airport,car,1,synthetic_gps
2026-05-21 18:09:07,45.7810548,21.3056818,45.43,iulius_airport,car,1,synthetic_gps
2026-05-21 18:09:08,45.7810465,21.3059662,44.61,iulius_airport,car,1,synthetic_gps
2026-05-21 18:09:09,45.7810062,21.3059545,52.61,iulius_airport,car,1,synthetic_gps
2026-05-21 18:09:10,45.7810975,21.3060408,44.61,iulius_airport,car,1,synthetic_gps
2026-05-21 18:09:11,45.7811394,21.3061919,52.61,iulius_airport,car,1,synthetic_gps
2026-05-21 18:09:12,45.7811413,21.3062635,59.56,iulius_airport,car,1,synthetic_gps
2026-05-21 18:09:13,45.7811549,21.3062181,54.98,iulius_airport,car,1,synthetic_gps
2026-05-21 18:09:14,45.7810905,21.3062971,46.98,iulius_airport,car,1,synthetic_gps
2026-05-21 18:09:15,45.7812412,21.3063434,53.39,iulius_airport,car,1,synthetic_gps
2026-05-21 18:09:16,45.7810902,21.3064734,52.06,iulius_airport,car,1,synthetic_gps
2026-05-21 18:09:17,45.7810433,21.3064603,44.06,iulius_airport,car,1,synthetic_gps
2026-05-21 18:09:18,45.7810836,21.3065539,52.06,iulius_airport,car,1,synthetic_gps
2026-05-21 18:09:19,45.7811984,21.3067893,58.84,iulius_airport,car,1,synthetic_gps
2026-05-21 18:09:20,45.7811359,21.3067986,66.84,iulius_airport,car,1,synthetic_gps
2026-05-21 18:09:21,45.7812228,21.3068582,58.84,iulius_airport,car,1,synthetic_gps
2026-05-21 18:09:22,45.7811903,21.3068467,61.78,iulius_airport,car,1,synthetic_gps
2026-05-21 18:09:23,45.7811722,21.3069778,61.73,iulius_airport,car,1,synthetic_gps
2026-05-21 18:09:24,45.7812562,21.307009,53.73,iulius_airport,car,1,synthetic_gps
2026-05-21 18:09:25,45.7812038,21.3070777,47.16,iulius_airport,car,1,synthetic_gps
2026-05-21 18:09:26,45.7813161,21.3072691,39.16,iulius_airport,car,1,synthetic_gps
2026-05-21 18:09:27,45.7813557,21.3073412,47.16,iulius_airport,car,1,synthetic_gps
2026-05-21 18:09:28,45.7812485,21.3073885,55.16,iulius_airport,car,1,synthetic_gps
2026-05-21 18:09:29,45.7812318,21.307338,51.39,iulius_airport,car,1,synthetic_gps
2026-05-21 18:09:30,45.7812924,21.3075805,43.39,iulius_airport,car,1,synthetic_gps
2026-05-21 18:09:31,45.7812668,21.307542,47.9,iulius_airport,car,1,synthetic_gps
2026-05-21 18:09:32,45.7813143,21.3076612,52.44,iulius_airport,car,1,synthetic_gps
2026-05-21 18:09:33,45.7813118,21.3077029,44.44,iulius_airport,car,1,synthetic_gps
2026-05-21 18:09:34,45.781311,21.3078708,45.84,iulius_airport,car,1,synthetic_gps
2026-05-21 18:09:35,45.7812873,21.3078809,47.71,iulius_airport,car,1,synthetic_gps
2026-05-21 18:09:36,45.7812976,21.3080965,50.91,iulius_airport,car,1,synthetic_gps
2026-05-21 18:09:37,45.7811367,21.3079761,42.91,iulius_airport,car,1,synthetic_gps
2026-05-21 18:09:38,45.7813205,21.3081114,34.91,iulius_airport,car,1,synthetic_gps
2026-05-21 18:09:39,45.7813645,21.308182,34.92,iulius_airport,car,1,synthetic_gps
2026-05-21 18:09:40,45.7812899,21.3082239,42.92,iulius_airport,car,1,synthetic_gps
2026-05-21 18:09:41,45.7812748,21.308361,50.92,iulius_airport,car,1,synthetic_gps
2026-05-21 18:09:42,45.7812875,21.3083838,55.86,iulius_airport,car,1,synthetic_gps
2026-05-21 18:09:43,45.7813527,21.3085235,52.4,iulius_airport,car,1,synthetic_gps
2026-05-21 18:09:44,45.7814504,21.3084905,44.4,iulius_airport,car,1,synthetic_gps
2026-05-21 18:09:45,45.7813392,21.3086236,36.4,iulius_airport,car,1,synthetic_gps
2026-05-21 18:09:46,45.7814489,21.3087012,44.4,iulius_airport,car,1,synthetic_gps
2026-05-21 18:09:47,45.7813105,21.3088216,52.4,iulius_airport,car,1,synthetic_gps
2026-05-21 18:09:48,45.7814024,21.3088416,44.4,iulius_airport,car,1,synthetic_gps
2026-05-21 18:09:49,45.7815398,21.3089643,47.59,iulius_airport,car,1,synthetic_gps
2026-05-21 18:09:50,45.7814378,21.3090144,39.59,iulius_airport,car,1,synthetic_gps
2026-05-21 18:09:51,45.7814284,21.3090547,47.49,iulius_airport,car,1,synthetic_gps
2026-05-21 18:09:52,45.7814625,21.309037,55.49,iulius_airport,car,1,synthetic_gps
2026-05-21 18:09:53,45.7814176,21.3091753,47.49,iulius_airport,car,1,synthetic_gps
2026-05-21 18:09:54,45.7815053,21.3093708,39.49,iulius_airport,car,1,synthetic_gps
2026-05-21 18:09:55,45.7814046,21.3092764,47.49,iulius_airport,car,1,synthetic_gps
2026-05-21 18:09:56,45.7814507,21.3093931,39.49,iulius_airport,car,1,synthetic_gps
2026-05-21 18:09:57,45.7814694,21.3093874,47.49,iulius_airport,car,1,synthetic_gps
2026-05-21 18:09:58,45.7814145,21.3095679,55.49,iulius_airport,car,1,synthetic_gps
2026-05-21 18:09:59,45.7813588,21.309725,63.49,iulius_airport,car,1,synthetic_gps
2026-05-21 18:10:00,45.7814174,21.3097612,55.49,iulius_airport,car,1,synthetic_gps
2026-05-21 18:10:01,45.7815867,21.309721,48.34,iulius_airport,car,1,synthetic_gps
2026-05-21 18:10:02,45.7814983,21.309829,40.34,iulius_airport,car,1,synthetic_gps
2026-05-21 18:10:03,45.7814718,21.310024,37.12,iulius_airport,car,1,synthetic_gps
2026-05-21 18:10:04,45.7815452,21.309951,32.55,iulius_airport,car,1,synthetic_gps
2026-05-21 18:10:05,45.7813706,21.3101933,40.55,iulius_airport,car,1,synthetic_gps
2026-05-21 18:10:06,45.7815148,21.3101292,32.55,iulius_airport,car,1,synthetic_gps
2026-05-21 18:10:07,45.7815964,21.310174,40.55,iulius_airport,car,1,synthetic_gps
2026-05-21 18:10:08,45.7814488,21.310282,41.34,iulius_airport,car,1,synthetic_gps
2026-05-21 18:10:09,45.7815374,21.3102022,49.34,iulius_airport,car,1,synthetic_gps
2026-05-21 18:10:10,45.7817238,21.310451,41.34,iulius_airport,car,1,synthetic_gps
2026-05-21 18:10:11,45.7815112,21.3104764,46.88,iulius_airport,car,1,synthetic_gps
2026-05-21 18:10:12,45.7815288,21.310553,54.88,iulius_airport,car,1,synthetic_gps
2026-05-21 18:10:13,45.7816143,21.3106741,46.88,iulius_airport,car,1,synthetic_gps
2026-05-21 18:10:14,45.7816531,21.3107562,38.88,iulius_airport,car,1,synthetic_gps
2026-05-21 18:10:15,45.7814578,21.3108321,40.89,iulius_airport,car,1,synthetic_gps
2026-05-21 18:10:16,45.7815906,21.3108711,38.01,iulius_airport,car,1,synthetic_gps
2026-05-21 18:10:17,45.7816867,21.3109834,39.23,iulius_airport,car,1,synthetic_gps
2026-05-21 18:10:18,45.7816232,21.3110429,47.23,iulius_airport,car,1,synthetic_gps
2026-05-21 18:10:19,45.7816683,21.311197,55.23,iulius_airport,car,1,synthetic_gps
2026-05-21 18:10:20,45.781648,21.3111336,55.34,iulius_airport,car,1,synthetic_gps
2026-05-21 18:10:21,45.7816838,21.3112994,47.34,iulius_airport,car,1,synthetic_gps
2026-05-21 18:10:22,45.7816331,21.3112209,49.87,iulius_airport,car,1,synthetic_gps
2026-05-21 18:10:23,45.7817212,21.3114289,48.73,iulius_airport,car,1,synthetic_gps
2026-05-21 18:10:24,45.7817391,21.3114781,56.73,iulius_airport,car,1,synthetic_gps
2026-05-21 18:10:25,45.7816913,21.3115307,48.73,iulius_airport,car,1,synthetic_gps
2026-05-21 18:10:26,45.7815862,21.3117145,47.88,iulius_airport,car,1,synthetic_gps
2026-05-21 18:10:27,45.7817432,21.3117649,42.08,iulius_airport,car,1,synthetic_gps
2026-05-21 18:10:28,45.7816603,21.3117314,37.44,iulius_airport,car,1,synthetic_gps
2026-05-21 18:10:29,45.7816807,21.3118785,45.44,iulius_airport,car,1,synthetic_gps
2026-05-21 18:10:30,45.7816761,21.3118749,37.44,iulius_airport,car,1,synthetic_gps
2026-05-21 18:10:31,45.7817108,21.3119301,45.44,iulius_airport,car,1,synthetic_gps
2026-05-21 18:10:32,45.7817356,21.3120277,53.44,iulius_airport,car,1,synthetic_gps
2026-05-21 18:10:33,45.7817809,21.3121984,45.44,iulius_airport,car,1,synthetic_gps
2026-05-21 18:10:34,45.7816547,21.3122324,53.44,iulius_airport,car,1,synthetic_gps
2026-05-21 18:10:35,45.7817193,21.3122551,53.04,iulius_airport,car,1,synthetic_gps
2026-05-21 18:10:36,45.7817558,21.3123674,55.77,iulius_airport,car,1,synthetic_gps
2026-05-21 18:10:37,45.7817472,21.3124901,52.74,iulius_airport,car,1,synthetic_gps
2026-05-21 18:10:38,45.7817803,21.3124821,45.77,iulius_airport,car,1,synthetic_gps
2026-05-21 18:10:39,45.7817869,21.3126496,46.58,iulius_airport,car,1,synthetic_gps
2026-05-21 18:10:40,45.7817256,21.3126588,54.58,iulius_airport,car,1,synthetic_gps
2026-05-21 18:10:41,45.7818566,21.312792,46.58,iulius_airport,car,1,synthetic_gps
2026-05-21 18:10:42,45.7816931,21.3127835,38.58,iulius_airport,car,1,synthetic_gps
2026-05-21 18:10:43,45.7818473,21.3129124,30.58,iulius_airport,car,1,synthetic_gps
2026-05-21 18:10:44,45.7817186,21.3129378,38.58,iulius_airport,car,1,synthetic_gps
2026-05-21 18:10:45,45.781785,21.313086,30.58,iulius_airport,car,1,synthetic_gps
2026-05-21 18:10:46,45.7817904,21.313024,33.49,iulius_airport,car,1,synthetic_gps
2026-05-21 18:10:47,45.7817788,21.3131125,41.49,iulius_airport,car,1,synthetic_gps
2026-05-21 18:10:48,45.7817435,21.3131832,49.49,iulius_airport,car,1,synthetic_gps
2026-05-21 18:10:49,45.7818186,21.313308,57.49,iulius_airport,car,1,synthetic_gps
2026-05-21 18:10:50,45.781881,21.3133244,65.49,iulius_airport,car,1,synthetic_gps
2026-05-21 18:10:51,45.7818623,21.3134722,57.49,iulius_airport,car,1,synthetic_gps
2026-05-21 18:10:52,45.7819689,21.3133918,59.41,iulius_airport,car,1,synthetic_gps
2026-05-21 18:10:53,45.7818066,21.3134474,55.24,iulius_airport,car,1,synthetic_gps
2026-05-21 18:10:54,45.7818899,21.313729,47.24,iulius_airport,car,1,synthetic_gps
2026-05-21 18:10:55,45.7818908,21.3137526,45.01,iulius_airport,car,1,synthetic_gps
2026-05-21 18:10:56,45.781879,21.3137519,53.01,iulius_airport,car,1,synthetic_gps
2026-05-21 18:10:57,45.7818023,21.313804,45.01,iulius_airport,car,1,synthetic_gps
2026-05-21 18:10:58,45.7819859,21.3139639,53.01,iulius_airport,car,1,synthetic_gps
2026-05-21 18:10:59,45.7819804,21.3140018,54.98,iulius_airport,car,1,synthetic_gps
2026-05-21 18:11:00,45.7819638,21.3141302,55.18,iulius_airport,car,1,synthetic_gps
2026-05-21 18:11:01,45.7819298,21.3141691,54.98,iulius_airport,car,1,synthetic_gps
2026-05-21 18:11:02,45.7818849,21.3142952,46.98,iulius_airport,car,1,synthetic_gps
2026-05-21 18:11:03,45.7818862,21.3143063,54.98,iulius_airport,car,1,synthetic_gps
2026-05-21 18:11:04,45.7818565,21.3144469,46.98,iulius_airport,car,1,synthetic_gps
2026-05-21 18:11:05,45.7818626,21.3143598,54.98,iulius_airport,car,1,synthetic_gps
2026-05-21 18:11:06,45.7818981,21.3145156,62.98,iulius_airport,car,1,synthetic_gps
2026-05-21 18:11:07,45.7818635,21.3146054,54.98,iulius_airport,car,1,synthetic_gps
2026-05-21 18:11:08,45.7818932,21.3147228,62.98,iulius_airport,car,1,synthetic_gps
2026-05-21 18:11:09,45.7819554,21.3148397,54.98,iulius_airport,car,1,synthetic_gps
2026-05-21 18:11:10,45.7820158,21.3149422,58.76,iulius_airport,car,1,synthetic_gps
2026-05-21 18:11:11,45.7819926,21.3148791,52.45,iulius_airport,car,1,synthetic_gps
2026-05-21 18:11:12,45.7821277,21.3150029,46.67,iulius_airport,car,1,synthetic_gps
2026-05-21 18:11:13,45.7821007,21.3150656,54.67,iulius_airport,car,1,synthetic_gps
2026-05-21 18:11:14,45.781991,21.3149972,46.67,iulius_airport,car,1,synthetic_gps
2026-05-21 18:11:15,45.7818816,21.3151522,49.87,iulius_airport,car,1,synthetic_gps
2026-05-21 18:11:16,45.7820818,21.3152405,43.47,iulius_airport,car,1,synthetic_gps
2026-05-21 18:11:17,45.7820517,21.3151746,51.47,iulius_airport,car,1,synthetic_gps
2026-05-21 18:11:18,45.7819882,21.3153933,43.47,iulius_airport,car,1,synthetic_gps
2026-05-21 18:11:19,45.7821583,21.3153751,39.68,iulius_airport,car,1,synthetic_gps
2026-05-21 18:11:20,45.7821824,21.3153588,47.68,iulius_airport,car,1,synthetic_gps
2026-05-21 18:11:21,45.7821033,21.3155244,41.25,iulius_airport,car,1,synthetic_gps
2026-05-21 18:11:22,45.7821619,21.3155371,44.6,iulius_airport,car,1,synthetic_gps
2026-05-21 18:11:23,45.7820383,21.3155217,52.6,iulius_airport,car,1,synthetic_gps
2026-05-21 18:11:24,45.7820717,21.315698,57.29,iulius_airport,car,1,synthetic_gps
2026-05-21 18:11:25,45.7820114,21.3157093,65.29,iulius_airport,car,1,synthetic_gps
2026-05-21 18:11:26,45.7820715,21.3156892,57.52,iulius_airport,car,1,synthetic_gps
2026-05-21 18:11:27,45.7820891,21.3157879,65.52,iulius_airport,car,1,synthetic_gps
2026-05-21 18:11:28,45.7821345,21.3158909,69.17,iulius_airport,car,1,synthetic_gps
2026-05-21 18:11:29,45.7822057,21.3159404,61.17,iulius_airport,car,1,synthetic_gps
2026-05-21 18:11:30,45.7821662,21.3160734,69.17,iulius_airport,car,1,synthetic_gps
2026-05-21 18:11:31,45.7820762,21.3160565,61.17,iulius_airport,car,1,synthetic_gps
2026-05-21 18:11:32,45.7822101,21.3160465,53.17,iulius_airport,car,1,synthetic_gps
2026-05-21 18:11:33,45.7821497,21.3162233,53.49,iulius_airport,car,1,synthetic_gps
2026-05-21 18:11:34,45.782181,21.3162103,45.49,iulius_airport,car,1,synthetic_gps
2026-05-21 18:11:35,45.7821566,21.3162056,44.05,iulius_airport,car,1,synthetic_gps
2026-05-21 18:11:36,45.782185,21.3162535,45.86,iulius_airport,car,1,synthetic_gps
2026-05-21 18:11:37,45.7823069,21.3163517,53.86,iulius_airport,car,1,synthetic_gps
2026-05-21 18:11:38,45.7821345,21.3164304,48.54,iulius_airport,car,1,synthetic_gps
2026-05-21 18:11:39,45.7822187,21.3164051,56.54,iulius_airport,car,1,synthetic_gps
2026-05-21 18:11:40,45.7820914,21.3165329,48.54,iulius_airport,car,1,synthetic_gps
2026-05-21 18:11:41,45.782254,21.3166837,52.54,iulius_airport,car,1,synthetic_gps
2026-05-21 18:11:42,45.7822575,21.3165657,44.54,iulius_airport,car,1,synthetic_gps
2026-05-21 18:11:43,45.782258,21.3166431,47.8,iulius_airport,car,1,synthetic_gps
2026-05-21 18:11:44,45.7821866,21.3166744,47.26,iulius_airport,car,1,synthetic_gps
2026-05-21 18:11:45,45.7822143,21.3168445,39.26,iulius_airport,car,1,synthetic_gps
2026-05-21 18:11:46,45.7824158,21.3168268,39.55,iulius_airport,car,1,synthetic_gps
2026-05-21 18:11:47,45.7822207,21.3169525,37.41,iulius_airport,car,1,synthetic_gps
2026-05-21 18:11:48,45.7823996,21.3169325,45.41,iulius_airport,car,1,synthetic_gps
2026-05-21 18:11:49,45.7821932,21.3170198,45.49,iulius_airport,car,1,synthetic_gps
2026-05-21 18:11:50,45.7822495,21.3170547,37.49,iulius_airport,car,1,synthetic_gps
2026-05-21 18:11:51,45.7823662,21.3171101,40.87,iulius_airport,car,1,synthetic_gps
2026-05-21 18:11:52,45.7823493,21.317278,42.49,iulius_airport,car,1,synthetic_gps
2026-05-21 18:11:53,45.7823277,21.3172776,50.49,iulius_airport,car,1,synthetic_gps
2026-05-21 18:11:54,45.782265,21.317353,48.88,iulius_airport,car,1,synthetic_gps
2026-05-21 18:11:55,45.7823299,21.3173054,40.88,iulius_airport,car,1,synthetic_gps
2026-05-21 18:11:56,45.7824282,21.3173677,48.88,iulius_airport,car,1,synthetic_gps
2026-05-21 18:11:57,45.7823271,21.3174412,56.88,iulius_airport,car,1,synthetic_gps
2026-05-21 18:11:58,45.7822463,21.3174862,50.97,iulius_airport,car,1,synthetic_gps
2026-05-21 18:11:59,45.7824204,21.3175835,51.34,iulius_airport,car,1,synthetic_gps
2026-05-21 18:12:00,45.7823928,21.3176279,59.34,iulius_airport,car,1,synthetic_gps
2026-05-21 18:12:01,45.7825114,21.317656,67.34,iulius_airport,car,1,synthetic_gps
2026-05-21 18:12:02,45.7823546,21.3177155,59.34,iulius_airport,car,1,synthetic_gps
2026-05-21 18:12:03,45.782321,21.3177557,55.52,iulius_airport,car,1,synthetic_gps
2026-05-21 18:12:04,45.7823935,21.3178795,47.52,iulius_airport,car,1,synthetic_gps
2026-05-21 18:12:05,45.7824343,21.3179682,55.52,iulius_airport,car,1,synthetic_gps
2026-05-21 18:12:06,45.7823222,21.3179391,47.52,iulius_airport,car,1,synthetic_gps
2026-05-21 18:12:07,45.7823408,21.3179942,39.52,iulius_airport,car,1,synthetic_gps
2026-05-21 18:12:08,45.7825357,21.3180279,47.52,iulius_airport,car,1,synthetic_gps
2026-05-21 18:12:09,45.7823875,21.3179841,39.52,iulius_airport,car,1,synthetic_gps
2026-05-21 18:12:10,45.7825001,21.3181475,47.52,iulius_airport,car,1,synthetic_gps
2026-05-21 18:12:11,45.7823176,21.3181591,55.52,iulius_airport,car,1,synthetic_gps
2026-05-21 18:12:12,45.7825454,21.3182583,49.5,iulius_airport,car,1,synthetic_gps
2026-05-21 18:12:13,45.7824268,21.3181461,57.5,iulius_airport,car,1,synthetic_gps
2026-05-21 18:12:14,45.7824679,21.3184889,59.37,iulius_airport,car,1,synthetic_gps
2026-05-21 18:12:15,45.7824745,21.3183661,51.37,iulius_airport,car,1,synthetic_gps
2026-05-21 18:12:16,45.7824335,21.318348,43.37,iulius_airport,car,1,synthetic_gps
2026-05-21 18:12:17,45.7824483,21.3184881,36.82,iulius_airport,car,1,synthetic_gps
2026-05-21 18:12:18,45.7825621,21.3185883,44.82,iulius_airport,car,1,synthetic_gps
2026-05-21 18:12:19,45.7825801,21.3186362,36.82,iulius_airport,car,1,synthetic_gps
2026-05-21 18:12:20,45.7825501,21.3186276,44.82,iulius_airport,car,1,synthetic_gps
2026-05-21 18:12:21,45.7824904,21.3186781,52.82,iulius_airport,car,1,synthetic_gps
2026-05-21 18:12:22,45.7823863,21.3187923,44.82,iulius_airport,car,1,synthetic_gps
2026-05-21 18:12:23,45.7825441,21.3188153,52.82,iulius_airport,car,1,synthetic_gps
2026-05-21 18:12:24,45.7825569,21.3188208,58.48,iulius_airport,car,1,synthetic_gps
2026-05-21 18:12:25,45.7825195,21.3189822,50.48,iulius_airport,car,1,synthetic_gps
2026-05-21 18:12:26,45.7826403,21.3189811,58.48,iulius_airport,car,1,synthetic_gps
2026-05-21 18:12:27,45.7825464,21.3190602,50.48,iulius_airport,car,1,synthetic_gps
2026-05-21 18:12:28,45.7825304,21.319239,42.48,iulius_airport,car,1,synthetic_gps
2026-05-21 18:12:29,45.7825255,21.3190876,34.48,iulius_airport,car,1,synthetic_gps
2026-05-21 18:12:30,45.7825462,21.3191909,26.48,iulius_airport,car,1,synthetic_gps
2026-05-21 18:12:31,45.7825757,21.319295,34.48,iulius_airport,car,1,synthetic_gps
2026-05-21 18:12:32,45.782635,21.3194067,33.83,iulius_airport,car,1,synthetic_gps
2026-05-21 18:12:33,45.7826607,21.3193249,37.5,iulius_airport,car,1,synthetic_gps
2026-05-21 18:12:34,45.7825823,21.3194292,38.06,iulius_airport,car,1,synthetic_gps
2026-05-21 18:12:35,45.7825351,21.3194187,46.06,iulius_airport,car,1,synthetic_gps
2026-05-21 18:12:36,45.782703,21.319514,38.06,iulius_airport,car,1,synthetic_gps
2026-05-21 18:12:37,45.7826637,21.3196956,41.6,iulius_airport,car,1,synthetic_gps
2026-05-21 18:12:38,45.7826934,21.3196483,45.5,iulius_airport,car,1,synthetic_gps
2026-05-21 18:12:39,45.7826239,21.3196703,51.31,iulius_airport,car,1,synthetic_gps
2026-05-21 18:12:40,45.7826696,21.3196527,43.31,iulius_airport,car,1,synthetic_gps
2026-05-21 18:12:41,45.7826366,21.3197957,35.31,iulius_airport,car,1,synthetic_gps
2026-05-21 18:12:42,45.782724,21.3197734,43.31,iulius_airport,car,1,synthetic_gps
2026-05-21 18:12:43,45.7827195,21.3200931,51.31,iulius_airport,car,1,synthetic_gps
2026-05-21 18:12:44,45.7827102,21.3200875,43.31,iulius_airport,car,1,synthetic_gps
2026-05-21 18:12:45,45.7827835,21.3199978,51.31,iulius_airport,car,1,synthetic_gps
2026-05-21 18:12:46,45.7828162,21.3200214,59.31,iulius_airport,car,1,synthetic_gps
2026-05-21 18:12:47,45.7827042,21.3201569,57.75,iulius_airport,car,1,synthetic_gps
2026-05-21 18:12:48,45.7827888,21.3202781,50.67,iulius_airport,car,1,synthetic_gps
2026-05-21 18:12:49,45.7826912,21.3202413,57.6,iulius_airport,car,1,synthetic_gps
2026-05-21 18:12:50,45.7827774,21.3202947,49.6,iulius_airport,car,1,synthetic_gps
2026-05-21 18:12:51,45.782741,21.3203334,41.6,iulius_airport,car,1,synthetic_gps
2026-05-21 18:12:52,45.7827008,21.3204582,33.6,iulius_airport,car,1,synthetic_gps
2026-05-21 18:12:53,45.7828156,21.3204538,41.6,iulius_airport,car,1,synthetic_gps
2026-05-21 18:12:54,45.7826224,21.3204997,49.6,iulius_airport,car,1,synthetic_gps
2026-05-21 18:12:55,45.7827694,21.3204935,57.6,iulius_airport,car,1,synthetic_gps
2026-05-21 18:12:56,45.7828488,21.3206246,49.6,iulius_airport,car,1,synthetic_gps
2026-05-21 18:12:57,45.7828542,21.3208017,49.32,iulius_airport,car,1,synthetic_gps
2026-05-21 18:12:58,45.7827911,21.3206806,41.32,iulius_airport,car,1,synthetic_gps
2026-05-21 18:12:59,45.7827147,21.3207168,49.32,iulius_airport,car,1,synthetic_gps
2026-05-21 18:13:00,45.7828013,21.3209579,57.32,iulius_airport,car,1,synthetic_gps
2026-05-21 18:13:01,45.7828525,21.3207753,61.8,iulius_airport,car,1,synthetic_gps
2026-05-21 18:13:02,45.7827811,21.3209881,53.8,iulius_airport,car,1,synthetic_gps
2026-05-21 18:13:03,45.7828679,21.3209321,45.8,iulius_airport,car,1,synthetic_gps
2026-05-21 18:13:04,45.7829346,21.3209566,37.8,iulius_airport,car,1,synthetic_gps
2026-05-21 18:13:05,45.782898,21.3210809,45.8,iulius_airport,car,1,synthetic_gps
2026-05-21 18:13:06,45.7829167,21.3211793,37.8,iulius_airport,car,1,synthetic_gps
2026-05-21 18:13:07,45.7827562,21.3212145,45.8,iulius_airport,car,1,synthetic_gps
2026-05-21 18:13:08,45.782928,21.3212857,53.8,iulius_airport,car,1,synthetic_gps
2026-05-21 18:13:09,45.7828399,21.3211784,47.45,iulius_airport,car,1,synthetic_gps
2026-05-21 18:13:10,45.7828807,21.3213018,55.45,iulius_airport,car,1,synthetic_gps
2026-05-21 18:13:11,45.7829091,21.3214445,47.45,iulius_airport,car,1,synthetic_gps
2026-05-21 18:13:12,45.7829106,21.3214879,55.45,iulius_airport,car,1,synthetic_gps
2026-05-21 18:13:13,45.7828244,21.3215033,50.13,iulius_airport,car,1,synthetic_gps
2026-05-21 18:13:14,45.782925,21.3215284,42.13,iulius_airport,car,1,synthetic_gps
2026-05-21 18:13:15,45.7829792,21.3215764,35.24,iulius_airport,car,1,synthetic_gps
2026-05-21 18:13:16,45.7829493,21.3216076,43.24,iulius_airport,car,1,synthetic_gps
2026-05-21 18:13:17,45.7830045,21.3216224,39.04,iulius_airport,car,1,synthetic_gps
2026-05-21 18:13:18,45.7829533,21.3218137,47.04,iulius_airport,car,1,synthetic_gps
2026-05-21 18:13:19,45.7829488,21.3218363,55.04,iulius_airport,car,1,synthetic_gps
2026-05-21 18:13:20,45.7829896,21.3218426,63.04,iulius_airport,car,1,synthetic_gps
2026-05-21 18:13:21,45.7828381,21.3220025,55.04,iulius_airport,car,1,synthetic_gps
2026-05-21 18:13:22,45.7830092,21.3220541,47.04,iulius_airport,car,1,synthetic_gps
2026-05-21 18:13:23,45.7829942,21.3221362,55.04,iulius_airport,car,1,synthetic_gps
2026-05-21 18:13:24,45.7829547,21.3221342,47.04,iulius_airport,car,1,synthetic_gps
2026-05-21 18:13:25,45.7830076,21.3221926,55.04,iulius_airport,car,1,synthetic_gps
2026-05-21 18:13:26,45.7831067,21.3222878,47.04,iulius_airport,car,1,synthetic_gps
2026-05-21 18:13:27,45.7831052,21.3222301,55.04,iulius_airport,car,1,synthetic_gps
2026-05-21 18:13:28,45.7830683,21.3223944,47.04,iulius_airport,car,1,synthetic_gps
2026-05-21 18:13:29,45.7829624,21.322439,52.78,iulius_airport,car,1,synthetic_gps
2026-05-21 18:13:30,45.7830968,21.3224458,44.78,iulius_airport,car,1,synthetic_gps
2026-05-21 18:13:31,45.783126,21.3225582,52.78,iulius_airport,car,1,synthetic_gps
2026-05-21 18:13:32,45.7830436,21.3226066,58.22,iulius_airport,car,1,synthetic_gps
2026-05-21 18:13:33,45.7831143,21.3225716,66.22,iulius_airport,car,1,synthetic_gps
2026-05-21 18:13:34,45.7831111,21.32254,58.22,iulius_airport,car,1,synthetic_gps
2026-05-21 18:13:35,45.7830708,21.3227207,63.48,iulius_airport,car,1,synthetic_gps
2026-05-21 18:13:36,45.7831141,21.3226897,55.48,iulius_airport,car,1,synthetic_gps
2026-05-21 18:13:37,45.7831878,21.3228087,54.93,iulius_airport,car,1,synthetic_gps
2026-05-21 18:13:38,45.7831265,21.3229233,55.1,iulius_airport,car,1,synthetic_gps
2026-05-21 18:13:39,45.7831563,21.3228562,63.1,iulius_airport,car,1,synthetic_gps
2026-05-21 18:13:40,45.7831142,21.322999,55.1,iulius_airport,car,1,synthetic_gps
2026-05-21 18:13:41,45.7829717,21.3230518,47.1,iulius_airport,car,1,synthetic_gps
2026-05-21 18:13:42,45.7830962,21.3230613,48.52,iulius_airport,car,1,synthetic_gps
2026-05-21 18:13:43,45.7832148,21.3230733,40.52,iulius_airport,car,1,synthetic_gps
2026-05-21 18:13:44,45.7831591,21.3232354,37.93,iulius_airport,car,1,synthetic_gps
2026-05-21 18:13:45,45.7831707,21.3232193,41.52,iulius_airport,car,1,synthetic_gps
2026-05-21 18:13:46,45.7831619,21.3233995,33.52,iulius_airport,car,1,synthetic_gps
2026-05-21 18:13:47,45.7830924,21.3233887,31.76,iulius_airport,car,1,synthetic_gps
2026-05-21 18:13:48,45.7831966,21.3233411,39.76,iulius_airport,car,1,synthetic_gps
2026-05-21 18:13:49,45.7832706,21.3235242,47.76,iulius_airport,car,1,synthetic_gps
2026-05-21 18:13:50,45.7831956,21.323506,43.83,iulius_airport,car,1,synthetic_gps
2026-05-21 18:13:51,45.7831372,21.3236663,50.07,iulius_airport,car,1,synthetic_gps
2026-05-21 18:13:52,45.7832744,21.3236384,42.54,iulius_airport,car,1,synthetic_gps
2026-05-21 18:13:53,45.7831441,21.3236287,50.54,iulius_airport,car,1,synthetic_gps
2026-05-21 18:13:54,45.7832217,21.3237313,45.38,iulius_airport,car,1,synthetic_gps
2026-05-21 18:13:55,45.783233,21.3237812,37.38,iulius_airport,car,1,synthetic_gps
2026-05-21 18:13:56,45.7832239,21.3239051,45.38,iulius_airport,car,1,synthetic_gps
2026-05-21 18:13:57,45.7832333,21.3238689,53.38,iulius_airport,car,1,synthetic_gps
2026-05-21 18:13:58,45.7832733,21.3239405,45.38,iulius_airport,car,1,synthetic_gps
2026-05-21 18:13:59,45.7833391,21.3240158,42.85,iulius_airport,car,1,synthetic_gps
2026-05-21 18:14:00,45.7832294,21.3240496,50.85,iulius_airport,car,1,synthetic_gps
2026-05-21 18:14:01,45.7832614,21.3241053,46.78,iulius_airport,car,1,synthetic_gps
2026-05-21 18:14:02,45.7832756,21.3242614,54.78,iulius_airport,car,1,synthetic_gps
2026-05-21 18:14:03,45.7833236,21.3242811,46.78,iulius_airport,car,1,synthetic_gps
2026-05-21 18:14:04,45.7833345,21.3243047,38.78,iulius_airport,car,1,synthetic_gps
2026-05-21 18:14:05,45.7832365,21.3241575,46.78,iulius_airport,car,1,synthetic_gps
2026-05-21 18:14:06,45.7832235,21.3243939,39.27,iulius_airport,car,1,synthetic_gps
2026-05-21 18:14:07,45.7832342,21.3244298,47.27,iulius_airport,car,1,synthetic_gps
2026-05-21 18:14:08,45.7833793,21.3244112,52.34,iulius_airport,car,1,synthetic_gps
2026-05-21 18:14:09,45.7833575,21.3245438,44.34,iulius_airport,car,1,synthetic_gps
2026-05-21 18:14:10,45.7831932,21.3246151,52.34,iulius_airport,car,1,synthetic_gps
2026-05-21 18:14:11,45.7834059,21.3246532,48.38,iulius_airport,car,1,synthetic_gps
2026-05-21 18:14:12,45.7831931,21.3246665,40.38,iulius_airport,car,1,synthetic_gps
2026-05-21 18:14:13,45.7834315,21.3247069,48.38,iulius_airport,car,1,synthetic_gps
2026-05-21 18:14:14,45.7833252,21.324784,56.38,iulius_airport,car,1,synthetic_gps
2026-05-21 18:14:15,45.7833708,21.3248495,48.38,iulius_airport,car,1,synthetic_gps
2026-05-21 18:14:16,45.7833825,21.3249126,56.38,iulius_airport,car,1,synthetic_gps
2026-05-21 18:14:17,45.7834005,21.3249432,55.29,iulius_airport,car,1,synthetic_gps
2026-05-21 18:14:18,45.7834194,21.3250179,47.29,iulius_airport,car,1,synthetic_gps
2026-05-21 18:14:19,45.7834401,21.32508,50.17,iulius_airport,car,1,synthetic_gps
2026-05-21 18:14:20,45.7834757,21.3251039,58.17,iulius_airport,car,1,synthetic_gps
2026-05-21 18:14:21,45.7834421,21.3252141,50.17,iulius_airport,car,1,synthetic_gps
2026-05-21 18:14:22,45.7833159,21.3253258,42.17,iulius_airport,car,1,synthetic_gps
2026-05-21 18:14:23,45.7834696,21.325283,43.89,iulius_airport,car,1,synthetic_gps
2026-05-21 18:14:24,45.7833239,21.3253417,51.83,iulius_airport,car,1,synthetic_gps
2026-05-21 18:14:25,45.7835386,21.3254312,59.23,iulius_airport,car,1,synthetic_gps
2026-05-21 18:14:26,45.7834861,21.3254109,51.23,iulius_airport,car,1,synthetic_gps
2026-05-21 18:14:27,45.7834644,21.3255538,43.23,iulius_airport,car,1,synthetic_gps
2026-05-21 18:14:28,45.7834402,21.3256203,51.23,iulius_airport,car,1,synthetic_gps
2026-05-21 18:14:29,45.7835118,21.3255984,43.23,iulius_airport,car,1,synthetic_gps
2026-05-21 18:14:30,45.7832975,21.3255905,35.23,iulius_airport,car,1,synthetic_gps
2026-05-21 18:14:31,45.7834252,21.3256667,35.11,iulius_airport,car,1,synthetic_gps
2026-05-21 18:14:32,45.7835793,21.3257948,27.11,iulius_airport,car,1,synthetic_gps
2026-05-21 18:14:33,45.7836192,21.3259438,35.11,iulius_airport,car,1,synthetic_gps
2026-05-21 18:14:34,45.7835261,21.3258715,43.11,iulius_airport,car,1,synthetic_gps
2026-05-21 18:14:35,45.7835912,21.3259239,35.11,iulius_airport,car,1,synthetic_gps
2026-05-21 18:14:36,45.7836457,21.3260773,43.11,iulius_airport,car,1,synthetic_gps
2026-05-21 18:14:37,45.7835149,21.3260797,51.11,iulius_airport,car,1,synthetic_gps
2026-05-21 18:14:38,45.7836363,21.3261782,45.36,iulius_airport,car,1,synthetic_gps
2026-05-21 18:14:39,45.7836363,21.3262353,53.36,iulius_airport,car,1,synthetic_gps
2026-05-21 18:14:40,45.7836132,21.326335,45.36,iulius_airport,car,1,synthetic_gps
2026-05-21 18:14:41,45.7835756,21.3262127,37.36,iulius_airport,car,1,synthetic_gps
2026-05-21 18:14:42,45.7836167,21.3263913,39.25,iulius_airport,car,1,synthetic_gps
2026-05-21 18:14:43,45.7835953,21.3264493,47.25,iulius_airport,car,1,synthetic_gps
2026-05-21 18:14:44,45.7835059,21.3264934,55.25,iulius_airport,car,1,synthetic_gps
2026-05-21 18:14:45,45.7836311,21.3265405,60.53,iulius_airport,car,1,synthetic_gps
2026-05-21 18:14:46,45.7835997,21.326578,52.53,iulius_airport,car,1,synthetic_gps
2026-05-21 18:14:47,45.7836695,21.3266125,59.62,iulius_airport,car,1,synthetic_gps
2026-05-21 18:14:48,45.7837264,21.3266331,51.62,iulius_airport,car,1,synthetic_gps
2026-05-21 18:14:49,45.7837041,21.3266699,50.81,iulius_airport,car,1,synthetic_gps
2026-05-21 18:14:50,45.7836595,21.3267819,44.15,iulius_airport,car,1,synthetic_gps
2026-05-21 18:14:51,45.7836888,21.3268867,50.66,iulius_airport,car,1,synthetic_gps
2026-05-21 18:14:52,45.7836285,21.3268969,52.99,iulius_airport,car,1,synthetic_gps
2026-05-21 18:14:53,45.7836753,21.3268938,58.6,iulius_airport,car,1,synthetic_gps
2026-05-21 18:14:54,45.7837054,21.327048,50.6,iulius_airport,car,1,synthetic_gps
2026-05-21 18:14:55,45.7836795,21.3269671,46.91,iulius_airport,car,1,synthetic_gps
2026-05-21 18:14:56,45.7837277,21.3270209,38.91,iulius_airport,car,1,synthetic_gps
2026-05-21 18:14:57,45.7836778,21.3271838,46.91,iulius_airport,car,1,synthetic_gps
2026-05-21 18:14:58,45.7837514,21.327135,38.91,iulius_airport,car,1,synthetic_gps
2026-05-21 18:14:59,45.7837619,21.3273426,46.91,iulius_airport,car,1,synthetic_gps
2026-05-21 18:15:00,45.7837093,21.3272872,40.08,iulius_airport,car,1,synthetic_gps
2026-05-21 18:15:01,45.783661,21.3272707,48.08,iulius_airport,car,1,synthetic_gps
2026-05-21 18:15:02,45.7837719,21.3273908,48.59,iulius_airport,car,1,synthetic_gps
2026-05-21 18:15:03,45.7837273,21.3275688,56.59,iulius_airport,car,1,synthetic_gps
2026-05-21 18:15:04,45.7837298,21.3275644,48.59,iulius_airport,car,1,synthetic_gps
2026-05-21 18:15:05,45.7837266,21.3276314,50.0,iulius_airport,car,1,synthetic_gps
2026-05-21 18:15:06,45.783761,21.3275728,42.0,iulius_airport,car,1,synthetic_gps
2026-05-21 18:15:07,45.7838082,21.3277267,50.0,iulius_airport,car,1,synthetic_gps
2026-05-21 18:15:08,45.783761,21.3276375,48.53,iulius_airport,car,1,synthetic_gps
2026-05-21 18:15:09,45.7837718,21.3278514,40.53,iulius_airport,car,1,synthetic_gps
2026-05-21 18:15:10,45.7838507,21.3277725,47.66,iulius_airport,car,1,synthetic_gps
2026-05-21 18:15:11,45.7838869,21.3278857,40.93,iulius_airport,car,1,synthetic_gps
2026-05-21 18:15:12,45.7838338,21.3279725,34.84,iulius_airport,car,1,synthetic_gps
2026-05-21 18:15:13,45.7839114,21.3280081,39.67,iulius_airport,car,1,synthetic_gps
2026-05-21 18:15:14,45.7838344,21.3280787,47.67,iulius_airport,car,1,synthetic_gps
2026-05-21 18:15:15,45.7839002,21.3280868,55.67,iulius_airport,car,1,synthetic_gps
2026-05-21 18:15:16,45.7838871,21.3281622,47.67,iulius_airport,car,1,synthetic_gps
2026-05-21 18:15:17,45.7838707,21.3283164,46.83,iulius_airport,car,1,synthetic_gps
2026-05-21 18:15:18,45.7839251,21.3282921,54.83,iulius_airport,car,1,synthetic_gps
2026-05-21 18:15:19,45.7839567,21.328337,46.83,iulius_airport,car,1,synthetic_gps
2026-05-21 18:15:20,45.78389,21.3284155,53.72,iulius_airport,car,1,synthetic_gps
2026-05-21 18:15:21,45.7839912,21.3284133,61.72,iulius_airport,car,1,synthetic_gps
2026-05-21 18:15:22,45.7838968,21.3284887,53.72,iulius_airport,car,1,synthetic_gps
2026-05-21 18:15:23,45.7839368,21.3285368,47.6,iulius_airport,car,1,synthetic_gps
2026-05-21 18:15:24,45.7839497,21.3286623,44.49,iulius_airport,car,1,synthetic_gps
2026-05-21 18:15:25,45.7840413,21.328631,43.84,iulius_airport,car,1,synthetic_gps
2026-05-21 18:15:26,45.7839663,21.3287673,43.75,iulius_airport,car,1,synthetic_gps
2026-05-21 18:15:27,45.7839816,21.3287526,35.75,iulius_airport,car,1,synthetic_gps
2026-05-21 18:15:28,45.7838601,21.3287593,43.75,iulius_airport,car,1,synthetic_gps
2026-05-21 18:15:29,45.7839675,21.3287569,36.84,iulius_airport,car,1,synthetic_gps
2026-05-21 18:15:30,45.7839124,21.3289763,42.96,iulius_airport,car,1,synthetic_gps
2026-05-21 18:15:31,45.7839452,21.3289118,47.49,iulius_airport,car,1,synthetic_gps
2026-05-21 18:15:32,45.7839756,21.328978,40.83,iulius_airport,car,1,synthetic_gps
2026-05-21 18:15:33,45.7840692,21.3291046,48.83,iulius_airport,car,1,synthetic_gps
2026-05-21 18:15:34,45.7840514,21.3291628,50.87,iulius_airport,car,1,synthetic_gps
2026-05-21 18:15:35,45.7840512,21.3291747,42.87,iulius_airport,car,1,synthetic_gps
2026-05-21 18:15:36,45.7838803,21.3291941,50.87,iulius_airport,car,1,synthetic_gps
2026-05-21 18:15:37,45.7841228,21.329416,55.68,iulius_airport,car,1,synthetic_gps
2026-05-21 18:15:38,45.7839973,21.3293421,63.68,iulius_airport,car,1,synthetic_gps
2026-05-21 18:15:39,45.7839447,21.3294792,71.68,iulius_airport,car,1,synthetic_gps
2026-05-21 18:15:40,45.7840953,21.3293026,63.68,iulius_airport,car,1,synthetic_gps
2026-05-21 18:15:41,45.7841009,21.3295816,55.68,iulius_airport,car,1,synthetic_gps
2026-05-21 18:15:42,45.7840118,21.3295692,63.68,iulius_airport,car,1,synthetic_gps
2026-05-21 18:15:43,45.7840049,21.3297012,71.28,iulius_airport,car,1,synthetic_gps
2026-05-21 18:15:44,45.7840355,21.3296376,63.28,iulius_airport,car,1,synthetic_gps
2026-05-21 18:15:45,45.7840951,21.3296732,55.28,iulius_airport,car,1,synthetic_gps
2026-05-21 18:15:46,45.7840248,21.3298724,47.28,iulius_airport,car,1,synthetic_gps
2026-05-21 18:15:47,45.7841992,21.329888,50.22,iulius_airport,car,1,synthetic_gps
2026-05-21 18:15:48,45.7840612,21.3298983,56.63,iulius_airport,car,1,synthetic_gps
2026-05-21 18:15:49,45.7840763,21.329997,48.63,iulius_airport,car,1,synthetic_gps
2026-05-21 18:15:50,45.7841177,21.3298811,56.63,iulius_airport,car,1,synthetic_gps
2026-05-21 18:15:51,45.7840573,21.3301656,51.25,iulius_airport,car,1,synthetic_gps
2026-05-21 18:15:52,45.7841277,21.3300725,43.25,iulius_airport,car,1,synthetic_gps
2026-05-21 18:15:53,45.7841341,21.3301886,51.25,iulius_airport,car,1,synthetic_gps
2026-05-21 18:15:54,45.7841078,21.3301499,50.49,iulius_airport,car,1,synthetic_gps
2026-05-21 18:15:55,45.7842143,21.3302513,58.49,iulius_airport,car,1,synthetic_gps
2026-05-21 18:15:56,45.7840591,21.3302717,50.77,iulius_airport,car,1,synthetic_gps
2026-05-21 18:15:57,45.7840941,21.3303633,54.45,iulius_airport,car,1,synthetic_gps
2026-05-21 18:15:58,45.7843255,21.3304413,46.45,iulius_airport,car,1,synthetic_gps
2026-05-21 18:15:59,45.7840966,21.3304402,54.45,iulius_airport,car,1,synthetic_gps
2026-05-21 18:16:00,45.7842406,21.3305848,62.45,iulius_airport,car,1,synthetic_gps
2026-05-21 18:16:01,45.7841574,21.3306087,54.45,iulius_airport,car,1,synthetic_gps
2026-05-21 18:16:02,45.7841323,21.330519,46.45,iulius_airport,car,1,synthetic_gps
2026-05-21 18:16:03,45.7841582,21.330692,54.45,iulius_airport,car,1,synthetic_gps
2026-05-21 18:16:04,45.7842052,21.3308154,46.45,iulius_airport,car,1,synthetic_gps
2026-05-21 18:16:05,45.7842608,21.3309582,54.45,iulius_airport,car,1,synthetic_gps
2026-05-21 18:16:06,45.7842418,21.33079,57.11,iulius_airport,car,1,synthetic_gps
2026-05-21 18:16:07,45.7842435,21.3309066,49.44,iulius_airport,car,1,synthetic_gps
2026-05-21 18:16:08,45.7841857,21.3309236,57.44,iulius_airport,car,1,synthetic_gps
2026-05-21 18:16:09,45.7842635,21.3309916,49.44,iulius_airport,car,1,synthetic_gps
2026-05-21 18:16:10,45.7842402,21.331076,41.44,iulius_airport,car,1,synthetic_gps
2026-05-21 18:16:11,45.7842457,21.3310549,33.44,iulius_airport,car,1,synthetic_gps
2026-05-21 18:16:12,45.7843461,21.3312207,41.44,iulius_airport,car,1,synthetic_gps
2026-05-21 18:16:13,45.7842978,21.3312721,49.44,iulius_airport,car,1,synthetic_gps
2026-05-21 18:16:14,45.7843192,21.3313439,45.84,iulius_airport,car,1,synthetic_gps
2026-05-21 18:16:15,45.7843841,21.3313953,47.72,iulius_airport,car,1,synthetic_gps
2026-05-21 18:16:16,45.7842979,21.3313207,50.23,iulius_airport,car,1,synthetic_gps
2026-05-21 18:16:17,45.7843317,21.3315059,51.08,iulius_airport,car,1,synthetic_gps
2026-05-21 18:16:18,45.7842936,21.3315158,47.95,iulius_airport,car,1,synthetic_gps
2026-05-21 18:16:19,45.7842604,21.3315918,55.95,iulius_airport,car,1,synthetic_gps
2026-05-21 18:16:20,45.784266,21.3316017,62.14,iulius_airport,car,1,synthetic_gps
2026-05-21 18:16:21,45.7841743,21.3316726,54.14,iulius_airport,car,1,synthetic_gps
2026-05-21 18:16:22,45.7844813,21.3316018,46.14,iulius_airport,car,1,synthetic_gps
2026-05-21 18:16:23,45.7843417,21.3317569,47.4,iulius_airport,car,1,synthetic_gps
2026-05-21 18:16:24,45.7843027,21.3318868,55.4,iulius_airport,car,1,synthetic_gps
2026-05-21 18:16:25,45.7844463,21.3319386,47.4,iulius_airport,car,1,synthetic_gps
2026-05-21 18:16:26,45.7844395,21.3319204,41.26,iulius_airport,car,1,synthetic_gps
2026-05-21 18:16:27,45.7842949,21.3319587,36.49,iulius_airport,car,1,synthetic_gps
2026-05-21 18:16:28,45.7843542,21.3319898,44.49,iulius_airport,car,1,synthetic_gps
2026-05-21 18:16:29,45.7844197,21.3321304,36.49,iulius_airport,car,1,synthetic_gps
2026-05-21 18:16:30,45.7844774,21.3322049,44.49,iulius_airport,car,1,synthetic_gps
2026-05-21 18:16:31,45.7844574,21.332216,52.49,iulius_airport,car,1,synthetic_gps
2026-05-21 18:16:32,45.7844317,21.3323053,52.34,iulius_airport,car,1,synthetic_gps
2026-05-21 18:16:33,45.7844463,21.3324263,44.34,iulius_airport,car,1,synthetic_gps
2026-05-21 18:16:34,45.784479,21.3323654,45.52,iulius_airport,car,1,synthetic_gps
2026-05-21 18:16:35,45.7843124,21.3323666,48.59,iulius_airport,car,1,synthetic_gps
2026-05-21 18:16:36,45.7844671,21.3325054,40.59,iulius_airport,car,1,synthetic_gps
2026-05-21 18:16:37,45.7844851,21.3325183,48.59,iulius_airport,car,1,synthetic_gps
2026-05-21 18:16:38,45.7844508,21.3325373,46.59,iulius_airport,car,1,synthetic_gps
2026-05-21 18:16:39,45.7844409,21.3324486,38.59,iulius_airport,car,1,synthetic_gps
2026-05-21 18:16:40,45.7843608,21.3327191,30.59,iulius_airport,car,1,synthetic_gps
2026-05-21 18:16:41,45.7844018,21.3327516,22.59,iulius_airport,car,1,synthetic_gps
2026-05-21 18:16:42,45.7844108,21.3328843,14.59,iulius_airport,car,1,synthetic_gps
2026-05-21 18:16:43,45.7844833,21.3328321,22.59,iulius_airport,car,1,synthetic_gps
2026-05-21 18:16:44,45.7844925,21.3328344,14.59,iulius_airport,car,1,synthetic_gps
2026-05-21 18:16:45,45.7845456,21.3329878,19.27,iulius_airport,car,1,synthetic_gps
2026-05-21 18:16:46,45.7844974,21.3329523,16.37,iulius_airport,car,1,synthetic_gps
2026-05-21 18:16:47,45.7845026,21.3331325,24.37,iulius_airport,car,1,synthetic_gps
2026-05-21 18:16:48,45.784551,21.3329937,17.15,iulius_airport,car,1,synthetic_gps
2026-05-21 18:16:49,45.7845436,21.3331371,18.48,iulius_airport,car,1,synthetic_gps
2026-05-21 18:16:50,45.784533,21.3333495,15.25,iulius_airport,car,1,synthetic_gps
2026-05-21 18:16:51,45.7845469,21.3333158,16.59,iulius_airport,car,1,synthetic_gps
2026-05-21 18:16:52,45.7845852,21.3333557,22.66,iulius_airport,car,1,synthetic_gps
2026-05-21 18:16:53,45.7846303,21.3333181,29.4,iulius_airport,car,1,synthetic_gps
2026-05-21 18:16:54,45.7845968,21.3333033,21.4,iulius_airport,car,1,synthetic_gps
2026-05-21 18:16:55,45.7846107,21.3334747,20.58,iulius_airport,car,1,synthetic_gps
2026-05-21 18:16:56,45.7845797,21.3335273,17.29,iulius_airport,car,1,synthetic_gps
2026-05-21 18:16:57,45.7846344,21.3336347,19.01,iulius_airport,car,1,synthetic_gps
2026-05-21 18:16:58,45.7845758,21.3337509,11.01,iulius_airport,car,1,synthetic_gps
2026-05-21 18:16:59,45.7845328,21.3336644,19.01,iulius_airport,car,1,synthetic_gps
2026-05-21 18:17:00,45.7846457,21.3337519,18.03,iulius_airport,car,1,synthetic_gps
2026-05-21 18:17:01,45.7846302,21.3338618,20.53,iulius_airport,car,1,synthetic_gps
2026-05-21 18:17:02,45.7846059,21.3338836,21.24,iulius_airport,car,1,synthetic_gps
2026-05-21 18:17:03,45.7847125,21.3338455,13.3,iulius_airport,car,1,synthetic_gps
2026-05-21 18:17:04,45.7846864,21.3339437,12.06,iulius_airport,car,1,synthetic_gps
2026-05-21 18:17:05,45.7847199,21.3340395,20.06,iulius_airport,car,1,synthetic_gps
2026-05-21 18:17:06,45.7847584,21.3341352,15.81,iulius_airport,car,1,synthetic_gps
2026-05-21 18:17:07,45.784687,21.3341046,17.63,iulius_airport,car,1,synthetic_gps
2026-05-21 18:17:08,45.7846945,21.3341784,13.19,iulius_airport,car,1,synthetic_gps
2026-05-21 18:17:09,45.7845921,21.3342962,17.19,iulius_airport,car,1,synthetic_gps
2026-05-21 18:17:10,45.7847095,21.3343073,12.08,iulius_airport,car,1,synthetic_gps
2026-05-21 18:17:11,45.7847759,21.3344036,12.28,iulius_airport,car,1,synthetic_gps
2026-05-21 18:17:12,45.7847393,21.334461,11.88,iulius_airport,car,1,synthetic_gps
2026-05-21 18:17:13,45.7848594,21.3344954,19.59,iulius_airport,car,1,synthetic_gps
2026-05-21 18:17:14,45.7847306,21.3345087,23.41,iulius_airport,car,1,synthetic_gps
2026-05-21 18:17:15,45.7847484,21.3345699,22.77,iulius_airport,car,1,synthetic_gps
2026-05-21 18:17:16,45.7847744,21.3346056,14.77,iulius_airport,car,1,synthetic_gps
2026-05-21 18:17:17,45.7848482,21.334617,22.77,iulius_airport,car,1,synthetic_gps
2026-05-21 18:17:18,45.7848989,21.3347832,14.77,iulius_airport,car,1,synthetic_gps
2026-05-21 18:17:19,45.7847526,21.3348082,17.69,iulius_airport,car,1,synthetic_gps
2026-05-21 18:17:20,45.7848239,21.3347356,16.04,iulius_airport,car,1,synthetic_gps
2026-05-21 18:17:21,45.7848525,21.3349121,14.94,iulius_airport,car,1,synthetic_gps
2026-05-21 18:17:22,45.7848414,21.3349766,16.5,iulius_airport,car,1,synthetic_gps
2026-05-21 18:17:23,45.7848524,21.3351311,19.38,iulius_airport,car,1,synthetic_gps
2026-05-21 18:17:24,45.7848631,21.3350398,11.38,iulius_airport,car,1,synthetic_gps
2026-05-21 18:17:25,45.7847431,21.3351695,19.38,iulius_airport,car,1,synthetic_gps
2026-05-21 18:17:26,45.7848778,21.3352178,21.31,iulius_airport,car,1,synthetic_gps
2026-05-21 18:17:27,45.7849365,21.3353247,13.31,iulius_airport,car,1,synthetic_gps
2026-05-21 18:17:28,45.7848462,21.3353694,21.31,iulius_airport,car,1,synthetic_gps
2026-05-21 18:17:29,45.7849344,21.3353367,16.14,iulius_airport,car,1,synthetic_gps
2026-05-21 18:17:30,45.7848303,21.3353389,21.83,iulius_airport,car,1,synthetic_gps
2026-05-21 18:17:31,45.7848978,21.33537,20.41,iulius_airport,car,1,synthetic_gps
2026-05-21 18:17:32,45.7849151,21.3356011,18.68,iulius_airport,car,1,synthetic_gps
2026-05-21 18:17:33,45.7849086,21.3355477,10.68,iulius_airport,car,1,synthetic_gps
2026-05-21 18:17:34,45.784794,21.3356808,2.68,iulius_airport,car,1,synthetic_gps
2026-05-21 18:17:35,45.7848298,21.3356636,10.68,iulius_airport,car,1,synthetic_gps
2026-05-21 18:17:36,45.7850041,21.3357302,18.68,iulius_airport,car,1,synthetic_gps
2026-05-21 18:17:37,45.7849417,21.3357249,11.74,iulius_airport,car,1,synthetic_gps
2026-05-21 18:17:38,45.7848614,21.3358794,19.55,iulius_airport,car,1,synthetic_gps
2026-05-21 18:17:39,45.7849867,21.3358076,16.51,iulius_airport,car,1,synthetic_gps
2026-05-21 18:17:40,45.7848382,21.3359258,20.34,iulius_airport,car,1,synthetic_gps
2026-05-21 18:17:41,45.7849444,21.3360463,20.31,iulius_airport,car,1,synthetic_gps
2026-05-21 18:17:42,45.7849262,21.3359945,15.93,iulius_airport,car,1,synthetic_gps
2026-05-21 18:17:43,45.784965,21.3360866,7.93,iulius_airport,car,1,synthetic_gps
2026-05-21 18:17:44,45.7849655,21.3362204,8.22,iulius_airport,car,1,synthetic_gps
2026-05-21 18:17:45,45.7849971,21.3361803,2.67,iulius_airport,car,1,synthetic_gps
2026-05-21 18:17:46,45.7848945,21.3361732,10.67,iulius_airport,car,1,synthetic_gps
2026-05-21 18:17:47,45.7849722,21.3362606,15.96,iulius_airport,car,1,synthetic_gps
2026-05-21 18:17:48,45.7849889,21.3363785,15.64,iulius_airport,car,1,synthetic_gps
2026-05-21 18:17:49,45.7850319,21.3364552,21.71,iulius_airport,car,1,synthetic_gps
2026-05-21 18:17:50,45.7850462,21.3365292,25.68,iulius_airport,car,1,synthetic_gps
2026-05-21 18:17:51,45.7850231,21.3365055,17.68,iulius_airport,car,1,synthetic_gps
2026-05-21 18:17:52,45.7849879,21.3366323,16.29,iulius_airport,car,1,synthetic_gps
2026-05-21 18:17:53,45.7851092,21.3366101,13.56,iulius_airport,car,1,synthetic_gps
2026-05-21 18:17:54,45.7850702,21.3367033,18.06,iulius_airport,car,1,synthetic_gps
2026-05-21 18:17:55,45.7850561,21.3367276,11.91,iulius_airport,car,1,synthetic_gps
2026-05-21 18:17:56,45.7850689,21.3367954,19.91,iulius_airport,car,1,synthetic_gps
2026-05-21 18:17:57,45.7851213,21.3368464,11.91,iulius_airport,car,1,synthetic_gps
2026-05-21 18:17:58,45.7850941,21.3369022,11.39,iulius_airport,car,1,synthetic_gps
2026-05-21 18:17:59,45.7851124,21.3370569,12.0,iulius_airport,car,1,synthetic_gps
