timestamp,latitude,longitude,speed_kmh,route_id,transport_mode,is_peak_hour,source
2026-05-14 08:21:00,45.7470224,21.2389938,0.74,complex_aem,tram,1,synthetic_gps
2026-05-14 08:21:01,45.7470079,21.239058,0.31,complex_aem,tram,1,synthetic_gps
2026-05-14 08:21:02,45.7470015,21.2389389,0.3,complex_aem,tram,1,synthetic_gps
2026-05-14 08:21:03,45.7469667,21.2390041,0.0,complex_aem,tram,1,synthetic_gps
2026-05-14 08:21:04,45.7469843,21.2389859,0.44,complex_aem,tram,1,synthetic_gps
2026-05-14 08:21:05,45.7469496,21.2391051,0.29,complex_aem,tram,1,synthetic_gps
2026-05-14 08:21:06,45.7469713,21.2390274,0.16,complex_aem,tram,1,synthetic_gps
2026-05-14 08:21:07,45.7470922,21.2391412,0.61,complex_aem,tram,1,synthetic_gps
2026-05-14 08:21:08,45.7469573,21.2390865,0.27,complex_aem,tram,1,synthetic_gps
2026-05-14 08:21:09,45.7468972,21.2390729,0.45,complex_aem,tram,1,synthetic_gps
2026-05-14 08:21:10,45.7469227,21.2391525,0.62,complex_aem,tram,1,synthetic_gps
2026-05-14 08:21:11,45.7469391,21.2391094,0.65,complex_aem,tram,1,synthetic_gps
2026-05-14 08:21:12,45.746894,21.2390962,0.7,complex_aem,tram,1,synthetic_gps
2026-05-14 08:21:13,45.7468924,21.2391591,0.59,complex_aem,tram,1,synthetic_gps
2026-05-14 08:21:14,45.7469328,21.2392454,0.21,complex_aem,tram,1,synthetic_gps
2026-05-14 08:21:15,45.7468658,21.2392344,0.42,complex_aem,tram,1,synthetic_gps
2026-05-14 08:21:16,45.7469915,21.2391767,0.31,complex_aem,tram,1,synthetic_gps
2026-05-14 08:21:17,45.7469429,21.2392646,0.49,complex_aem,tram,1,synthetic_gps
2026-05-14 08:21:18,45.74692,21.2392686,5.28,complex_aem,tram,1,synthetic_gps
2026-05-14 08:21:19,45.7468962,21.2392948,6.28,complex_aem,tram,1,synthetic_gps
2026-05-14 08:21:20,45.7469065,21.2392394,3.53,complex_aem,tram,1,synthetic_gps
2026-05-14 08:21:21,45.7468826,21.2392829,6.59,complex_aem,tram,1,synthetic_gps
2026-05-14 08:21:22,45.7469818,21.2392829,7.63,complex_aem,tram,1,synthetic_gps
2026-05-14 08:21:23,45.7468888,21.2392867,2.9,complex_aem,tram,1,synthetic_gps
2026-05-14 08:21:24,45.7468902,21.2394108,6.53,complex_aem,tram,1,synthetic_gps
2026-05-14 08:21:25,45.7468964,21.2393278,6.98,complex_aem,tram,1,synthetic_gps
2026-05-14 08:21:26,45.7469296,21.2393588,8.94,complex_aem,tram,1,synthetic_gps
2026-05-14 08:21:27,45.7468325,21.2394007,10.41,complex_aem,tram,1,synthetic_gps
2026-05-14 08:21:28,45.7468242,21.2393245,7.24,complex_aem,tram,1,synthetic_gps
2026-05-14 08:21:29,45.7468414,21.2393629,6.1,complex_aem,tram,1,synthetic_gps
2026-05-14 08:21:30,45.7468116,21.2393963,4.75,complex_aem,tram,1,synthetic_gps
2026-05-14 08:21:31,45.7469244,21.23937,4.83,complex_aem,tram,1,synthetic_gps
2026-05-14 08:21:32,45.7468866,21.2393446,7.56,complex_aem,tram,1,synthetic_gps
2026-05-14 08:21:33,45.7469041,21.2393979,6.5,complex_aem,tram,1,synthetic_gps
2026-05-14 08:21:34,45.7468523,21.2394602,3.97,complex_aem,tram,1,synthetic_gps
2026-05-14 08:21:35,45.7467765,21.2394653,9.98,complex_aem,tram,1,synthetic_gps
2026-05-14 08:21:36,45.7468444,21.2394179,11.57,complex_aem,tram,1,synthetic_gps
2026-05-14 08:21:37,45.7468479,21.2394956,4.66,complex_aem,tram,1,synthetic_gps
2026-05-14 08:21:38,45.746874,21.2394381,9.36,complex_aem,tram,1,synthetic_gps
2026-05-14 08:21:39,45.7468358,21.2394485,7.36,complex_aem,tram,1,synthetic_gps
2026-05-14 08:21:40,45.7467725,21.2394633,6.81,complex_aem,tram,1,synthetic_gps
2026-05-14 08:21:41,45.7468232,21.2395669,8.32,complex_aem,tram,1,synthetic_gps
2026-05-14 08:21:42,45.7467912,21.2396474,8.53,complex_aem,tram,1,synthetic_gps
2026-05-14 08:21:43,45.7467599,21.2395394,6.66,complex_aem,tram,1,synthetic_gps
2026-05-14 08:21:44,45.7467837,21.2395821,8.16,complex_aem,tram,1,synthetic_gps
2026-05-14 08:21:45,45.7467858,21.2395421,8.9,complex_aem,tram,1,synthetic_gps
2026-05-14 08:21:46,45.7467643,21.2396135,7.52,complex_aem,tram,1,synthetic_gps
2026-05-14 08:21:47,45.7467236,21.2396159,11.32,complex_aem,tram,1,synthetic_gps
2026-05-14 08:21:48,45.7467776,21.2395486,7.88,complex_aem,tram,1,synthetic_gps
2026-05-14 08:21:49,45.7467955,21.2395693,10.39,complex_aem,tram,1,synthetic_gps
2026-05-14 08:21:50,45.7467888,21.2396481,8.26,complex_aem,tram,1,synthetic_gps
2026-05-14 08:21:51,45.7469343,21.2396974,9.42,complex_aem,tram,1,synthetic_gps
2026-05-14 08:21:52,45.7467421,21.2396842,5.11,complex_aem,tram,1,synthetic_gps
2026-05-14 08:21:53,45.7467409,21.2396607,5.69,complex_aem,tram,1,synthetic_gps
2026-05-14 08:21:54,45.7467778,21.2396024,5.84,complex_aem,tram,1,synthetic_gps
2026-05-14 08:21:55,45.7467912,21.2397577,7.31,complex_aem,tram,1,synthetic_gps
2026-05-14 08:21:56,45.7467046,21.2397097,7.11,complex_aem,tram,1,synthetic_gps
2026-05-14 08:21:57,45.7467035,21.2397739,9.03,complex_aem,tram,1,synthetic_gps
2026-05-14 08:21:58,45.746637,21.2397334,5.38,complex_aem,tram,1,synthetic_gps
2026-05-14 08:21:59,45.7467618,21.2397028,11.07,complex_aem,tram,1,synthetic_gps
2026-05-14 08:22:00,45.7466974,21.2397206,11.33,complex_aem,tram,1,synthetic_gps
2026-05-14 08:22:01,45.7467323,21.2397795,11.05,complex_aem,tram,1,synthetic_gps
2026-05-14 08:22:02,45.746641,21.2397532,3.54,complex_aem,tram,1,synthetic_gps
2026-05-14 08:22:03,45.7466728,21.2397768,11.54,complex_aem,tram,1,synthetic_gps
2026-05-14 08:22:04,45.7465541,21.2397539,6.38,complex_aem,tram,1,synthetic_gps
2026-05-14 08:22:05,45.7466392,21.2398819,10.24,complex_aem,tram,1,synthetic_gps
2026-05-14 08:22:06,45.7467555,21.2397604,9.85,complex_aem,tram,1,synthetic_gps
2026-05-14 08:22:07,45.7466864,21.2398284,7.15,complex_aem,tram,1,synthetic_gps
2026-05-14 08:22:08,45.7466864,21.2398798,10.89,complex_aem,tram,1,synthetic_gps
2026-05-14 08:22:09,45.7466209,21.2398934,7.17,complex_aem,tram,1,synthetic_gps
2026-05-14 08:22:10,45.7466845,21.239847,6.49,complex_aem,tram,1,synthetic_gps
2026-05-14 08:22:11,45.746645,21.2398595,6.13,complex_aem,tram,1,synthetic_gps
2026-05-14 08:22:12,45.746703,21.2399138,8.99,complex_aem,tram,1,synthetic_gps
2026-05-14 08:22:13,45.7466861,21.2399373,5.26,complex_aem,tram,1,synthetic_gps
2026-05-14 08:22:14,45.7466522,21.2399303,10.13,complex_aem,tram,1,synthetic_gps
2026-05-14 08:22:15,45.7466218,21.2400074,5.92,complex_aem,tram,1,synthetic_gps
2026-05-14 08:22:16,45.7467025,21.2399509,8.67,complex_aem,tram,1,synthetic_gps
2026-05-14 08:22:17,45.7466251,21.2399503,15.71,complex_aem,tram,1,synthetic_gps
2026-05-14 08:22:18,45.7466387,21.2400018,14.27,complex_aem,tram,1,synthetic_gps
2026-05-14 08:22:19,45.7467238,21.2400417,11.62,complex_aem,tram,1,synthetic_gps
2026-05-14 08:22:20,45.7466531,21.2400283,19.62,complex_aem,tram,1,synthetic_gps
2026-05-14 08:22:21,45.7465799,21.2399184,27.62,complex_aem,tram,1,synthetic_gps
2026-05-14 08:22:22,45.7465785,21.2400105,22.89,complex_aem,tram,1,synthetic_gps
2026-05-14 08:22:23,45.7465856,21.240018,21.43,complex_aem,tram,1,synthetic_gps
2026-05-14 08:22:24,45.7465851,21.2400604,13.43,complex_aem,tram,1,synthetic_gps
2026-05-14 08:22:25,45.7465382,21.2400326,21.43,complex_aem,tram,1,synthetic_gps
2026-05-14 08:22:26,45.7466109,21.2401414,26.0,complex_aem,tram,1,synthetic_gps
2026-05-14 08:22:27,45.746585,21.2400739,19.97,complex_aem,tram,1,synthetic_gps
2026-05-14 08:22:28,45.746602,21.2400628,23.64,complex_aem,tram,1,synthetic_gps
2026-05-14 08:22:29,45.7466518,21.2400474,15.64,complex_aem,tram,1,synthetic_gps
2026-05-14 08:22:30,45.7465882,21.2401256,20.68,complex_aem,tram,1,synthetic_gps
2026-05-14 08:22:31,45.7465387,21.2402399,22.84,complex_aem,tram,1,synthetic_gps
2026-05-14 08:22:32,45.7466656,21.2401155,26.11,complex_aem,tram,1,synthetic_gps
2026-05-14 08:22:33,45.7465723,21.2401575,26.83,complex_aem,tram,1,synthetic_gps
2026-05-14 08:22:34,45.7465216,21.240148,18.83,complex_aem,tram,1,synthetic_gps
2026-05-14 08:22:35,45.746531,21.2401014,22.54,complex_aem,tram,1,synthetic_gps
2026-05-14 08:22:36,45.7465096,21.2402221,14.54,complex_aem,tram,1,synthetic_gps
2026-05-14 08:22:37,45.7466277,21.2402092,18.02,complex_aem,tram,1,synthetic_gps
2026-05-14 08:22:38,45.7464635,21.2402859,19.2,complex_aem,tram,1,synthetic_gps
2026-05-14 08:22:39,45.7465916,21.2402326,19.61,complex_aem,tram,1,synthetic_gps
2026-05-14 08:22:40,45.7465315,21.2402521,16.85,complex_aem,tram,1,synthetic_gps
2026-05-14 08:22:41,45.7465546,21.2402009,23.75,complex_aem,tram,1,synthetic_gps
2026-05-14 08:22:42,45.7464528,21.2403325,22.33,complex_aem,tram,1,synthetic_gps
2026-05-14 08:22:43,45.7464835,21.2402927,30.33,complex_aem,tram,1,synthetic_gps
2026-05-14 08:22:44,45.7466052,21.240379,22.33,complex_aem,tram,1,synthetic_gps
2026-05-14 08:22:45,45.7465515,21.2403795,26.14,complex_aem,tram,1,synthetic_gps
2026-05-14 08:22:46,45.7465508,21.2402459,18.14,complex_aem,tram,1,synthetic_gps
2026-05-14 08:22:47,45.7464067,21.2403465,10.14,complex_aem,tram,1,synthetic_gps
2026-05-14 08:22:48,45.746567,21.2402879,8.08,complex_aem,tram,1,synthetic_gps
2026-05-14 08:22:49,45.7464866,21.2403622,16.08,complex_aem,tram,1,synthetic_gps
2026-05-14 08:22:50,45.7464257,21.2404051,22.57,complex_aem,tram,1,synthetic_gps
2026-05-14 08:22:51,45.7464374,21.2404211,17.97,complex_aem,tram,1,synthetic_gps
2026-05-14 08:22:52,45.7464306,21.2404227,16.29,complex_aem,tram,1,synthetic_gps
2026-05-14 08:22:53,45.7464346,21.240348,18.66,complex_aem,tram,1,synthetic_gps
2026-05-14 08:22:54,45.746554,21.2404266,15.1,complex_aem,tram,1,synthetic_gps
2026-05-14 08:22:55,45.7464706,21.2404758,15.66,complex_aem,tram,1,synthetic_gps
2026-05-14 08:22:56,45.7464324,21.2404241,18.07,complex_aem,tram,1,synthetic_gps
2026-05-14 08:22:57,45.746348,21.2404343,10.07,complex_aem,tram,1,synthetic_gps
2026-05-14 08:22:58,45.7464728,21.240489,18.07,complex_aem,tram,1,synthetic_gps
2026-05-14 08:22:59,45.7464926,21.2405561,10.07,complex_aem,tram,1,synthetic_gps
2026-05-14 08:23:00,45.7464035,21.240436,15.47,complex_aem,tram,1,synthetic_gps
2026-05-14 08:23:01,45.7463841,21.2405223,23.47,complex_aem,tram,1,synthetic_gps
2026-05-14 08:23:02,45.7464278,21.2405916,20.54,complex_aem,tram,1,synthetic_gps
2026-05-14 08:23:03,45.7463847,21.2405177,28.54,complex_aem,tram,1,synthetic_gps
2026-05-14 08:23:04,45.7463793,21.2404878,26.48,complex_aem,tram,1,synthetic_gps
2026-05-14 08:23:05,45.7465,21.2405637,20.89,complex_aem,tram,1,synthetic_gps
2026-05-14 08:23:06,45.7463801,21.2405531,15.85,complex_aem,tram,1,synthetic_gps
2026-05-14 08:23:07,45.7463658,21.2404749,23.85,complex_aem,tram,1,synthetic_gps
2026-05-14 08:23:08,45.7463892,21.2405592,15.96,complex_aem,tram,1,synthetic_gps
2026-05-14 08:23:09,45.7464293,21.2406363,21.45,complex_aem,tram,1,synthetic_gps
2026-05-14 08:23:10,45.7463155,21.2406495,15.36,complex_aem,tram,1,synthetic_gps
2026-05-14 08:23:11,45.7464116,21.2406501,7.36,complex_aem,tram,1,synthetic_gps
2026-05-14 08:23:12,45.7463929,21.2406093,15.36,complex_aem,tram,1,synthetic_gps
2026-05-14 08:23:13,45.7463018,21.2407878,8.72,complex_aem,tram,1,synthetic_gps
2026-05-14 08:23:14,45.7463332,21.2406577,16.72,complex_aem,tram,1,synthetic_gps
2026-05-14 08:23:15,45.7463412,21.2407373,24.72,complex_aem,tram,1,synthetic_gps
2026-05-14 08:23:16,45.7462513,21.2406641,24.04,complex_aem,tram,1,synthetic_gps
2026-05-14 08:23:17,45.7463487,21.2407201,20.63,complex_aem,tram,1,synthetic_gps
2026-05-14 08:23:18,45.746357,21.240718,28.17,complex_aem,tram,1,synthetic_gps
2026-05-14 08:23:19,45.7463599,21.2407107,24.12,complex_aem,tram,1,synthetic_gps
2026-05-14 08:23:20,45.7463615,21.2407311,22.03,complex_aem,tram,1,synthetic_gps
2026-05-14 08:23:21,45.7464325,21.2407503,26.63,complex_aem,tram,1,synthetic_gps
2026-05-14 08:23:22,45.7462427,21.2407296,18.63,complex_aem,tram,1,synthetic_gps
2026-05-14 08:23:23,45.7463139,21.2407164,20.11,complex_aem,tram,1,synthetic_gps
2026-05-14 08:23:24,45.7463623,21.2407005,21.65,complex_aem,tram,1,synthetic_gps
2026-05-14 08:23:25,45.746355,21.2408199,23.98,complex_aem,tram,1,synthetic_gps
2026-05-14 08:23:26,45.7463309,21.2408063,24.43,complex_aem,tram,1,synthetic_gps
2026-05-14 08:23:27,45.7464131,21.2408156,22.83,complex_aem,tram,1,synthetic_gps
2026-05-14 08:23:28,45.7463436,21.2408115,20.5,complex_aem,tram,1,synthetic_gps
2026-05-14 08:23:29,45.7462801,21.2408469,25.8,complex_aem,tram,1,synthetic_gps
2026-05-14 08:23:30,45.7462847,21.240831,17.8,complex_aem,tram,1,synthetic_gps
2026-05-14 08:23:31,45.7463092,21.2409309,25.8,complex_aem,tram,1,synthetic_gps
2026-05-14 08:23:32,45.7463061,21.2409845,17.8,complex_aem,tram,1,synthetic_gps
2026-05-14 08:23:33,45.7462268,21.2409202,25.8,complex_aem,tram,1,synthetic_gps
2026-05-14 08:23:34,45.7463076,21.2409225,21.96,complex_aem,tram,1,synthetic_gps
2026-05-14 08:23:35,45.7462228,21.2409284,20.33,complex_aem,tram,1,synthetic_gps
2026-05-14 08:23:36,45.7462737,21.2409827,23.37,complex_aem,tram,1,synthetic_gps
2026-05-14 08:23:37,45.7462741,21.2409738,15.37,complex_aem,tram,1,synthetic_gps
2026-05-14 08:23:38,45.7463311,21.240952,13.07,complex_aem,tram,1,synthetic_gps
2026-05-14 08:23:39,45.746249,21.2411017,21.07,complex_aem,tram,1,synthetic_gps
2026-05-14 08:23:40,45.7462429,21.2409808,13.07,complex_aem,tram,1,synthetic_gps
2026-05-14 08:23:41,45.7461708,21.2410022,21.07,complex_aem,tram,1,synthetic_gps
2026-05-14 08:23:42,45.7462255,21.2411001,18.18,complex_aem,tram,1,synthetic_gps
2026-05-14 08:23:43,45.7461683,21.2410372,10.77,complex_aem,tram,1,synthetic_gps
2026-05-14 08:23:44,45.7462209,21.2410813,11.53,complex_aem,tram,1,synthetic_gps
2026-05-14 08:23:45,45.7462773,21.2410167,19.53,complex_aem,tram,1,synthetic_gps
2026-05-14 08:23:46,45.7462098,21.2410252,27.53,complex_aem,tram,1,synthetic_gps
2026-05-14 08:23:47,45.7462199,21.2410523,24.72,complex_aem,tram,1,synthetic_gps
2026-05-14 08:23:48,45.7461867,21.2410754,19.77,complex_aem,tram,1,synthetic_gps
2026-05-14 08:23:49,45.7461834,21.241175,11.77,complex_aem,tram,1,synthetic_gps
2026-05-14 08:23:50,45.7462592,21.2410317,17.6,complex_aem,tram,1,synthetic_gps
2026-05-14 08:23:51,45.7461817,21.2411308,23.69,complex_aem,tram,1,synthetic_gps
2026-05-14 08:23:52,45.7461438,21.2412289,15.69,complex_aem,tram,1,synthetic_gps
2026-05-14 08:23:53,45.7462463,21.2411308,14.9,complex_aem,tram,1,synthetic_gps
2026-05-14 08:23:54,45.7461608,21.241197,11.45,complex_aem,tram,1,synthetic_gps
2026-05-14 08:23:55,45.7462118,21.2412241,13.42,complex_aem,tram,1,synthetic_gps
2026-05-14 08:23:56,45.7461588,21.2412522,12.43,complex_aem,tram,1,synthetic_gps
2026-05-14 08:23:57,45.746198,21.2411374,20.43,complex_aem,tram,1,synthetic_gps
2026-05-14 08:23:58,45.7461421,21.2412722,15.07,complex_aem,tram,1,synthetic_gps
2026-05-14 08:23:59,45.7460976,21.2412715,10.11,complex_aem,tram,1,synthetic_gps
2026-05-14 08:24:00,45.7460626,21.2413263,2.11,complex_aem,tram,1,synthetic_gps
2026-05-14 08:24:01,45.7461953,21.2412611,0.7,complex_aem,tram,1,synthetic_gps
2026-05-14 08:24:02,45.7461607,21.241198,1.65,complex_aem,tram,1,synthetic_gps
2026-05-14 08:24:03,45.7460842,21.241292,1.53,complex_aem,tram,1,synthetic_gps
2026-05-14 08:24:04,45.7461838,21.2413213,1.79,complex_aem,tram,1,synthetic_gps
2026-05-14 08:24:05,45.7460876,21.2413355,1.68,complex_aem,tram,1,synthetic_gps
2026-05-14 08:24:06,45.7461,21.2413262,0.76,complex_aem,tram,1,synthetic_gps
2026-05-14 08:24:07,45.7460589,21.2413636,0.72,complex_aem,tram,1,synthetic_gps
2026-05-14 08:24:08,45.7460748,21.2413974,2.78,complex_aem,tram,1,synthetic_gps
2026-05-14 08:24:09,45.7461184,21.2413706,0.29,complex_aem,tram,1,synthetic_gps
2026-05-14 08:24:10,45.7462246,21.2413707,0.78,complex_aem,tram,1,synthetic_gps
2026-05-14 08:24:11,45.7461128,21.2413724,1.17,complex_aem,tram,1,synthetic_gps
2026-05-14 08:24:12,45.7461318,21.2413747,1.78,complex_aem,tram,1,synthetic_gps
2026-05-14 08:24:13,45.746016,21.241464,1.06,complex_aem,tram,1,synthetic_gps
2026-05-14 08:24:14,45.7461077,21.2414525,1.85,complex_aem,tram,1,synthetic_gps
2026-05-14 08:24:15,45.7460655,21.241466,1.17,complex_aem,tram,1,synthetic_gps
2026-05-14 08:24:16,45.7461006,21.2414593,0.43,complex_aem,tram,1,synthetic_gps
2026-05-14 08:24:17,45.7460967,21.2414529,1.15,complex_aem,tram,1,synthetic_gps
2026-05-14 08:24:18,45.7461141,21.2414518,9.15,complex_aem,tram,1,synthetic_gps
2026-05-14 08:24:19,45.7460464,21.2414406,17.15,complex_aem,tram,1,synthetic_gps
2026-05-14 08:24:20,45.7460541,21.2414802,25.15,complex_aem,tram,1,synthetic_gps
2026-05-14 08:24:21,45.7460667,21.2415515,21.98,complex_aem,tram,1,synthetic_gps
2026-05-14 08:24:22,45.7460568,21.2415729,16.38,complex_aem,tram,1,synthetic_gps
2026-05-14 08:24:23,45.7461119,21.2415789,22.2,complex_aem,tram,1,synthetic_gps
2026-05-14 08:24:24,45.7460237,21.2416154,30.2,complex_aem,tram,1,synthetic_gps
2026-05-14 08:24:25,45.7460155,21.241549,22.2,complex_aem,tram,1,synthetic_gps
2026-05-14 08:24:26,45.7459892,21.2415404,19.76,complex_aem,tram,1,synthetic_gps
2026-05-14 08:24:27,45.7460402,21.2415393,24.78,complex_aem,tram,1,synthetic_gps
2026-05-14 08:24:28,45.7460693,21.2415904,19.65,complex_aem,tram,1,synthetic_gps
2026-05-14 08:24:29,45.7460507,21.241665,27.65,complex_aem,tram,1,synthetic_gps
2026-05-14 08:24:30,45.7459869,21.2416011,19.65,complex_aem,tram,1,synthetic_gps
2026-05-14 08:24:31,45.7459859,21.2416152,18.82,complex_aem,tram,1,synthetic_gps
2026-05-14 08:24:32,45.7460702,21.2416243,14.17,complex_aem,tram,1,synthetic_gps
2026-05-14 08:24:33,45.7460228,21.2416308,15.07,complex_aem,tram,1,synthetic_gps
2026-05-14 08:24:34,45.7460665,21.2417558,15.71,complex_aem,tram,1,synthetic_gps
2026-05-14 08:24:35,45.7459747,21.241712,23.71,complex_aem,tram,1,synthetic_gps
2026-05-14 08:24:36,45.7459795,21.2416641,15.71,complex_aem,tram,1,synthetic_gps
2026-05-14 08:24:37,45.7459499,21.2416747,19.94,complex_aem,tram,1,synthetic_gps
2026-05-14 08:24:38,45.7459548,21.2417351,19.89,complex_aem,tram,1,synthetic_gps
2026-05-14 08:24:39,45.7460269,21.2417918,22.4,complex_aem,tram,1,synthetic_gps
2026-05-14 08:24:40,45.7459994,21.2418331,24.09,complex_aem,tram,1,synthetic_gps
2026-05-14 08:24:41,45.7459479,21.2418045,22.95,complex_aem,tram,1,synthetic_gps
2026-05-14 08:24:42,45.7459963,21.2417978,27.47,complex_aem,tram,1,synthetic_gps
2026-05-14 08:24:43,45.7460073,21.2417583,23.36,complex_aem,tram,1,synthetic_gps
2026-05-14 08:24:44,45.7459425,21.2418066,28.45,complex_aem,tram,1,synthetic_gps
2026-05-14 08:24:45,45.7459086,21.2418313,22.8,complex_aem,tram,1,synthetic_gps
2026-05-14 08:24:46,45.7459492,21.2418271,14.8,complex_aem,tram,1,synthetic_gps
2026-05-14 08:24:47,45.7459695,21.2419048,21.5,complex_aem,tram,1,synthetic_gps
2026-05-14 08:24:48,45.7459425,21.241921,19.33,complex_aem,tram,1,synthetic_gps
2026-05-14 08:24:49,45.7459391,21.2418704,22.86,complex_aem,tram,1,synthetic_gps
2026-05-14 08:24:50,45.7459702,21.2418288,20.93,complex_aem,tram,1,synthetic_gps
2026-05-14 08:24:51,45.7458857,21.2418659,20.89,complex_aem,tram,1,synthetic_gps
2026-05-14 08:24:52,45.7458873,21.241917,28.89,complex_aem,tram,1,synthetic_gps
2026-05-14 08:24:53,45.7459049,21.241836,20.89,complex_aem,tram,1,synthetic_gps
2026-05-14 08:24:54,45.745838,21.2418261,23.08,complex_aem,tram,1,synthetic_gps
2026-05-14 08:24:55,45.7458758,21.241988,29.17,complex_aem,tram,1,synthetic_gps
2026-05-14 08:24:56,45.745923,21.2419455,32.93,complex_aem,tram,1,synthetic_gps
2026-05-14 08:24:57,45.7458409,21.2420029,24.93,complex_aem,tram,1,synthetic_gps
2026-05-14 08:24:58,45.7458281,21.24204,19.42,complex_aem,tram,1,synthetic_gps
2026-05-14 08:24:59,45.74593,21.2419996,18.39,complex_aem,tram,1,synthetic_gps
2026-05-14 08:25:00,45.7459006,21.2420201,24.5,complex_aem,tram,1,synthetic_gps
2026-05-14 08:25:01,45.7459301,21.2420687,23.44,complex_aem,tram,1,synthetic_gps
2026-05-14 08:25:02,45.7458352,21.242106,19.72,complex_aem,tram,1,synthetic_gps
2026-05-14 08:25:03,45.7457966,21.2419659,23.95,complex_aem,tram,1,synthetic_gps
2026-05-14 08:25:04,45.7458362,21.241965,16.83,complex_aem,tram,1,synthetic_gps
2026-05-14 08:25:05,45.7457425,21.2421086,12.34,complex_aem,tram,1,synthetic_gps
2026-05-14 08:25:06,45.7458034,21.2420729,19.97,complex_aem,tram,1,synthetic_gps
2026-05-14 08:25:07,45.7457901,21.2421111,11.97,complex_aem,tram,1,synthetic_gps
2026-05-14 08:25:08,45.7458469,21.2420081,6.39,complex_aem,tram,1,synthetic_gps
2026-05-14 08:25:09,45.7458021,21.2421044,14.39,complex_aem,tram,1,synthetic_gps
2026-05-14 08:25:10,45.745909,21.2421538,16.0,complex_aem,tram,1,synthetic_gps
2026-05-14 08:25:11,45.7458492,21.2421499,14.41,complex_aem,tram,1,synthetic_gps
2026-05-14 08:25:12,45.7458214,21.2421209,22.41,complex_aem,tram,1,synthetic_gps
2026-05-14 08:25:13,45.7458318,21.2421364,27.62,complex_aem,tram,1,synthetic_gps
2026-05-14 08:25:14,45.7458687,21.2421839,34.53,complex_aem,tram,1,synthetic_gps
2026-05-14 08:25:15,45.7457737,21.2421709,26.53,complex_aem,tram,1,synthetic_gps
2026-05-14 08:25:16,45.7457707,21.2421782,18.53,complex_aem,tram,1,synthetic_gps
2026-05-14 08:25:17,45.7458144,21.2421661,16.29,complex_aem,tram,1,synthetic_gps
2026-05-14 08:25:18,45.7457895,21.2423214,24.29,complex_aem,tram,1,synthetic_gps
2026-05-14 08:25:19,45.7458056,21.2421867,23.95,complex_aem,tram,1,synthetic_gps
2026-05-14 08:25:20,45.7457697,21.2421749,22.79,complex_aem,tram,1,synthetic_gps
2026-05-14 08:25:21,45.7458057,21.2421786,14.79,complex_aem,tram,1,synthetic_gps
2026-05-14 08:25:22,45.745782,21.2423221,22.79,complex_aem,tram,1,synthetic_gps
2026-05-14 08:25:23,45.7457465,21.242214,15.99,complex_aem,tram,1,synthetic_gps
2026-05-14 08:25:24,45.7458289,21.2423621,15.62,complex_aem,tram,1,synthetic_gps
2026-05-14 08:25:25,45.7457756,21.2423271,17.96,complex_aem,tram,1,synthetic_gps
2026-05-14 08:25:26,45.7457776,21.2423083,25.4,complex_aem,tram,1,synthetic_gps
2026-05-14 08:25:27,45.7456203,21.2422855,22.23,complex_aem,tram,1,synthetic_gps
2026-05-14 08:25:28,45.7456855,21.2424022,16.73,complex_aem,tram,1,synthetic_gps
2026-05-14 08:25:29,45.7457547,21.2422925,18.09,complex_aem,tram,1,synthetic_gps
2026-05-14 08:25:30,45.7457378,21.2423173,26.09,complex_aem,tram,1,synthetic_gps
2026-05-14 08:25:31,45.7457075,21.2424167,18.09,complex_aem,tram,1,synthetic_gps
2026-05-14 08:25:32,45.7457093,21.2423843,17.75,complex_aem,tram,1,synthetic_gps
2026-05-14 08:25:33,45.7458138,21.2424288,25.75,complex_aem,tram,1,synthetic_gps
2026-05-14 08:25:34,45.745704,21.2424162,19.5,complex_aem,tram,1,synthetic_gps
2026-05-14 08:25:35,45.7457093,21.2424316,12.76,complex_aem,tram,1,synthetic_gps
2026-05-14 08:25:36,45.7457098,21.2423601,20.76,complex_aem,tram,1,synthetic_gps
2026-05-14 08:25:37,45.7457172,21.242368,28.76,complex_aem,tram,1,synthetic_gps
2026-05-14 08:25:38,45.7457467,21.2424282,24.29,complex_aem,tram,1,synthetic_gps
2026-05-14 08:25:39,45.7456448,21.2424999,16.29,complex_aem,tram,1,synthetic_gps
2026-05-14 08:25:40,45.7456789,21.2425098,24.29,complex_aem,tram,1,synthetic_gps
2026-05-14 08:25:41,45.7457051,21.2425111,32.29,complex_aem,tram,1,synthetic_gps
2026-05-14 08:25:42,45.7456872,21.2425723,27.74,complex_aem,tram,1,synthetic_gps
2026-05-14 08:25:43,45.7457269,21.2424885,31.42,complex_aem,tram,1,synthetic_gps
2026-05-14 08:25:44,45.7456824,21.2425161,23.42,complex_aem,tram,1,synthetic_gps
2026-05-14 08:25:45,45.7456789,21.2425778,30.05,complex_aem,tram,1,synthetic_gps
2026-05-14 08:25:46,45.7456484,21.2426184,28.33,complex_aem,tram,1,synthetic_gps
2026-05-14 08:25:47,45.7455994,21.24262,24.45,complex_aem,tram,1,synthetic_gps
2026-05-14 08:25:48,45.7456432,21.2426057,18.79,complex_aem,tram,1,synthetic_gps
2026-05-14 08:25:49,45.745646,21.242555,10.79,complex_aem,tram,1,synthetic_gps
2026-05-14 08:25:50,45.745596,21.2425281,15.53,complex_aem,tram,1,synthetic_gps
2026-05-14 08:25:51,45.7455764,21.2426451,15.1,complex_aem,tram,1,synthetic_gps
2026-05-14 08:25:52,45.7456003,21.2427514,23.1,complex_aem,tram,1,synthetic_gps
2026-05-14 08:25:53,45.7456119,21.2426421,19.86,complex_aem,tram,1,synthetic_gps
2026-05-14 08:25:54,45.7455593,21.242601,27.16,complex_aem,tram,1,synthetic_gps
2026-05-14 08:25:55,45.745727,21.2427181,24.03,complex_aem,tram,1,synthetic_gps
2026-05-14 08:25:56,45.7456467,21.2427127,20.73,complex_aem,tram,1,synthetic_gps
2026-05-14 08:25:57,45.745605,21.242704,23.87,complex_aem,tram,1,synthetic_gps
2026-05-14 08:25:58,45.7455269,21.2427206,15.87,complex_aem,tram,1,synthetic_gps
2026-05-14 08:25:59,45.7455488,21.2426515,22.78,complex_aem,tram,1,synthetic_gps
2026-05-14 08:26:00,45.7455492,21.2427923,14.78,complex_aem,tram,1,synthetic_gps
2026-05-14 08:26:01,45.745579,21.2427189,22.78,complex_aem,tram,1,synthetic_gps
2026-05-14 08:26:02,45.7455573,21.2427894,14.78,complex_aem,tram,1,synthetic_gps
2026-05-14 08:26:03,45.7455995,21.2428504,19.47,complex_aem,tram,1,synthetic_gps
2026-05-14 08:26:04,45.7455806,21.2427807,20.86,complex_aem,tram,1,synthetic_gps
2026-05-14 08:26:05,45.7455948,21.2427997,22.81,complex_aem,tram,1,synthetic_gps
2026-05-14 08:26:06,45.7455025,21.2429037,14.81,complex_aem,tram,1,synthetic_gps
2026-05-14 08:26:07,45.7455298,21.2428736,16.08,complex_aem,tram,1,synthetic_gps
2026-05-14 08:26:08,45.7455259,21.2428626,14.15,complex_aem,tram,1,synthetic_gps
2026-05-14 08:26:09,45.7456481,21.2428861,14.86,complex_aem,tram,1,synthetic_gps
2026-05-14 08:26:10,45.7455385,21.2428692,20.31,complex_aem,tram,1,synthetic_gps
2026-05-14 08:26:11,45.7455356,21.2428183,21.87,complex_aem,tram,1,synthetic_gps
2026-05-14 08:26:12,45.7455335,21.2430161,14.37,complex_aem,tram,1,synthetic_gps
2026-05-14 08:26:13,45.7456066,21.2429564,22.37,complex_aem,tram,1,synthetic_gps
2026-05-14 08:26:14,45.7455537,21.2429983,17.35,complex_aem,tram,1,synthetic_gps
2026-05-14 08:26:15,45.7455143,21.242888,15.02,complex_aem,tram,1,synthetic_gps
2026-05-14 08:26:16,45.7455203,21.2429154,21.64,complex_aem,tram,1,synthetic_gps
2026-05-14 08:26:17,45.745444,21.2429833,29.64,complex_aem,tram,1,synthetic_gps
2026-05-14 08:26:18,45.7455646,21.2429206,31.71,complex_aem,tram,1,synthetic_gps
2026-05-14 08:26:19,45.7455235,21.2429918,23.71,complex_aem,tram,1,synthetic_gps
2026-05-14 08:26:20,45.7455242,21.2429586,21.19,complex_aem,tram,1,synthetic_gps
2026-05-14 08:26:21,45.7454286,21.2430884,17.85,complex_aem,tram,1,synthetic_gps
2026-05-14 08:26:22,45.7455335,21.2430618,12.35,complex_aem,tram,1,synthetic_gps
2026-05-14 08:26:23,45.7454623,21.2430548,20.35,complex_aem,tram,1,synthetic_gps
2026-05-14 08:26:24,45.7455731,21.2430864,21.34,complex_aem,tram,1,synthetic_gps
2026-05-14 08:26:25,45.745447,21.2431086,24.08,complex_aem,tram,1,synthetic_gps
2026-05-14 08:26:26,45.7454178,21.2430432,16.08,complex_aem,tram,1,synthetic_gps
2026-05-14 08:26:27,45.7454682,21.2432173,12.08,complex_aem,tram,1,synthetic_gps
2026-05-14 08:26:28,45.7454372,21.2431752,20.08,complex_aem,tram,1,synthetic_gps
2026-05-14 08:26:29,45.7454252,21.2431803,24.2,complex_aem,tram,1,synthetic_gps
2026-05-14 08:26:30,45.745414,21.2431379,23.76,complex_aem,tram,1,synthetic_gps
2026-05-14 08:26:31,45.7453736,21.2431913,21.19,complex_aem,tram,1,synthetic_gps
2026-05-14 08:26:32,45.7454051,21.243243,29.19,complex_aem,tram,1,synthetic_gps
2026-05-14 08:26:33,45.7454235,21.2431098,21.19,complex_aem,tram,1,synthetic_gps
2026-05-14 08:26:34,45.7453632,21.2432322,20.4,complex_aem,tram,1,synthetic_gps
2026-05-14 08:26:35,45.7454066,21.2431767,15.47,complex_aem,tram,1,synthetic_gps
2026-05-14 08:26:36,45.7453327,21.2432685,11.53,complex_aem,tram,1,synthetic_gps
2026-05-14 08:26:37,45.7453942,21.2432487,19.53,complex_aem,tram,1,synthetic_gps
2026-05-14 08:26:38,45.7453498,21.2433765,21.04,complex_aem,tram,1,synthetic_gps
2026-05-14 08:26:39,45.7453364,21.2433012,17.12,complex_aem,tram,1,synthetic_gps
2026-05-14 08:26:40,45.7453161,21.2433301,17.28,complex_aem,tram,1,synthetic_gps
2026-05-14 08:26:41,45.7453436,21.2432919,25.28,complex_aem,tram,1,synthetic_gps
2026-05-14 08:26:42,45.7452132,21.2434202,17.28,complex_aem,tram,1,synthetic_gps
2026-05-14 08:26:43,45.7453102,21.2434497,17.78,complex_aem,tram,1,synthetic_gps
2026-05-14 08:26:44,45.7452866,21.2432959,16.18,complex_aem,tram,1,synthetic_gps
2026-05-14 08:26:45,45.7453223,21.243385,19.78,complex_aem,tram,1,synthetic_gps
2026-05-14 08:26:46,45.7453507,21.2434397,19.81,complex_aem,tram,1,synthetic_gps
2026-05-14 08:26:47,45.7452471,21.2435166,13.96,complex_aem,tram,1,synthetic_gps
2026-05-14 08:26:48,45.7452195,21.2434086,21.96,complex_aem,tram,1,synthetic_gps
2026-05-14 08:26:49,45.745264,21.2435498,13.96,complex_aem,tram,1,synthetic_gps
2026-05-14 08:26:50,45.7452961,21.2434937,21.96,complex_aem,tram,1,synthetic_gps
2026-05-14 08:26:51,45.7452306,21.2435453,25.6,complex_aem,tram,1,synthetic_gps
2026-05-14 08:26:52,45.7452514,21.2435161,23.22,complex_aem,tram,1,synthetic_gps
2026-05-14 08:26:53,45.7452117,21.2435569,20.63,complex_aem,tram,1,synthetic_gps
2026-05-14 08:26:54,45.7452179,21.2435927,12.63,complex_aem,tram,1,synthetic_gps
2026-05-14 08:26:55,45.7451828,21.2436322,20.63,complex_aem,tram,1,synthetic_gps
2026-05-14 08:26:56,45.7452721,21.2436511,26.97,complex_aem,tram,1,synthetic_gps
2026-05-14 08:26:57,45.7451769,21.2435796,18.97,complex_aem,tram,1,synthetic_gps
2026-05-14 08:26:58,45.7452629,21.2436782,23.19,complex_aem,tram,1,synthetic_gps
2026-05-14 08:26:59,45.7452927,21.2437358,31.19,complex_aem,tram,1,synthetic_gps
2026-05-14 08:27:00,45.7452117,21.2437358,23.19,complex_aem,tram,1,synthetic_gps
2026-05-14 08:27:01,45.7451529,21.243647,15.19,complex_aem,tram,1,synthetic_gps
2026-05-14 08:27:02,45.7451619,21.2437094,7.19,complex_aem,tram,1,synthetic_gps
2026-05-14 08:27:03,45.7451777,21.243751,0.71,complex_aem,tram,1,synthetic_gps
2026-05-14 08:27:04,45.7451783,21.2437893,1.9,complex_aem,tram,1,synthetic_gps
2026-05-14 08:27:05,45.7451631,21.2437748,1.15,complex_aem,tram,1,synthetic_gps
2026-05-14 08:27:06,45.7451168,21.243817,1.21,complex_aem,tram,1,synthetic_gps
2026-05-14 08:27:07,45.7452363,21.2438562,1.25,complex_aem,tram,1,synthetic_gps
2026-05-14 08:27:08,45.7451589,21.2438422,1.6,complex_aem,tram,1,synthetic_gps
2026-05-14 08:27:09,45.7451059,21.2438413,0.64,complex_aem,tram,1,synthetic_gps
2026-05-14 08:27:10,45.7451,21.2438211,1.55,complex_aem,tram,1,synthetic_gps
2026-05-14 08:27:11,45.745134,21.2439417,0.53,complex_aem,tram,1,synthetic_gps
2026-05-14 08:27:12,45.7450877,21.2438944,1.59,complex_aem,tram,1,synthetic_gps
2026-05-14 08:27:13,45.7450207,21.2438612,0.71,complex_aem,tram,1,synthetic_gps
2026-05-14 08:27:14,45.7451558,21.2439101,1.76,complex_aem,tram,1,synthetic_gps
2026-05-14 08:27:15,45.745146,21.2439115,0.86,complex_aem,tram,1,synthetic_gps
2026-05-14 08:27:16,45.7450377,21.2440776,1.31,complex_aem,tram,1,synthetic_gps
2026-05-14 08:27:17,45.7451384,21.2440646,1.77,complex_aem,tram,1,synthetic_gps
2026-05-14 08:27:18,45.7450819,21.2439721,9.77,complex_aem,tram,1,synthetic_gps
2026-05-14 08:27:19,45.7450389,21.2440643,15.46,complex_aem,tram,1,synthetic_gps
2026-05-14 08:27:20,45.7450352,21.2440977,12.01,complex_aem,tram,1,synthetic_gps
2026-05-14 08:27:21,45.7450147,21.2440105,19.05,complex_aem,tram,1,synthetic_gps
2026-05-14 08:27:22,45.7450837,21.244094,12.83,complex_aem,tram,1,synthetic_gps
2026-05-14 08:27:23,45.7450912,21.2440671,20.83,complex_aem,tram,1,synthetic_gps
2026-05-14 08:27:24,45.7449833,21.244149,28.83,complex_aem,tram,1,synthetic_gps
2026-05-14 08:27:25,45.7450616,21.2440537,20.83,complex_aem,tram,1,synthetic_gps
2026-05-14 08:27:26,45.7449907,21.2440548,22.26,complex_aem,tram,1,synthetic_gps
2026-05-14 08:27:27,45.7449699,21.244198,18.64,complex_aem,tram,1,synthetic_gps
2026-05-14 08:27:28,45.7449919,21.2441448,11.81,complex_aem,tram,1,synthetic_gps
2026-05-14 08:27:29,45.7448317,21.2441952,17.35,complex_aem,tram,1,synthetic_gps
2026-05-14 08:27:30,45.7450279,21.2441826,15.78,complex_aem,tram,1,synthetic_gps
2026-05-14 08:27:31,45.7449664,21.2442381,15.99,complex_aem,tram,1,synthetic_gps
2026-05-14 08:27:32,45.744933,21.2442283,13.85,complex_aem,tram,1,synthetic_gps
2026-05-14 08:27:33,45.7448925,21.2442169,13.54,complex_aem,tram,1,synthetic_gps
2026-05-14 08:27:34,45.744989,21.2442597,6.95,complex_aem,tram,1,synthetic_gps
2026-05-14 08:27:35,45.7448804,21.2442936,12.08,complex_aem,tram,1,synthetic_gps
2026-05-14 08:27:36,45.7449394,21.2442936,20.08,complex_aem,tram,1,synthetic_gps
2026-05-14 08:27:37,45.7449217,21.2443185,15.77,complex_aem,tram,1,synthetic_gps
2026-05-14 08:27:38,45.7449264,21.2442842,22.05,complex_aem,tram,1,synthetic_gps
2026-05-14 08:27:39,45.7448218,21.2443614,22.44,complex_aem,tram,1,synthetic_gps
2026-05-14 08:27:40,45.7448419,21.2443385,21.4,complex_aem,tram,1,synthetic_gps
2026-05-14 08:27:41,45.7449189,21.2443789,21.07,complex_aem,tram,1,synthetic_gps
2026-05-14 08:27:42,45.7448221,21.2444133,13.07,complex_aem,tram,1,synthetic_gps
2026-05-14 08:27:43,45.7447201,21.2444064,21.07,complex_aem,tram,1,synthetic_gps
2026-05-14 08:27:44,45.7448716,21.2445363,20.15,complex_aem,tram,1,synthetic_gps
2026-05-14 08:27:45,45.7448032,21.2444318,19.59,complex_aem,tram,1,synthetic_gps
2026-05-14 08:27:46,45.7447991,21.2444422,16.62,complex_aem,tram,1,synthetic_gps
2026-05-14 08:27:47,45.7447774,21.2444302,20.66,complex_aem,tram,1,synthetic_gps
2026-05-14 08:27:48,45.7447994,21.2444422,26.18,complex_aem,tram,1,synthetic_gps
2026-05-14 08:27:49,45.7448012,21.2444859,19.96,complex_aem,tram,1,synthetic_gps
2026-05-14 08:27:50,45.7447777,21.2445986,20.79,complex_aem,tram,1,synthetic_gps
2026-05-14 08:27:51,45.7447243,21.2445804,28.79,complex_aem,tram,1,synthetic_gps
2026-05-14 08:27:52,45.7447611,21.2446389,20.79,complex_aem,tram,1,synthetic_gps
2026-05-14 08:27:53,45.7448118,21.2446427,24.59,complex_aem,tram,1,synthetic_gps
2026-05-14 08:27:54,45.7447506,21.2445975,16.59,complex_aem,tram,1,synthetic_gps
2026-05-14 08:27:55,45.7447769,21.2445997,21.43,complex_aem,tram,1,synthetic_gps
2026-05-14 08:27:56,45.7447511,21.2447135,19.44,complex_aem,tram,1,synthetic_gps
2026-05-14 08:27:57,45.7447625,21.2447189,27.44,complex_aem,tram,1,synthetic_gps
2026-05-14 08:27:58,45.744726,21.2447287,28.31,complex_aem,tram,1,synthetic_gps
2026-05-14 08:27:59,45.7448431,21.2446653,24.18,complex_aem,tram,1,synthetic_gps
2026-05-14 08:28:00,45.7447263,21.244778,16.18,complex_aem,tram,1,synthetic_gps
2026-05-14 08:28:01,45.7447622,21.2447285,24.18,complex_aem,tram,1,synthetic_gps
2026-05-14 08:28:02,45.7447615,21.2447521,16.18,complex_aem,tram,1,synthetic_gps
2026-05-14 08:28:03,45.7446726,21.2447449,17.13,complex_aem,tram,1,synthetic_gps
2026-05-14 08:28:04,45.7447602,21.244773,25.13,complex_aem,tram,1,synthetic_gps
2026-05-14 08:28:05,45.7447481,21.2448001,28.58,complex_aem,tram,1,synthetic_gps
2026-05-14 08:28:06,45.7446312,21.2448365,20.58,complex_aem,tram,1,synthetic_gps
2026-05-14 08:28:07,45.7447175,21.244821,23.67,complex_aem,tram,1,synthetic_gps
2026-05-14 08:28:08,45.7446955,21.2447957,20.88,complex_aem,tram,1,synthetic_gps
2026-05-14 08:28:09,45.7447357,21.2449197,12.88,complex_aem,tram,1,synthetic_gps
2026-05-14 08:28:10,45.7446564,21.2449126,20.88,complex_aem,tram,1,synthetic_gps
2026-05-14 08:28:11,45.7446827,21.2449201,24.55,complex_aem,tram,1,synthetic_gps
2026-05-14 08:28:12,45.744619,21.2448811,27.75,complex_aem,tram,1,synthetic_gps
2026-05-14 08:28:13,45.7446118,21.2449536,19.75,complex_aem,tram,1,synthetic_gps
2026-05-14 08:28:14,45.7445853,21.2449553,22.32,complex_aem,tram,1,synthetic_gps
2026-05-14 08:28:15,45.7446101,21.244957,25.25,complex_aem,tram,1,synthetic_gps
2026-05-14 08:28:16,45.744627,21.2450214,17.25,complex_aem,tram,1,synthetic_gps
2026-05-14 08:28:17,45.7446348,21.2450406,17.29,complex_aem,tram,1,synthetic_gps
2026-05-14 08:28:18,45.7445947,21.2451108,9.29,complex_aem,tram,1,synthetic_gps
2026-05-14 08:28:19,45.7445546,21.2449605,17.29,complex_aem,tram,1,synthetic_gps
2026-05-14 08:28:20,45.7445151,21.2450144,25.29,complex_aem,tram,1,synthetic_gps
2026-05-14 08:28:21,45.7446317,21.2451127,17.29,complex_aem,tram,1,synthetic_gps
2026-05-14 08:28:22,45.74455,21.2451492,13.51,complex_aem,tram,1,synthetic_gps
2026-05-14 08:28:23,45.7445498,21.245126,21.51,complex_aem,tram,1,synthetic_gps
2026-05-14 08:28:24,45.7445398,21.2451763,13.51,complex_aem,tram,1,synthetic_gps
2026-05-14 08:28:25,45.7445539,21.2452148,17.54,complex_aem,tram,1,synthetic_gps
2026-05-14 08:28:26,45.7445094,21.2452085,25.54,complex_aem,tram,1,synthetic_gps
2026-05-14 08:28:27,45.744567,21.2451372,25.48,complex_aem,tram,1,synthetic_gps
2026-05-14 08:28:28,45.7444889,21.2451621,33.48,complex_aem,tram,1,synthetic_gps
2026-05-14 08:28:29,45.7444843,21.2452837,25.48,complex_aem,tram,1,synthetic_gps
2026-05-14 08:28:30,45.7444564,21.2452431,17.48,complex_aem,tram,1,synthetic_gps
2026-05-14 08:28:31,45.7444172,21.2452417,9.48,complex_aem,tram,1,synthetic_gps
2026-05-14 08:28:32,45.744401,21.245303,7.2,complex_aem,tram,1,synthetic_gps
2026-05-14 08:28:33,45.7443953,21.2453347,15.2,complex_aem,tram,1,synthetic_gps
2026-05-14 08:28:34,45.7443687,21.2453083,18.88,complex_aem,tram,1,synthetic_gps
2026-05-14 08:28:35,45.7444755,21.2452804,21.88,complex_aem,tram,1,synthetic_gps
2026-05-14 08:28:36,45.7444859,21.2453385,29.88,complex_aem,tram,1,synthetic_gps
2026-05-14 08:28:37,45.744427,21.2453367,21.88,complex_aem,tram,1,synthetic_gps
2026-05-14 08:28:38,45.7443407,21.2453006,21.87,complex_aem,tram,1,synthetic_gps
2026-05-14 08:28:39,45.744437,21.2454305,16.2,complex_aem,tram,1,synthetic_gps
2026-05-14 08:28:40,45.7443845,21.2454129,24.2,complex_aem,tram,1,synthetic_gps
2026-05-14 08:28:41,45.7444388,21.245386,16.2,complex_aem,tram,1,synthetic_gps
2026-05-14 08:28:42,45.7443811,21.2453962,19.08,complex_aem,tram,1,synthetic_gps
2026-05-14 08:28:43,45.7443863,21.2454808,18.82,complex_aem,tram,1,synthetic_gps
2026-05-14 08:28:44,45.7443259,21.2455385,19.31,complex_aem,tram,1,synthetic_gps
2026-05-14 08:28:45,45.744368,21.2455015,25.31,complex_aem,tram,1,synthetic_gps
2026-05-14 08:28:46,45.7443318,21.2455256,17.31,complex_aem,tram,1,synthetic_gps
2026-05-14 08:28:47,45.7443564,21.2454502,15.48,complex_aem,tram,1,synthetic_gps
2026-05-14 08:28:48,45.7443191,21.2455479,21.12,complex_aem,tram,1,synthetic_gps
2026-05-14 08:28:49,45.7442897,21.2455994,29.01,complex_aem,tram,1,synthetic_gps
2026-05-14 08:28:50,45.744299,21.245658,21.01,complex_aem,tram,1,synthetic_gps
2026-05-14 08:28:51,45.7443617,21.2455834,29.01,complex_aem,tram,1,synthetic_gps
2026-05-14 08:28:52,45.7443255,21.2456242,21.01,complex_aem,tram,1,synthetic_gps
2026-05-14 08:28:53,45.7443412,21.2455471,28.2,complex_aem,tram,1,synthetic_gps
2026-05-14 08:28:54,45.7443433,21.2456976,20.2,complex_aem,tram,1,synthetic_gps
2026-05-14 08:28:55,45.7442706,21.2456207,12.2,complex_aem,tram,1,synthetic_gps
2026-05-14 08:28:56,45.7443402,21.2457441,16.06,complex_aem,tram,1,synthetic_gps
2026-05-14 08:28:57,45.744264,21.2457484,11.72,complex_aem,tram,1,synthetic_gps
2026-05-14 08:28:58,45.7442101,21.245689,19.72,complex_aem,tram,1,synthetic_gps
2026-05-14 08:28:59,45.7442704,21.2457307,11.72,complex_aem,tram,1,synthetic_gps
2026-05-14 08:29:00,45.7442746,21.2457503,5.93,complex_aem,tram,1,synthetic_gps
2026-05-14 08:29:01,45.7442373,21.2457178,6.11,complex_aem,tram,1,synthetic_gps
2026-05-14 08:29:02,45.7442227,21.2458563,14.11,complex_aem,tram,1,synthetic_gps
2026-05-14 08:29:03,45.7442133,21.2457974,21.6,complex_aem,tram,1,synthetic_gps
2026-05-14 08:29:04,45.7442715,21.2458354,19.25,complex_aem,tram,1,synthetic_gps
2026-05-14 08:29:05,45.7442311,21.2458597,11.25,complex_aem,tram,1,synthetic_gps
2026-05-14 08:29:06,45.7442811,21.2459535,19.25,complex_aem,tram,1,synthetic_gps
2026-05-14 08:29:07,45.7442179,21.2458225,13.89,complex_aem,tram,1,synthetic_gps
2026-05-14 08:29:08,45.7441799,21.2458663,6.14,complex_aem,tram,1,synthetic_gps
2026-05-14 08:29:09,45.7442133,21.245897,12.24,complex_aem,tram,1,synthetic_gps
2026-05-14 08:29:10,45.744058,21.245909,20.24,complex_aem,tram,1,synthetic_gps
2026-05-14 08:29:11,45.7442522,21.2459189,12.24,complex_aem,tram,1,synthetic_gps
2026-05-14 08:29:12,45.7442752,21.2458886,20.24,complex_aem,tram,1,synthetic_gps
2026-05-14 08:29:13,45.7441695,21.2459572,21.96,complex_aem,tram,1,synthetic_gps
2026-05-14 08:29:14,45.7441686,21.245974,22.64,complex_aem,tram,1,synthetic_gps
2026-05-14 08:29:15,45.7441315,21.2460193,27.32,complex_aem,tram,1,synthetic_gps
2026-05-14 08:29:16,45.7440842,21.2459956,19.32,complex_aem,tram,1,synthetic_gps
2026-05-14 08:29:17,45.744179,21.2461644,18.11,complex_aem,tram,1,synthetic_gps
2026-05-14 08:29:18,45.7441069,21.2460722,23.65,complex_aem,tram,1,synthetic_gps
2026-05-14 08:29:19,45.7441306,21.246129,18.57,complex_aem,tram,1,synthetic_gps
2026-05-14 08:29:20,45.7441205,21.2459614,10.57,complex_aem,tram,1,synthetic_gps
2026-05-14 08:29:21,45.7440947,21.246199,18.31,complex_aem,tram,1,synthetic_gps
2026-05-14 08:29:22,45.7440433,21.2461464,13.2,complex_aem,tram,1,synthetic_gps
2026-05-14 08:29:23,45.7440082,21.2461051,15.21,complex_aem,tram,1,synthetic_gps
2026-05-14 08:29:24,45.7441054,21.2461856,23.21,complex_aem,tram,1,synthetic_gps
2026-05-14 08:29:25,45.7440779,21.2461986,15.84,complex_aem,tram,1,synthetic_gps
2026-05-14 08:29:26,45.7441004,21.2462287,22.46,complex_aem,tram,1,synthetic_gps
2026-05-14 08:29:27,45.7440872,21.2461772,19.83,complex_aem,tram,1,synthetic_gps
2026-05-14 08:29:28,45.7440009,21.2462247,14.45,complex_aem,tram,1,synthetic_gps
2026-05-14 08:29:29,45.7440096,21.2462498,22.45,complex_aem,tram,1,synthetic_gps
2026-05-14 08:29:30,45.7440157,21.2462289,24.61,complex_aem,tram,1,synthetic_gps
2026-05-14 08:29:31,45.74405,21.2462756,16.61,complex_aem,tram,1,synthetic_gps
2026-05-14 08:29:32,45.7439654,21.2462577,24.61,complex_aem,tram,1,synthetic_gps
2026-05-14 08:29:33,45.7439835,21.2462479,19.07,complex_aem,tram,1,synthetic_gps
2026-05-14 08:29:34,45.7439871,21.2463469,27.07,complex_aem,tram,1,synthetic_gps
2026-05-14 08:29:35,45.7439177,21.2463519,27.03,complex_aem,tram,1,synthetic_gps
2026-05-14 08:29:36,45.7440498,21.2464245,21.47,complex_aem,tram,1,synthetic_gps
2026-05-14 08:29:37,45.7439388,21.2464239,23.92,complex_aem,tram,1,synthetic_gps
2026-05-14 08:29:38,45.7440008,21.2465273,22.75,complex_aem,tram,1,synthetic_gps
2026-05-14 08:29:39,45.7439224,21.2463378,19.8,complex_aem,tram,1,synthetic_gps
2026-05-14 08:29:40,45.7439139,21.2464444,11.8,complex_aem,tram,1,synthetic_gps
2026-05-14 08:29:41,45.7439801,21.2464265,19.8,complex_aem,tram,1,synthetic_gps
2026-05-14 08:29:42,45.7439071,21.2464789,25.78,complex_aem,tram,1,synthetic_gps
2026-05-14 08:29:43,45.743875,21.2464768,17.78,complex_aem,tram,1,synthetic_gps
2026-05-14 08:29:44,45.7438848,21.2465456,21.84,complex_aem,tram,1,synthetic_gps
2026-05-14 08:29:45,45.7439071,21.2465133,25.29,complex_aem,tram,1,synthetic_gps
2026-05-14 08:29:46,45.7439026,21.2465144,17.29,complex_aem,tram,1,synthetic_gps
2026-05-14 08:29:47,45.7438768,21.2465813,14.29,complex_aem,tram,1,synthetic_gps
2026-05-14 08:29:48,45.743879,21.2465839,15.68,complex_aem,tram,1,synthetic_gps
2026-05-14 08:29:49,45.743853,21.2465725,20.98,complex_aem,tram,1,synthetic_gps
2026-05-14 08:29:50,45.7438594,21.2466364,12.98,complex_aem,tram,1,synthetic_gps
2026-05-14 08:29:51,45.7437482,21.2465634,10.08,complex_aem,tram,1,synthetic_gps
2026-05-14 08:29:52,45.7438234,21.2467091,18.08,complex_aem,tram,1,synthetic_gps
2026-05-14 08:29:53,45.7438495,21.2466443,26.08,complex_aem,tram,1,synthetic_gps
2026-05-14 08:29:54,45.7438583,21.2466299,18.08,complex_aem,tram,1,synthetic_gps
2026-05-14 08:29:55,45.7438571,21.2467527,25.67,complex_aem,tram,1,synthetic_gps
2026-05-14 08:29:56,45.743759,21.2467864,17.67,complex_aem,tram,1,synthetic_gps
2026-05-14 08:29:57,45.7438334,21.2466902,10.11,complex_aem,tram,1,synthetic_gps
2026-05-14 08:29:58,45.7437987,21.2467018,8.82,complex_aem,tram,1,synthetic_gps
2026-05-14 08:29:59,45.743766,21.2466954,4.22,complex_aem,tram,1,synthetic_gps
2026-05-14 08:30:00,45.743771,21.2467365,1.09,complex_aem,tram,1,synthetic_gps
2026-05-14 08:30:01,45.74377,21.2467991,1.17,complex_aem,tram,1,synthetic_gps
2026-05-14 08:30:02,45.7437125,21.2468658,1.63,complex_aem,tram,1,synthetic_gps
2026-05-14 08:30:03,45.7437471,21.2468415,0.75,complex_aem,tram,1,synthetic_gps
2026-05-14 08:30:04,45.7436942,21.246784,1.23,complex_aem,tram,1,synthetic_gps
2026-05-14 08:30:05,45.7437723,21.2468977,0.64,complex_aem,tram,1,synthetic_gps
2026-05-14 08:30:06,45.7437297,21.2468104,2.2,complex_aem,tram,1,synthetic_gps
2026-05-14 08:30:07,45.7437507,21.2469039,0.81,complex_aem,tram,1,synthetic_gps
2026-05-14 08:30:08,45.7437019,21.2469045,1.53,complex_aem,tram,1,synthetic_gps
2026-05-14 08:30:09,45.7437256,21.2469193,2.15,complex_aem,tram,1,synthetic_gps
2026-05-14 08:30:10,45.7436666,21.2468965,1.48,complex_aem,tram,1,synthetic_gps
2026-05-14 08:30:11,45.7437102,21.2469982,1.11,complex_aem,tram,1,synthetic_gps
2026-05-14 08:30:12,45.7436152,21.2469958,1.2,complex_aem,tram,1,synthetic_gps
2026-05-14 08:30:13,45.7437176,21.2469769,0.06,complex_aem,tram,1,synthetic_gps
2026-05-14 08:30:14,45.7436078,21.2470099,1.55,complex_aem,tram,1,synthetic_gps
2026-05-14 08:30:15,45.7436662,21.247054,0.23,complex_aem,tram,1,synthetic_gps
2026-05-14 08:30:16,45.7436648,21.2470265,1.21,complex_aem,tram,1,synthetic_gps
2026-05-14 08:30:17,45.7436446,21.2470175,1.7,complex_aem,tram,1,synthetic_gps
2026-05-14 08:30:18,45.7435976,21.2471119,9.7,complex_aem,tram,1,synthetic_gps
2026-05-14 08:30:19,45.7436488,21.2471356,17.7,complex_aem,tram,1,synthetic_gps
2026-05-14 08:30:20,45.7435687,21.2471522,25.7,complex_aem,tram,1,synthetic_gps
2026-05-14 08:30:21,45.7435968,21.2471353,17.7,complex_aem,tram,1,synthetic_gps
2026-05-14 08:30:22,45.7437039,21.2471483,17.49,complex_aem,tram,1,synthetic_gps
2026-05-14 08:30:23,45.7435724,21.2471161,9.49,complex_aem,tram,1,synthetic_gps
2026-05-14 08:30:24,45.7435098,21.2472391,15.21,complex_aem,tram,1,synthetic_gps
2026-05-14 08:30:25,45.7436215,21.247273,11.29,complex_aem,tram,1,synthetic_gps
2026-05-14 08:30:26,45.7435788,21.2471852,17.15,complex_aem,tram,1,synthetic_gps
2026-05-14 08:30:27,45.7436012,21.247176,25.15,complex_aem,tram,1,synthetic_gps
2026-05-14 08:30:28,45.7436353,21.2472672,17.15,complex_aem,tram,1,synthetic_gps
2026-05-14 08:30:29,45.7434948,21.2473432,17.16,complex_aem,tram,1,synthetic_gps
2026-05-14 08:30:30,45.7434816,21.2472963,11.23,complex_aem,tram,1,synthetic_gps
2026-05-14 08:30:31,45.7435554,21.2472976,19.23,complex_aem,tram,1,synthetic_gps
2026-05-14 08:30:32,45.7434141,21.2473402,23.06,complex_aem,tram,1,synthetic_gps
2026-05-14 08:30:33,45.7435416,21.2473951,25.18,complex_aem,tram,1,synthetic_gps
2026-05-14 08:30:34,45.7434356,21.24738,17.18,complex_aem,tram,1,synthetic_gps
2026-05-14 08:30:35,45.7435041,21.2474139,9.18,complex_aem,tram,1,synthetic_gps
2026-05-14 08:30:36,45.7434511,21.2473511,17.18,complex_aem,tram,1,synthetic_gps
2026-05-14 08:30:37,45.7434405,21.2474059,25.18,complex_aem,tram,1,synthetic_gps
2026-05-14 08:30:38,45.7435381,21.2473902,17.18,complex_aem,tram,1,synthetic_gps
2026-05-14 08:30:39,45.7434974,21.2475173,9.18,complex_aem,tram,1,synthetic_gps
2026-05-14 08:30:40,45.7434726,21.2474324,14.19,complex_aem,tram,1,synthetic_gps
2026-05-14 08:30:41,45.7434845,21.2475115,20.74,complex_aem,tram,1,synthetic_gps
2026-05-14 08:30:42,45.7434824,21.2474355,27.36,complex_aem,tram,1,synthetic_gps
2026-05-14 08:30:43,45.7434004,21.2475218,19.36,complex_aem,tram,1,synthetic_gps
2026-05-14 08:30:44,45.7434648,21.2475293,23.74,complex_aem,tram,1,synthetic_gps
2026-05-14 08:30:45,45.7434696,21.2475914,19.48,complex_aem,tram,1,synthetic_gps
2026-05-14 08:30:46,45.7434518,21.2475908,25.87,complex_aem,tram,1,synthetic_gps
2026-05-14 08:30:47,45.7433863,21.2475306,17.87,complex_aem,tram,1,synthetic_gps
2026-05-14 08:30:48,45.743426,21.2476413,23.2,complex_aem,tram,1,synthetic_gps
2026-05-14 08:30:49,45.7434738,21.2475158,19.48,complex_aem,tram,1,synthetic_gps
2026-05-14 08:30:50,45.7434219,21.2476788,17.94,complex_aem,tram,1,synthetic_gps
2026-05-14 08:30:51,45.7433796,21.2476551,23.18,complex_aem,tram,1,synthetic_gps
2026-05-14 08:30:52,45.7434151,21.2477009,23.5,complex_aem,tram,1,synthetic_gps
2026-05-14 08:30:53,45.7433694,21.2477741,20.28,complex_aem,tram,1,synthetic_gps
2026-05-14 08:30:54,45.7433815,21.2476857,12.28,complex_aem,tram,1,synthetic_gps
2026-05-14 08:30:55,45.7434009,21.2476763,12.92,complex_aem,tram,1,synthetic_gps
2026-05-14 08:30:56,45.7433914,21.2477715,20.92,complex_aem,tram,1,synthetic_gps
2026-05-14 08:30:57,45.7432745,21.2477641,15.52,complex_aem,tram,1,synthetic_gps
2026-05-14 08:30:58,45.7432818,21.2477173,9.34,complex_aem,tram,1,synthetic_gps
2026-05-14 08:30:59,45.7433704,21.2477645,17.34,complex_aem,tram,1,synthetic_gps
2026-05-14 08:31:00,45.7432884,21.2477357,12.18,complex_aem,tram,1,synthetic_gps
2026-05-14 08:31:01,45.7433603,21.247854,18.93,complex_aem,tram,1,synthetic_gps
2026-05-14 08:31:02,45.7433472,21.2479121,17.48,complex_aem,tram,1,synthetic_gps
2026-05-14 08:31:03,45.7432294,21.2478508,16.3,complex_aem,tram,1,synthetic_gps
2026-05-14 08:31:04,45.7432967,21.2478791,20.23,complex_aem,tram,1,synthetic_gps
2026-05-14 08:31:05,45.7432393,21.2479665,15.71,complex_aem,tram,1,synthetic_gps
2026-05-14 08:31:06,45.7431825,21.2478738,9.52,complex_aem,tram,1,synthetic_gps
2026-05-14 08:31:07,45.7432286,21.2478542,17.52,complex_aem,tram,1,synthetic_gps
2026-05-14 08:31:08,45.7432593,21.2479531,14.95,complex_aem,tram,1,synthetic_gps
2026-05-14 08:31:09,45.7432501,21.2479634,21.3,complex_aem,tram,1,synthetic_gps
2026-05-14 08:31:10,45.7433097,21.2480447,13.3,complex_aem,tram,1,synthetic_gps
2026-05-14 08:31:11,45.7432639,21.2480551,21.3,complex_aem,tram,1,synthetic_gps
2026-05-14 08:31:12,45.7431682,21.2479775,27.12,complex_aem,tram,1,synthetic_gps
2026-05-14 08:31:13,45.7432232,21.2480263,21.94,complex_aem,tram,1,synthetic_gps
2026-05-14 08:31:14,45.7432503,21.2481058,18.39,complex_aem,tram,1,synthetic_gps
2026-05-14 08:31:15,45.7431934,21.2480556,10.39,complex_aem,tram,1,synthetic_gps
2026-05-14 08:31:16,45.7432381,21.2480725,18.39,complex_aem,tram,1,synthetic_gps
2026-05-14 08:31:17,45.7431338,21.2480658,19.01,complex_aem,tram,1,synthetic_gps
2026-05-14 08:31:18,45.743166,21.248159,16.94,complex_aem,tram,1,synthetic_gps
2026-05-14 08:31:19,45.7430918,21.2481398,19.39,complex_aem,tram,1,synthetic_gps
2026-05-14 08:31:20,45.7430981,21.2481873,16.48,complex_aem,tram,1,synthetic_gps
2026-05-14 08:31:21,45.7431603,21.2481896,8.48,complex_aem,tram,1,synthetic_gps
2026-05-14 08:31:22,45.7431054,21.2481596,13.59,complex_aem,tram,1,synthetic_gps
2026-05-14 08:31:23,45.7430954,21.2482845,17.89,complex_aem,tram,1,synthetic_gps
2026-05-14 08:31:24,45.7430989,21.2482358,23.5,complex_aem,tram,1,synthetic_gps
2026-05-14 08:31:25,45.7431384,21.2481792,21.45,complex_aem,tram,1,synthetic_gps
2026-05-14 08:31:26,45.7431485,21.2482993,14.66,complex_aem,tram,1,synthetic_gps
2026-05-14 08:31:27,45.7431033,21.2482835,22.66,complex_aem,tram,1,synthetic_gps
2026-05-14 08:31:28,45.7430584,21.2482316,22.13,complex_aem,tram,1,synthetic_gps
2026-05-14 08:31:29,45.7431184,21.2484073,14.75,complex_aem,tram,1,synthetic_gps
2026-05-14 08:31:30,45.7430509,21.2484055,22.75,complex_aem,tram,1,synthetic_gps
2026-05-14 08:31:31,45.7430358,21.2483238,14.75,complex_aem,tram,1,synthetic_gps
2026-05-14 08:31:32,45.7430636,21.2482761,19.9,complex_aem,tram,1,synthetic_gps
2026-05-14 08:31:33,45.7430236,21.248391,17.37,complex_aem,tram,1,synthetic_gps
2026-05-14 08:31:34,45.7429903,21.2484335,18.05,complex_aem,tram,1,synthetic_gps
2026-05-14 08:31:35,45.7430265,21.2484385,12.73,complex_aem,tram,1,synthetic_gps
2026-05-14 08:31:36,45.7430569,21.2484748,17.68,complex_aem,tram,1,synthetic_gps
2026-05-14 08:31:37,45.7429959,21.2484529,9.68,complex_aem,tram,1,synthetic_gps
2026-05-14 08:31:38,45.7429548,21.2484061,17.68,complex_aem,tram,1,synthetic_gps
2026-05-14 08:31:39,45.7430324,21.2484313,10.46,complex_aem,tram,1,synthetic_gps
2026-05-14 08:31:40,45.7429897,21.2484617,18.46,complex_aem,tram,1,synthetic_gps
2026-05-14 08:31:41,45.7431265,21.2485375,25.93,complex_aem,tram,1,synthetic_gps
2026-05-14 08:31:42,45.7430033,21.2485648,33.93,complex_aem,tram,1,synthetic_gps
2026-05-14 08:31:43,45.7429257,21.2485118,25.93,complex_aem,tram,1,synthetic_gps
2026-05-14 08:31:44,45.74295,21.2485617,26.83,complex_aem,tram,1,synthetic_gps
2026-05-14 08:31:45,45.7430023,21.2485811,22.97,complex_aem,tram,1,synthetic_gps
2026-05-14 08:31:46,45.7429434,21.2485986,30.97,complex_aem,tram,1,synthetic_gps
2026-05-14 08:31:47,45.7429648,21.2486247,22.97,complex_aem,tram,1,synthetic_gps
2026-05-14 08:31:48,45.7429835,21.248744,14.97,complex_aem,tram,1,synthetic_gps
2026-05-14 08:31:49,45.7428451,21.2487176,22.97,complex_aem,tram,1,synthetic_gps
2026-05-14 08:31:50,45.7428033,21.2486877,22.29,complex_aem,tram,1,synthetic_gps
2026-05-14 08:31:51,45.7429557,21.2487176,14.29,complex_aem,tram,1,synthetic_gps
2026-05-14 08:31:52,45.742866,21.2487066,13.03,complex_aem,tram,1,synthetic_gps
2026-05-14 08:31:53,45.7429277,21.2487378,21.03,complex_aem,tram,1,synthetic_gps
2026-05-14 08:31:54,45.7428771,21.2487602,29.03,complex_aem,tram,1,synthetic_gps
2026-05-14 08:31:55,45.7428328,21.2487319,21.03,complex_aem,tram,1,synthetic_gps
2026-05-14 08:31:56,45.7428876,21.2488791,22.6,complex_aem,tram,1,synthetic_gps
2026-05-14 08:31:57,45.7428847,21.2487249,18.69,complex_aem,tram,1,synthetic_gps
2026-05-14 08:31:58,45.7428,21.2488284,14.4,complex_aem,tram,1,synthetic_gps
2026-05-14 08:31:59,45.7428487,21.2488438,22.4,complex_aem,tram,1,synthetic_gps
2026-05-14 08:32:00,45.7428164,21.2488845,28.4,complex_aem,tram,1,synthetic_gps
2026-05-14 08:32:01,45.7428138,21.2488452,20.4,complex_aem,tram,1,synthetic_gps
2026-05-14 08:32:02,45.7428,21.2489042,15.77,complex_aem,tram,1,synthetic_gps
2026-05-14 08:32:03,45.7427211,21.2489893,9.37,complex_aem,tram,1,synthetic_gps
2026-05-14 08:32:04,45.7428418,21.2488988,17.37,complex_aem,tram,1,synthetic_gps
2026-05-14 08:32:05,45.7428044,21.2489808,25.37,complex_aem,tram,1,synthetic_gps
2026-05-14 08:32:06,45.7428175,21.249053,24.93,complex_aem,tram,1,synthetic_gps
2026-05-14 08:32:07,45.7428246,21.2489548,20.4,complex_aem,tram,1,synthetic_gps
2026-05-14 08:32:08,45.7428444,21.2490564,16.9,complex_aem,tram,1,synthetic_gps
2026-05-14 08:32:09,45.7427519,21.2490598,21.53,complex_aem,tram,1,synthetic_gps
2026-05-14 08:32:10,45.7428421,21.2491107,21.33,complex_aem,tram,1,synthetic_gps
2026-05-14 08:32:11,45.7428002,21.2490771,13.33,complex_aem,tram,1,synthetic_gps
2026-05-14 08:32:12,45.7427119,21.2490707,12.37,complex_aem,tram,1,synthetic_gps
2026-05-14 08:32:13,45.7427069,21.249157,18.9,complex_aem,tram,1,synthetic_gps
2026-05-14 08:32:14,45.7426935,21.2492059,23.58,complex_aem,tram,1,synthetic_gps
2026-05-14 08:32:15,45.7427729,21.2491979,15.58,complex_aem,tram,1,synthetic_gps
2026-05-14 08:32:16,45.7427265,21.2491999,11.77,complex_aem,tram,1,synthetic_gps
2026-05-14 08:32:17,45.7426707,21.2491482,19.77,complex_aem,tram,1,synthetic_gps
2026-05-14 08:32:18,45.7427413,21.249157,23.87,complex_aem,tram,1,synthetic_gps
2026-05-14 08:32:19,45.7427235,21.2491885,30.04,complex_aem,tram,1,synthetic_gps
2026-05-14 08:32:20,45.7427032,21.2491796,22.04,complex_aem,tram,1,synthetic_gps
2026-05-14 08:32:21,45.7426678,21.2492989,17.95,complex_aem,tram,1,synthetic_gps
2026-05-14 08:32:22,45.742687,21.2493017,23.28,complex_aem,tram,1,synthetic_gps
2026-05-14 08:32:23,45.742595,21.2493585,15.28,complex_aem,tram,1,synthetic_gps
2026-05-14 08:32:24,45.7426105,21.249314,19.72,complex_aem,tram,1,synthetic_gps
2026-05-14 08:32:25,45.7426424,21.2492622,24.48,complex_aem,tram,1,synthetic_gps
2026-05-14 08:32:26,45.7426686,21.2494223,22.71,complex_aem,tram,1,synthetic_gps
2026-05-14 08:32:27,45.7426819,21.2494248,22.31,complex_aem,tram,1,synthetic_gps
2026-05-14 08:32:28,45.7426315,21.2494011,17.54,complex_aem,tram,1,synthetic_gps
2026-05-14 08:32:29,45.7426875,21.2493578,16.13,complex_aem,tram,1,synthetic_gps
2026-05-14 08:32:30,45.7426259,21.249343,24.13,complex_aem,tram,1,synthetic_gps
2026-05-14 08:32:31,45.7426414,21.2494533,16.13,complex_aem,tram,1,synthetic_gps
2026-05-14 08:32:32,45.7425461,21.2495417,24.13,complex_aem,tram,1,synthetic_gps
2026-05-14 08:32:33,45.7425861,21.2494347,26.07,complex_aem,tram,1,synthetic_gps
2026-05-14 08:32:34,45.7426335,21.2495883,23.94,complex_aem,tram,1,synthetic_gps
2026-05-14 08:32:35,45.7425307,21.2495741,23.32,complex_aem,tram,1,synthetic_gps
2026-05-14 08:32:36,45.7426324,21.2495884,22.9,complex_aem,tram,1,synthetic_gps
2026-05-14 08:32:37,45.7425755,21.2495246,30.9,complex_aem,tram,1,synthetic_gps
2026-05-14 08:32:38,45.7425577,21.2495357,22.9,complex_aem,tram,1,synthetic_gps
2026-05-14 08:32:39,45.7425299,21.249528,27.79,complex_aem,tram,1,synthetic_gps
2026-05-14 08:32:40,45.7425279,21.2496047,21.37,complex_aem,tram,1,synthetic_gps
2026-05-14 08:32:41,45.7424893,21.2496587,25.59,complex_aem,tram,1,synthetic_gps
2026-05-14 08:32:42,45.742544,21.2496263,26.27,complex_aem,tram,1,synthetic_gps
2026-05-14 08:32:43,45.7424794,21.2496942,20.52,complex_aem,tram,1,synthetic_gps
2026-05-14 08:32:44,45.7424768,21.2496912,18.56,complex_aem,tram,1,synthetic_gps
2026-05-14 08:32:45,45.7424586,21.2496891,15.07,complex_aem,tram,1,synthetic_gps
2026-05-14 08:32:46,45.7424623,21.2497247,18.21,complex_aem,tram,1,synthetic_gps
2026-05-14 08:32:47,45.7424657,21.2496797,16.76,complex_aem,tram,1,synthetic_gps
2026-05-14 08:32:48,45.7424146,21.2497281,16.59,complex_aem,tram,1,synthetic_gps
2026-05-14 08:32:49,45.7424451,21.2498554,12.03,complex_aem,tram,1,synthetic_gps
2026-05-14 08:32:50,45.7424799,21.2497874,17.11,complex_aem,tram,1,synthetic_gps
2026-05-14 08:32:51,45.7424036,21.2497449,18.95,complex_aem,tram,1,synthetic_gps
2026-05-14 08:32:52,45.7424213,21.2498635,21.29,complex_aem,tram,1,synthetic_gps
2026-05-14 08:32:53,45.7425509,21.2498046,25.47,complex_aem,tram,1,synthetic_gps
2026-05-14 08:32:54,45.7424182,21.24985,26.41,complex_aem,tram,1,synthetic_gps
2026-05-14 08:32:55,45.7423893,21.2498529,18.41,complex_aem,tram,1,synthetic_gps
2026-05-14 08:32:56,45.7424887,21.2499616,23.37,complex_aem,tram,1,synthetic_gps
2026-05-14 08:32:57,45.742415,21.2499988,20.96,complex_aem,tram,1,synthetic_gps
2026-05-14 08:32:58,45.7423781,21.2500005,19.66,complex_aem,tram,1,synthetic_gps
2026-05-14 08:32:59,45.7423196,21.2498316,11.66,complex_aem,tram,1,synthetic_gps
2026-05-14 08:33:00,45.7424178,21.2499835,3.66,complex_aem,tram,1,synthetic_gps
2026-05-14 08:33:01,45.7423451,21.2500343,0.45,complex_aem,tram,1,synthetic_gps
2026-05-14 08:33:02,45.7424592,21.2500303,0.29,complex_aem,tram,1,synthetic_gps
2026-05-14 08:33:03,45.7423114,21.2500743,1.37,complex_aem,tram,1,synthetic_gps
2026-05-14 08:33:04,45.7423164,21.2500507,1.7,complex_aem,tram,1,synthetic_gps
2026-05-14 08:33:05,45.742339,21.2501138,0.6,complex_aem,tram,1,synthetic_gps
2026-05-14 08:33:06,45.7422958,21.2501021,1.32,complex_aem,tram,1,synthetic_gps
2026-05-14 08:33:07,45.7423437,21.2500872,0.79,complex_aem,tram,1,synthetic_gps
2026-05-14 08:33:08,45.7422748,21.2501101,1.94,complex_aem,tram,1,synthetic_gps
2026-05-14 08:33:09,45.7422983,21.2501155,1.04,complex_aem,tram,1,synthetic_gps
2026-05-14 08:33:10,45.7422547,21.2501574,1.09,complex_aem,tram,1,synthetic_gps
2026-05-14 08:33:11,45.7423607,21.250197,0.47,complex_aem,tram,1,synthetic_gps
2026-05-14 08:33:12,45.7422576,21.2502875,0.5,complex_aem,tram,1,synthetic_gps
2026-05-14 08:33:13,45.7422465,21.2501938,1.33,complex_aem,tram,1,synthetic_gps
2026-05-14 08:33:14,45.7422885,21.2504392,2.23,complex_aem,tram,1,synthetic_gps
2026-05-14 08:33:15,45.7421879,21.2502677,0.66,complex_aem,tram,1,synthetic_gps
2026-05-14 08:33:16,45.7422313,21.2502491,1.95,complex_aem,tram,1,synthetic_gps
2026-05-14 08:33:17,45.7422568,21.2502987,0.53,complex_aem,tram,1,synthetic_gps
2026-05-14 08:33:18,45.7422265,21.2503676,8.53,complex_aem,tram,1,synthetic_gps
2026-05-14 08:33:19,45.7422849,21.2503246,4.05,complex_aem,tram,1,synthetic_gps
2026-05-14 08:33:20,45.7422229,21.2503864,12.05,complex_aem,tram,1,synthetic_gps
2026-05-14 08:33:21,45.7422206,21.250341,20.05,complex_aem,tram,1,synthetic_gps
2026-05-14 08:33:22,45.7421631,21.2504555,26.13,complex_aem,tram,1,synthetic_gps
2026-05-14 08:33:23,45.7422616,21.2503823,18.13,complex_aem,tram,1,synthetic_gps
2026-05-14 08:33:24,45.7421137,21.2504323,26.13,complex_aem,tram,1,synthetic_gps
2026-05-14 08:33:25,45.7421587,21.2504477,18.13,complex_aem,tram,1,synthetic_gps
2026-05-14 08:33:26,45.7421865,21.2504359,20.6,complex_aem,tram,1,synthetic_gps
2026-05-14 08:33:27,45.7420295,21.2505997,17.39,complex_aem,tram,1,synthetic_gps
2026-05-14 08:33:28,45.7421773,21.2505934,13.36,complex_aem,tram,1,synthetic_gps
2026-05-14 08:33:29,45.7422271,21.2505316,21.36,complex_aem,tram,1,synthetic_gps
2026-05-14 08:33:30,45.7421035,21.2505351,16.3,complex_aem,tram,1,synthetic_gps
2026-05-14 08:33:31,45.7420853,21.2505916,24.3,complex_aem,tram,1,synthetic_gps
2026-05-14 08:33:32,45.7420389,21.2505969,16.3,complex_aem,tram,1,synthetic_gps
2026-05-14 08:33:33,45.7422066,21.2506243,12.94,complex_aem,tram,1,synthetic_gps
2026-05-14 08:33:34,45.7421662,21.2505994,20.94,complex_aem,tram,1,synthetic_gps
2026-05-14 08:33:35,45.7421106,21.2507422,25.67,complex_aem,tram,1,synthetic_gps
2026-05-14 08:33:36,45.7420193,21.2506318,19.14,complex_aem,tram,1,synthetic_gps
2026-05-14 08:33:37,45.7420901,21.2506475,19.32,complex_aem,tram,1,synthetic_gps
2026-05-14 08:33:38,45.7421464,21.2507396,20.5,complex_aem,tram,1,synthetic_gps
2026-05-14 08:33:39,45.7420608,21.2506528,24.08,complex_aem,tram,1,synthetic_gps
2026-05-14 08:33:40,45.7419766,21.2507113,17.1,complex_aem,tram,1,synthetic_gps
2026-05-14 08:33:41,45.7421396,21.250705,24.57,complex_aem,tram,1,synthetic_gps
2026-05-14 08:33:42,45.7420956,21.2507663,19.34,complex_aem,tram,1,synthetic_gps
2026-05-14 08:33:43,45.7420987,21.2508582,16.37,complex_aem,tram,1,synthetic_gps
2026-05-14 08:33:44,45.7419629,21.2506976,16.84,complex_aem,tram,1,synthetic_gps
2026-05-14 08:33:45,45.7420483,21.2508656,23.23,complex_aem,tram,1,synthetic_gps
2026-05-14 08:33:46,45.7419315,21.250845,21.33,complex_aem,tram,1,synthetic_gps
2026-05-14 08:33:47,45.742028,21.25088,16.4,complex_aem,tram,1,synthetic_gps
2026-05-14 08:33:48,45.7420204,21.2508558,20.41,complex_aem,tram,1,synthetic_gps
2026-05-14 08:33:49,45.7420123,21.2509127,15.05,complex_aem,tram,1,synthetic_gps
2026-05-14 08:33:50,45.7420118,21.2509446,15.89,complex_aem,tram,1,synthetic_gps
2026-05-14 08:33:51,45.7419867,21.2508579,23.89,complex_aem,tram,1,synthetic_gps
2026-05-14 08:33:52,45.7419879,21.2510289,15.89,complex_aem,tram,1,synthetic_gps
2026-05-14 08:33:53,45.741929,21.2509456,7.89,complex_aem,tram,1,synthetic_gps
2026-05-14 08:33:54,45.7419281,21.2510217,11.58,complex_aem,tram,1,synthetic_gps
2026-05-14 08:33:55,45.7419275,21.2509773,17.95,complex_aem,tram,1,synthetic_gps
2026-05-14 08:33:56,45.7418693,21.2510645,25.95,complex_aem,tram,1,synthetic_gps
2026-05-14 08:33:57,45.7419305,21.2510847,18.21,complex_aem,tram,1,synthetic_gps
2026-05-14 08:33:58,45.741932,21.2511187,11.11,complex_aem,tram,1,synthetic_gps
2026-05-14 08:33:59,45.7419907,21.2511958,19.11,complex_aem,tram,1,synthetic_gps
2026-05-14 08:34:00,45.7419411,21.2511499,21.64,complex_aem,tram,1,synthetic_gps
2026-05-14 08:34:01,45.7418873,21.2511333,28.15,complex_aem,tram,1,synthetic_gps
2026-05-14 08:34:02,45.7418823,21.2511764,20.15,complex_aem,tram,1,synthetic_gps
2026-05-14 08:34:03,45.7419377,21.2512115,12.15,complex_aem,tram,1,synthetic_gps
2026-05-14 08:34:04,45.7418707,21.2512189,13.95,complex_aem,tram,1,synthetic_gps
2026-05-14 08:34:05,45.7419248,21.2512794,16.68,complex_aem,tram,1,synthetic_gps
2026-05-14 08:34:06,45.7419336,21.2512857,14.89,complex_aem,tram,1,synthetic_gps
2026-05-14 08:34:07,45.7418678,21.2512762,11.94,complex_aem,tram,1,synthetic_gps
2026-05-14 08:34:08,45.741864,21.2511909,11.87,complex_aem,tram,1,synthetic_gps
2026-05-14 08:34:09,45.7418232,21.2513611,16.67,complex_aem,tram,1,synthetic_gps
2026-05-14 08:34:10,45.7418194,21.2512785,24.67,complex_aem,tram,1,synthetic_gps
2026-05-14 08:34:11,45.7418948,21.2513144,16.67,complex_aem,tram,1,synthetic_gps
2026-05-14 08:34:12,45.7418062,21.2513833,8.67,complex_aem,tram,1,synthetic_gps
2026-05-14 08:34:13,45.741864,21.2513605,16.67,complex_aem,tram,1,synthetic_gps
2026-05-14 08:34:14,45.7417929,21.2513858,8.67,complex_aem,tram,1,synthetic_gps
2026-05-14 08:34:15,45.7418563,21.2513282,16.67,complex_aem,tram,1,synthetic_gps
2026-05-14 08:34:16,45.7418026,21.251413,24.67,complex_aem,tram,1,synthetic_gps
2026-05-14 08:34:17,45.7416777,21.2514982,18.12,complex_aem,tram,1,synthetic_gps
2026-05-14 08:34:18,45.7417338,21.2514305,19.23,complex_aem,tram,1,synthetic_gps
2026-05-14 08:34:19,45.7417175,21.2515117,14.57,complex_aem,tram,1,synthetic_gps
2026-05-14 08:34:20,45.7416192,21.2514831,12.73,complex_aem,tram,1,synthetic_gps
2026-05-14 08:34:21,45.7416688,21.2515301,11.7,complex_aem,tram,1,synthetic_gps
2026-05-14 08:34:22,45.7417071,21.251558,16.79,complex_aem,tram,1,synthetic_gps
2026-05-14 08:34:23,45.7416953,21.2516327,13.94,complex_aem,tram,1,synthetic_gps
2026-05-14 08:34:24,45.7417144,21.2515563,13.38,complex_aem,tram,1,synthetic_gps
2026-05-14 08:34:25,45.7417383,21.2516173,17.72,complex_aem,tram,1,synthetic_gps
2026-05-14 08:34:26,45.741658,21.2515786,9.73,complex_aem,tram,1,synthetic_gps
2026-05-14 08:34:27,45.7416727,21.2516545,17.73,complex_aem,tram,1,synthetic_gps
2026-05-14 08:34:28,45.7416378,21.2516351,14.54,complex_aem,tram,1,synthetic_gps
2026-05-14 08:34:29,45.7417396,21.2516518,18.56,complex_aem,tram,1,synthetic_gps
2026-05-14 08:34:30,45.7417121,21.2517698,17.13,complex_aem,tram,1,synthetic_gps
2026-05-14 08:34:31,45.7416961,21.2516471,25.13,complex_aem,tram,1,synthetic_gps
2026-05-14 08:34:32,45.7416883,21.2516403,17.39,complex_aem,tram,1,synthetic_gps
2026-05-14 08:34:33,45.7416681,21.2517855,23.8,complex_aem,tram,1,synthetic_gps
2026-05-14 08:34:34,45.7415978,21.251732,15.8,complex_aem,tram,1,synthetic_gps
2026-05-14 08:34:35,45.7416702,21.2517609,23.8,complex_aem,tram,1,synthetic_gps
2026-05-14 08:34:36,45.7417,21.2518685,25.15,complex_aem,tram,1,synthetic_gps
2026-05-14 08:34:37,45.7416974,21.2518601,17.15,complex_aem,tram,1,synthetic_gps
2026-05-14 08:34:38,45.7415621,21.2518716,25.15,complex_aem,tram,1,synthetic_gps
2026-05-14 08:34:39,45.7416328,21.2519045,22.28,complex_aem,tram,1,synthetic_gps
2026-05-14 08:34:40,45.7415556,21.2519312,25.46,complex_aem,tram,1,synthetic_gps
2026-05-14 08:34:41,45.7415842,21.2518795,19.84,complex_aem,tram,1,synthetic_gps
2026-05-14 08:34:42,45.7415299,21.2519985,11.84,complex_aem,tram,1,synthetic_gps
2026-05-14 08:34:43,45.7415788,21.2519411,19.84,complex_aem,tram,1,synthetic_gps
2026-05-14 08:34:44,45.7415708,21.2519922,20.09,complex_aem,tram,1,synthetic_gps
2026-05-14 08:34:45,45.7416838,21.2519776,14.42,complex_aem,tram,1,synthetic_gps
2026-05-14 08:34:46,45.7415391,21.2520222,22.42,complex_aem,tram,1,synthetic_gps
2026-05-14 08:34:47,45.7415061,21.2520918,21.71,complex_aem,tram,1,synthetic_gps
2026-05-14 08:34:48,45.74156,21.2520726,22.57,complex_aem,tram,1,synthetic_gps
2026-05-14 08:34:49,45.7415301,21.2520731,14.57,complex_aem,tram,1,synthetic_gps
2026-05-14 08:34:50,45.7415049,21.2520646,13.67,complex_aem,tram,1,synthetic_gps
2026-05-14 08:34:51,45.7415606,21.2519926,21.67,complex_aem,tram,1,synthetic_gps
2026-05-14 08:34:52,45.7415104,21.2521291,18.49,complex_aem,tram,1,synthetic_gps
2026-05-14 08:34:53,45.7414529,21.2521018,10.49,complex_aem,tram,1,synthetic_gps
2026-05-14 08:34:54,45.7414431,21.2521985,18.49,complex_aem,tram,1,synthetic_gps
2026-05-14 08:34:55,45.7414826,21.2521836,26.49,complex_aem,tram,1,synthetic_gps
2026-05-14 08:34:56,45.7413719,21.2522144,18.49,complex_aem,tram,1,synthetic_gps
2026-05-14 08:34:57,45.7415286,21.252181,15.67,complex_aem,tram,1,synthetic_gps
2026-05-14 08:34:58,45.741517,21.2521005,23.67,complex_aem,tram,1,synthetic_gps
2026-05-14 08:34:59,45.7414605,21.2521945,15.67,complex_aem,tram,1,synthetic_gps
2026-05-14 08:35:00,45.7413856,21.2523012,22.37,complex_aem,tram,1,synthetic_gps
2026-05-14 08:35:01,45.7413875,21.2523467,24.92,complex_aem,tram,1,synthetic_gps
2026-05-14 08:35:02,45.7414458,21.2523038,32.33,complex_aem,tram,1,synthetic_gps
2026-05-14 08:35:03,45.741414,21.2522856,24.33,complex_aem,tram,1,synthetic_gps
2026-05-14 08:35:04,45.74139,21.2523437,19.62,complex_aem,tram,1,synthetic_gps
2026-05-14 08:35:05,45.7413542,21.2523054,20.6,complex_aem,tram,1,synthetic_gps
2026-05-14 08:35:06,45.7413995,21.2523218,12.6,complex_aem,tram,1,synthetic_gps
2026-05-14 08:35:07,45.7413944,21.2524699,19.86,complex_aem,tram,1,synthetic_gps
2026-05-14 08:35:08,45.7414161,21.2523304,27.86,complex_aem,tram,1,synthetic_gps
2026-05-14 08:35:09,45.741393,21.2523954,35.15,complex_aem,tram,1,synthetic_gps
2026-05-14 08:35:10,45.741382,21.2525183,27.15,complex_aem,tram,1,synthetic_gps
2026-05-14 08:35:11,45.7413406,21.2524394,19.15,complex_aem,tram,1,synthetic_gps
2026-05-14 08:35:12,45.7412976,21.2525304,13.25,complex_aem,tram,1,synthetic_gps
2026-05-14 08:35:13,45.7414092,21.2523922,11.75,complex_aem,tram,1,synthetic_gps
2026-05-14 08:35:14,45.7413048,21.2524972,19.75,complex_aem,tram,1,synthetic_gps
2026-05-14 08:35:15,45.7413238,21.2525231,16.54,complex_aem,tram,1,synthetic_gps
2026-05-14 08:35:16,45.7413331,21.2525059,11.93,complex_aem,tram,1,synthetic_gps
2026-05-14 08:35:17,45.7412288,21.2525592,19.93,complex_aem,tram,1,synthetic_gps
2026-05-14 08:35:18,45.741265,21.2526754,16.32,complex_aem,tram,1,synthetic_gps
2026-05-14 08:35:19,45.7412971,21.252614,23.58,complex_aem,tram,1,synthetic_gps
2026-05-14 08:35:20,45.7412778,21.2525712,30.16,complex_aem,tram,1,synthetic_gps
2026-05-14 08:35:21,45.7413548,21.2526062,22.16,complex_aem,tram,1,synthetic_gps
2026-05-14 08:35:22,45.7412884,21.2526297,30.16,complex_aem,tram,1,synthetic_gps
2026-05-14 08:35:23,45.7413114,21.2525982,26.44,complex_aem,tram,1,synthetic_gps
2026-05-14 08:35:24,45.7412133,21.2527035,26.03,complex_aem,tram,1,synthetic_gps
2026-05-14 08:35:25,45.7412484,21.2526841,18.03,complex_aem,tram,1,synthetic_gps
2026-05-14 08:35:26,45.7413231,21.2526751,23.54,complex_aem,tram,1,synthetic_gps
2026-05-14 08:35:27,45.7412936,21.2527542,15.54,complex_aem,tram,1,synthetic_gps
2026-05-14 08:35:28,45.7412409,21.2528006,21.37,complex_aem,tram,1,synthetic_gps
2026-05-14 08:35:29,45.7412065,21.2528189,14.31,complex_aem,tram,1,synthetic_gps
2026-05-14 08:35:30,45.7412227,21.2526985,22.31,complex_aem,tram,1,synthetic_gps
2026-05-14 08:35:31,45.741201,21.2528933,19.42,complex_aem,tram,1,synthetic_gps
2026-05-14 08:35:32,45.7411571,21.2528319,27.42,complex_aem,tram,1,synthetic_gps
2026-05-14 08:35:33,45.7411422,21.2528747,19.42,complex_aem,tram,1,synthetic_gps
2026-05-14 08:35:34,45.7411137,21.2528636,15.75,complex_aem,tram,1,synthetic_gps
2026-05-14 08:35:35,45.7411606,21.2529209,23.75,complex_aem,tram,1,synthetic_gps
2026-05-14 08:35:36,45.7411676,21.2529873,23.11,complex_aem,tram,1,synthetic_gps
2026-05-14 08:35:37,45.741198,21.2528753,31.11,complex_aem,tram,1,synthetic_gps
2026-05-14 08:35:38,45.7412429,21.2530025,24.02,complex_aem,tram,1,synthetic_gps
2026-05-14 08:35:39,45.7410754,21.2530443,23.88,complex_aem,tram,1,synthetic_gps
2026-05-14 08:35:40,45.7411563,21.2529487,19.22,complex_aem,tram,1,synthetic_gps
2026-05-14 08:35:41,45.741081,21.2529955,16.16,complex_aem,tram,1,synthetic_gps
2026-05-14 08:35:42,45.7411036,21.2530123,8.16,complex_aem,tram,1,synthetic_gps
2026-05-14 08:35:43,45.7411939,21.2530474,16.16,complex_aem,tram,1,synthetic_gps
2026-05-14 08:35:44,45.7411701,21.2531604,21.1,complex_aem,tram,1,synthetic_gps
2026-05-14 08:35:45,45.741132,21.2531884,24.17,complex_aem,tram,1,synthetic_gps
2026-05-14 08:35:46,45.7410577,21.2531027,19.36,complex_aem,tram,1,synthetic_gps
2026-05-14 08:35:47,45.7410667,21.2530576,20.84,complex_aem,tram,1,synthetic_gps
2026-05-14 08:35:48,45.7411065,21.2530552,28.08,complex_aem,tram,1,synthetic_gps
2026-05-14 08:35:49,45.7411171,21.2530499,20.08,complex_aem,tram,1,synthetic_gps
2026-05-14 08:35:50,45.7410014,21.2531643,28.08,complex_aem,tram,1,synthetic_gps
2026-05-14 08:35:51,45.741069,21.2531435,20.08,complex_aem,tram,1,synthetic_gps
2026-05-14 08:35:52,45.7410536,21.2532009,23.58,complex_aem,tram,1,synthetic_gps
2026-05-14 08:35:53,45.7411105,21.2532034,15.58,complex_aem,tram,1,synthetic_gps
2026-05-14 08:35:54,45.7410177,21.2532648,16.49,complex_aem,tram,1,synthetic_gps
2026-05-14 08:35:55,45.7409461,21.2532544,24.49,complex_aem,tram,1,synthetic_gps
2026-05-14 08:35:56,45.741077,21.2532214,23.04,complex_aem,tram,1,synthetic_gps
2026-05-14 08:35:57,45.7410136,21.2533259,17.44,complex_aem,tram,1,synthetic_gps
2026-05-14 08:35:58,45.741042,21.2532377,23.52,complex_aem,tram,1,synthetic_gps
2026-05-14 08:35:59,45.7408644,21.2533742,15.52,complex_aem,tram,1,synthetic_gps
2026-05-14 08:36:00,45.7409426,21.2533222,7.52,complex_aem,tram,1,synthetic_gps
2026-05-14 08:36:01,45.7410124,21.2533158,1.36,complex_aem,tram,1,synthetic_gps
2026-05-14 08:36:02,45.7410474,21.2534842,0.25,complex_aem,tram,1,synthetic_gps
2026-05-14 08:36:03,45.7409995,21.2534032,1.46,complex_aem,tram,1,synthetic_gps
2026-05-14 08:36:04,45.7409994,21.2534641,2.08,complex_aem,tram,1,synthetic_gps
2026-05-14 08:36:05,45.7409118,21.2534412,0.32,complex_aem,tram,1,synthetic_gps
2026-05-14 08:36:06,45.7408391,21.253486,1.27,complex_aem,tram,1,synthetic_gps
2026-05-14 08:36:07,45.740874,21.2535035,2.47,complex_aem,tram,1,synthetic_gps
2026-05-14 08:36:08,45.7409494,21.2535273,1.84,complex_aem,tram,1,synthetic_gps
2026-05-14 08:36:09,45.7409548,21.2535614,0.94,complex_aem,tram,1,synthetic_gps
2026-05-14 08:36:10,45.7408335,21.2535754,0.82,complex_aem,tram,1,synthetic_gps
2026-05-14 08:36:11,45.7409063,21.2534987,2.32,complex_aem,tram,1,synthetic_gps
2026-05-14 08:36:12,45.7408782,21.2535418,0.65,complex_aem,tram,1,synthetic_gps
2026-05-14 08:36:13,45.7409273,21.253672,1.8,complex_aem,tram,1,synthetic_gps
2026-05-14 08:36:14,45.740916,21.2536891,1.8,complex_aem,tram,1,synthetic_gps
2026-05-14 08:36:15,45.7408391,21.2536765,0.98,complex_aem,tram,1,synthetic_gps
2026-05-14 08:36:16,45.740936,21.253675,0.73,complex_aem,tram,1,synthetic_gps
2026-05-14 08:36:17,45.7407996,21.2536176,1.31,complex_aem,tram,1,synthetic_gps
2026-05-14 08:36:18,45.7408593,21.2537456,9.31,complex_aem,tram,1,synthetic_gps
2026-05-14 08:36:19,45.7408075,21.2537551,17.31,complex_aem,tram,1,synthetic_gps
2026-05-14 08:36:20,45.7407235,21.2537521,25.31,complex_aem,tram,1,synthetic_gps
2026-05-14 08:36:21,45.740762,21.2537462,17.31,complex_aem,tram,1,synthetic_gps
2026-05-14 08:36:22,45.7408237,21.253759,18.35,complex_aem,tram,1,synthetic_gps
2026-05-14 08:36:23,45.7408226,21.2537384,11.9,complex_aem,tram,1,synthetic_gps
2026-05-14 08:36:24,45.7407367,21.2538234,14.32,complex_aem,tram,1,synthetic_gps
2026-05-14 08:36:25,45.7407233,21.2538268,22.32,complex_aem,tram,1,synthetic_gps
2026-05-14 08:36:26,45.740784,21.2538873,23.11,complex_aem,tram,1,synthetic_gps
2026-05-14 08:36:27,45.7407207,21.2538302,28.61,complex_aem,tram,1,synthetic_gps
2026-05-14 08:36:28,45.7407572,21.2539996,20.61,complex_aem,tram,1,synthetic_gps
2026-05-14 08:36:29,45.7407094,21.2539129,22.38,complex_aem,tram,1,synthetic_gps
2026-05-14 08:36:30,45.7407673,21.2539641,19.0,complex_aem,tram,1,synthetic_gps
2026-05-14 08:36:31,45.7407418,21.2539743,14.95,complex_aem,tram,1,synthetic_gps
2026-05-14 08:36:32,45.7406673,21.2540119,19.55,complex_aem,tram,1,synthetic_gps
2026-05-14 08:36:33,45.7407142,21.2539846,27.55,complex_aem,tram,1,synthetic_gps
2026-05-14 08:36:34,45.7406527,21.2539948,21.25,complex_aem,tram,1,synthetic_gps
2026-05-14 08:36:35,45.7407506,21.2540353,29.25,complex_aem,tram,1,synthetic_gps
2026-05-14 08:36:36,45.7407449,21.2540432,23.73,complex_aem,tram,1,synthetic_gps
2026-05-14 08:36:37,45.7407175,21.25409,26.56,complex_aem,tram,1,synthetic_gps
2026-05-14 08:36:38,45.7407111,21.2540733,18.56,complex_aem,tram,1,synthetic_gps
2026-05-14 08:36:39,45.740679,21.2541095,21.31,complex_aem,tram,1,synthetic_gps
2026-05-14 08:36:40,45.740615,21.2540873,19.02,complex_aem,tram,1,synthetic_gps
2026-05-14 08:36:41,45.7406623,21.2540977,11.02,complex_aem,tram,1,synthetic_gps
2026-05-14 08:36:42,45.7406597,21.2541643,9.95,complex_aem,tram,1,synthetic_gps
2026-05-14 08:36:43,45.7405736,21.2540587,17.95,complex_aem,tram,1,synthetic_gps
2026-05-14 08:36:44,45.7407709,21.2543039,18.73,complex_aem,tram,1,synthetic_gps
2026-05-14 08:36:45,45.7406124,21.2541488,26.73,complex_aem,tram,1,synthetic_gps
2026-05-14 08:36:46,45.7405814,21.2542637,23.48,complex_aem,tram,1,synthetic_gps
2026-05-14 08:36:47,45.7406497,21.2541818,18.0,complex_aem,tram,1,synthetic_gps
2026-05-14 08:36:48,45.7405029,21.2542815,25.55,complex_aem,tram,1,synthetic_gps
2026-05-14 08:36:49,45.7405804,21.2542303,17.55,complex_aem,tram,1,synthetic_gps
2026-05-14 08:36:50,45.740546,21.254336,22.25,complex_aem,tram,1,synthetic_gps
2026-05-14 08:36:51,45.7405779,21.2543328,14.25,complex_aem,tram,1,synthetic_gps
2026-05-14 08:36:52,45.7406268,21.2542837,15.9,complex_aem,tram,1,synthetic_gps
2026-05-14 08:36:53,45.7405695,21.254364,16.82,complex_aem,tram,1,synthetic_gps
2026-05-14 08:36:54,45.7405157,21.2542989,20.72,complex_aem,tram,1,synthetic_gps
2026-05-14 08:36:55,45.740631,21.2543967,28.72,complex_aem,tram,1,synthetic_gps
2026-05-14 08:36:56,45.7405457,21.2544245,20.72,complex_aem,tram,1,synthetic_gps
2026-05-14 08:36:57,45.7405605,21.2544567,16.06,complex_aem,tram,1,synthetic_gps
2026-05-14 08:36:58,45.7405455,21.2544376,9.45,complex_aem,tram,1,synthetic_gps
2026-05-14 08:36:59,45.7404854,21.2544334,14.47,complex_aem,tram,1,synthetic_gps
2026-05-14 08:37:00,45.7404203,21.2545212,7.18,complex_aem,tram,1,synthetic_gps
2026-05-14 08:37:01,45.7404322,21.254518,15.18,complex_aem,tram,1,synthetic_gps
2026-05-14 08:37:02,45.7404682,21.2545228,12.7,complex_aem,tram,1,synthetic_gps
2026-05-14 08:37:03,45.7404097,21.2545389,20.7,complex_aem,tram,1,synthetic_gps
2026-05-14 08:37:04,45.7404581,21.2546336,24.1,complex_aem,tram,1,synthetic_gps
2026-05-14 08:37:05,45.7404189,21.2546644,20.48,complex_aem,tram,1,synthetic_gps
2026-05-14 08:37:06,45.7404176,21.254622,13.05,complex_aem,tram,1,synthetic_gps
2026-05-14 08:37:07,45.7403668,21.2546732,5.05,complex_aem,tram,1,synthetic_gps
2026-05-14 08:37:08,45.7403598,21.2546731,13.05,complex_aem,tram,1,synthetic_gps
2026-05-14 08:37:09,45.7402989,21.2547043,21.05,complex_aem,tram,1,synthetic_gps
2026-05-14 08:37:10,45.7403365,21.2546919,13.05,complex_aem,tram,1,synthetic_gps
2026-05-14 08:37:11,45.7402818,21.2547002,21.05,complex_aem,tram,1,synthetic_gps
2026-05-14 08:37:12,45.7403321,21.2546717,17.2,complex_aem,tram,1,synthetic_gps
2026-05-14 08:37:13,45.7403496,21.2548029,16.04,complex_aem,tram,1,synthetic_gps
2026-05-14 08:37:14,45.7402721,21.2547844,24.04,complex_aem,tram,1,synthetic_gps
2026-05-14 08:37:15,45.7403341,21.254725,16.04,complex_aem,tram,1,synthetic_gps
2026-05-14 08:37:16,45.7402563,21.2547821,24.04,complex_aem,tram,1,synthetic_gps
2026-05-14 08:37:17,45.7403046,21.2548062,17.64,complex_aem,tram,1,synthetic_gps
2026-05-14 08:37:18,45.7403191,21.2547758,25.64,complex_aem,tram,1,synthetic_gps
2026-05-14 08:37:19,45.7402998,21.2548343,23.74,complex_aem,tram,1,synthetic_gps
2026-05-14 08:37:20,45.7402264,21.2548972,15.74,complex_aem,tram,1,synthetic_gps
2026-05-14 08:37:21,45.7401877,21.2548438,23.74,complex_aem,tram,1,synthetic_gps
2026-05-14 08:37:22,45.7401622,21.2549391,15.74,complex_aem,tram,1,synthetic_gps
2026-05-14 08:37:23,45.7402037,21.2549071,18.15,complex_aem,tram,1,synthetic_gps
2026-05-14 08:37:24,45.7401997,21.2549403,17.4,complex_aem,tram,1,synthetic_gps
2026-05-14 08:37:25,45.7401547,21.2549986,14.35,complex_aem,tram,1,synthetic_gps
2026-05-14 08:37:26,45.7401813,21.2550323,10.27,complex_aem,tram,1,synthetic_gps
2026-05-14 08:37:27,45.7401696,21.2549952,18.27,complex_aem,tram,1,synthetic_gps
2026-05-14 08:37:28,45.7401167,21.2550786,26.27,complex_aem,tram,1,synthetic_gps
2026-05-14 08:37:29,45.7401484,21.2550329,18.27,complex_aem,tram,1,synthetic_gps
2026-05-14 08:37:30,45.7401386,21.2550704,10.27,complex_aem,tram,1,synthetic_gps
2026-05-14 08:37:31,45.7400724,21.2550553,2.27,complex_aem,tram,1,synthetic_gps
2026-05-14 08:37:32,45.7401064,21.2551382,10.27,complex_aem,tram,1,synthetic_gps
2026-05-14 08:37:33,45.7401137,21.2551706,18.27,complex_aem,tram,1,synthetic_gps
2026-05-14 08:37:34,45.7401377,21.2551695,23.01,complex_aem,tram,1,synthetic_gps
2026-05-14 08:37:35,45.7400796,21.2551507,16.02,complex_aem,tram,1,synthetic_gps
2026-05-14 08:37:36,45.7401227,21.2551605,24.02,complex_aem,tram,1,synthetic_gps
2026-05-14 08:37:37,45.7399742,21.2552071,31.35,complex_aem,tram,1,synthetic_gps
2026-05-14 08:37:38,45.7400704,21.2551745,23.35,complex_aem,tram,1,synthetic_gps
2026-05-14 08:37:39,45.7400084,21.2551915,15.35,complex_aem,tram,1,synthetic_gps
2026-05-14 08:37:40,45.7400835,21.2552601,17.58,complex_aem,tram,1,synthetic_gps
2026-05-14 08:37:41,45.739915,21.2553026,11.69,complex_aem,tram,1,synthetic_gps
2026-05-14 08:37:42,45.7399219,21.2552953,19.69,complex_aem,tram,1,synthetic_gps
2026-05-14 08:37:43,45.7400313,21.2552225,26.05,complex_aem,tram,1,synthetic_gps
2026-05-14 08:37:44,45.7399343,21.2552902,22.65,complex_aem,tram,1,synthetic_gps
2026-05-14 08:37:45,45.7399929,21.2553962,19.39,complex_aem,tram,1,synthetic_gps
2026-05-14 08:37:46,45.7399492,21.2553818,18.04,complex_aem,tram,1,synthetic_gps
2026-05-14 08:37:47,45.7398549,21.2553954,26.04,complex_aem,tram,1,synthetic_gps
2026-05-14 08:37:48,45.7398739,21.2553725,19.35,complex_aem,tram,1,synthetic_gps
2026-05-14 08:37:49,45.7398767,21.2554372,26.16,complex_aem,tram,1,synthetic_gps
2026-05-14 08:37:50,45.7398772,21.2554721,18.16,complex_aem,tram,1,synthetic_gps
2026-05-14 08:37:51,45.7398788,21.2555681,26.16,complex_aem,tram,1,synthetic_gps
2026-05-14 08:37:52,45.7398321,21.2554254,22.43,complex_aem,tram,1,synthetic_gps
2026-05-14 08:37:53,45.7398414,21.2554972,20.87,complex_aem,tram,1,synthetic_gps
2026-05-14 08:37:54,45.7398506,21.2554653,28.87,complex_aem,tram,1,synthetic_gps
2026-05-14 08:37:55,45.7398863,21.2554386,22.49,complex_aem,tram,1,synthetic_gps
2026-05-14 08:37:56,45.7398249,21.2555253,30.49,complex_aem,tram,1,synthetic_gps
2026-05-14 08:37:57,45.7397526,21.2555887,22.49,complex_aem,tram,1,synthetic_gps
2026-05-14 08:37:58,45.7396821,21.2555888,14.49,complex_aem,tram,1,synthetic_gps
2026-05-14 08:37:59,45.7397481,21.2556076,18.11,complex_aem,tram,1,synthetic_gps
2026-05-14 08:38:00,45.7397111,21.2556236,20.13,complex_aem,tram,1,synthetic_gps
2026-05-14 08:38:01,45.7397588,21.2556393,12.13,complex_aem,tram,1,synthetic_gps
2026-05-14 08:38:02,45.739703,21.255691,20.13,complex_aem,tram,1,synthetic_gps
2026-05-14 08:38:03,45.7396492,21.2556866,15.28,complex_aem,tram,1,synthetic_gps
2026-05-14 08:38:04,45.7396964,21.2556739,16.63,complex_aem,tram,1,synthetic_gps
2026-05-14 08:38:05,45.7397188,21.255716,16.14,complex_aem,tram,1,synthetic_gps
2026-05-14 08:38:06,45.7395917,21.2557728,15.25,complex_aem,tram,1,synthetic_gps
2026-05-14 08:38:07,45.7396482,21.255766,17.71,complex_aem,tram,1,synthetic_gps
2026-05-14 08:38:08,45.7397219,21.2558111,25.71,complex_aem,tram,1,synthetic_gps
2026-05-14 08:38:09,45.7395738,21.2558667,19.21,complex_aem,tram,1,synthetic_gps
2026-05-14 08:38:10,45.7396483,21.2558025,19.84,complex_aem,tram,1,synthetic_gps
2026-05-14 08:38:11,45.7395815,21.255873,27.84,complex_aem,tram,1,synthetic_gps
2026-05-14 08:38:12,45.739642,21.2558313,24.9,complex_aem,tram,1,synthetic_gps
2026-05-14 08:38:13,45.7397142,21.2559304,16.9,complex_aem,tram,1,synthetic_gps
2026-05-14 08:38:14,45.7395957,21.2558963,12.86,complex_aem,tram,1,synthetic_gps
2026-05-14 08:38:15,45.7395718,21.2558837,20.86,complex_aem,tram,1,synthetic_gps
2026-05-14 08:38:16,45.7395837,21.2559376,13.34,complex_aem,tram,1,synthetic_gps
2026-05-14 08:38:17,45.7395518,21.2559781,21.34,complex_aem,tram,1,synthetic_gps
2026-05-14 08:38:18,45.7395507,21.2559308,13.34,complex_aem,tram,1,synthetic_gps
2026-05-14 08:38:19,45.739506,21.2559771,18.28,complex_aem,tram,1,synthetic_gps
2026-05-14 08:38:20,45.7394825,21.2559862,24.44,complex_aem,tram,1,synthetic_gps
2026-05-14 08:38:21,45.7394561,21.2560024,16.44,complex_aem,tram,1,synthetic_gps
2026-05-14 08:38:22,45.739534,21.2560274,24.44,complex_aem,tram,1,synthetic_gps
2026-05-14 08:38:23,45.7394661,21.2560482,21.13,complex_aem,tram,1,synthetic_gps
2026-05-14 08:38:24,45.7394006,21.2561389,19.21,complex_aem,tram,1,synthetic_gps
2026-05-14 08:38:25,45.7394475,21.2561395,25.39,complex_aem,tram,1,synthetic_gps
2026-05-14 08:38:26,45.7394518,21.256086,19.07,complex_aem,tram,1,synthetic_gps
2026-05-14 08:38:27,45.7394158,21.2560871,12.37,complex_aem,tram,1,synthetic_gps
2026-05-14 08:38:28,45.7394608,21.2561899,19.56,complex_aem,tram,1,synthetic_gps
2026-05-14 08:38:29,45.7393984,21.2562162,18.69,complex_aem,tram,1,synthetic_gps
2026-05-14 08:38:30,45.7394266,21.2561525,26.69,complex_aem,tram,1,synthetic_gps
2026-05-14 08:38:31,45.7392936,21.2561684,25.25,complex_aem,tram,1,synthetic_gps
2026-05-14 08:38:32,45.7393391,21.2561399,17.25,complex_aem,tram,1,synthetic_gps
2026-05-14 08:38:33,45.7392907,21.2562491,15.55,complex_aem,tram,1,synthetic_gps
2026-05-14 08:38:34,45.7393388,21.2562132,13.83,complex_aem,tram,1,synthetic_gps
2026-05-14 08:38:35,45.7393934,21.2562874,5.83,complex_aem,tram,1,synthetic_gps
2026-05-14 08:38:36,45.7393482,21.2563572,13.83,complex_aem,tram,1,synthetic_gps
2026-05-14 08:38:37,45.73927,21.2563217,5.83,complex_aem,tram,1,synthetic_gps
2026-05-14 08:38:38,45.7393028,21.2564112,13.83,complex_aem,tram,1,synthetic_gps
2026-05-14 08:38:39,45.7392765,21.2562502,16.4,complex_aem,tram,1,synthetic_gps
2026-05-14 08:38:40,45.7392268,21.256386,19.58,complex_aem,tram,1,synthetic_gps
2026-05-14 08:38:41,45.7392883,21.2562948,27.58,complex_aem,tram,1,synthetic_gps
2026-05-14 08:38:42,45.7392487,21.256391,19.58,complex_aem,tram,1,synthetic_gps
2026-05-14 08:38:43,45.7392163,21.2563475,20.79,complex_aem,tram,1,synthetic_gps
2026-05-14 08:38:44,45.7391805,21.2564857,17.92,complex_aem,tram,1,synthetic_gps
2026-05-14 08:38:45,45.7391764,21.2564619,25.92,complex_aem,tram,1,synthetic_gps
2026-05-14 08:38:46,45.7391532,21.256444,18.77,complex_aem,tram,1,synthetic_gps
2026-05-14 08:38:47,45.7391846,21.2564464,19.57,complex_aem,tram,1,synthetic_gps
2026-05-14 08:38:48,45.7392316,21.2565096,21.95,complex_aem,tram,1,synthetic_gps
2026-05-14 08:38:49,45.7391146,21.2565393,13.95,complex_aem,tram,1,synthetic_gps
2026-05-14 08:38:50,45.7391063,21.2565597,21.95,complex_aem,tram,1,synthetic_gps
2026-05-14 08:38:51,45.7391244,21.2565044,29.95,complex_aem,tram,1,synthetic_gps
2026-05-14 08:38:52,45.7391494,21.2565295,21.95,complex_aem,tram,1,synthetic_gps
2026-05-14 08:38:53,45.7391132,21.2565446,24.23,complex_aem,tram,1,synthetic_gps
2026-05-14 08:38:54,45.73908,21.2566093,23.46,complex_aem,tram,1,synthetic_gps
2026-05-14 08:38:55,45.738934,21.2566301,18.19,complex_aem,tram,1,synthetic_gps
2026-05-14 08:38:56,45.7390859,21.2565913,10.19,complex_aem,tram,1,synthetic_gps
2026-05-14 08:38:57,45.7390626,21.2566785,8.5,complex_aem,tram,1,synthetic_gps
2026-05-14 08:38:58,45.7390396,21.2566313,3.26,complex_aem,tram,1,synthetic_gps
2026-05-14 08:38:59,45.7390505,21.2568443,11.26,complex_aem,tram,1,synthetic_gps
2026-05-14 08:39:00,45.7390841,21.2567689,3.26,complex_aem,tram,1,synthetic_gps
2026-05-14 08:39:01,45.7390454,21.2567413,0.52,complex_aem,tram,1,synthetic_gps
2026-05-14 08:39:02,45.7390396,21.2567719,1.15,complex_aem,tram,1,synthetic_gps
2026-05-14 08:39:03,45.7390108,21.2567816,0.77,complex_aem,tram,1,synthetic_gps
2026-05-14 08:39:04,45.7389574,21.2569238,1.17,complex_aem,tram,1,synthetic_gps
2026-05-14 08:39:05,45.7389851,21.2568527,1.57,complex_aem,tram,1,synthetic_gps
2026-05-14 08:39:06,45.7389209,21.2568226,1.03,complex_aem,tram,1,synthetic_gps
2026-05-14 08:39:07,45.7388787,21.2568252,0.84,complex_aem,tram,1,synthetic_gps
2026-05-14 08:39:08,45.7388495,21.2569418,0.89,complex_aem,tram,1,synthetic_gps
2026-05-14 08:39:09,45.7388831,21.256829,0.85,complex_aem,tram,1,synthetic_gps
2026-05-14 08:39:10,45.7388719,21.2569539,0.29,complex_aem,tram,1,synthetic_gps
2026-05-14 08:39:11,45.7388976,21.2569063,2.12,complex_aem,tram,1,synthetic_gps
2026-05-14 08:39:12,45.7388294,21.2569834,1.56,complex_aem,tram,1,synthetic_gps
2026-05-14 08:39:13,45.7388312,21.257048,1.0,complex_aem,tram,1,synthetic_gps
2026-05-14 08:39:14,45.7388793,21.2569438,1.28,complex_aem,tram,1,synthetic_gps
2026-05-14 08:39:15,45.738779,21.2570007,0.77,complex_aem,tram,1,synthetic_gps
2026-05-14 08:39:16,45.7387412,21.2569781,1.64,complex_aem,tram,1,synthetic_gps
2026-05-14 08:39:17,45.7387363,21.2570286,1.22,complex_aem,tram,1,synthetic_gps
2026-05-14 08:39:18,45.7387566,21.2571328,9.22,complex_aem,tram,1,synthetic_gps
2026-05-14 08:39:19,45.7388133,21.2570288,13.59,complex_aem,tram,1,synthetic_gps
2026-05-14 08:39:20,45.7387157,21.2571716,15.83,complex_aem,tram,1,synthetic_gps
2026-05-14 08:39:21,45.738778,21.2571857,23.83,complex_aem,tram,1,synthetic_gps
2026-05-14 08:39:22,45.7387557,21.2571106,25.28,complex_aem,tram,1,synthetic_gps
2026-05-14 08:39:23,45.7387215,21.2572002,30.9,complex_aem,tram,1,synthetic_gps
2026-05-14 08:39:24,45.7386071,21.2571857,26.59,complex_aem,tram,1,synthetic_gps
2026-05-14 08:39:25,45.7386961,21.2572333,34.59,complex_aem,tram,1,synthetic_gps
2026-05-14 08:39:26,45.7386729,21.2571663,26.59,complex_aem,tram,1,synthetic_gps
2026-05-14 08:39:27,45.7386373,21.2572043,18.59,complex_aem,tram,1,synthetic_gps
2026-05-14 08:39:28,45.7386682,21.2573072,21.59,complex_aem,tram,1,synthetic_gps
2026-05-14 08:39:29,45.7386229,21.2572753,21.99,complex_aem,tram,1,synthetic_gps
2026-05-14 08:39:30,45.7386374,21.2573663,15.82,complex_aem,tram,1,synthetic_gps
2026-05-14 08:39:31,45.7387069,21.2573356,17.73,complex_aem,tram,1,synthetic_gps
2026-05-14 08:39:32,45.7385216,21.2573254,12.36,complex_aem,tram,1,synthetic_gps
2026-05-14 08:39:33,45.7385936,21.2573462,20.36,complex_aem,tram,1,synthetic_gps
2026-05-14 08:39:34,45.7384683,21.2574794,22.07,complex_aem,tram,1,synthetic_gps
2026-05-14 08:39:35,45.7385276,21.2574254,27.76,complex_aem,tram,1,synthetic_gps
2026-05-14 08:39:36,45.7385227,21.2574068,19.76,complex_aem,tram,1,synthetic_gps
2026-05-14 08:39:37,45.738473,21.2574942,22.59,complex_aem,tram,1,synthetic_gps
2026-05-14 08:39:38,45.7385396,21.2574385,25.88,complex_aem,tram,1,synthetic_gps
2026-05-14 08:39:39,45.7384514,21.2574957,17.88,complex_aem,tram,1,synthetic_gps
2026-05-14 08:39:40,45.7385486,21.2575424,23.41,complex_aem,tram,1,synthetic_gps
2026-05-14 08:39:41,45.7385357,21.2575346,15.41,complex_aem,tram,1,synthetic_gps
2026-05-14 08:39:42,45.7384694,21.2575756,19.19,complex_aem,tram,1,synthetic_gps
2026-05-14 08:39:43,45.7384452,21.2575395,27.19,complex_aem,tram,1,synthetic_gps
2026-05-14 08:39:44,45.7384024,21.2574626,21.4,complex_aem,tram,1,synthetic_gps
2026-05-14 08:39:45,45.7384649,21.2575601,20.31,complex_aem,tram,1,synthetic_gps
2026-05-14 08:39:46,45.7384092,21.2575127,28.31,complex_aem,tram,1,synthetic_gps
2026-05-14 08:39:47,45.7383636,21.2575866,26.44,complex_aem,tram,1,synthetic_gps
2026-05-14 08:39:48,45.7384158,21.257612,20.72,complex_aem,tram,1,synthetic_gps
2026-05-14 08:39:49,45.7383658,21.2576631,26.77,complex_aem,tram,1,synthetic_gps
2026-05-14 08:39:50,45.7383852,21.2576622,18.77,complex_aem,tram,1,synthetic_gps
2026-05-14 08:39:51,45.7383938,21.2577202,10.77,complex_aem,tram,1,synthetic_gps
2026-05-14 08:39:52,45.7383748,21.2577556,6.44,complex_aem,tram,1,synthetic_gps
2026-05-14 08:39:53,45.7383032,21.2577528,14.44,complex_aem,tram,1,synthetic_gps
2026-05-14 08:39:54,45.7383027,21.2577401,9.82,complex_aem,tram,1,synthetic_gps
2026-05-14 08:39:55,45.7383258,21.2577856,15.85,complex_aem,tram,1,synthetic_gps
2026-05-14 08:39:56,45.7382479,21.25774,7.85,complex_aem,tram,1,synthetic_gps
2026-05-14 08:39:57,45.7383173,21.2578524,15.85,complex_aem,tram,1,synthetic_gps
2026-05-14 08:39:58,45.7383129,21.2578898,15.94,complex_aem,tram,1,synthetic_gps
2026-05-14 08:39:59,45.7382105,21.2578735,14.37,complex_aem,tram,1,synthetic_gps
2026-05-14 08:40:00,45.7382548,21.2578924,22.26,complex_aem,tram,1,synthetic_gps
2026-05-14 08:40:01,45.7382953,21.2579256,26.85,complex_aem,tram,1,synthetic_gps
2026-05-14 08:40:02,45.7382042,21.2579465,18.85,complex_aem,tram,1,synthetic_gps
2026-05-14 08:40:03,45.7382599,21.2579348,16.77,complex_aem,tram,1,synthetic_gps
2026-05-14 08:40:04,45.738162,21.2579749,19.76,complex_aem,tram,1,synthetic_gps
2026-05-14 08:40:05,45.7381157,21.257948,17.39,complex_aem,tram,1,synthetic_gps
2026-05-14 08:40:06,45.7382147,21.2579876,22.77,complex_aem,tram,1,synthetic_gps
2026-05-14 08:40:07,45.7381194,21.2580275,14.77,complex_aem,tram,1,synthetic_gps
2026-05-14 08:40:08,45.7381138,21.2580735,6.77,complex_aem,tram,1,synthetic_gps
2026-05-14 08:40:09,45.7380838,21.2579974,12.69,complex_aem,tram,1,synthetic_gps
2026-05-14 08:40:10,45.7380537,21.2580811,18.5,complex_aem,tram,1,synthetic_gps
2026-05-14 08:40:11,45.7381296,21.2580944,14.8,complex_aem,tram,1,synthetic_gps
2026-05-14 08:40:12,45.7381296,21.2580969,11.69,complex_aem,tram,1,synthetic_gps
2026-05-14 08:40:13,45.7381351,21.2580929,18.06,complex_aem,tram,1,synthetic_gps
2026-05-14 08:40:14,45.738067,21.2580964,17.08,complex_aem,tram,1,synthetic_gps
2026-05-14 08:40:15,45.738078,21.2581048,23.79,complex_aem,tram,1,synthetic_gps
2026-05-14 08:40:16,45.7380281,21.2582233,23.47,complex_aem,tram,1,synthetic_gps
2026-05-14 08:40:17,45.7381309,21.2582403,30.27,complex_aem,tram,1,synthetic_gps
2026-05-14 08:40:18,45.7380226,21.2581877,22.27,complex_aem,tram,1,synthetic_gps
2026-05-14 08:40:19,45.738055,21.2582803,28.4,complex_aem,tram,1,synthetic_gps
2026-05-14 08:40:20,45.7380334,21.2582213,21.52,complex_aem,tram,1,synthetic_gps
2026-05-14 08:40:21,45.7379738,21.2583373,13.52,complex_aem,tram,1,synthetic_gps
2026-05-14 08:40:22,45.7378931,21.2582606,21.52,complex_aem,tram,1,synthetic_gps
2026-05-14 08:40:23,45.7379888,21.2583005,18.34,complex_aem,tram,1,synthetic_gps
2026-05-14 08:40:24,45.7380127,21.2583628,10.34,complex_aem,tram,1,synthetic_gps
2026-05-14 08:40:25,45.737894,21.258409,10.02,complex_aem,tram,1,synthetic_gps
2026-05-14 08:40:26,45.7379008,21.258392,12.51,complex_aem,tram,1,synthetic_gps
2026-05-14 08:40:27,45.7379899,21.2583703,20.51,complex_aem,tram,1,synthetic_gps
2026-05-14 08:40:28,45.7379384,21.2583447,28.51,complex_aem,tram,1,synthetic_gps
2026-05-14 08:40:29,45.7378881,21.258396,20.51,complex_aem,tram,1,synthetic_gps
2026-05-14 08:40:30,45.7379114,21.2584112,14.75,complex_aem,tram,1,synthetic_gps
2026-05-14 08:40:31,45.7378525,21.2584575,20.73,complex_aem,tram,1,synthetic_gps
2026-05-14 08:40:32,45.7378245,21.2585124,21.47,complex_aem,tram,1,synthetic_gps
2026-05-14 08:40:33,45.7377932,21.258549,19.92,complex_aem,tram,1,synthetic_gps
2026-05-14 08:40:34,45.737871,21.2585539,16.78,complex_aem,tram,1,synthetic_gps
2026-05-14 08:40:35,45.7377639,21.2585224,15.72,complex_aem,tram,1,synthetic_gps
2026-05-14 08:40:36,45.7377996,21.2585571,18.06,complex_aem,tram,1,synthetic_gps
2026-05-14 08:40:37,45.7378456,21.2586104,21.6,complex_aem,tram,1,synthetic_gps
2026-05-14 08:40:38,45.7378486,21.2586465,13.6,complex_aem,tram,1,synthetic_gps
2026-05-14 08:40:39,45.7377511,21.2585733,15.31,complex_aem,tram,1,synthetic_gps
2026-05-14 08:40:40,45.7377531,21.2585341,23.31,complex_aem,tram,1,synthetic_gps
2026-05-14 08:40:41,45.7377144,21.258591,31.31,complex_aem,tram,1,synthetic_gps
2026-05-14 08:40:42,45.7377243,21.2586577,23.31,complex_aem,tram,1,synthetic_gps
2026-05-14 08:40:43,45.7377902,21.2587115,15.99,complex_aem,tram,1,synthetic_gps
2026-05-14 08:40:44,45.73767,21.258667,23.99,complex_aem,tram,1,synthetic_gps
2026-05-14 08:40:45,45.7377066,21.2587458,17.23,complex_aem,tram,1,synthetic_gps
2026-05-14 08:40:46,45.7376444,21.2586064,23.66,complex_aem,tram,1,synthetic_gps
2026-05-14 08:40:47,45.7376076,21.2587559,21.25,complex_aem,tram,1,synthetic_gps
2026-05-14 08:40:48,45.7376866,21.2587808,18.42,complex_aem,tram,1,synthetic_gps
2026-05-14 08:40:49,45.7377,21.2587832,26.42,complex_aem,tram,1,synthetic_gps
2026-05-14 08:40:50,45.7375522,21.2588022,18.42,complex_aem,tram,1,synthetic_gps
2026-05-14 08:40:51,45.7376407,21.2589309,23.9,complex_aem,tram,1,synthetic_gps
2026-05-14 08:40:52,45.7375858,21.2588077,21.72,complex_aem,tram,1,synthetic_gps
2026-05-14 08:40:53,45.7375514,21.2588376,24.81,complex_aem,tram,1,synthetic_gps
2026-05-14 08:40:54,45.7376073,21.2588804,16.81,complex_aem,tram,1,synthetic_gps
2026-05-14 08:40:55,45.7376374,21.2588507,24.81,complex_aem,tram,1,synthetic_gps
2026-05-14 08:40:56,45.7375716,21.2588775,25.76,complex_aem,tram,1,synthetic_gps
2026-05-14 08:40:57,45.7374942,21.2589902,30.95,complex_aem,tram,1,synthetic_gps
2026-05-14 08:40:58,45.7375146,21.2589366,30.3,complex_aem,tram,1,synthetic_gps
2026-05-14 08:40:59,45.737481,21.2589509,22.3,complex_aem,tram,1,synthetic_gps
2026-05-14 08:41:00,45.737435,21.2589783,19.42,complex_aem,tram,1,synthetic_gps
2026-05-14 08:41:01,45.7374984,21.2590055,21.9,complex_aem,tram,1,synthetic_gps
2026-05-14 08:41:02,45.737498,21.2590948,20.88,complex_aem,tram,1,synthetic_gps
2026-05-14 08:41:03,45.7374414,21.2591141,15.62,complex_aem,tram,1,synthetic_gps
2026-05-14 08:41:04,45.737476,21.2590692,23.62,complex_aem,tram,1,synthetic_gps
2026-05-14 08:41:05,45.7374157,21.2591158,23.83,complex_aem,tram,1,synthetic_gps
2026-05-14 08:41:06,45.7374434,21.2591286,20.57,complex_aem,tram,1,synthetic_gps
2026-05-14 08:41:07,45.7374108,21.2591369,12.57,complex_aem,tram,1,synthetic_gps
2026-05-14 08:41:08,45.7374325,21.259155,9.47,complex_aem,tram,1,synthetic_gps
2026-05-14 08:41:09,45.7374108,21.2590773,17.47,complex_aem,tram,1,synthetic_gps
2026-05-14 08:41:10,45.7373845,21.2591655,25.47,complex_aem,tram,1,synthetic_gps
2026-05-14 08:41:11,45.7373634,21.2592246,17.47,complex_aem,tram,1,synthetic_gps
2026-05-14 08:41:12,45.7373631,21.2592681,14.46,complex_aem,tram,1,synthetic_gps
2026-05-14 08:41:13,45.737339,21.2592783,15.63,complex_aem,tram,1,synthetic_gps
2026-05-14 08:41:14,45.7373251,21.2592812,23.63,complex_aem,tram,1,synthetic_gps
2026-05-14 08:41:15,45.7372997,21.2593712,31.63,complex_aem,tram,1,synthetic_gps
2026-05-14 08:41:16,45.7373497,21.2592885,23.63,complex_aem,tram,1,synthetic_gps
2026-05-14 08:41:17,45.7372692,21.2593364,15.63,complex_aem,tram,1,synthetic_gps
2026-05-14 08:41:18,45.7372076,21.2593951,15.34,complex_aem,tram,1,synthetic_gps
2026-05-14 08:41:19,45.737295,21.2593914,13.24,complex_aem,tram,1,synthetic_gps
2026-05-14 08:41:20,45.7372053,21.2593862,11.72,complex_aem,tram,1,synthetic_gps
2026-05-14 08:41:21,45.7372261,21.2593756,19.72,complex_aem,tram,1,synthetic_gps
2026-05-14 08:41:22,45.7372541,21.2594134,11.72,complex_aem,tram,1,synthetic_gps
2026-05-14 08:41:23,45.7372477,21.2592839,14.27,complex_aem,tram,1,synthetic_gps
2026-05-14 08:41:24,45.7372126,21.2594631,8.17,complex_aem,tram,1,synthetic_gps
2026-05-14 08:41:25,45.7371435,21.259401,16.17,complex_aem,tram,1,synthetic_gps
2026-05-14 08:41:26,45.7370809,21.2594798,18.14,complex_aem,tram,1,synthetic_gps
2026-05-14 08:41:27,45.7371445,21.2594664,16.36,complex_aem,tram,1,synthetic_gps
2026-05-14 08:41:28,45.7371719,21.2594373,8.36,complex_aem,tram,1,synthetic_gps
2026-05-14 08:41:29,45.7371708,21.2595393,16.36,complex_aem,tram,1,synthetic_gps
2026-05-14 08:41:30,45.7371132,21.2594907,14.83,complex_aem,tram,1,synthetic_gps
2026-05-14 08:41:31,45.7371419,21.2595787,17.65,complex_aem,tram,1,synthetic_gps
2026-05-14 08:41:32,45.737134,21.2595139,24.62,complex_aem,tram,1,synthetic_gps
2026-05-14 08:41:33,45.7370513,21.2596028,22.9,complex_aem,tram,1,synthetic_gps
2026-05-14 08:41:34,45.7371344,21.2595982,24.39,complex_aem,tram,1,synthetic_gps
2026-05-14 08:41:35,45.7370499,21.259655,16.39,complex_aem,tram,1,synthetic_gps
2026-05-14 08:41:36,45.7370472,21.2596859,20.59,complex_aem,tram,1,synthetic_gps
2026-05-14 08:41:37,45.7370734,21.259739,28.59,complex_aem,tram,1,synthetic_gps
2026-05-14 08:41:38,45.7370641,21.2596591,24.11,complex_aem,tram,1,synthetic_gps
2026-05-14 08:41:39,45.7370404,21.2596948,16.75,complex_aem,tram,1,synthetic_gps
2026-05-14 08:41:40,45.7370608,21.2597206,8.75,complex_aem,tram,1,synthetic_gps
2026-05-14 08:41:41,45.7369909,21.2597598,13.83,complex_aem,tram,1,synthetic_gps
2026-05-14 08:41:42,45.7370275,21.2598114,5.83,complex_aem,tram,1,synthetic_gps
2026-05-14 08:41:43,45.7369387,21.2598196,13.83,complex_aem,tram,1,synthetic_gps
2026-05-14 08:41:44,45.7368319,21.2599397,21.83,complex_aem,tram,1,synthetic_gps
2026-05-14 08:41:45,45.7369442,21.2598151,20.4,complex_aem,tram,1,synthetic_gps
2026-05-14 08:41:46,45.7369642,21.2599052,20.91,complex_aem,tram,1,synthetic_gps
2026-05-14 08:41:47,45.7369061,21.2598342,14.2,complex_aem,tram,1,synthetic_gps
2026-05-14 08:41:48,45.7368966,21.2598242,21.34,complex_aem,tram,1,synthetic_gps
2026-05-14 08:41:49,45.7368859,21.2598947,21.06,complex_aem,tram,1,synthetic_gps
2026-05-14 08:41:50,45.7370135,21.2599987,13.06,complex_aem,tram,1,synthetic_gps
2026-05-14 08:41:51,45.736873,21.2599953,8.22,complex_aem,tram,1,synthetic_gps
2026-05-14 08:41:52,45.7368193,21.2600186,16.22,complex_aem,tram,1,synthetic_gps
2026-05-14 08:41:53,45.7368993,21.2600015,22.74,complex_aem,tram,1,synthetic_gps
2026-05-14 08:41:54,45.7368535,21.2599912,14.74,complex_aem,tram,1,synthetic_gps
2026-05-14 08:41:55,45.7368849,21.2600001,21.78,complex_aem,tram,1,synthetic_gps
2026-05-14 08:41:56,45.736763,21.2599951,16.01,complex_aem,tram,1,synthetic_gps
2026-05-14 08:41:57,45.7367819,21.2600573,13.23,complex_aem,tram,1,synthetic_gps
2026-05-14 08:41:58,45.7368052,21.2601147,17.26,complex_aem,tram,1,synthetic_gps
2026-05-14 08:41:59,45.7367167,21.2601234,16.89,complex_aem,tram,1,synthetic_gps
2026-05-14 08:42:00,45.7367277,21.2600731,8.89,complex_aem,tram,1,synthetic_gps
2026-05-14 08:42:01,45.7367974,21.26006,1.71,complex_aem,tram,1,synthetic_gps
2026-05-14 08:42:02,45.7367728,21.2601456,1.98,complex_aem,tram,1,synthetic_gps
2026-05-14 08:42:03,45.7367169,21.2601408,1.69,complex_aem,tram,1,synthetic_gps
2026-05-14 08:42:04,45.7367201,21.2601774,1.34,complex_aem,tram,1,synthetic_gps
2026-05-14 08:42:05,45.7366649,21.2601734,1.05,complex_aem,tram,1,synthetic_gps
2026-05-14 08:42:06,45.7367441,21.260288,1.53,complex_aem,tram,1,synthetic_gps
2026-05-14 08:42:07,45.7366542,21.2602647,1.2,complex_aem,tram,1,synthetic_gps
2026-05-14 08:42:08,45.7366942,21.260212,1.08,complex_aem,tram,1,synthetic_gps
2026-05-14 08:42:09,45.7367367,21.2603477,1.67,complex_aem,tram,1,synthetic_gps
2026-05-14 08:42:10,45.7366076,21.2603321,1.95,complex_aem,tram,1,synthetic_gps
2026-05-14 08:42:11,45.7365712,21.2603614,1.32,complex_aem,tram,1,synthetic_gps
2026-05-14 08:42:12,45.7365977,21.2603726,0.58,complex_aem,tram,1,synthetic_gps
2026-05-14 08:42:13,45.7366235,21.2603511,1.7,complex_aem,tram,1,synthetic_gps
2026-05-14 08:42:14,45.7365327,21.2604379,2.07,complex_aem,tram,1,synthetic_gps
2026-05-14 08:42:15,45.7365376,21.2604651,0.63,complex_aem,tram,1,synthetic_gps
2026-05-14 08:42:16,45.736612,21.2604302,0.0,complex_aem,tram,1,synthetic_gps
2026-05-14 08:42:17,45.7364958,21.2604005,1.37,complex_aem,tram,1,synthetic_gps
2026-05-14 08:42:18,45.7365151,21.2604656,9.37,complex_aem,tram,1,synthetic_gps
2026-05-14 08:42:19,45.7366201,21.2604512,17.37,complex_aem,tram,1,synthetic_gps
2026-05-14 08:42:20,45.7364948,21.2605255,15.4,complex_aem,tram,1,synthetic_gps
2026-05-14 08:42:21,45.7364837,21.2605266,23.4,complex_aem,tram,1,synthetic_gps
2026-05-14 08:42:22,45.7365082,21.2604868,17.03,complex_aem,tram,1,synthetic_gps
2026-05-14 08:42:23,45.7364374,21.2604934,14.19,complex_aem,tram,1,synthetic_gps
2026-05-14 08:42:24,45.7364909,21.2605719,14.86,complex_aem,tram,1,synthetic_gps
2026-05-14 08:42:25,45.7364233,21.2605651,21.99,complex_aem,tram,1,synthetic_gps
2026-05-14 08:42:26,45.736416,21.2605643,20.54,complex_aem,tram,1,synthetic_gps
2026-05-14 08:42:27,45.7363785,21.2605894,23.46,complex_aem,tram,1,synthetic_gps
2026-05-14 08:42:28,45.7363945,21.2606179,19.59,complex_aem,tram,1,synthetic_gps
2026-05-14 08:42:29,45.7363404,21.2605013,11.59,complex_aem,tram,1,synthetic_gps
2026-05-14 08:42:30,45.7363129,21.2606052,19.59,complex_aem,tram,1,synthetic_gps
2026-05-14 08:42:31,45.736346,21.2606604,18.68,complex_aem,tram,1,synthetic_gps
2026-05-14 08:42:32,45.7363641,21.2606742,10.68,complex_aem,tram,1,synthetic_gps
2026-05-14 08:42:33,45.7364249,21.2606509,8.71,complex_aem,tram,1,synthetic_gps
2026-05-14 08:42:34,45.7363762,21.2606922,16.71,complex_aem,tram,1,synthetic_gps
2026-05-14 08:42:35,45.7362129,21.2607554,16.36,complex_aem,tram,1,synthetic_gps
2026-05-14 08:42:36,45.7361816,21.260699,24.36,complex_aem,tram,1,synthetic_gps
2026-05-14 08:42:37,45.7362525,21.2607025,22.0,complex_aem,tram,1,synthetic_gps
2026-05-14 08:42:38,45.7361921,21.2606745,24.97,complex_aem,tram,1,synthetic_gps
2026-05-14 08:42:39,45.7362337,21.2607798,17.27,complex_aem,tram,1,synthetic_gps
2026-05-14 08:42:40,45.7362037,21.2606897,25.21,complex_aem,tram,1,synthetic_gps
2026-05-14 08:42:41,45.7361955,21.2607763,20.02,complex_aem,tram,1,synthetic_gps
2026-05-14 08:42:42,45.7361376,21.2607651,24.27,complex_aem,tram,1,synthetic_gps
2026-05-14 08:42:43,45.7361066,21.260857,20.6,complex_aem,tram,1,synthetic_gps
2026-05-14 08:42:44,45.7361178,21.2608061,20.59,complex_aem,tram,1,synthetic_gps
2026-05-14 08:42:45,45.7361003,21.2608164,17.03,complex_aem,tram,1,synthetic_gps
2026-05-14 08:42:46,45.7361336,21.2608477,20.59,complex_aem,tram,1,synthetic_gps
2026-05-14 08:42:47,45.7360882,21.2608657,18.06,complex_aem,tram,1,synthetic_gps
2026-05-14 08:42:48,45.7360436,21.2609267,19.19,complex_aem,tram,1,synthetic_gps
2026-05-14 08:42:49,45.7360766,21.2608766,20.91,complex_aem,tram,1,synthetic_gps
2026-05-14 08:42:50,45.7360436,21.2608781,27.2,complex_aem,tram,1,synthetic_gps
2026-05-14 08:42:51,45.7360866,21.260889,25.64,complex_aem,tram,1,synthetic_gps
2026-05-14 08:42:52,45.7360017,21.2609036,17.64,complex_aem,tram,1,synthetic_gps
2026-05-14 08:42:53,45.7361502,21.2609415,19.91,complex_aem,tram,1,synthetic_gps
2026-05-14 08:42:54,45.7360972,21.2608985,11.91,complex_aem,tram,1,synthetic_gps
2026-05-14 08:42:55,45.7360446,21.2609229,4.7,complex_aem,tram,1,synthetic_gps
2026-05-14 08:42:56,45.7360248,21.2609192,12.7,complex_aem,tram,1,synthetic_gps
2026-05-14 08:42:57,45.735979,21.260989,20.7,complex_aem,tram,1,synthetic_gps
2026-05-14 08:42:58,45.7359852,21.261013,22.75,complex_aem,tram,1,synthetic_gps
2026-05-14 08:42:59,45.735972,21.2610137,16.85,complex_aem,tram,1,synthetic_gps
2026-05-14 08:43:00,45.7359063,21.2609703,15.98,complex_aem,tram,1,synthetic_gps
2026-05-14 08:43:01,45.7359476,21.2609934,23.98,complex_aem,tram,1,synthetic_gps
2026-05-14 08:43:02,45.7359502,21.2610306,19.13,complex_aem,tram,1,synthetic_gps
2026-05-14 08:43:03,45.7358858,21.2610329,26.93,complex_aem,tram,1,synthetic_gps
2026-05-14 08:43:04,45.7359046,21.2610262,18.93,complex_aem,tram,1,synthetic_gps
2026-05-14 08:43:05,45.7358667,21.26101,20.06,complex_aem,tram,1,synthetic_gps
2026-05-14 08:43:06,45.7358654,21.2609816,19.36,complex_aem,tram,1,synthetic_gps
2026-05-14 08:43:07,45.7358398,21.2610478,27.36,complex_aem,tram,1,synthetic_gps
2026-05-14 08:43:08,45.7357905,21.2610492,22.17,complex_aem,tram,1,synthetic_gps
2026-05-14 08:43:09,45.7357536,21.2611741,14.17,complex_aem,tram,1,synthetic_gps
2026-05-14 08:43:10,45.7357383,21.2610416,19.13,complex_aem,tram,1,synthetic_gps
2026-05-14 08:43:11,45.7357835,21.2611582,21.59,complex_aem,tram,1,synthetic_gps
2026-05-14 08:43:12,45.7358156,21.261062,17.42,complex_aem,tram,1,synthetic_gps
2026-05-14 08:43:13,45.7357643,21.2611264,9.42,complex_aem,tram,1,synthetic_gps
2026-05-14 08:43:14,45.7357656,21.2611484,7.07,complex_aem,tram,1,synthetic_gps
2026-05-14 08:43:15,45.7357073,21.2612071,15.07,complex_aem,tram,1,synthetic_gps
2026-05-14 08:43:16,45.7356976,21.261177,21.05,complex_aem,tram,1,synthetic_gps
2026-05-14 08:43:17,45.7357331,21.2611356,28.61,complex_aem,tram,1,synthetic_gps
2026-05-14 08:43:18,45.7356382,21.2612278,20.75,complex_aem,tram,1,synthetic_gps
2026-05-14 08:43:19,45.7356218,21.2612717,17.24,complex_aem,tram,1,synthetic_gps
2026-05-14 08:43:20,45.7356693,21.2612272,16.4,complex_aem,tram,1,synthetic_gps
2026-05-14 08:43:21,45.7355882,21.2612367,22.34,complex_aem,tram,1,synthetic_gps
2026-05-14 08:43:22,45.7357602,21.2612267,17.0,complex_aem,tram,1,synthetic_gps
2026-05-14 08:43:23,45.7356328,21.2613114,25.0,complex_aem,tram,1,synthetic_gps
2026-05-14 08:43:24,45.7355525,21.2612884,22.15,complex_aem,tram,1,synthetic_gps
2026-05-14 08:43:25,45.735679,21.2613429,18.11,complex_aem,tram,1,synthetic_gps
2026-05-14 08:43:26,45.7355673,21.2612871,25.26,complex_aem,tram,1,synthetic_gps
2026-05-14 08:43:27,45.7355873,21.261324,23.57,complex_aem,tram,1,synthetic_gps
2026-05-14 08:43:28,45.7355806,21.2613691,15.57,complex_aem,tram,1,synthetic_gps
2026-05-14 08:43:29,45.7355055,21.2612938,16.48,complex_aem,tram,1,synthetic_gps
2026-05-14 08:43:30,45.7354971,21.2613418,8.61,complex_aem,tram,1,synthetic_gps
2026-05-14 08:43:31,45.7355926,21.2614083,16.61,complex_aem,tram,1,synthetic_gps
2026-05-14 08:43:32,45.7355411,21.2613632,24.61,complex_aem,tram,1,synthetic_gps
2026-05-14 08:43:33,45.7354488,21.2614287,26.78,complex_aem,tram,1,synthetic_gps
2026-05-14 08:43:34,45.7355175,21.2615415,18.78,complex_aem,tram,1,synthetic_gps
2026-05-14 08:43:35,45.7354768,21.2614876,10.78,complex_aem,tram,1,synthetic_gps
2026-05-14 08:43:36,45.7353651,21.2613932,14.57,complex_aem,tram,1,synthetic_gps
2026-05-14 08:43:37,45.7354207,21.261493,12.44,complex_aem,tram,1,synthetic_gps
2026-05-14 08:43:38,45.735476,21.2614937,11.48,complex_aem,tram,1,synthetic_gps
2026-05-14 08:43:39,45.7354504,21.2615144,7.93,complex_aem,tram,1,synthetic_gps
2026-05-14 08:43:40,45.7353077,21.2614587,15.93,complex_aem,tram,1,synthetic_gps
2026-05-14 08:43:41,45.7353533,21.2616031,23.93,complex_aem,tram,1,synthetic_gps
2026-05-14 08:43:42,45.7353375,21.2615109,26.01,complex_aem,tram,1,synthetic_gps
2026-05-14 08:43:43,45.7353577,21.2615005,18.81,complex_aem,tram,1,synthetic_gps
2026-05-14 08:43:44,45.7352846,21.261506,18.09,complex_aem,tram,1,synthetic_gps
2026-05-14 08:43:45,45.7353602,21.2615508,15.4,complex_aem,tram,1,synthetic_gps
2026-05-14 08:43:46,45.7352227,21.2615651,18.64,complex_aem,tram,1,synthetic_gps
2026-05-14 08:43:47,45.7353009,21.261617,10.64,complex_aem,tram,1,synthetic_gps
2026-05-14 08:43:48,45.7353113,21.2616095,18.64,complex_aem,tram,1,synthetic_gps
2026-05-14 08:43:49,45.735248,21.2615401,15.12,complex_aem,tram,1,synthetic_gps
2026-05-14 08:43:50,45.7352101,21.2616135,21.79,complex_aem,tram,1,synthetic_gps
2026-05-14 08:43:51,45.735274,21.2615923,13.79,complex_aem,tram,1,synthetic_gps
2026-05-14 08:43:52,45.7351832,21.2616139,17.57,complex_aem,tram,1,synthetic_gps
2026-05-14 08:43:53,45.7352269,21.2616776,25.57,complex_aem,tram,1,synthetic_gps
2026-05-14 08:43:54,45.7351015,21.2616497,17.69,complex_aem,tram,1,synthetic_gps
2026-05-14 08:43:55,45.7352394,21.2616804,16.59,complex_aem,tram,1,synthetic_gps
2026-05-14 08:43:56,45.73506,21.2617015,24.3,complex_aem,tram,1,synthetic_gps
2026-05-14 08:43:57,45.7351528,21.2617309,22.49,complex_aem,tram,1,synthetic_gps
2026-05-14 08:43:58,45.7350976,21.2617653,14.49,complex_aem,tram,1,synthetic_gps
2026-05-14 08:43:59,45.7350671,21.2617092,17.95,complex_aem,tram,1,synthetic_gps
2026-05-14 08:44:00,45.7350852,21.2616826,25.95,complex_aem,tram,1,synthetic_gps
2026-05-14 08:44:01,45.735066,21.2616798,17.95,complex_aem,tram,1,synthetic_gps
2026-05-14 08:44:02,45.7350163,21.2617719,23.02,complex_aem,tram,1,synthetic_gps
2026-05-14 08:44:03,45.7350848,21.2618076,20.13,complex_aem,tram,1,synthetic_gps
2026-05-14 08:44:04,45.7350649,21.2617749,15.9,complex_aem,tram,1,synthetic_gps
2026-05-14 08:44:05,45.7349955,21.2618434,18.94,complex_aem,tram,1,synthetic_gps
2026-05-14 08:44:06,45.7350473,21.261826,26.94,complex_aem,tram,1,synthetic_gps
2026-05-14 08:44:07,45.7349272,21.2618215,18.94,complex_aem,tram,1,synthetic_gps
2026-05-14 08:44:08,45.7349498,21.2618573,10.94,complex_aem,tram,1,synthetic_gps
2026-05-14 08:44:09,45.7349739,21.2619116,9.66,complex_aem,tram,1,synthetic_gps
2026-05-14 08:44:10,45.7349639,21.261908,6.75,complex_aem,tram,1,synthetic_gps
2026-05-14 08:44:11,45.7349531,21.2619013,11.22,complex_aem,tram,1,synthetic_gps
2026-05-14 08:44:12,45.7348867,21.2619003,9.28,complex_aem,tram,1,synthetic_gps
2026-05-14 08:44:13,45.7349627,21.2618525,17.28,complex_aem,tram,1,synthetic_gps
2026-05-14 08:44:14,45.7348625,21.2619644,15.03,complex_aem,tram,1,synthetic_gps
2026-05-14 08:44:15,45.7349118,21.2619683,19.63,complex_aem,tram,1,synthetic_gps
2026-05-14 08:44:16,45.7348431,21.2618969,20.24,complex_aem,tram,1,synthetic_gps
2026-05-14 08:44:17,45.7348011,21.2619548,12.24,complex_aem,tram,1,synthetic_gps
2026-05-14 08:44:18,45.7348059,21.2618952,15.2,complex_aem,tram,1,synthetic_gps
2026-05-14 08:44:19,45.7347988,21.2619284,23.2,complex_aem,tram,1,synthetic_gps
2026-05-14 08:44:20,45.7348435,21.2619724,19.6,complex_aem,tram,1,synthetic_gps
2026-05-14 08:44:21,45.7348517,21.2619811,13.32,complex_aem,tram,1,synthetic_gps
2026-05-14 08:44:22,45.7348184,21.262015,10.55,complex_aem,tram,1,synthetic_gps
2026-05-14 08:44:23,45.7348499,21.2621275,18.55,complex_aem,tram,1,synthetic_gps
2026-05-14 08:44:24,45.734833,21.2620001,26.55,complex_aem,tram,1,synthetic_gps
2026-05-14 08:44:25,45.7348052,21.2620556,18.55,complex_aem,tram,1,synthetic_gps
2026-05-14 08:44:26,45.7347265,21.2621047,26.55,complex_aem,tram,1,synthetic_gps
2026-05-14 08:44:27,45.7346804,21.2621306,18.55,complex_aem,tram,1,synthetic_gps
2026-05-14 08:44:28,45.7346853,21.2621056,26.55,complex_aem,tram,1,synthetic_gps
2026-05-14 08:44:29,45.7347031,21.2621311,18.55,complex_aem,tram,1,synthetic_gps
2026-05-14 08:44:30,45.7346642,21.2621987,18.72,complex_aem,tram,1,synthetic_gps
2026-05-14 08:44:31,45.7346569,21.2621654,10.72,complex_aem,tram,1,synthetic_gps
2026-05-14 08:44:32,45.7346475,21.2621517,3.31,complex_aem,tram,1,synthetic_gps
2026-05-14 08:44:33,45.7346632,21.2621007,11.31,complex_aem,tram,1,synthetic_gps
2026-05-14 08:44:34,45.7345971,21.262221,17.35,complex_aem,tram,1,synthetic_gps
2026-05-14 08:44:35,45.7346953,21.2621593,21.01,complex_aem,tram,1,synthetic_gps
2026-05-14 08:44:36,45.7344888,21.262272,24.92,complex_aem,tram,1,synthetic_gps
2026-05-14 08:44:37,45.7345974,21.2622456,20.43,complex_aem,tram,1,synthetic_gps
2026-05-14 08:44:38,45.7345376,21.2622629,12.64,complex_aem,tram,1,synthetic_gps
2026-05-14 08:44:39,45.7344314,21.2622021,14.51,complex_aem,tram,1,synthetic_gps
2026-05-14 08:44:40,45.7345374,21.2622828,22.51,complex_aem,tram,1,synthetic_gps
2026-05-14 08:44:41,45.7345288,21.2622436,20.78,complex_aem,tram,1,synthetic_gps
2026-05-14 08:44:42,45.7345258,21.2623032,12.78,complex_aem,tram,1,synthetic_gps
2026-05-14 08:44:43,45.7344214,21.2622574,14.53,complex_aem,tram,1,synthetic_gps
2026-05-14 08:44:44,45.7344365,21.2622725,22.53,complex_aem,tram,1,synthetic_gps
2026-05-14 08:44:45,45.7344615,21.2623026,15.49,complex_aem,tram,1,synthetic_gps
2026-05-14 08:44:46,45.7345061,21.2623345,18.88,complex_aem,tram,1,synthetic_gps
2026-05-14 08:44:47,45.7345454,21.2623362,20.83,complex_aem,tram,1,synthetic_gps
2026-05-14 08:44:48,45.7343633,21.2623929,28.83,complex_aem,tram,1,synthetic_gps
2026-05-14 08:44:49,45.7344798,21.2623395,25.11,complex_aem,tram,1,synthetic_gps
2026-05-14 08:44:50,45.7344822,21.2623961,17.11,complex_aem,tram,1,synthetic_gps
2026-05-14 08:44:51,45.7344363,21.2624528,9.11,complex_aem,tram,1,synthetic_gps
2026-05-14 08:44:52,45.7343596,21.2623347,17.11,complex_aem,tram,1,synthetic_gps
2026-05-14 08:44:53,45.7343956,21.2623297,9.11,complex_aem,tram,1,synthetic_gps
2026-05-14 08:44:54,45.7343063,21.2624586,17.11,complex_aem,tram,1,synthetic_gps
2026-05-14 08:44:55,45.7343514,21.2624174,22.36,complex_aem,tram,1,synthetic_gps
2026-05-14 08:44:56,45.7343061,21.262426,17.59,complex_aem,tram,1,synthetic_gps
2026-05-14 08:44:57,45.7342753,21.2625514,12.41,complex_aem,tram,1,synthetic_gps
2026-05-14 08:44:58,45.7342175,21.2624757,20.41,complex_aem,tram,1,synthetic_gps
2026-05-14 08:44:59,45.7343101,21.2624497,28.41,complex_aem,tram,1,synthetic_gps
2026-05-14 08:45:00,45.734221,21.2623767,20.41,complex_aem,tram,1,synthetic_gps
2026-05-14 08:45:01,45.734246,21.2625351,12.41,complex_aem,tram,1,synthetic_gps
2026-05-14 08:45:02,45.7342403,21.2625125,4.41,complex_aem,tram,1,synthetic_gps
2026-05-14 08:45:03,45.7342297,21.2625229,0.83,complex_aem,tram,1,synthetic_gps
2026-05-14 08:45:04,45.7341366,21.262533,1.22,complex_aem,tram,1,synthetic_gps
2026-05-14 08:45:05,45.734188,21.2625439,1.29,complex_aem,tram,1,synthetic_gps
2026-05-14 08:45:06,45.7342124,21.2625792,0.0,complex_aem,tram,1,synthetic_gps
2026-05-14 08:45:07,45.7341094,21.2625342,1.3,complex_aem,tram,1,synthetic_gps
2026-05-14 08:45:08,45.7340952,21.2626214,1.14,complex_aem,tram,1,synthetic_gps
2026-05-14 08:45:09,45.7341904,21.2626625,0.92,complex_aem,tram,1,synthetic_gps
2026-05-14 08:45:10,45.7341162,21.2626384,1.62,complex_aem,tram,1,synthetic_gps
2026-05-14 08:45:11,45.7341553,21.2626637,1.53,complex_aem,tram,1,synthetic_gps
2026-05-14 08:45:12,45.7339538,21.2627112,0.15,complex_aem,tram,1,synthetic_gps
2026-05-14 08:45:13,45.734147,21.2626075,1.81,complex_aem,tram,1,synthetic_gps
2026-05-14 08:45:14,45.7340472,21.2627258,0.72,complex_aem,tram,1,synthetic_gps
2026-05-14 08:45:15,45.7340267,21.2627268,1.35,complex_aem,tram,1,synthetic_gps
2026-05-14 08:45:16,45.7340253,21.2626335,0.34,complex_aem,tram,1,synthetic_gps
2026-05-14 08:45:17,45.7339782,21.2627451,1.65,complex_aem,tram,1,synthetic_gps
2026-05-14 08:45:18,45.7341093,21.2627271,9.65,complex_aem,tram,1,synthetic_gps
2026-05-14 08:45:19,45.7341099,21.2627578,16.73,complex_aem,tram,1,synthetic_gps
2026-05-14 08:45:20,45.7339849,21.2627276,13.34,complex_aem,tram,1,synthetic_gps
2026-05-14 08:45:21,45.7339393,21.2627366,14.83,complex_aem,tram,1,synthetic_gps
2026-05-14 08:45:22,45.7339971,21.2627526,11.12,complex_aem,tram,1,synthetic_gps
2026-05-14 08:45:23,45.733919,21.2627343,19.12,complex_aem,tram,1,synthetic_gps
2026-05-14 08:45:24,45.7339895,21.2628236,17.2,complex_aem,tram,1,synthetic_gps
2026-05-14 08:45:25,45.7338649,21.2628052,19.82,complex_aem,tram,1,synthetic_gps
2026-05-14 08:45:26,45.733887,21.2627978,17.6,complex_aem,tram,1,synthetic_gps
2026-05-14 08:45:27,45.7337765,21.2628543,25.6,complex_aem,tram,1,synthetic_gps
2026-05-14 08:45:28,45.7338602,21.2628034,26.0,complex_aem,tram,1,synthetic_gps
2026-05-14 08:45:29,45.7338601,21.2628788,22.24,complex_aem,tram,1,synthetic_gps
2026-05-14 08:45:30,45.7338484,21.2628632,23.89,complex_aem,tram,1,synthetic_gps
2026-05-14 08:45:31,45.7337283,21.2628144,17.41,complex_aem,tram,1,synthetic_gps
2026-05-14 08:45:32,45.7337798,21.2628453,9.41,complex_aem,tram,1,synthetic_gps
2026-05-14 08:45:33,45.7337756,21.2629171,7.82,complex_aem,tram,1,synthetic_gps
2026-05-14 08:45:34,45.7338179,21.2629164,15.82,complex_aem,tram,1,synthetic_gps
2026-05-14 08:45:35,45.7337452,21.2629957,23.82,complex_aem,tram,1,synthetic_gps
2026-05-14 08:45:36,45.733759,21.2629053,20.14,complex_aem,tram,1,synthetic_gps
2026-05-14 08:45:37,45.7336637,21.2629677,19.61,complex_aem,tram,1,synthetic_gps
2026-05-14 08:45:38,45.7336984,21.2629841,19.87,complex_aem,tram,1,synthetic_gps
2026-05-14 08:45:39,45.7336576,21.2628854,18.53,complex_aem,tram,1,synthetic_gps
2026-05-14 08:45:40,45.7336787,21.2629531,23.99,complex_aem,tram,1,synthetic_gps
2026-05-14 08:45:41,45.7336585,21.263056,15.99,complex_aem,tram,1,synthetic_gps
2026-05-14 08:45:42,45.7336607,21.2630482,13.13,complex_aem,tram,1,synthetic_gps
2026-05-14 08:45:43,45.7335821,21.2630047,21.13,complex_aem,tram,1,synthetic_gps
2026-05-14 08:45:44,45.7336405,21.2629769,29.13,complex_aem,tram,1,synthetic_gps
2026-05-14 08:45:45,45.7336098,21.2630366,21.13,complex_aem,tram,1,synthetic_gps
2026-05-14 08:45:46,45.733617,21.2630164,23.16,complex_aem,tram,1,synthetic_gps
2026-05-14 08:45:47,45.733573,21.2629892,21.91,complex_aem,tram,1,synthetic_gps
2026-05-14 08:45:48,45.7335956,21.2631944,19.03,complex_aem,tram,1,synthetic_gps
2026-05-14 08:45:49,45.7335875,21.2632392,11.03,complex_aem,tram,1,synthetic_gps
2026-05-14 08:45:50,45.7334737,21.2630122,19.03,complex_aem,tram,1,synthetic_gps
2026-05-14 08:45:51,45.7335391,21.2631373,15.84,complex_aem,tram,1,synthetic_gps
2026-05-14 08:45:52,45.7335417,21.2631208,22.07,complex_aem,tram,1,synthetic_gps
2026-05-14 08:45:53,45.733494,21.2632486,14.07,complex_aem,tram,1,synthetic_gps
2026-05-14 08:45:54,45.7333869,21.2631588,22.07,complex_aem,tram,1,synthetic_gps
2026-05-14 08:45:55,45.7334662,21.2632006,24.71,complex_aem,tram,1,synthetic_gps
2026-05-14 08:45:56,45.7334724,21.2631621,16.71,complex_aem,tram,1,synthetic_gps
2026-05-14 08:45:57,45.7334792,21.2632061,14.1,complex_aem,tram,1,synthetic_gps
2026-05-14 08:45:58,45.7334359,21.2632371,12.2,complex_aem,tram,1,synthetic_gps
2026-05-14 08:45:59,45.7334742,21.2633213,4.68,complex_aem,tram,1,synthetic_gps
2026-05-14 08:46:00,45.7334135,21.2633113,12.68,complex_aem,tram,1,synthetic_gps
2026-05-14 08:46:01,45.7333868,21.2632766,20.68,complex_aem,tram,1,synthetic_gps
2026-05-14 08:46:02,45.7333864,21.2632561,12.68,complex_aem,tram,1,synthetic_gps
2026-05-14 08:46:03,45.7334291,21.2633173,12.26,complex_aem,tram,1,synthetic_gps
2026-05-14 08:46:04,45.7333661,21.2632462,9.55,complex_aem,tram,1,synthetic_gps
2026-05-14 08:46:05,45.7332404,21.2633098,17.55,complex_aem,tram,1,synthetic_gps
2026-05-14 08:46:06,45.7332804,21.2632996,21.7,complex_aem,tram,1,synthetic_gps
2026-05-14 08:46:07,45.7332867,21.2632967,29.7,complex_aem,tram,1,synthetic_gps
2026-05-14 08:46:08,45.7331937,21.2633267,21.7,complex_aem,tram,1,synthetic_gps
2026-05-14 08:46:09,45.7332513,21.2633068,26.72,complex_aem,tram,1,synthetic_gps
2026-05-14 08:46:10,45.7332401,21.263348,18.72,complex_aem,tram,1,synthetic_gps
2026-05-14 08:46:11,45.7332202,21.2634026,13.73,complex_aem,tram,1,synthetic_gps
2026-05-14 08:46:12,45.7332537,21.263359,21.73,complex_aem,tram,1,synthetic_gps
2026-05-14 08:46:13,45.7331793,21.2634478,13.73,complex_aem,tram,1,synthetic_gps
2026-05-14 08:46:14,45.7331012,21.2634877,21.73,complex_aem,tram,1,synthetic_gps
2026-05-14 08:46:15,45.7331278,21.2633749,16.62,complex_aem,tram,1,synthetic_gps
2026-05-14 08:46:16,45.7330793,21.2634342,18.41,complex_aem,tram,1,synthetic_gps
2026-05-14 08:46:17,45.7331994,21.263512,17.33,complex_aem,tram,1,synthetic_gps
2026-05-14 08:46:18,45.7330824,21.2635237,20.26,complex_aem,tram,1,synthetic_gps
2026-05-14 08:46:19,45.7331882,21.2635816,12.26,complex_aem,tram,1,synthetic_gps
2026-05-14 08:46:20,45.7331182,21.2635477,13.74,complex_aem,tram,1,synthetic_gps
2026-05-14 08:46:21,45.7330935,21.2633971,19.32,complex_aem,tram,1,synthetic_gps
2026-05-14 08:46:22,45.7331196,21.2635211,27.32,complex_aem,tram,1,synthetic_gps
2026-05-14 08:46:23,45.7331011,21.2634631,19.32,complex_aem,tram,1,synthetic_gps
2026-05-14 08:46:24,45.7330978,21.2635005,27.32,complex_aem,tram,1,synthetic_gps
2026-05-14 08:46:25,45.7330619,21.2635698,19.32,complex_aem,tram,1,synthetic_gps
2026-05-14 08:46:26,45.7329618,21.2635363,24.71,complex_aem,tram,1,synthetic_gps
2026-05-14 08:46:27,45.7330341,21.2635989,16.71,complex_aem,tram,1,synthetic_gps
2026-05-14 08:46:28,45.732969,21.2635642,20.72,complex_aem,tram,1,synthetic_gps
2026-05-14 08:46:29,45.7328943,21.2635747,28.72,complex_aem,tram,1,synthetic_gps
2026-05-14 08:46:30,45.7330404,21.2637254,20.72,complex_aem,tram,1,synthetic_gps
2026-05-14 08:46:31,45.733005,21.2636244,17.17,complex_aem,tram,1,synthetic_gps
2026-05-14 08:46:32,45.7329784,21.2636875,15.79,complex_aem,tram,1,synthetic_gps
2026-05-14 08:46:33,45.7329947,21.2636069,17.01,complex_aem,tram,1,synthetic_gps
2026-05-14 08:46:34,45.7329343,21.2636761,14.98,complex_aem,tram,1,synthetic_gps
2026-05-14 08:46:35,45.7329505,21.2636991,20.82,complex_aem,tram,1,synthetic_gps
2026-05-14 08:46:36,45.7328799,21.2637924,14.31,complex_aem,tram,1,synthetic_gps
2026-05-14 08:46:37,45.7329807,21.2638583,22.31,complex_aem,tram,1,synthetic_gps
2026-05-14 08:46:38,45.7329102,21.2637801,22.37,complex_aem,tram,1,synthetic_gps
2026-05-14 08:46:39,45.7328312,21.2637326,17.35,complex_aem,tram,1,synthetic_gps
2026-05-14 08:46:40,45.7328639,21.2637213,25.35,complex_aem,tram,1,synthetic_gps
2026-05-14 08:46:41,45.7328577,21.2638081,28.49,complex_aem,tram,1,synthetic_gps
2026-05-14 08:46:42,45.7329052,21.2637927,31.13,complex_aem,tram,1,synthetic_gps
2026-05-14 08:46:43,45.732776,21.2638099,25.28,complex_aem,tram,1,synthetic_gps
2026-05-14 08:46:44,45.7327426,21.2638233,26.04,complex_aem,tram,1,synthetic_gps
2026-05-14 08:46:45,45.7327812,21.2637664,23.92,complex_aem,tram,1,synthetic_gps
2026-05-14 08:46:46,45.7327092,21.2637966,15.92,complex_aem,tram,1,synthetic_gps
2026-05-14 08:46:47,45.7327207,21.2637729,15.94,complex_aem,tram,1,synthetic_gps
2026-05-14 08:46:48,45.7327826,21.2638123,19.59,complex_aem,tram,1,synthetic_gps
2026-05-14 08:46:49,45.7327373,21.2638095,21.58,complex_aem,tram,1,synthetic_gps
2026-05-14 08:46:50,45.7328012,21.2638837,18.97,complex_aem,tram,1,synthetic_gps
2026-05-14 08:46:51,45.7327324,21.2638841,26.97,complex_aem,tram,1,synthetic_gps
2026-05-14 08:46:52,45.7326607,21.2639052,27.5,complex_aem,tram,1,synthetic_gps
2026-05-14 08:46:53,45.7325931,21.2639105,19.5,complex_aem,tram,1,synthetic_gps
2026-05-14 08:46:54,45.7325733,21.2639059,23.52,complex_aem,tram,1,synthetic_gps
2026-05-14 08:46:55,45.7325927,21.2639098,15.52,complex_aem,tram,1,synthetic_gps
2026-05-14 08:46:56,45.7326557,21.2639868,23.52,complex_aem,tram,1,synthetic_gps
2026-05-14 08:46:57,45.7326595,21.2639465,20.77,complex_aem,tram,1,synthetic_gps
2026-05-14 08:46:58,45.7325907,21.264044,12.77,complex_aem,tram,1,synthetic_gps
2026-05-14 08:46:59,45.7325378,21.2640213,20.77,complex_aem,tram,1,synthetic_gps
2026-05-14 08:47:00,45.7325779,21.2640675,20.52,complex_aem,tram,1,synthetic_gps
2026-05-14 08:47:01,45.7325946,21.2640817,23.36,complex_aem,tram,1,synthetic_gps
2026-05-14 08:47:02,45.7325366,21.2640575,17.44,complex_aem,tram,1,synthetic_gps
2026-05-14 08:47:03,45.7326278,21.2640718,25.44,complex_aem,tram,1,synthetic_gps
2026-05-14 08:47:04,45.7325453,21.2640276,24.04,complex_aem,tram,1,synthetic_gps
2026-05-14 08:47:05,45.7324243,21.264025,32.04,complex_aem,tram,1,synthetic_gps
2026-05-14 08:47:06,45.7324206,21.2640347,24.04,complex_aem,tram,1,synthetic_gps
2026-05-14 08:47:07,45.7325242,21.26409,16.67,complex_aem,tram,1,synthetic_gps
2026-05-14 08:47:08,45.732505,21.264106,19.33,complex_aem,tram,1,synthetic_gps
2026-05-14 08:47:09,45.732421,21.264078,19.34,complex_aem,tram,1,synthetic_gps
2026-05-14 08:47:10,45.7324338,21.2641232,11.34,complex_aem,tram,1,synthetic_gps
2026-05-14 08:47:11,45.732412,21.2641554,19.34,complex_aem,tram,1,synthetic_gps
2026-05-14 08:47:12,45.7323864,21.2641108,20.51,complex_aem,tram,1,synthetic_gps
2026-05-14 08:47:13,45.7324129,21.2641943,21.6,complex_aem,tram,1,synthetic_gps
2026-05-14 08:47:14,45.7323392,21.2641854,13.6,complex_aem,tram,1,synthetic_gps
2026-05-14 08:47:15,45.7323673,21.264172,6.9,complex_aem,tram,1,synthetic_gps
2026-05-14 08:47:16,45.7323615,21.2641673,14.9,complex_aem,tram,1,synthetic_gps
2026-05-14 08:47:17,45.7322665,21.2641782,22.7,complex_aem,tram,1,synthetic_gps
2026-05-14 08:47:18,45.7323464,21.2641873,23.86,complex_aem,tram,1,synthetic_gps
2026-05-14 08:47:19,45.7322798,21.2642583,15.86,complex_aem,tram,1,synthetic_gps
2026-05-14 08:47:20,45.7323501,21.264215,23.86,complex_aem,tram,1,synthetic_gps
2026-05-14 08:47:21,45.7323346,21.2642255,18.23,complex_aem,tram,1,synthetic_gps
2026-05-14 08:47:22,45.7323372,21.2642766,14.38,complex_aem,tram,1,synthetic_gps
2026-05-14 08:47:23,45.7321874,21.2642888,20.15,complex_aem,tram,1,synthetic_gps
2026-05-14 08:47:24,45.7322032,21.2642979,19.88,complex_aem,tram,1,synthetic_gps
2026-05-14 08:47:25,45.7322417,21.2643722,27.88,complex_aem,tram,1,synthetic_gps
2026-05-14 08:47:26,45.732282,21.2642852,19.88,complex_aem,tram,1,synthetic_gps
2026-05-14 08:47:27,45.7321436,21.2643052,17.59,complex_aem,tram,1,synthetic_gps
2026-05-14 08:47:28,45.7322014,21.2643702,18.89,complex_aem,tram,1,synthetic_gps
2026-05-14 08:47:29,45.7321134,21.2642871,20.76,complex_aem,tram,1,synthetic_gps
2026-05-14 08:47:30,45.7321471,21.2644142,12.76,complex_aem,tram,1,synthetic_gps
2026-05-14 08:47:31,45.7320576,21.2643711,20.76,complex_aem,tram,1,synthetic_gps
2026-05-14 08:47:32,45.7321052,21.2644197,13.81,complex_aem,tram,1,synthetic_gps
2026-05-14 08:47:33,45.7321044,21.2643521,17.23,complex_aem,tram,1,synthetic_gps
2026-05-14 08:47:34,45.7320773,21.2643705,25.23,complex_aem,tram,1,synthetic_gps
2026-05-14 08:47:35,45.7321098,21.2644463,27.37,complex_aem,tram,1,synthetic_gps
2026-05-14 08:47:36,45.7320535,21.2644163,22.92,complex_aem,tram,1,synthetic_gps
2026-05-14 08:47:37,45.7320947,21.2644157,14.92,complex_aem,tram,1,synthetic_gps
2026-05-14 08:47:38,45.7320769,21.2644266,15.28,complex_aem,tram,1,synthetic_gps
2026-05-14 08:47:39,45.7320572,21.2644067,8.92,complex_aem,tram,1,synthetic_gps
2026-05-14 08:47:40,45.7319866,21.2644839,16.13,complex_aem,tram,1,synthetic_gps
2026-05-14 08:47:41,45.7319413,21.2645133,24.13,complex_aem,tram,1,synthetic_gps
2026-05-14 08:47:42,45.731929,21.2645899,17.2,complex_aem,tram,1,synthetic_gps
2026-05-14 08:47:43,45.7319777,21.2646253,9.2,complex_aem,tram,1,synthetic_gps
2026-05-14 08:47:44,45.7319411,21.2644788,13.74,complex_aem,tram,1,synthetic_gps
2026-05-14 08:47:45,45.7318793,21.2646108,20.12,complex_aem,tram,1,synthetic_gps
2026-05-14 08:47:46,45.7319977,21.2645548,19.39,complex_aem,tram,1,synthetic_gps
2026-05-14 08:47:47,45.732019,21.2645743,26.75,complex_aem,tram,1,synthetic_gps
2026-05-14 08:47:48,45.7319623,21.2645466,22.04,complex_aem,tram,1,synthetic_gps
2026-05-14 08:47:49,45.7318993,21.2646313,19.85,complex_aem,tram,1,synthetic_gps
2026-05-14 08:47:50,45.7318778,21.2645961,14.71,complex_aem,tram,1,synthetic_gps
2026-05-14 08:47:51,45.7319131,21.2646826,12.55,complex_aem,tram,1,synthetic_gps
2026-05-14 08:47:52,45.7318603,21.2646349,20.55,complex_aem,tram,1,synthetic_gps
2026-05-14 08:47:53,45.731907,21.2645667,14.12,complex_aem,tram,1,synthetic_gps
2026-05-14 08:47:54,45.7319875,21.2646448,17.3,complex_aem,tram,1,synthetic_gps
2026-05-14 08:47:55,45.7317601,21.2646748,21.87,complex_aem,tram,1,synthetic_gps
2026-05-14 08:47:56,45.7318048,21.2646351,29.87,complex_aem,tram,1,synthetic_gps
2026-05-14 08:47:57,45.7318754,21.2646662,21.87,complex_aem,tram,1,synthetic_gps
2026-05-14 08:47:58,45.7318346,21.2647123,26.77,complex_aem,tram,1,synthetic_gps
2026-05-14 08:47:59,45.7318441,21.2646433,18.77,complex_aem,tram,1,synthetic_gps
2026-05-14 08:48:00,45.7317944,21.2646913,10.77,complex_aem,tram,1,synthetic_gps
2026-05-14 08:48:01,45.7317563,21.2647158,2.77,complex_aem,tram,1,synthetic_gps
2026-05-14 08:48:02,45.7317989,21.2647146,1.81,complex_aem,tram,1,synthetic_gps
2026-05-14 08:48:03,45.7318143,21.2646697,0.33,complex_aem,tram,1,synthetic_gps
2026-05-14 08:48:04,45.7317641,21.264791,1.46,complex_aem,tram,1,synthetic_gps
2026-05-14 08:48:05,45.7317317,21.2646936,0.99,complex_aem,tram,1,synthetic_gps
2026-05-14 08:48:06,45.7317463,21.2646789,1.88,complex_aem,tram,1,synthetic_gps
2026-05-14 08:48:07,45.7317525,21.2647881,0.79,complex_aem,tram,1,synthetic_gps
2026-05-14 08:48:08,45.7317344,21.2647638,1.93,complex_aem,tram,1,synthetic_gps
2026-05-14 08:48:09,45.7317592,21.2647229,2.13,complex_aem,tram,1,synthetic_gps
2026-05-14 08:48:10,45.7317618,21.2647765,1.2,complex_aem,tram,1,synthetic_gps
2026-05-14 08:48:11,45.7316452,21.2647693,0.99,complex_aem,tram,1,synthetic_gps
2026-05-14 08:48:12,45.7317626,21.264805,0.39,complex_aem,tram,1,synthetic_gps
2026-05-14 08:48:13,45.7316986,21.2647988,0.91,complex_aem,tram,1,synthetic_gps
2026-05-14 08:48:14,45.7316875,21.2648167,1.13,complex_aem,tram,1,synthetic_gps
2026-05-14 08:48:15,45.7317157,21.2648562,0.58,complex_aem,tram,1,synthetic_gps
2026-05-14 08:48:16,45.7317876,21.2647908,1.64,complex_aem,tram,1,synthetic_gps
2026-05-14 08:48:17,45.7316525,21.2648315,0.02,complex_aem,tram,1,synthetic_gps
2026-05-14 08:48:18,45.7315546,21.2647888,8.02,complex_aem,tram,1,synthetic_gps
2026-05-14 08:48:19,45.731685,21.2648937,10.02,complex_aem,tram,1,synthetic_gps
2026-05-14 08:48:20,45.7316139,21.2647714,14.25,complex_aem,tram,1,synthetic_gps
2026-05-14 08:48:21,45.7315964,21.2648985,15.26,complex_aem,tram,1,synthetic_gps
2026-05-14 08:48:22,45.7315985,21.2649432,22.5,complex_aem,tram,1,synthetic_gps
2026-05-14 08:48:23,45.7315998,21.2648916,14.5,complex_aem,tram,1,synthetic_gps
2026-05-14 08:48:24,45.7315643,21.2649068,22.5,complex_aem,tram,1,synthetic_gps
2026-05-14 08:48:25,45.7316352,21.2649984,19.75,complex_aem,tram,1,synthetic_gps
2026-05-14 08:48:26,45.7314814,21.2649311,11.75,complex_aem,tram,1,synthetic_gps
2026-05-14 08:48:27,45.7315295,21.2649106,16.33,complex_aem,tram,1,synthetic_gps
2026-05-14 08:48:28,45.7315896,21.2648855,22.31,complex_aem,tram,1,synthetic_gps
2026-05-14 08:48:29,45.731504,21.2649926,15.06,complex_aem,tram,1,synthetic_gps
2026-05-14 08:48:30,45.7315275,21.2649825,16.94,complex_aem,tram,1,synthetic_gps
2026-05-14 08:48:31,45.7315301,21.2649801,23.73,complex_aem,tram,1,synthetic_gps
2026-05-14 08:48:32,45.7315289,21.2649569,15.73,complex_aem,tram,1,synthetic_gps
2026-05-14 08:48:33,45.7315695,21.2649864,23.73,complex_aem,tram,1,synthetic_gps
2026-05-14 08:48:34,45.7315524,21.2650124,16.15,complex_aem,tram,1,synthetic_gps
2026-05-14 08:48:35,45.7315073,21.2649519,8.32,complex_aem,tram,1,synthetic_gps
2026-05-14 08:48:36,45.7314467,21.2649072,9.63,complex_aem,tram,1,synthetic_gps
2026-05-14 08:48:37,45.7314053,21.2650061,17.63,complex_aem,tram,1,synthetic_gps
2026-05-14 08:48:38,45.731479,21.2650675,9.63,complex_aem,tram,1,synthetic_gps
2026-05-14 08:48:39,45.7314411,21.2650093,14.53,complex_aem,tram,1,synthetic_gps
2026-05-14 08:48:40,45.731403,21.2650417,6.53,complex_aem,tram,1,synthetic_gps
2026-05-14 08:48:41,45.7314432,21.2649983,12.72,complex_aem,tram,1,synthetic_gps
2026-05-14 08:48:42,45.731351,21.2650361,11.73,complex_aem,tram,1,synthetic_gps
2026-05-14 08:48:43,45.7314542,21.2651202,19.03,complex_aem,tram,1,synthetic_gps
2026-05-14 08:48:44,45.7313457,21.2651364,14.05,complex_aem,tram,1,synthetic_gps
2026-05-14 08:48:45,45.7313689,21.2650162,22.05,complex_aem,tram,1,synthetic_gps
2026-05-14 08:48:46,45.7312989,21.2651465,27.26,complex_aem,tram,1,synthetic_gps
2026-05-14 08:48:47,45.7313309,21.2651153,25.27,complex_aem,tram,1,synthetic_gps
2026-05-14 08:48:48,45.7313226,21.2651225,24.92,complex_aem,tram,1,synthetic_gps
2026-05-14 08:48:49,45.7314656,21.2652102,18.4,complex_aem,tram,1,synthetic_gps
2026-05-14 08:48:50,45.7313486,21.2651155,26.4,complex_aem,tram,1,synthetic_gps
2026-05-14 08:48:51,45.7313642,21.2651869,18.4,complex_aem,tram,1,synthetic_gps
2026-05-14 08:48:52,45.731322,21.2651589,26.4,complex_aem,tram,1,synthetic_gps
2026-05-14 08:48:53,45.7312612,21.2652203,21.23,complex_aem,tram,1,synthetic_gps
2026-05-14 08:48:54,45.7313542,21.2651821,28.88,complex_aem,tram,1,synthetic_gps
2026-05-14 08:48:55,45.731319,21.2652287,20.88,complex_aem,tram,1,synthetic_gps
2026-05-14 08:48:56,45.7312325,21.2652766,28.88,complex_aem,tram,1,synthetic_gps
2026-05-14 08:48:57,45.7313178,21.2652484,36.88,complex_aem,tram,1,synthetic_gps
2026-05-14 08:48:58,45.7311471,21.2652465,28.88,complex_aem,tram,1,synthetic_gps
2026-05-14 08:48:59,45.731256,21.2652809,20.88,complex_aem,tram,1,synthetic_gps
2026-05-14 08:49:00,45.7312347,21.2652481,20.14,complex_aem,tram,1,synthetic_gps
2026-05-14 08:49:01,45.7312045,21.2652392,21.42,complex_aem,tram,1,synthetic_gps
2026-05-14 08:49:02,45.7312573,21.2652895,13.42,complex_aem,tram,1,synthetic_gps
2026-05-14 08:49:03,45.7312784,21.2652999,21.42,complex_aem,tram,1,synthetic_gps
2026-05-14 08:49:04,45.7311697,21.2653188,16.38,complex_aem,tram,1,synthetic_gps
2026-05-14 08:49:05,45.7311571,21.2651504,24.38,complex_aem,tram,1,synthetic_gps
2026-05-14 08:49:06,45.7311975,21.2652896,16.38,complex_aem,tram,1,synthetic_gps
2026-05-14 08:49:07,45.7311476,21.2653434,22.98,complex_aem,tram,1,synthetic_gps
2026-05-14 08:49:08,45.7311929,21.2652914,18.04,complex_aem,tram,1,synthetic_gps
2026-05-14 08:49:09,45.7311025,21.2653281,20.85,complex_aem,tram,1,synthetic_gps
2026-05-14 08:49:10,45.7311514,21.2653938,24.8,complex_aem,tram,1,synthetic_gps
2026-05-14 08:49:11,45.73121,21.265417,17.63,complex_aem,tram,1,synthetic_gps
2026-05-14 08:49:12,45.7311365,21.2653943,25.63,complex_aem,tram,1,synthetic_gps
2026-05-14 08:49:13,45.7311194,21.2653136,21.54,complex_aem,tram,1,synthetic_gps
2026-05-14 08:49:14,45.7312152,21.2653601,21.11,complex_aem,tram,1,synthetic_gps
2026-05-14 08:49:15,45.7311614,21.2653388,13.25,complex_aem,tram,1,synthetic_gps
2026-05-14 08:49:16,45.731087,21.265411,18.11,complex_aem,tram,1,synthetic_gps
2026-05-14 08:49:17,45.7310212,21.2653955,26.11,complex_aem,tram,1,synthetic_gps
2026-05-14 08:49:18,45.7310416,21.2654309,18.49,complex_aem,tram,1,synthetic_gps
2026-05-14 08:49:19,45.7310189,21.2654513,26.49,complex_aem,tram,1,synthetic_gps
2026-05-14 08:49:20,45.7310398,21.2654101,18.49,complex_aem,tram,1,synthetic_gps
2026-05-14 08:49:21,45.7311315,21.265469,13.03,complex_aem,tram,1,synthetic_gps
2026-05-14 08:49:22,45.7310411,21.2653797,14.33,complex_aem,tram,1,synthetic_gps
2026-05-14 08:49:23,45.7310428,21.2655069,22.33,complex_aem,tram,1,synthetic_gps
2026-05-14 08:49:24,45.7309698,21.2655738,25.37,complex_aem,tram,1,synthetic_gps
2026-05-14 08:49:25,45.7310155,21.265384,33.17,complex_aem,tram,1,synthetic_gps
2026-05-14 08:49:26,45.7308992,21.2655024,25.17,complex_aem,tram,1,synthetic_gps
2026-05-14 08:49:27,45.7309951,21.2654541,19.0,complex_aem,tram,1,synthetic_gps
2026-05-14 08:49:28,45.7310043,21.265578,15.86,complex_aem,tram,1,synthetic_gps
2026-05-14 08:49:29,45.7309979,21.2654848,7.86,complex_aem,tram,1,synthetic_gps
2026-05-14 08:49:30,45.730951,21.2654969,14.68,complex_aem,tram,1,synthetic_gps
2026-05-14 08:49:31,45.7309417,21.2655104,20.95,complex_aem,tram,1,synthetic_gps
2026-05-14 08:49:32,45.7309321,21.2655481,12.95,complex_aem,tram,1,synthetic_gps
2026-05-14 08:49:33,45.7310215,21.2655862,12.04,complex_aem,tram,1,synthetic_gps
2026-05-14 08:49:34,45.7309561,21.2655266,20.04,complex_aem,tram,1,synthetic_gps
2026-05-14 08:49:35,45.7309309,21.2656078,27.59,complex_aem,tram,1,synthetic_gps
2026-05-14 08:49:36,45.730888,21.2656693,19.59,complex_aem,tram,1,synthetic_gps
2026-05-14 08:49:37,45.7309723,21.2656073,19.4,complex_aem,tram,1,synthetic_gps
2026-05-14 08:49:38,45.7309312,21.2655779,26.05,complex_aem,tram,1,synthetic_gps
2026-05-14 08:49:39,45.7307625,21.2655955,18.05,complex_aem,tram,1,synthetic_gps
2026-05-14 08:49:40,45.7308924,21.2656566,21.69,complex_aem,tram,1,synthetic_gps
2026-05-14 08:49:41,45.7308357,21.2656408,19.41,complex_aem,tram,1,synthetic_gps
2026-05-14 08:49:42,45.7308984,21.2656787,20.21,complex_aem,tram,1,synthetic_gps
2026-05-14 08:49:43,45.7308065,21.2656746,16.57,complex_aem,tram,1,synthetic_gps
2026-05-14 08:49:44,45.7308697,21.2656602,20.11,complex_aem,tram,1,synthetic_gps
2026-05-14 08:49:45,45.7308346,21.265639,12.11,complex_aem,tram,1,synthetic_gps
2026-05-14 08:49:46,45.73084,21.2656496,18.34,complex_aem,tram,1,synthetic_gps
2026-05-14 08:49:47,45.7308304,21.2657497,26.34,complex_aem,tram,1,synthetic_gps
2026-05-14 08:49:48,45.7307492,21.2656629,28.34,complex_aem,tram,1,synthetic_gps
2026-05-14 08:49:49,45.730784,21.2656572,20.34,complex_aem,tram,1,synthetic_gps
2026-05-14 08:49:50,45.7307626,21.2657202,28.34,complex_aem,tram,1,synthetic_gps
2026-05-14 08:49:51,45.7307588,21.265761,20.34,complex_aem,tram,1,synthetic_gps
2026-05-14 08:49:52,45.730827,21.2657503,12.34,complex_aem,tram,1,synthetic_gps
2026-05-14 08:49:53,45.7307739,21.2657435,20.34,complex_aem,tram,1,synthetic_gps
2026-05-14 08:49:54,45.7308223,21.2657949,23.98,complex_aem,tram,1,synthetic_gps
2026-05-14 08:49:55,45.7307833,21.2658292,20.44,complex_aem,tram,1,synthetic_gps
2026-05-14 08:49:56,45.7306887,21.2657649,12.69,complex_aem,tram,1,synthetic_gps
2026-05-14 08:49:57,45.7307959,21.2657632,20.69,complex_aem,tram,1,synthetic_gps
2026-05-14 08:49:58,45.7307339,21.2658167,25.68,complex_aem,tram,1,synthetic_gps
2026-05-14 08:49:59,45.7307118,21.2658402,20.58,complex_aem,tram,1,synthetic_gps
2026-05-14 08:50:00,45.7306105,21.2657948,12.58,complex_aem,tram,1,synthetic_gps
2026-05-14 08:50:01,45.730611,21.2658516,17.04,complex_aem,tram,1,synthetic_gps
2026-05-14 08:50:02,45.7306258,21.2658546,16.46,complex_aem,tram,1,synthetic_gps
2026-05-14 08:50:03,45.7306513,21.2658592,22.01,complex_aem,tram,1,synthetic_gps
2026-05-14 08:50:04,45.7305626,21.2657427,22.42,complex_aem,tram,1,synthetic_gps
2026-05-14 08:50:05,45.7306628,21.2659002,14.42,complex_aem,tram,1,synthetic_gps
2026-05-14 08:50:06,45.7306681,21.26586,22.08,complex_aem,tram,1,synthetic_gps
2026-05-14 08:50:07,45.7306969,21.2658912,14.08,complex_aem,tram,1,synthetic_gps
2026-05-14 08:50:08,45.7306868,21.2658592,19.78,complex_aem,tram,1,synthetic_gps
2026-05-14 08:50:09,45.7306046,21.2659724,14.24,complex_aem,tram,1,synthetic_gps
2026-05-14 08:50:10,45.730633,21.2659208,22.24,complex_aem,tram,1,synthetic_gps
2026-05-14 08:50:11,45.730577,21.2659044,17.42,complex_aem,tram,1,synthetic_gps
2026-05-14 08:50:12,45.7306291,21.2659254,20.41,complex_aem,tram,1,synthetic_gps
2026-05-14 08:50:13,45.7305537,21.2659154,24.95,complex_aem,tram,1,synthetic_gps
2026-05-14 08:50:14,45.7305068,21.2659747,19.38,complex_aem,tram,1,synthetic_gps
2026-05-14 08:50:15,45.7305264,21.2659773,23.87,complex_aem,tram,1,synthetic_gps
2026-05-14 08:50:16,45.7306068,21.2660333,18.03,complex_aem,tram,1,synthetic_gps
2026-05-14 08:50:17,45.7305835,21.2659837,10.03,complex_aem,tram,1,synthetic_gps
2026-05-14 08:50:18,45.7304799,21.2659756,13.63,complex_aem,tram,1,synthetic_gps
2026-05-14 08:50:19,45.7305407,21.2659265,16.81,complex_aem,tram,1,synthetic_gps
2026-05-14 08:50:20,45.7304623,21.2659052,10.03,complex_aem,tram,1,synthetic_gps
2026-05-14 08:50:21,45.7304987,21.2660015,18.03,complex_aem,tram,1,synthetic_gps
2026-05-14 08:50:22,45.7304811,21.2659943,26.03,complex_aem,tram,1,synthetic_gps
2026-05-14 08:50:23,45.7305544,21.2660032,18.03,complex_aem,tram,1,synthetic_gps
2026-05-14 08:50:24,45.7303952,21.2660369,18.79,complex_aem,tram,1,synthetic_gps
2026-05-14 08:50:25,45.7304335,21.2660601,26.79,complex_aem,tram,1,synthetic_gps
2026-05-14 08:50:26,45.7304611,21.2660033,26.5,complex_aem,tram,1,synthetic_gps
2026-05-14 08:50:27,45.7303547,21.266062,19.16,complex_aem,tram,1,synthetic_gps
2026-05-14 08:50:28,45.7305092,21.2660367,27.16,complex_aem,tram,1,synthetic_gps
2026-05-14 08:50:29,45.7304353,21.2660487,35.16,complex_aem,tram,1,synthetic_gps
2026-05-14 08:50:30,45.7303558,21.2660598,27.16,complex_aem,tram,1,synthetic_gps
2026-05-14 08:50:31,45.7303192,21.2660688,20.04,complex_aem,tram,1,synthetic_gps
2026-05-14 08:50:32,45.7303597,21.2661529,14.22,complex_aem,tram,1,synthetic_gps
2026-05-14 08:50:33,45.7304612,21.2661259,22.22,complex_aem,tram,1,synthetic_gps
2026-05-14 08:50:34,45.7303682,21.2661776,27.66,complex_aem,tram,1,synthetic_gps
2026-05-14 08:50:35,45.7303231,21.2661852,19.66,complex_aem,tram,1,synthetic_gps
2026-05-14 08:50:36,45.7302893,21.2661295,11.66,complex_aem,tram,1,synthetic_gps
2026-05-14 08:50:37,45.7303002,21.2661206,19.66,complex_aem,tram,1,synthetic_gps
2026-05-14 08:50:38,45.7303397,21.2661668,14.9,complex_aem,tram,1,synthetic_gps
2026-05-14 08:50:39,45.7303134,21.2662543,22.9,complex_aem,tram,1,synthetic_gps
2026-05-14 08:50:40,45.730284,21.2661831,27.08,complex_aem,tram,1,synthetic_gps
2026-05-14 08:50:41,45.7304619,21.2662073,19.08,complex_aem,tram,1,synthetic_gps
2026-05-14 08:50:42,45.7302619,21.266182,14.96,complex_aem,tram,1,synthetic_gps
2026-05-14 08:50:43,45.7302337,21.2661977,19.95,complex_aem,tram,1,synthetic_gps
2026-05-14 08:50:44,45.7303176,21.2662275,22.96,complex_aem,tram,1,synthetic_gps
2026-05-14 08:50:45,45.7302446,21.2662224,14.96,complex_aem,tram,1,synthetic_gps
2026-05-14 08:50:46,45.7302176,21.2662037,6.96,complex_aem,tram,1,synthetic_gps
2026-05-14 08:50:47,45.7303071,21.2662861,14.93,complex_aem,tram,1,synthetic_gps
2026-05-14 08:50:48,45.7302856,21.2662046,12.38,complex_aem,tram,1,synthetic_gps
2026-05-14 08:50:49,45.7303433,21.2662535,20.38,complex_aem,tram,1,synthetic_gps
2026-05-14 08:50:50,45.7302382,21.266249,12.38,complex_aem,tram,1,synthetic_gps
2026-05-14 08:50:51,45.7301499,21.266242,20.14,complex_aem,tram,1,synthetic_gps
2026-05-14 08:50:52,45.7301648,21.2663384,21.73,complex_aem,tram,1,synthetic_gps
2026-05-14 08:50:53,45.7301902,21.2662965,28.05,complex_aem,tram,1,synthetic_gps
2026-05-14 08:50:54,45.7301619,21.2662602,20.05,complex_aem,tram,1,synthetic_gps
2026-05-14 08:50:55,45.7302153,21.2663586,28.05,complex_aem,tram,1,synthetic_gps
2026-05-14 08:50:56,45.7300798,21.2663779,20.05,complex_aem,tram,1,synthetic_gps
2026-05-14 08:50:57,45.7301847,21.266301,12.05,complex_aem,tram,1,synthetic_gps
2026-05-14 08:50:58,45.7300988,21.2662773,20.05,complex_aem,tram,1,synthetic_gps
2026-05-14 08:50:59,45.7302156,21.2663658,15.86,complex_aem,tram,1,synthetic_gps
2026-05-14 08:51:00,45.7301753,21.2663854,7.86,complex_aem,tram,1,synthetic_gps
2026-05-14 08:51:01,45.730126,21.2663899,2.37,complex_aem,tram,1,synthetic_gps
2026-05-14 08:51:02,45.7301036,21.2664309,1.17,complex_aem,tram,1,synthetic_gps
2026-05-14 08:51:03,45.7301022,21.2663719,2.62,complex_aem,tram,1,synthetic_gps
2026-05-14 08:51:04,45.7301019,21.2664576,0.03,complex_aem,tram,1,synthetic_gps
2026-05-14 08:51:05,45.7301075,21.2664113,0.24,complex_aem,tram,1,synthetic_gps
2026-05-14 08:51:06,45.7300563,21.266401,0.87,complex_aem,tram,1,synthetic_gps
2026-05-14 08:51:07,45.7300369,21.2664379,0.85,complex_aem,tram,1,synthetic_gps
2026-05-14 08:51:08,45.7300926,21.2664983,1.02,complex_aem,tram,1,synthetic_gps
2026-05-14 08:51:09,45.7300281,21.2664592,0.7,complex_aem,tram,1,synthetic_gps
2026-05-14 08:51:10,45.7300634,21.2664582,1.67,complex_aem,tram,1,synthetic_gps
2026-05-14 08:51:11,45.7300875,21.2665384,2.45,complex_aem,tram,1,synthetic_gps
2026-05-14 08:51:12,45.7300518,21.2665204,1.44,complex_aem,tram,1,synthetic_gps
2026-05-14 08:51:13,45.7301041,21.2663742,1.95,complex_aem,tram,1,synthetic_gps
2026-05-14 08:51:14,45.7299687,21.2665077,1.44,complex_aem,tram,1,synthetic_gps
2026-05-14 08:51:15,45.7300573,21.2665892,1.35,complex_aem,tram,1,synthetic_gps
2026-05-14 08:51:16,45.7299975,21.2664808,1.93,complex_aem,tram,1,synthetic_gps
2026-05-14 08:51:17,45.7299547,21.2665732,0.04,complex_aem,tram,1,synthetic_gps
2026-05-14 08:51:18,45.7299907,21.2665251,8.04,complex_aem,tram,1,synthetic_gps
2026-05-14 08:51:19,45.7298784,21.2664672,16.04,complex_aem,tram,1,synthetic_gps
2026-05-14 08:51:20,45.7299811,21.2665805,24.04,complex_aem,tram,1,synthetic_gps
2026-05-14 08:51:21,45.7299427,21.2664465,16.04,complex_aem,tram,1,synthetic_gps
2026-05-14 08:51:22,45.7300066,21.2666122,24.04,complex_aem,tram,1,synthetic_gps
2026-05-14 08:51:23,45.7299363,21.2665207,24.66,complex_aem,tram,1,synthetic_gps
2026-05-14 08:51:24,45.7299723,21.2665064,28.44,complex_aem,tram,1,synthetic_gps
2026-05-14 08:51:25,45.7298485,21.2666623,20.44,complex_aem,tram,1,synthetic_gps
2026-05-14 08:51:26,45.7299173,21.2667114,23.91,complex_aem,tram,1,synthetic_gps
2026-05-14 08:51:27,45.7298648,21.2665601,23.74,complex_aem,tram,1,synthetic_gps
2026-05-14 08:51:28,45.7298486,21.2665428,20.97,complex_aem,tram,1,synthetic_gps
2026-05-14 08:51:29,45.7297682,21.2667265,21.4,complex_aem,tram,1,synthetic_gps
2026-05-14 08:51:30,45.729778,21.2667099,24.73,complex_aem,tram,1,synthetic_gps
2026-05-14 08:51:31,45.7297572,21.2665908,24.34,complex_aem,tram,1,synthetic_gps
2026-05-14 08:51:32,45.7298151,21.2666693,20.72,complex_aem,tram,1,synthetic_gps
2026-05-14 08:51:33,45.7298022,21.2666824,27.61,complex_aem,tram,1,synthetic_gps
2026-05-14 08:51:34,45.7296997,21.2667097,19.61,complex_aem,tram,1,synthetic_gps
2026-05-14 08:51:35,45.7298042,21.266619,13.58,complex_aem,tram,1,synthetic_gps
2026-05-14 08:51:36,45.7298353,21.266693,21.58,complex_aem,tram,1,synthetic_gps
2026-05-14 08:51:37,45.7297617,21.2667432,24.87,complex_aem,tram,1,synthetic_gps
2026-05-14 08:51:38,45.7297491,21.2666934,16.87,complex_aem,tram,1,synthetic_gps
2026-05-14 08:51:39,45.7297574,21.2667667,20.64,complex_aem,tram,1,synthetic_gps
2026-05-14 08:51:40,45.7297587,21.2668089,19.48,complex_aem,tram,1,synthetic_gps
2026-05-14 08:51:41,45.7297323,21.2667272,15.14,complex_aem,tram,1,synthetic_gps
2026-05-14 08:51:42,45.7297075,21.2668296,7.14,complex_aem,tram,1,synthetic_gps
2026-05-14 08:51:43,45.7297397,21.2667556,15.14,complex_aem,tram,1,synthetic_gps
2026-05-14 08:51:44,45.7297264,21.2668089,8.44,complex_aem,tram,1,synthetic_gps
2026-05-14 08:51:45,45.7295838,21.2668341,8.72,complex_aem,tram,1,synthetic_gps
2026-05-14 08:51:46,45.7296543,21.266836,6.06,complex_aem,tram,1,synthetic_gps
2026-05-14 08:51:47,45.7295912,21.2667806,9.85,complex_aem,tram,1,synthetic_gps
2026-05-14 08:51:48,45.7296873,21.2668224,8.34,complex_aem,tram,1,synthetic_gps
2026-05-14 08:51:49,45.7296053,21.2668334,5.09,complex_aem,tram,1,synthetic_gps
2026-05-14 08:51:50,45.7297051,21.2668455,5.82,complex_aem,tram,1,synthetic_gps
2026-05-14 08:51:51,45.7296358,21.2669065,2.37,complex_aem,tram,1,synthetic_gps
2026-05-14 08:51:52,45.7296909,21.2668191,5.98,complex_aem,tram,1,synthetic_gps
2026-05-14 08:51:53,45.7295955,21.2668463,8.56,complex_aem,tram,1,synthetic_gps
2026-05-14 08:51:54,45.7296207,21.2669122,1.94,complex_aem,tram,1,synthetic_gps
2026-05-14 08:51:55,45.7297048,21.2669998,5.59,complex_aem,tram,1,synthetic_gps
2026-05-14 08:51:56,45.7295963,21.2669446,8.83,complex_aem,tram,1,synthetic_gps
2026-05-14 08:51:57,45.729604,21.2669053,8.21,complex_aem,tram,1,synthetic_gps
2026-05-14 08:51:58,45.7295875,21.2669217,8.99,complex_aem,tram,1,synthetic_gps
2026-05-14 08:51:59,45.7295339,21.2669676,5.2,complex_aem,tram,1,synthetic_gps
2026-05-14 08:52:00,45.7295053,21.2669895,12.8,complex_aem,tram,1,synthetic_gps
2026-05-14 08:52:01,45.7295361,21.2670252,7.21,complex_aem,tram,1,synthetic_gps
2026-05-14 08:52:02,45.7294936,21.266878,9.71,complex_aem,tram,1,synthetic_gps
2026-05-14 08:52:03,45.729432,21.2669152,6.98,complex_aem,tram,1,synthetic_gps
2026-05-14 08:52:04,45.7295224,21.2669727,7.39,complex_aem,tram,1,synthetic_gps
2026-05-14 08:52:05,45.7295454,21.2670208,6.52,complex_aem,tram,1,synthetic_gps
2026-05-14 08:52:06,45.729478,21.2670516,6.37,complex_aem,tram,1,synthetic_gps
2026-05-14 08:52:07,45.7295094,21.2669583,4.71,complex_aem,tram,1,synthetic_gps
2026-05-14 08:52:08,45.7294491,21.2669836,8.71,complex_aem,tram,1,synthetic_gps
2026-05-14 08:52:09,45.7294498,21.2670214,6.81,complex_aem,tram,1,synthetic_gps
2026-05-14 08:52:10,45.7294839,21.2669981,9.59,complex_aem,tram,1,synthetic_gps
2026-05-14 08:52:11,45.7295029,21.2670603,7.98,complex_aem,tram,1,synthetic_gps
2026-05-14 08:52:12,45.7294824,21.2671319,6.8,complex_aem,tram,1,synthetic_gps
2026-05-14 08:52:13,45.7294698,21.2670933,6.9,complex_aem,tram,1,synthetic_gps
2026-05-14 08:52:14,45.7295205,21.2670693,7.95,complex_aem,tram,1,synthetic_gps
2026-05-14 08:52:15,45.729483,21.2670635,6.84,complex_aem,tram,1,synthetic_gps
2026-05-14 08:52:16,45.7294518,21.267091,7.45,complex_aem,tram,1,synthetic_gps
2026-05-14 08:52:17,45.7293656,21.2671185,6.31,complex_aem,tram,1,synthetic_gps
2026-05-14 08:52:18,45.7294345,21.2670961,10.52,complex_aem,tram,1,synthetic_gps
2026-05-14 08:52:19,45.7293527,21.2671915,6.19,complex_aem,tram,1,synthetic_gps
2026-05-14 08:52:20,45.7294635,21.2671232,10.06,complex_aem,tram,1,synthetic_gps
2026-05-14 08:52:21,45.7293181,21.2671313,11.64,complex_aem,tram,1,synthetic_gps
2026-05-14 08:52:22,45.7292233,21.2671149,5.47,complex_aem,tram,1,synthetic_gps
2026-05-14 08:52:23,45.7293029,21.2670935,8.72,complex_aem,tram,1,synthetic_gps
2026-05-14 08:52:24,45.7293053,21.267213,5.38,complex_aem,tram,1,synthetic_gps
2026-05-14 08:52:25,45.729305,21.2671658,4.37,complex_aem,tram,1,synthetic_gps
2026-05-14 08:52:26,45.7293647,21.2672459,4.43,complex_aem,tram,1,synthetic_gps
2026-05-14 08:52:27,45.7292656,21.2671453,4.26,complex_aem,tram,1,synthetic_gps
2026-05-14 08:52:28,45.7292497,21.2672693,4.73,complex_aem,tram,1,synthetic_gps
2026-05-14 08:52:29,45.7293466,21.2671904,7.09,complex_aem,tram,1,synthetic_gps
2026-05-14 08:52:30,45.7293098,21.2672135,5.88,complex_aem,tram,1,synthetic_gps
2026-05-14 08:52:31,45.7292829,21.2672597,10.6,complex_aem,tram,1,synthetic_gps
2026-05-14 08:52:32,45.7292006,21.2672162,14.21,complex_aem,tram,1,synthetic_gps
2026-05-14 08:52:33,45.7292857,21.2672747,7.22,complex_aem,tram,1,synthetic_gps
2026-05-14 08:52:34,45.7292546,21.2672698,6.91,complex_aem,tram,1,synthetic_gps
2026-05-14 08:52:35,45.7291562,21.267341,7.09,complex_aem,tram,1,synthetic_gps
2026-05-14 08:52:36,45.7292633,21.2672341,5.89,complex_aem,tram,1,synthetic_gps
2026-05-14 08:52:37,45.7291698,21.267344,4.66,complex_aem,tram,1,synthetic_gps
2026-05-14 08:52:38,45.7291651,21.2672994,5.77,complex_aem,tram,1,synthetic_gps
2026-05-14 08:52:39,45.7292499,21.2672637,8.67,complex_aem,tram,1,synthetic_gps
2026-05-14 08:52:40,45.7291339,21.2674,5.14,complex_aem,tram,1,synthetic_gps
2026-05-14 08:52:41,45.729208,21.2673487,9.31,complex_aem,tram,1,synthetic_gps
2026-05-14 08:52:42,45.7292465,21.2673101,3.85,complex_aem,tram,1,synthetic_gps
2026-05-14 08:52:43,45.7291366,21.2674298,5.91,complex_aem,tram,1,synthetic_gps
2026-05-14 08:52:44,45.7291709,21.2673774,8.4,complex_aem,tram,1,synthetic_gps
2026-05-14 08:52:45,45.7291585,21.2673974,6.16,complex_aem,tram,1,synthetic_gps
2026-05-14 08:52:46,45.729117,21.2673829,8.08,complex_aem,tram,1,synthetic_gps
2026-05-14 08:52:47,45.7291594,21.2673648,9.96,complex_aem,tram,1,synthetic_gps
2026-05-14 08:52:48,45.7291145,21.2673049,10.4,complex_aem,tram,1,synthetic_gps
2026-05-14 08:52:49,45.7291095,21.2674602,8.0,complex_aem,tram,1,synthetic_gps
2026-05-14 08:52:50,45.7290888,21.267398,5.11,complex_aem,tram,1,synthetic_gps
2026-05-14 08:52:51,45.7291593,21.2674459,2.8,complex_aem,tram,1,synthetic_gps
2026-05-14 08:52:52,45.7291223,21.2674294,6.44,complex_aem,tram,1,synthetic_gps
2026-05-14 08:52:53,45.7290836,21.2674629,7.17,complex_aem,tram,1,synthetic_gps
2026-05-14 08:52:54,45.7290914,21.2674027,6.95,complex_aem,tram,1,synthetic_gps
2026-05-14 08:52:55,45.7290357,21.2674762,2.67,complex_aem,tram,1,synthetic_gps
2026-05-14 08:52:56,45.7290228,21.2674098,7.5,complex_aem,tram,1,synthetic_gps
2026-05-14 08:52:57,45.7289581,21.2674166,7.07,complex_aem,tram,1,synthetic_gps
2026-05-14 08:52:58,45.7289985,21.2674945,5.11,complex_aem,tram,1,synthetic_gps
2026-05-14 08:52:59,45.7290068,21.2674997,2.8,complex_aem,tram,1,synthetic_gps
