timestamp,latitude,longitude,speed_kmh,route_id,transport_mode,is_peak_hour,source
2026-05-21 08:20:00,45.771109,21.2294865,26.54,iulius_airport,car,1,synthetic_gps
2026-05-21 08:20:01,45.7710764,21.2295297,18.54,iulius_airport,car,1,synthetic_gps
2026-05-21 08:20:02,45.7710355,21.2295667,15.97,iulius_airport,car,1,synthetic_gps
2026-05-21 08:20:03,45.7711842,21.2295253,9.47,iulius_airport,car,1,synthetic_gps
2026-05-21 08:20:04,45.771109,21.2295696,3.31,iulius_airport,car,1,synthetic_gps
2026-05-21 08:20:05,45.7711806,21.2296373,11.31,iulius_airport,car,1,synthetic_gps
2026-05-21 08:20:06,45.7711856,21.2296185,3.31,iulius_airport,car,1,synthetic_gps
2026-05-21 08:20:07,45.7711721,21.2297929,3.54,iulius_airport,car,1,synthetic_gps
2026-05-21 08:20:08,45.7712239,21.2296551,11.54,iulius_airport,car,1,synthetic_gps
2026-05-21 08:20:09,45.7710885,21.2298571,13.96,iulius_airport,car,1,synthetic_gps
2026-05-21 08:20:10,45.7711662,21.2297584,21.96,iulius_airport,car,1,synthetic_gps
2026-05-21 08:20:11,45.7712164,21.229821,14.73,iulius_airport,car,1,synthetic_gps
2026-05-21 08:20:12,45.7711953,21.2298481,19.66,iulius_airport,car,1,synthetic_gps
2026-05-21 08:20:13,45.7712017,21.2299522,19.05,iulius_airport,car,1,synthetic_gps
2026-05-21 08:20:14,45.7712238,21.2298163,19.67,iulius_airport,car,1,synthetic_gps
2026-05-21 08:20:15,45.7711823,21.2299757,11.67,iulius_airport,car,1,synthetic_gps
2026-05-21 08:20:16,45.7712284,21.229939,18.18,iulius_airport,car,1,synthetic_gps
2026-05-21 08:20:17,45.771175,21.2300147,15.34,iulius_airport,car,1,synthetic_gps
2026-05-21 08:20:18,45.771146,21.2298774,7.34,iulius_airport,car,1,synthetic_gps
2026-05-21 08:20:19,45.7711947,21.2300302,13.73,iulius_airport,car,1,synthetic_gps
2026-05-21 08:20:20,45.7712209,21.2300544,21.73,iulius_airport,car,1,synthetic_gps
2026-05-21 08:20:21,45.7712611,21.2301587,16.76,iulius_airport,car,1,synthetic_gps
2026-05-21 08:20:22,45.7711935,21.2301494,24.76,iulius_airport,car,1,synthetic_gps
2026-05-21 08:20:23,45.7712333,21.2301895,23.4,iulius_airport,car,1,synthetic_gps
2026-05-21 08:20:24,45.77133,21.2301454,15.4,iulius_airport,car,1,synthetic_gps
2026-05-21 08:20:25,45.7713366,21.2301894,17.93,iulius_airport,car,1,synthetic_gps
2026-05-21 08:20:26,45.7712211,21.2301834,12.25,iulius_airport,car,1,synthetic_gps
2026-05-21 08:20:27,45.7712167,21.230337,20.25,iulius_airport,car,1,synthetic_gps
2026-05-21 08:20:28,45.7712123,21.2301739,16.69,iulius_airport,car,1,synthetic_gps
2026-05-21 08:20:29,45.7712117,21.2302912,14.2,iulius_airport,car,1,synthetic_gps
2026-05-21 08:20:30,45.7711757,21.2303371,13.48,iulius_airport,car,1,synthetic_gps
2026-05-21 08:20:31,45.7712528,21.2303907,13.88,iulius_airport,car,1,synthetic_gps
2026-05-21 08:20:32,45.7712101,21.2304612,15.0,iulius_airport,car,1,synthetic_gps
2026-05-21 08:20:33,45.7712113,21.2305852,23.0,iulius_airport,car,1,synthetic_gps
2026-05-21 08:20:34,45.7714256,21.2304487,15.0,iulius_airport,car,1,synthetic_gps
2026-05-21 08:20:35,45.771296,21.2303716,9.55,iulius_airport,car,1,synthetic_gps
2026-05-21 08:20:36,45.7713148,21.2305109,1.55,iulius_airport,car,1,synthetic_gps
2026-05-21 08:20:37,45.7712585,21.2305293,3.57,iulius_airport,car,1,synthetic_gps
2026-05-21 08:20:38,45.7713227,21.2306372,11.57,iulius_airport,car,1,synthetic_gps
2026-05-21 08:20:39,45.7712179,21.2305304,19.57,iulius_airport,car,1,synthetic_gps
2026-05-21 08:20:40,45.7713513,21.2305628,13.17,iulius_airport,car,1,synthetic_gps
2026-05-21 08:20:41,45.7713514,21.2306194,13.87,iulius_airport,car,1,synthetic_gps
2026-05-21 08:20:42,45.7714008,21.2307763,21.21,iulius_airport,car,1,synthetic_gps
2026-05-21 08:20:43,45.7712933,21.2306507,16.48,iulius_airport,car,1,synthetic_gps
2026-05-21 08:20:44,45.7713214,21.2309055,20.98,iulius_airport,car,1,synthetic_gps
2026-05-21 08:20:45,45.7713604,21.2308778,12.98,iulius_airport,car,1,synthetic_gps
2026-05-21 08:20:46,45.7714735,21.230752,20.98,iulius_airport,car,1,synthetic_gps
2026-05-21 08:20:47,45.7712345,21.2308937,17.79,iulius_airport,car,1,synthetic_gps
2026-05-21 08:20:48,45.7713532,21.2308465,10.58,iulius_airport,car,1,synthetic_gps
2026-05-21 08:20:49,45.771255,21.2308863,3.03,iulius_airport,car,1,synthetic_gps
2026-05-21 08:20:50,45.7714259,21.2308663,9.5,iulius_airport,car,1,synthetic_gps
2026-05-21 08:20:51,45.7713136,21.2309792,9.59,iulius_airport,car,1,synthetic_gps
2026-05-21 08:20:52,45.7713147,21.2309112,9.7,iulius_airport,car,1,synthetic_gps
2026-05-21 08:20:53,45.7713617,21.2309958,3.71,iulius_airport,car,1,synthetic_gps
2026-05-21 08:20:54,45.771323,21.2311142,11.71,iulius_airport,car,1,synthetic_gps
2026-05-21 08:20:55,45.7713499,21.2311003,14.88,iulius_airport,car,1,synthetic_gps
2026-05-21 08:20:56,45.7714257,21.2310653,14.9,iulius_airport,car,1,synthetic_gps
2026-05-21 08:20:57,45.7713947,21.2312218,18.41,iulius_airport,car,1,synthetic_gps
2026-05-21 08:20:58,45.7713049,21.2311199,18.03,iulius_airport,car,1,synthetic_gps
2026-05-21 08:20:59,45.7714102,21.2312167,10.03,iulius_airport,car,1,synthetic_gps
2026-05-21 08:21:00,45.7715029,21.2311353,17.16,iulius_airport,car,1,synthetic_gps
2026-05-21 08:21:01,45.7713835,21.2312935,25.16,iulius_airport,car,1,synthetic_gps
2026-05-21 08:21:02,45.7713595,21.2312866,21.7,iulius_airport,car,1,synthetic_gps
2026-05-21 08:21:03,45.7713454,21.231232,13.7,iulius_airport,car,1,synthetic_gps
2026-05-21 08:21:04,45.7714285,21.231228,5.7,iulius_airport,car,1,synthetic_gps
2026-05-21 08:21:05,45.7713489,21.2314125,13.28,iulius_airport,car,1,synthetic_gps
2026-05-21 08:21:06,45.7713902,21.231418,17.2,iulius_airport,car,1,synthetic_gps
2026-05-21 08:21:07,45.7713464,21.2313635,17.62,iulius_airport,car,1,synthetic_gps
2026-05-21 08:21:08,45.7714174,21.2314114,13.31,iulius_airport,car,1,synthetic_gps
2026-05-21 08:21:09,45.7714674,21.2314782,15.48,iulius_airport,car,1,synthetic_gps
2026-05-21 08:21:10,45.7714674,21.2314095,18.51,iulius_airport,car,1,synthetic_gps
2026-05-21 08:21:11,45.7713972,21.2316094,21.51,iulius_airport,car,1,synthetic_gps
2026-05-21 08:21:12,45.7713845,21.2314664,13.51,iulius_airport,car,1,synthetic_gps
2026-05-21 08:21:13,45.7713814,21.2316275,10.54,iulius_airport,car,1,synthetic_gps
2026-05-21 08:21:14,45.7714483,21.2315611,8.46,iulius_airport,car,1,synthetic_gps
2026-05-21 08:21:15,45.7714643,21.2315626,16.46,iulius_airport,car,1,synthetic_gps
2026-05-21 08:21:16,45.7715356,21.2316682,22.66,iulius_airport,car,1,synthetic_gps
2026-05-21 08:21:17,45.771574,21.2316699,14.66,iulius_airport,car,1,synthetic_gps
2026-05-21 08:21:18,45.7715065,21.2318249,6.66,iulius_airport,car,1,synthetic_gps
2026-05-21 08:21:19,45.7715033,21.2317375,14.66,iulius_airport,car,1,synthetic_gps
2026-05-21 08:21:20,45.7715185,21.231749,10.42,iulius_airport,car,1,synthetic_gps
2026-05-21 08:21:21,45.7715203,21.2317812,2.94,iulius_airport,car,1,synthetic_gps
2026-05-21 08:21:22,45.7715924,21.2318763,10.94,iulius_airport,car,1,synthetic_gps
2026-05-21 08:21:23,45.7716753,21.2319367,18.94,iulius_airport,car,1,synthetic_gps
2026-05-21 08:21:24,45.771504,21.2319774,11.9,iulius_airport,car,1,synthetic_gps
2026-05-21 08:21:25,45.7715825,21.232034,19.9,iulius_airport,car,1,synthetic_gps
2026-05-21 08:21:26,45.7716075,21.2318388,14.84,iulius_airport,car,1,synthetic_gps
2026-05-21 08:21:27,45.7714587,21.2319578,6.84,iulius_airport,car,1,synthetic_gps
2026-05-21 08:21:28,45.7715272,21.2320399,14.48,iulius_airport,car,1,synthetic_gps
2026-05-21 08:21:29,45.77164,21.2321049,20.4,iulius_airport,car,1,synthetic_gps
2026-05-21 08:21:30,45.7715158,21.2319902,12.4,iulius_airport,car,1,synthetic_gps
2026-05-21 08:21:31,45.7715013,21.2321006,13.28,iulius_airport,car,1,synthetic_gps
2026-05-21 08:21:32,45.7715732,21.2321525,21.28,iulius_airport,car,1,synthetic_gps
2026-05-21 08:21:33,45.771576,21.2321582,20.49,iulius_airport,car,1,synthetic_gps
2026-05-21 08:21:34,45.7714864,21.2321587,28.49,iulius_airport,car,1,synthetic_gps
2026-05-21 08:21:35,45.7716466,21.2323683,33.34,iulius_airport,car,1,synthetic_gps
2026-05-21 08:21:36,45.7715946,21.2322299,41.34,iulius_airport,car,1,synthetic_gps
2026-05-21 08:21:37,45.7715853,21.2322288,49.34,iulius_airport,car,1,synthetic_gps
2026-05-21 08:21:38,45.7715233,21.2323061,48.4,iulius_airport,car,1,synthetic_gps
2026-05-21 08:21:39,45.7716039,21.2323768,40.4,iulius_airport,car,1,synthetic_gps
2026-05-21 08:21:40,45.7716354,21.232274,48.4,iulius_airport,car,1,synthetic_gps
2026-05-21 08:21:41,45.7715953,21.232454,41.44,iulius_airport,car,1,synthetic_gps
2026-05-21 08:21:42,45.7715548,21.2323853,49.44,iulius_airport,car,1,synthetic_gps
2026-05-21 08:21:43,45.7715771,21.232365,41.44,iulius_airport,car,1,synthetic_gps
2026-05-21 08:21:44,45.7715959,21.2324199,33.44,iulius_airport,car,1,synthetic_gps
2026-05-21 08:21:45,45.7716911,21.232448,41.44,iulius_airport,car,1,synthetic_gps
2026-05-21 08:21:46,45.7716497,21.2323837,33.44,iulius_airport,car,1,synthetic_gps
2026-05-21 08:21:47,45.7715264,21.2325882,41.44,iulius_airport,car,1,synthetic_gps
2026-05-21 08:21:48,45.7716735,21.2326137,33.44,iulius_airport,car,1,synthetic_gps
2026-05-21 08:21:49,45.7716174,21.2326375,41.44,iulius_airport,car,1,synthetic_gps
2026-05-21 08:21:50,45.7716575,21.232649,47.28,iulius_airport,car,1,synthetic_gps
2026-05-21 08:21:51,45.7716824,21.2326758,51.89,iulius_airport,car,1,synthetic_gps
2026-05-21 08:21:52,45.7717521,21.232694,51.61,iulius_airport,car,1,synthetic_gps
2026-05-21 08:21:53,45.7717202,21.2327312,43.61,iulius_airport,car,1,synthetic_gps
2026-05-21 08:21:54,45.7716904,21.2327248,51.61,iulius_airport,car,1,synthetic_gps
2026-05-21 08:21:55,45.7718155,21.2328256,43.61,iulius_airport,car,1,synthetic_gps
2026-05-21 08:21:56,45.7716622,21.2327826,35.61,iulius_airport,car,1,synthetic_gps
2026-05-21 08:21:57,45.7717218,21.2328614,43.61,iulius_airport,car,1,synthetic_gps
2026-05-21 08:21:58,45.7718477,21.2328223,36.19,iulius_airport,car,1,synthetic_gps
2026-05-21 08:21:59,45.7717622,21.2330663,44.19,iulius_airport,car,1,synthetic_gps
2026-05-21 08:22:00,45.7716292,21.2329217,50.17,iulius_airport,car,1,synthetic_gps
2026-05-21 08:22:01,45.7716517,21.2328941,51.48,iulius_airport,car,1,synthetic_gps
2026-05-21 08:22:02,45.771707,21.2330446,43.48,iulius_airport,car,1,synthetic_gps
2026-05-21 08:22:03,45.7717482,21.2329686,37.56,iulius_airport,car,1,synthetic_gps
2026-05-21 08:22:04,45.7718317,21.2331134,29.56,iulius_airport,car,1,synthetic_gps
2026-05-21 08:22:05,45.7717693,21.2330346,37.56,iulius_airport,car,1,synthetic_gps
2026-05-21 08:22:06,45.7718163,21.2331498,44.09,iulius_airport,car,1,synthetic_gps
2026-05-21 08:22:07,45.7716417,21.2331516,36.09,iulius_airport,car,1,synthetic_gps
2026-05-21 08:22:08,45.7717504,21.233179,42.85,iulius_airport,car,1,synthetic_gps
2026-05-21 08:22:09,45.7718095,21.2333076,40.88,iulius_airport,car,1,synthetic_gps
2026-05-21 08:22:10,45.7718346,21.2331577,40.02,iulius_airport,car,1,synthetic_gps
2026-05-21 08:22:11,45.7718543,21.2331949,48.02,iulius_airport,car,1,synthetic_gps
2026-05-21 08:22:12,45.7718588,21.233415,48.25,iulius_airport,car,1,synthetic_gps
2026-05-21 08:22:13,45.7718763,21.2334314,48.94,iulius_airport,car,1,synthetic_gps
2026-05-21 08:22:14,45.771875,21.2332384,56.94,iulius_airport,car,1,synthetic_gps
2026-05-21 08:22:15,45.7717114,21.2332966,48.94,iulius_airport,car,1,synthetic_gps
2026-05-21 08:22:16,45.7716962,21.2334787,40.94,iulius_airport,car,1,synthetic_gps
2026-05-21 08:22:17,45.771854,21.2333915,36.65,iulius_airport,car,1,synthetic_gps
2026-05-21 08:22:18,45.7717655,21.2334945,42.1,iulius_airport,car,1,synthetic_gps
2026-05-21 08:22:19,45.771828,21.2334575,34.1,iulius_airport,car,1,synthetic_gps
2026-05-21 08:22:20,45.7718915,21.2335535,42.1,iulius_airport,car,1,synthetic_gps
2026-05-21 08:22:21,45.7718144,21.2335733,34.1,iulius_airport,car,1,synthetic_gps
2026-05-21 08:22:22,45.7718152,21.2335467,26.1,iulius_airport,car,1,synthetic_gps
2026-05-21 08:22:23,45.7717603,21.2335733,34.1,iulius_airport,car,1,synthetic_gps
2026-05-21 08:22:24,45.7719213,21.2335947,42.1,iulius_airport,car,1,synthetic_gps
2026-05-21 08:22:25,45.7719778,21.233477,50.1,iulius_airport,car,1,synthetic_gps
2026-05-21 08:22:26,45.7719476,21.2336387,42.1,iulius_airport,car,1,synthetic_gps
2026-05-21 08:22:27,45.7719248,21.23378,50.1,iulius_airport,car,1,synthetic_gps
2026-05-21 08:22:28,45.7719386,21.2337293,58.1,iulius_airport,car,1,synthetic_gps
2026-05-21 08:22:29,45.7718812,21.2338086,63.98,iulius_airport,car,1,synthetic_gps
2026-05-21 08:22:30,45.7719243,21.2336651,55.98,iulius_airport,car,1,synthetic_gps
2026-05-21 08:22:31,45.7719123,21.2337421,49.1,iulius_airport,car,1,synthetic_gps
2026-05-21 08:22:32,45.7719274,21.2339179,41.1,iulius_airport,car,1,synthetic_gps
2026-05-21 08:22:33,45.7719037,21.2339032,49.1,iulius_airport,car,1,synthetic_gps
2026-05-21 08:22:34,45.7719864,21.2339407,51.2,iulius_airport,car,1,synthetic_gps
2026-05-21 08:22:35,45.7718735,21.2339321,43.2,iulius_airport,car,1,synthetic_gps
2026-05-21 08:22:36,45.7719316,21.2338543,42.07,iulius_airport,car,1,synthetic_gps
2026-05-21 08:22:37,45.7718636,21.2339705,34.07,iulius_airport,car,1,synthetic_gps
2026-05-21 08:22:38,45.7719165,21.2340827,26.07,iulius_airport,car,1,synthetic_gps
2026-05-21 08:22:39,45.7718933,21.2340969,34.07,iulius_airport,car,1,synthetic_gps
2026-05-21 08:22:40,45.7720585,21.2341028,42.07,iulius_airport,car,1,synthetic_gps
2026-05-21 08:22:41,45.7718498,21.2341329,36.54,iulius_airport,car,1,synthetic_gps
2026-05-21 08:22:42,45.7718494,21.2341275,37.59,iulius_airport,car,1,synthetic_gps
2026-05-21 08:22:43,45.7719043,21.2341783,45.59,iulius_airport,car,1,synthetic_gps
2026-05-21 08:22:44,45.7719759,21.2342363,46.04,iulius_airport,car,1,synthetic_gps
2026-05-21 08:22:45,45.7719303,21.2341194,43.5,iulius_airport,car,1,synthetic_gps
2026-05-21 08:22:46,45.7719584,21.2342225,35.5,iulius_airport,car,1,synthetic_gps
2026-05-21 08:22:47,45.7719624,21.234252,41.68,iulius_airport,car,1,synthetic_gps
2026-05-21 08:22:48,45.771898,21.2342919,41.01,iulius_airport,car,1,synthetic_gps
2026-05-21 08:22:49,45.7720786,21.2343416,49.01,iulius_airport,car,1,synthetic_gps
2026-05-21 08:22:50,45.7720686,21.2344081,41.01,iulius_airport,car,1,synthetic_gps
2026-05-21 08:22:51,45.7720122,21.2344202,49.01,iulius_airport,car,1,synthetic_gps
2026-05-21 08:22:52,45.7720201,21.2344539,41.01,iulius_airport,car,1,synthetic_gps
2026-05-21 08:22:53,45.7719819,21.2343214,39.29,iulius_airport,car,1,synthetic_gps
2026-05-21 08:22:54,45.7720432,21.2344209,40.49,iulius_airport,car,1,synthetic_gps
2026-05-21 08:22:55,45.7719667,21.2345241,32.49,iulius_airport,car,1,synthetic_gps
2026-05-21 08:22:56,45.7720469,21.234572,40.49,iulius_airport,car,1,synthetic_gps
2026-05-21 08:22:57,45.7720133,21.2345959,32.49,iulius_airport,car,1,synthetic_gps
2026-05-21 08:22:58,45.7721061,21.2345614,40.49,iulius_airport,car,1,synthetic_gps
2026-05-21 08:22:59,45.7720546,21.234669,45.77,iulius_airport,car,1,synthetic_gps
2026-05-21 08:23:00,45.7719359,21.2346783,37.77,iulius_airport,car,1,synthetic_gps
2026-05-21 08:23:01,45.772085,21.2346993,45.77,iulius_airport,car,1,synthetic_gps
2026-05-21 08:23:02,45.7720553,21.2346505,37.77,iulius_airport,car,1,synthetic_gps
2026-05-21 08:23:03,45.7721372,21.2346515,45.77,iulius_airport,car,1,synthetic_gps
2026-05-21 08:23:04,45.7721015,21.2347011,37.77,iulius_airport,car,1,synthetic_gps
2026-05-21 08:23:05,45.7720665,21.2348255,45.77,iulius_airport,car,1,synthetic_gps
2026-05-21 08:23:06,45.7721203,21.2347908,48.09,iulius_airport,car,1,synthetic_gps
2026-05-21 08:23:07,45.7719739,21.2348694,40.09,iulius_airport,car,1,synthetic_gps
2026-05-21 08:23:08,45.7720066,21.234952,44.35,iulius_airport,car,1,synthetic_gps
2026-05-21 08:23:09,45.7721076,21.2347927,36.35,iulius_airport,car,1,synthetic_gps
2026-05-21 08:23:10,45.7720068,21.2348306,40.67,iulius_airport,car,1,synthetic_gps
2026-05-21 08:23:11,45.7720572,21.2348961,32.67,iulius_airport,car,1,synthetic_gps
2026-05-21 08:23:12,45.7720559,21.2349069,24.67,iulius_airport,car,1,synthetic_gps
2026-05-21 08:23:13,45.7722539,21.2350465,29.16,iulius_airport,car,1,synthetic_gps
2026-05-21 08:23:14,45.7721938,21.2349616,37.16,iulius_airport,car,1,synthetic_gps
2026-05-21 08:23:15,45.7720698,21.2350669,29.16,iulius_airport,car,1,synthetic_gps
2026-05-21 08:23:16,45.7722117,21.2351492,31.56,iulius_airport,car,1,synthetic_gps
2026-05-21 08:23:17,45.7720453,21.2351329,39.56,iulius_airport,car,1,synthetic_gps
2026-05-21 08:23:18,45.7722435,21.2351539,45.42,iulius_airport,car,1,synthetic_gps
2026-05-21 08:23:19,45.7720635,21.2352707,53.42,iulius_airport,car,1,synthetic_gps
2026-05-21 08:23:20,45.7722807,21.2351435,59.63,iulius_airport,car,1,synthetic_gps
2026-05-21 08:23:21,45.7721745,21.2352672,61.82,iulius_airport,car,1,synthetic_gps
2026-05-21 08:23:22,45.7720582,21.235231,53.82,iulius_airport,car,1,synthetic_gps
2026-05-21 08:23:23,45.7720844,21.2352517,49.68,iulius_airport,car,1,synthetic_gps
2026-05-21 08:23:24,45.7722256,21.2353504,57.68,iulius_airport,car,1,synthetic_gps
2026-05-21 08:23:25,45.7722156,21.2352412,65.68,iulius_airport,car,1,synthetic_gps
2026-05-21 08:23:26,45.772146,21.2353789,62.79,iulius_airport,car,1,synthetic_gps
2026-05-21 08:23:27,45.7721964,21.2354563,54.79,iulius_airport,car,1,synthetic_gps
2026-05-21 08:23:28,45.7722586,21.2354561,62.79,iulius_airport,car,1,synthetic_gps
2026-05-21 08:23:29,45.7721687,21.235443,54.79,iulius_airport,car,1,synthetic_gps
2026-05-21 08:23:30,45.7722955,21.2354997,51.43,iulius_airport,car,1,synthetic_gps
2026-05-21 08:23:31,45.7720789,21.2355902,59.18,iulius_airport,car,1,synthetic_gps
2026-05-21 08:23:32,45.7721754,21.2355946,51.18,iulius_airport,car,1,synthetic_gps
2026-05-21 08:23:33,45.7722619,21.2356324,50.42,iulius_airport,car,1,synthetic_gps
2026-05-21 08:23:34,45.7723225,21.2356209,53.21,iulius_airport,car,1,synthetic_gps
2026-05-21 08:23:35,45.7722364,21.2355936,48.57,iulius_airport,car,1,synthetic_gps
2026-05-21 08:23:36,45.7720409,21.2356338,41.78,iulius_airport,car,1,synthetic_gps
2026-05-21 08:23:37,45.7721848,21.235686,33.78,iulius_airport,car,1,synthetic_gps
2026-05-21 08:23:38,45.7722652,21.2357186,41.78,iulius_airport,car,1,synthetic_gps
2026-05-21 08:23:39,45.7722432,21.2357977,49.78,iulius_airport,car,1,synthetic_gps
2026-05-21 08:23:40,45.7722363,21.2357645,41.78,iulius_airport,car,1,synthetic_gps
2026-05-21 08:23:41,45.7723116,21.2359059,49.78,iulius_airport,car,1,synthetic_gps
2026-05-21 08:23:42,45.7722604,21.2359079,46.35,iulius_airport,car,1,synthetic_gps
2026-05-21 08:23:43,45.772275,21.2359341,40.45,iulius_airport,car,1,synthetic_gps
2026-05-21 08:23:44,45.7723011,21.2358686,48.45,iulius_airport,car,1,synthetic_gps
2026-05-21 08:23:45,45.7723057,21.2358407,56.45,iulius_airport,car,1,synthetic_gps
2026-05-21 08:23:46,45.7722816,21.2359184,55.67,iulius_airport,car,1,synthetic_gps
2026-05-21 08:23:47,45.7721454,21.2360207,47.67,iulius_airport,car,1,synthetic_gps
2026-05-21 08:23:48,45.7723453,21.2360032,39.67,iulius_airport,car,1,synthetic_gps
2026-05-21 08:23:49,45.7723178,21.2360175,31.67,iulius_airport,car,1,synthetic_gps
2026-05-21 08:23:50,45.7721935,21.2360456,39.67,iulius_airport,car,1,synthetic_gps
2026-05-21 08:23:51,45.7723312,21.2361163,31.67,iulius_airport,car,1,synthetic_gps
2026-05-21 08:23:52,45.772328,21.2361069,39.67,iulius_airport,car,1,synthetic_gps
2026-05-21 08:23:53,45.7722765,21.2362806,31.67,iulius_airport,car,1,synthetic_gps
2026-05-21 08:23:54,45.772406,21.2361768,39.67,iulius_airport,car,1,synthetic_gps
2026-05-21 08:23:55,45.7723412,21.2361856,43.83,iulius_airport,car,1,synthetic_gps
2026-05-21 08:23:56,45.7722852,21.236401,49.8,iulius_airport,car,1,synthetic_gps
2026-05-21 08:23:57,45.7723747,21.2362892,57.53,iulius_airport,car,1,synthetic_gps
2026-05-21 08:23:58,45.7724448,21.236232,65.53,iulius_airport,car,1,synthetic_gps
2026-05-21 08:23:59,45.7723331,21.2362891,57.53,iulius_airport,car,1,synthetic_gps
2026-05-21 08:24:00,45.7724014,21.23618,49.53,iulius_airport,car,1,synthetic_gps
2026-05-21 08:24:01,45.7723432,21.236329,46.45,iulius_airport,car,1,synthetic_gps
2026-05-21 08:24:02,45.7723672,21.2363485,54.45,iulius_airport,car,1,synthetic_gps
2026-05-21 08:24:03,45.7724621,21.2363802,46.45,iulius_airport,car,1,synthetic_gps
2026-05-21 08:24:04,45.7724435,21.2363589,54.45,iulius_airport,car,1,synthetic_gps
2026-05-21 08:24:05,45.7724444,21.2364135,47.87,iulius_airport,car,1,synthetic_gps
2026-05-21 08:24:06,45.7723776,21.2365718,50.98,iulius_airport,car,1,synthetic_gps
2026-05-21 08:24:07,45.772422,21.2365042,42.98,iulius_airport,car,1,synthetic_gps
2026-05-21 08:24:08,45.7724294,21.2365056,34.98,iulius_airport,car,1,synthetic_gps
2026-05-21 08:24:09,45.7723837,21.2365817,26.98,iulius_airport,car,1,synthetic_gps
2026-05-21 08:24:10,45.7724234,21.2366348,34.98,iulius_airport,car,1,synthetic_gps
2026-05-21 08:24:11,45.77247,21.2367083,42.98,iulius_airport,car,1,synthetic_gps
2026-05-21 08:24:12,45.7723889,21.2366974,50.98,iulius_airport,car,1,synthetic_gps
2026-05-21 08:24:13,45.7724152,21.2366555,42.98,iulius_airport,car,1,synthetic_gps
2026-05-21 08:24:14,45.7723937,21.2366822,34.98,iulius_airport,car,1,synthetic_gps
2026-05-21 08:24:15,45.7723989,21.2368976,41.4,iulius_airport,car,1,synthetic_gps
2026-05-21 08:24:16,45.7723472,21.2368096,33.4,iulius_airport,car,1,synthetic_gps
2026-05-21 08:24:17,45.7723217,21.2368396,41.4,iulius_airport,car,1,synthetic_gps
2026-05-21 08:24:18,45.7724492,21.2368925,33.4,iulius_airport,car,1,synthetic_gps
2026-05-21 08:24:19,45.7725129,21.2368532,37.51,iulius_airport,car,1,synthetic_gps
2026-05-21 08:24:20,45.7725179,21.236831,45.51,iulius_airport,car,1,synthetic_gps
2026-05-21 08:24:21,45.7724596,21.2369053,38.85,iulius_airport,car,1,synthetic_gps
2026-05-21 08:24:22,45.7724398,21.2370193,34.42,iulius_airport,car,1,synthetic_gps
2026-05-21 08:24:23,45.7725461,21.2370541,26.42,iulius_airport,car,1,synthetic_gps
2026-05-21 08:24:24,45.7725454,21.2370624,18.42,iulius_airport,car,1,synthetic_gps
2026-05-21 08:24:25,45.7725933,21.2370278,26.42,iulius_airport,car,1,synthetic_gps
2026-05-21 08:24:26,45.7724278,21.2371151,34.42,iulius_airport,car,1,synthetic_gps
2026-05-21 08:24:27,45.7725696,21.2371256,26.42,iulius_airport,car,1,synthetic_gps
2026-05-21 08:24:28,45.7724104,21.2370529,34.42,iulius_airport,car,1,synthetic_gps
2026-05-21 08:24:29,45.7725621,21.2371973,42.42,iulius_airport,car,1,synthetic_gps
2026-05-21 08:24:30,45.7724184,21.2371938,40.47,iulius_airport,car,1,synthetic_gps
2026-05-21 08:24:31,45.7725132,21.2372754,32.47,iulius_airport,car,1,synthetic_gps
2026-05-21 08:24:32,45.7725488,21.237242,40.47,iulius_airport,car,1,synthetic_gps
2026-05-21 08:24:33,45.7725047,21.2371388,37.07,iulius_airport,car,1,synthetic_gps
2026-05-21 08:24:34,45.7725937,21.2374014,45.07,iulius_airport,car,1,synthetic_gps
2026-05-21 08:24:35,45.7725523,21.2374449,46.53,iulius_airport,car,1,synthetic_gps
2026-05-21 08:24:36,45.7725014,21.2373918,52.22,iulius_airport,car,1,synthetic_gps
2026-05-21 08:24:37,45.7725514,21.2373779,44.22,iulius_airport,car,1,synthetic_gps
2026-05-21 08:24:38,45.7725986,21.2374454,45.99,iulius_airport,car,1,synthetic_gps
2026-05-21 08:24:39,45.7725453,21.2374843,37.99,iulius_airport,car,1,synthetic_gps
2026-05-21 08:24:40,45.7725357,21.2375879,45.99,iulius_airport,car,1,synthetic_gps
2026-05-21 08:24:41,45.7724971,21.2375407,53.99,iulius_airport,car,1,synthetic_gps
2026-05-21 08:24:42,45.7726087,21.23755,45.99,iulius_airport,car,1,synthetic_gps
2026-05-21 08:24:43,45.7725484,21.2375096,43.64,iulius_airport,car,1,synthetic_gps
2026-05-21 08:24:44,45.7726843,21.2375812,51.64,iulius_airport,car,1,synthetic_gps
2026-05-21 08:24:45,45.7725874,21.2376745,45.74,iulius_airport,car,1,synthetic_gps
2026-05-21 08:24:46,45.7725981,21.237724,37.74,iulius_airport,car,1,synthetic_gps
2026-05-21 08:24:47,45.7726964,21.2377162,30.64,iulius_airport,car,1,synthetic_gps
2026-05-21 08:24:48,45.7726624,21.237732,38.64,iulius_airport,car,1,synthetic_gps
2026-05-21 08:24:49,45.7725842,21.2377201,43.93,iulius_airport,car,1,synthetic_gps
2026-05-21 08:24:50,45.7725712,21.2377872,35.93,iulius_airport,car,1,synthetic_gps
2026-05-21 08:24:51,45.7725708,21.2377844,43.93,iulius_airport,car,1,synthetic_gps
2026-05-21 08:24:52,45.7725505,21.2377382,35.93,iulius_airport,car,1,synthetic_gps
2026-05-21 08:24:53,45.7726416,21.2378353,43.93,iulius_airport,car,1,synthetic_gps
2026-05-21 08:24:54,45.7727333,21.2379731,51.93,iulius_airport,car,1,synthetic_gps
2026-05-21 08:24:55,45.77263,21.2378898,47.38,iulius_airport,car,1,synthetic_gps
2026-05-21 08:24:56,45.772646,21.2380171,39.38,iulius_airport,car,1,synthetic_gps
2026-05-21 08:24:57,45.772743,21.2379419,38.77,iulius_airport,car,1,synthetic_gps
2026-05-21 08:24:58,45.7726741,21.2380353,30.77,iulius_airport,car,1,synthetic_gps
2026-05-21 08:24:59,45.7726143,21.2381515,29.05,iulius_airport,car,1,synthetic_gps
2026-05-21 08:25:00,45.7726678,21.2382245,36.08,iulius_airport,car,1,synthetic_gps
2026-05-21 08:25:01,45.7727059,21.2380986,28.08,iulius_airport,car,1,synthetic_gps
2026-05-21 08:25:02,45.7726072,21.238173,32.16,iulius_airport,car,1,synthetic_gps
2026-05-21 08:25:03,45.7726706,21.2382552,34.17,iulius_airport,car,1,synthetic_gps
2026-05-21 08:25:04,45.7726815,21.2381798,33.44,iulius_airport,car,1,synthetic_gps
2026-05-21 08:25:05,45.7726909,21.2382196,41.44,iulius_airport,car,1,synthetic_gps
2026-05-21 08:25:06,45.7726754,21.2381906,41.15,iulius_airport,car,1,synthetic_gps
2026-05-21 08:25:07,45.7727009,21.2382418,33.15,iulius_airport,car,1,synthetic_gps
2026-05-21 08:25:08,45.7727481,21.2382816,25.15,iulius_airport,car,1,synthetic_gps
2026-05-21 08:25:09,45.7728112,21.2383107,33.15,iulius_airport,car,1,synthetic_gps
2026-05-21 08:25:10,45.7726989,21.2383552,40.15,iulius_airport,car,1,synthetic_gps
2026-05-21 08:25:11,45.7727465,21.2383378,32.15,iulius_airport,car,1,synthetic_gps
2026-05-21 08:25:12,45.7727006,21.2384153,35.06,iulius_airport,car,1,synthetic_gps
2026-05-21 08:25:13,45.7728407,21.2385726,43.06,iulius_airport,car,1,synthetic_gps
2026-05-21 08:25:14,45.77274,21.2383378,37.24,iulius_airport,car,1,synthetic_gps
2026-05-21 08:25:15,45.7728304,21.2384956,36.88,iulius_airport,car,1,synthetic_gps
2026-05-21 08:25:16,45.7729022,21.2385408,44.88,iulius_airport,car,1,synthetic_gps
2026-05-21 08:25:17,45.7727363,21.238529,36.88,iulius_airport,car,1,synthetic_gps
2026-05-21 08:25:18,45.7727014,21.2385633,44.88,iulius_airport,car,1,synthetic_gps
2026-05-21 08:25:19,45.7727719,21.2387073,36.88,iulius_airport,car,1,synthetic_gps
2026-05-21 08:25:20,45.7727454,21.2386483,44.88,iulius_airport,car,1,synthetic_gps
2026-05-21 08:25:21,45.7727963,21.2386525,52.88,iulius_airport,car,1,synthetic_gps
2026-05-21 08:25:22,45.7729125,21.2386102,44.88,iulius_airport,car,1,synthetic_gps
2026-05-21 08:25:23,45.7727318,21.2388,52.88,iulius_airport,car,1,synthetic_gps
2026-05-21 08:25:24,45.7727778,21.238783,44.88,iulius_airport,car,1,synthetic_gps
2026-05-21 08:25:25,45.7729237,21.2387345,51.76,iulius_airport,car,1,synthetic_gps
2026-05-21 08:25:26,45.7728697,21.238869,43.76,iulius_airport,car,1,synthetic_gps
2026-05-21 08:25:27,45.7728345,21.2388419,35.76,iulius_airport,car,1,synthetic_gps
2026-05-21 08:25:28,45.7728278,21.23892,43.76,iulius_airport,car,1,synthetic_gps
2026-05-21 08:25:29,45.7728849,21.2389516,35.76,iulius_airport,car,1,synthetic_gps
2026-05-21 08:25:30,45.7728606,21.2389026,43.76,iulius_airport,car,1,synthetic_gps
2026-05-21 08:25:31,45.7728139,21.2390046,49.81,iulius_airport,car,1,synthetic_gps
2026-05-21 08:25:32,45.7728515,21.2390286,44.5,iulius_airport,car,1,synthetic_gps
2026-05-21 08:25:33,45.7728393,21.2390228,36.5,iulius_airport,car,1,synthetic_gps
2026-05-21 08:25:34,45.7728563,21.2389831,32.7,iulius_airport,car,1,synthetic_gps
2026-05-21 08:25:35,45.772854,21.2388991,40.7,iulius_airport,car,1,synthetic_gps
2026-05-21 08:25:36,45.7728768,21.2389967,48.54,iulius_airport,car,1,synthetic_gps
2026-05-21 08:25:37,45.7728998,21.2391836,40.54,iulius_airport,car,1,synthetic_gps
2026-05-21 08:25:38,45.7729524,21.2391508,48.54,iulius_airport,car,1,synthetic_gps
2026-05-21 08:25:39,45.7727562,21.2391995,40.54,iulius_airport,car,1,synthetic_gps
2026-05-21 08:25:40,45.772887,21.239256,32.54,iulius_airport,car,1,synthetic_gps
2026-05-21 08:25:41,45.772897,21.2391729,40.54,iulius_airport,car,1,synthetic_gps
2026-05-21 08:25:42,45.7729222,21.2392808,46.58,iulius_airport,car,1,synthetic_gps
2026-05-21 08:25:43,45.7728556,21.2393742,54.58,iulius_airport,car,1,synthetic_gps
2026-05-21 08:25:44,45.7730049,21.2393365,46.58,iulius_airport,car,1,synthetic_gps
2026-05-21 08:25:45,45.772989,21.2393294,54.58,iulius_airport,car,1,synthetic_gps
2026-05-21 08:25:46,45.7728463,21.2393111,46.58,iulius_airport,car,1,synthetic_gps
2026-05-21 08:25:47,45.7730079,21.2393908,46.08,iulius_airport,car,1,synthetic_gps
2026-05-21 08:25:48,45.7729958,21.2393868,38.08,iulius_airport,car,1,synthetic_gps
2026-05-21 08:25:49,45.7728664,21.2394739,43.99,iulius_airport,car,1,synthetic_gps
2026-05-21 08:25:50,45.7729579,21.2393527,48.83,iulius_airport,car,1,synthetic_gps
2026-05-21 08:25:51,45.772922,21.2394464,45.1,iulius_airport,car,1,synthetic_gps
2026-05-21 08:25:52,45.7730096,21.23957,37.1,iulius_airport,car,1,synthetic_gps
2026-05-21 08:25:53,45.7729029,21.2393995,45.1,iulius_airport,car,1,synthetic_gps
2026-05-21 08:25:54,45.7729123,21.2396299,49.17,iulius_airport,car,1,synthetic_gps
2026-05-21 08:25:55,45.7729881,21.2396185,57.17,iulius_airport,car,1,synthetic_gps
2026-05-21 08:25:56,45.7729494,21.2396972,49.17,iulius_airport,car,1,synthetic_gps
2026-05-21 08:25:57,45.7729798,21.239705,41.17,iulius_airport,car,1,synthetic_gps
2026-05-21 08:25:58,45.7729816,21.2396655,49.17,iulius_airport,car,1,synthetic_gps
2026-05-21 08:25:59,45.7729328,21.2397307,51.64,iulius_airport,car,1,synthetic_gps
2026-05-21 08:26:00,45.7729141,21.2396337,43.64,iulius_airport,car,1,synthetic_gps
2026-05-21 08:26:01,45.7729997,21.2398049,35.64,iulius_airport,car,1,synthetic_gps
2026-05-21 08:26:02,45.7730545,21.2397635,35.72,iulius_airport,car,1,synthetic_gps
2026-05-21 08:26:03,45.7730508,21.2399066,43.72,iulius_airport,car,1,synthetic_gps
2026-05-21 08:26:04,45.7730722,21.2398803,35.72,iulius_airport,car,1,synthetic_gps
2026-05-21 08:26:05,45.7729792,21.2398901,43.72,iulius_airport,car,1,synthetic_gps
2026-05-21 08:26:06,45.7730611,21.2400235,51.72,iulius_airport,car,1,synthetic_gps
2026-05-21 08:26:07,45.773099,21.2399551,43.72,iulius_airport,car,1,synthetic_gps
2026-05-21 08:26:08,45.772997,21.2400385,35.72,iulius_airport,car,1,synthetic_gps
2026-05-21 08:26:09,45.7730633,21.2400569,41.57,iulius_airport,car,1,synthetic_gps
2026-05-21 08:26:10,45.7730274,21.2400896,40.76,iulius_airport,car,1,synthetic_gps
2026-05-21 08:26:11,45.7730592,21.240076,32.76,iulius_airport,car,1,synthetic_gps
2026-05-21 08:26:12,45.772975,21.2400987,28.59,iulius_airport,car,1,synthetic_gps
2026-05-21 08:26:13,45.7730586,21.240144,20.59,iulius_airport,car,1,synthetic_gps
2026-05-21 08:26:14,45.7730879,21.2401346,28.59,iulius_airport,car,1,synthetic_gps
2026-05-21 08:26:15,45.7730829,21.240162,36.59,iulius_airport,car,1,synthetic_gps
2026-05-21 08:26:16,45.7729994,21.24023,44.59,iulius_airport,car,1,synthetic_gps
2026-05-21 08:26:17,45.7730705,21.2403003,36.59,iulius_airport,car,1,synthetic_gps
2026-05-21 08:26:18,45.7731352,21.2403044,44.59,iulius_airport,car,1,synthetic_gps
2026-05-21 08:26:19,45.7731258,21.2402586,42.12,iulius_airport,car,1,synthetic_gps
2026-05-21 08:26:20,45.7730894,21.2404017,50.12,iulius_airport,car,1,synthetic_gps
2026-05-21 08:26:21,45.7731177,21.2403258,50.46,iulius_airport,car,1,synthetic_gps
2026-05-21 08:26:22,45.7730117,21.2403608,51.6,iulius_airport,car,1,synthetic_gps
2026-05-21 08:26:23,45.7730234,21.2404952,43.6,iulius_airport,car,1,synthetic_gps
2026-05-21 08:26:24,45.7730393,21.240429,51.6,iulius_airport,car,1,synthetic_gps
2026-05-21 08:26:25,45.7731183,21.2405403,43.6,iulius_airport,car,1,synthetic_gps
2026-05-21 08:26:26,45.7732182,21.2405696,51.6,iulius_airport,car,1,synthetic_gps
2026-05-21 08:26:27,45.7731304,21.2404666,53.98,iulius_airport,car,1,synthetic_gps
2026-05-21 08:26:28,45.7730965,21.2406148,54.88,iulius_airport,car,1,synthetic_gps
2026-05-21 08:26:29,45.7731431,21.2404457,46.88,iulius_airport,car,1,synthetic_gps
2026-05-21 08:26:30,45.7731444,21.2406491,42.43,iulius_airport,car,1,synthetic_gps
2026-05-21 08:26:31,45.7730838,21.2405344,44.19,iulius_airport,car,1,synthetic_gps
2026-05-21 08:26:32,45.7731425,21.2406028,36.19,iulius_airport,car,1,synthetic_gps
2026-05-21 08:26:33,45.7731325,21.2406999,44.19,iulius_airport,car,1,synthetic_gps
2026-05-21 08:26:34,45.7731323,21.2408015,49.35,iulius_airport,car,1,synthetic_gps
2026-05-21 08:26:35,45.7731953,21.2407384,57.35,iulius_airport,car,1,synthetic_gps
2026-05-21 08:26:36,45.7731897,21.2407605,49.35,iulius_airport,car,1,synthetic_gps
2026-05-21 08:26:37,45.773257,21.2409082,41.35,iulius_airport,car,1,synthetic_gps
2026-05-21 08:26:38,45.7732493,21.2408265,49.35,iulius_airport,car,1,synthetic_gps
2026-05-21 08:26:39,45.7732627,21.2408333,57.35,iulius_airport,car,1,synthetic_gps
2026-05-21 08:26:40,45.773151,21.2409551,65.35,iulius_airport,car,1,synthetic_gps
2026-05-21 08:26:41,45.7732037,21.240938,57.35,iulius_airport,car,1,synthetic_gps
2026-05-21 08:26:42,45.7733138,21.2409642,65.35,iulius_airport,car,1,synthetic_gps
2026-05-21 08:26:43,45.7731865,21.2410175,57.35,iulius_airport,car,1,synthetic_gps
2026-05-21 08:26:44,45.7731942,21.240946,57.27,iulius_airport,car,1,synthetic_gps
2026-05-21 08:26:45,45.7731554,21.2410593,49.27,iulius_airport,car,1,synthetic_gps
2026-05-21 08:26:46,45.7732914,21.2410206,41.27,iulius_airport,car,1,synthetic_gps
2026-05-21 08:26:47,45.7732449,21.2410379,49.27,iulius_airport,car,1,synthetic_gps
2026-05-21 08:26:48,45.7732714,21.241153,50.83,iulius_airport,car,1,synthetic_gps
2026-05-21 08:26:49,45.7732527,21.2411976,46.71,iulius_airport,car,1,synthetic_gps
2026-05-21 08:26:50,45.7731722,21.2411194,45.99,iulius_airport,car,1,synthetic_gps
2026-05-21 08:26:51,45.7732516,21.2412195,48.5,iulius_airport,car,1,synthetic_gps
2026-05-21 08:26:52,45.7732903,21.2412562,48.6,iulius_airport,car,1,synthetic_gps
2026-05-21 08:26:53,45.7732725,21.241286,40.6,iulius_airport,car,1,synthetic_gps
2026-05-21 08:26:54,45.7731298,21.241306,48.6,iulius_airport,car,1,synthetic_gps
2026-05-21 08:26:55,45.7733001,21.2414221,43.47,iulius_airport,car,1,synthetic_gps
2026-05-21 08:26:56,45.7732856,21.2414009,51.47,iulius_airport,car,1,synthetic_gps
2026-05-21 08:26:57,45.7733263,21.2413736,43.47,iulius_airport,car,1,synthetic_gps
2026-05-21 08:26:58,45.7733622,21.2414842,35.47,iulius_airport,car,1,synthetic_gps
2026-05-21 08:26:59,45.7733851,21.2414309,33.37,iulius_airport,car,1,synthetic_gps
2026-05-21 08:27:00,45.7732616,21.2414218,28.65,iulius_airport,car,1,synthetic_gps
2026-05-21 08:27:01,45.7733397,21.2413846,31.47,iulius_airport,car,1,synthetic_gps
2026-05-21 08:27:02,45.773315,21.2415215,39.47,iulius_airport,car,1,synthetic_gps
2026-05-21 08:27:03,45.7733634,21.2416081,47.47,iulius_airport,car,1,synthetic_gps
2026-05-21 08:27:04,45.7732537,21.2415675,39.47,iulius_airport,car,1,synthetic_gps
2026-05-21 08:27:05,45.7734403,21.2417519,31.47,iulius_airport,car,1,synthetic_gps
2026-05-21 08:27:06,45.7732535,21.2415982,39.09,iulius_airport,car,1,synthetic_gps
2026-05-21 08:27:07,45.7732858,21.241766,36.64,iulius_airport,car,1,synthetic_gps
2026-05-21 08:27:08,45.7733281,21.2416105,35.05,iulius_airport,car,1,synthetic_gps
2026-05-21 08:27:09,45.7734155,21.241766,27.05,iulius_airport,car,1,synthetic_gps
2026-05-21 08:27:10,45.77329,21.2418268,35.05,iulius_airport,car,1,synthetic_gps
2026-05-21 08:27:11,45.7733529,21.2417126,27.05,iulius_airport,car,1,synthetic_gps
2026-05-21 08:27:12,45.7733423,21.241769,35.05,iulius_airport,car,1,synthetic_gps
2026-05-21 08:27:13,45.7733634,21.2418143,27.05,iulius_airport,car,1,synthetic_gps
2026-05-21 08:27:14,45.7733001,21.2419408,35.05,iulius_airport,car,1,synthetic_gps
2026-05-21 08:27:15,45.7733649,21.2418452,27.57,iulius_airport,car,1,synthetic_gps
2026-05-21 08:27:16,45.7734903,21.2418803,35.57,iulius_airport,car,1,synthetic_gps
2026-05-21 08:27:17,45.7734942,21.2420109,43.57,iulius_airport,car,1,synthetic_gps
2026-05-21 08:27:18,45.7734536,21.2419749,47.41,iulius_airport,car,1,synthetic_gps
2026-05-21 08:27:19,45.7734462,21.2420042,39.41,iulius_airport,car,1,synthetic_gps
2026-05-21 08:27:20,45.773407,21.2419006,47.41,iulius_airport,car,1,synthetic_gps
2026-05-21 08:27:21,45.7734209,21.2420524,39.41,iulius_airport,car,1,synthetic_gps
2026-05-21 08:27:22,45.7734463,21.2420803,47.41,iulius_airport,car,1,synthetic_gps
2026-05-21 08:27:23,45.7733575,21.2420265,39.41,iulius_airport,car,1,synthetic_gps
2026-05-21 08:27:24,45.7734992,21.2422269,31.41,iulius_airport,car,1,synthetic_gps
2026-05-21 08:27:25,45.7734096,21.2422767,39.41,iulius_airport,car,1,synthetic_gps
2026-05-21 08:27:26,45.7733966,21.2422713,47.41,iulius_airport,car,1,synthetic_gps
2026-05-21 08:27:27,45.7733915,21.2422737,43.94,iulius_airport,car,1,synthetic_gps
2026-05-21 08:27:28,45.773578,21.2421767,38.73,iulius_airport,car,1,synthetic_gps
2026-05-21 08:27:29,45.7733587,21.2423716,46.73,iulius_airport,car,1,synthetic_gps
2026-05-21 08:27:30,45.7734588,21.2422867,51.38,iulius_airport,car,1,synthetic_gps
2026-05-21 08:27:31,45.7735631,21.2423575,43.38,iulius_airport,car,1,synthetic_gps
2026-05-21 08:27:32,45.7734448,21.242442,35.38,iulius_airport,car,1,synthetic_gps
2026-05-21 08:27:33,45.7734413,21.2423945,41.64,iulius_airport,car,1,synthetic_gps
2026-05-21 08:27:34,45.7734436,21.2424084,49.64,iulius_airport,car,1,synthetic_gps
2026-05-21 08:27:35,45.7735646,21.2424835,43.35,iulius_airport,car,1,synthetic_gps
2026-05-21 08:27:36,45.7734807,21.2425097,51.35,iulius_airport,car,1,synthetic_gps
2026-05-21 08:27:37,45.7735281,21.2425877,44.71,iulius_airport,car,1,synthetic_gps
2026-05-21 08:27:38,45.7734473,21.2425606,36.71,iulius_airport,car,1,synthetic_gps
2026-05-21 08:27:39,45.7736061,21.2424812,44.71,iulius_airport,car,1,synthetic_gps
2026-05-21 08:27:40,45.7734972,21.2426807,48.82,iulius_airport,car,1,synthetic_gps
2026-05-21 08:27:41,45.7735112,21.2426036,45.31,iulius_airport,car,1,synthetic_gps
2026-05-21 08:27:42,45.7734497,21.2427578,42.12,iulius_airport,car,1,synthetic_gps
2026-05-21 08:27:43,45.7735608,21.2427123,46.56,iulius_airport,car,1,synthetic_gps
2026-05-21 08:27:44,45.7735985,21.2428698,38.56,iulius_airport,car,1,synthetic_gps
2026-05-21 08:27:45,45.7734247,21.2428242,46.56,iulius_airport,car,1,synthetic_gps
2026-05-21 08:27:46,45.7736655,21.2428962,38.56,iulius_airport,car,1,synthetic_gps
2026-05-21 08:27:47,45.7737387,21.2429713,46.56,iulius_airport,car,1,synthetic_gps
2026-05-21 08:27:48,45.7735984,21.2430482,49.57,iulius_airport,car,1,synthetic_gps
2026-05-21 08:27:49,45.7736094,21.2429046,53.36,iulius_airport,car,1,synthetic_gps
2026-05-21 08:27:50,45.7735789,21.2429568,56.65,iulius_airport,car,1,synthetic_gps
2026-05-21 08:27:51,45.7735635,21.2430641,48.87,iulius_airport,car,1,synthetic_gps
2026-05-21 08:27:52,45.7736343,21.2430832,40.87,iulius_airport,car,1,synthetic_gps
2026-05-21 08:27:53,45.7735865,21.2431264,44.84,iulius_airport,car,1,synthetic_gps
2026-05-21 08:27:54,45.773635,21.2432706,36.84,iulius_airport,car,1,synthetic_gps
2026-05-21 08:27:55,45.7736664,21.2432215,44.84,iulius_airport,car,1,synthetic_gps
2026-05-21 08:27:56,45.773672,21.2432607,40.17,iulius_airport,car,1,synthetic_gps
2026-05-21 08:27:57,45.7736542,21.243252,48.17,iulius_airport,car,1,synthetic_gps
2026-05-21 08:27:58,45.7736286,21.2432979,40.56,iulius_airport,car,1,synthetic_gps
2026-05-21 08:27:59,45.7737851,21.2433433,39.75,iulius_airport,car,1,synthetic_gps
2026-05-21 08:28:00,45.7737047,21.2434213,47.75,iulius_airport,car,1,synthetic_gps
2026-05-21 08:28:01,45.7736007,21.2435537,39.75,iulius_airport,car,1,synthetic_gps
2026-05-21 08:28:02,45.7736913,21.2434397,47.75,iulius_airport,car,1,synthetic_gps
2026-05-21 08:28:03,45.7736543,21.2434424,39.75,iulius_airport,car,1,synthetic_gps
2026-05-21 08:28:04,45.7737112,21.243597,47.75,iulius_airport,car,1,synthetic_gps
2026-05-21 08:28:05,45.7737038,21.2436201,39.75,iulius_airport,car,1,synthetic_gps
2026-05-21 08:28:06,45.7737141,21.2436594,31.75,iulius_airport,car,1,synthetic_gps
2026-05-21 08:28:07,45.7736726,21.2436534,39.75,iulius_airport,car,1,synthetic_gps
2026-05-21 08:28:08,45.7736713,21.2437763,47.75,iulius_airport,car,1,synthetic_gps
2026-05-21 08:28:09,45.7737064,21.2438642,55.75,iulius_airport,car,1,synthetic_gps
2026-05-21 08:28:10,45.7735915,21.2438354,47.75,iulius_airport,car,1,synthetic_gps
2026-05-21 08:28:11,45.7737027,21.2438173,41.44,iulius_airport,car,1,synthetic_gps
2026-05-21 08:28:12,45.7737562,21.2439932,33.44,iulius_airport,car,1,synthetic_gps
2026-05-21 08:28:13,45.773751,21.2437845,25.44,iulius_airport,car,1,synthetic_gps
2026-05-21 08:28:14,45.7737868,21.2440037,33.44,iulius_airport,car,1,synthetic_gps
2026-05-21 08:28:15,45.7737221,21.2439923,41.44,iulius_airport,car,1,synthetic_gps
2026-05-21 08:28:16,45.7738468,21.2440139,33.44,iulius_airport,car,1,synthetic_gps
2026-05-21 08:28:17,45.773672,21.2441237,41.44,iulius_airport,car,1,synthetic_gps
2026-05-21 08:28:18,45.7737854,21.2442345,33.44,iulius_airport,car,1,synthetic_gps
2026-05-21 08:28:19,45.7737726,21.2441199,33.19,iulius_airport,car,1,synthetic_gps
2026-05-21 08:28:20,45.7738304,21.24421,25.19,iulius_airport,car,1,synthetic_gps
2026-05-21 08:28:21,45.773691,21.2441879,33.19,iulius_airport,car,1,synthetic_gps
2026-05-21 08:28:22,45.7737698,21.2441965,25.19,iulius_airport,car,1,synthetic_gps
2026-05-21 08:28:23,45.7739875,21.2443311,33.19,iulius_airport,car,1,synthetic_gps
2026-05-21 08:28:24,45.7737872,21.2443404,41.19,iulius_airport,car,1,synthetic_gps
2026-05-21 08:28:25,45.7737871,21.2443881,33.19,iulius_airport,car,1,synthetic_gps
2026-05-21 08:28:26,45.7738714,21.2444158,40.47,iulius_airport,car,1,synthetic_gps
2026-05-21 08:28:27,45.7738111,21.2444152,45.07,iulius_airport,car,1,synthetic_gps
2026-05-21 08:28:28,45.773798,21.2445459,52.89,iulius_airport,car,1,synthetic_gps
2026-05-21 08:28:29,45.773829,21.2445345,44.89,iulius_airport,car,1,synthetic_gps
2026-05-21 08:28:30,45.7738533,21.2445315,36.89,iulius_airport,car,1,synthetic_gps
2026-05-21 08:28:31,45.7738929,21.2446463,44.89,iulius_airport,car,1,synthetic_gps
2026-05-21 08:28:32,45.7737297,21.2445925,36.89,iulius_airport,car,1,synthetic_gps
2026-05-21 08:28:33,45.7739053,21.2447469,31.33,iulius_airport,car,1,synthetic_gps
2026-05-21 08:28:34,45.7738442,21.2446742,39.33,iulius_airport,car,1,synthetic_gps
2026-05-21 08:28:35,45.773817,21.2448138,36.01,iulius_airport,car,1,synthetic_gps
2026-05-21 08:28:36,45.7738667,21.2448786,38.33,iulius_airport,car,1,synthetic_gps
2026-05-21 08:28:37,45.7738805,21.2448963,45.02,iulius_airport,car,1,synthetic_gps
2026-05-21 08:28:38,45.7739589,21.2448723,45.58,iulius_airport,car,1,synthetic_gps
2026-05-21 08:28:39,45.7739943,21.2449389,37.58,iulius_airport,car,1,synthetic_gps
2026-05-21 08:28:40,45.7738998,21.2450037,29.58,iulius_airport,car,1,synthetic_gps
2026-05-21 08:28:41,45.7738902,21.2449525,37.58,iulius_airport,car,1,synthetic_gps
2026-05-21 08:28:42,45.7739577,21.2450936,45.58,iulius_airport,car,1,synthetic_gps
2026-05-21 08:28:43,45.7739234,21.2450021,37.66,iulius_airport,car,1,synthetic_gps
2026-05-21 08:28:44,45.7739545,21.2451263,31.78,iulius_airport,car,1,synthetic_gps
2026-05-21 08:28:45,45.7738662,21.2452297,39.78,iulius_airport,car,1,synthetic_gps
2026-05-21 08:28:46,45.7739384,21.245176,31.78,iulius_airport,car,1,synthetic_gps
2026-05-21 08:28:47,45.7740437,21.2452575,34.95,iulius_airport,car,1,synthetic_gps
2026-05-21 08:28:48,45.7739895,21.245339,26.95,iulius_airport,car,1,synthetic_gps
2026-05-21 08:28:49,45.7740484,21.2452855,34.95,iulius_airport,car,1,synthetic_gps
2026-05-21 08:28:50,45.7738901,21.2452304,26.95,iulius_airport,car,1,synthetic_gps
2026-05-21 08:28:51,45.7740542,21.2454478,30.63,iulius_airport,car,1,synthetic_gps
2026-05-21 08:28:52,45.77406,21.2454742,38.63,iulius_airport,car,1,synthetic_gps
2026-05-21 08:28:53,45.7740106,21.2454316,34.86,iulius_airport,car,1,synthetic_gps
2026-05-21 08:28:54,45.7739179,21.2454636,37.11,iulius_airport,car,1,synthetic_gps
2026-05-21 08:28:55,45.7740061,21.2455933,45.11,iulius_airport,car,1,synthetic_gps
2026-05-21 08:28:56,45.773982,21.2455507,42.91,iulius_airport,car,1,synthetic_gps
2026-05-21 08:28:57,45.7740729,21.2455825,46.29,iulius_airport,car,1,synthetic_gps
2026-05-21 08:28:58,45.7739335,21.2456762,50.1,iulius_airport,car,1,synthetic_gps
2026-05-21 08:28:59,45.7740778,21.2456261,42.1,iulius_airport,car,1,synthetic_gps
2026-05-21 08:29:00,45.7740921,21.2456819,50.1,iulius_airport,car,1,synthetic_gps
2026-05-21 08:29:01,45.7741374,21.2456613,42.1,iulius_airport,car,1,synthetic_gps
2026-05-21 08:29:02,45.7740967,21.2458458,50.1,iulius_airport,car,1,synthetic_gps
2026-05-21 08:29:03,45.7740869,21.2457614,42.1,iulius_airport,car,1,synthetic_gps
2026-05-21 08:29:04,45.7739973,21.2458357,34.1,iulius_airport,car,1,synthetic_gps
2026-05-21 08:29:05,45.7739821,21.245797,26.1,iulius_airport,car,1,synthetic_gps
2026-05-21 08:29:06,45.7742351,21.2459058,34.1,iulius_airport,car,1,synthetic_gps
2026-05-21 08:29:07,45.7740683,21.2460316,26.1,iulius_airport,car,1,synthetic_gps
2026-05-21 08:29:08,45.7741877,21.2460033,34.1,iulius_airport,car,1,synthetic_gps
2026-05-21 08:29:09,45.7741361,21.2461668,40.34,iulius_airport,car,1,synthetic_gps
2026-05-21 08:29:10,45.7740249,21.2461724,33.16,iulius_airport,car,1,synthetic_gps
2026-05-21 08:29:11,45.7741402,21.2460943,25.16,iulius_airport,car,1,synthetic_gps
2026-05-21 08:29:12,45.7740485,21.2461629,33.16,iulius_airport,car,1,synthetic_gps
2026-05-21 08:29:13,45.7740516,21.246111,41.16,iulius_airport,car,1,synthetic_gps
2026-05-21 08:29:14,45.7740626,21.2462854,49.16,iulius_airport,car,1,synthetic_gps
2026-05-21 08:29:15,45.7741572,21.2462936,41.16,iulius_airport,car,1,synthetic_gps
2026-05-21 08:29:16,45.7741476,21.2462656,33.16,iulius_airport,car,1,synthetic_gps
2026-05-21 08:29:17,45.7740644,21.2463858,25.16,iulius_airport,car,1,synthetic_gps
2026-05-21 08:29:18,45.7741733,21.2463397,33.16,iulius_airport,car,1,synthetic_gps
2026-05-21 08:29:19,45.7741873,21.2465785,38.96,iulius_airport,car,1,synthetic_gps
2026-05-21 08:29:20,45.7742123,21.2464571,46.96,iulius_airport,car,1,synthetic_gps
2026-05-21 08:29:21,45.7741762,21.2464326,54.96,iulius_airport,car,1,synthetic_gps
2026-05-21 08:29:22,45.7742056,21.2465937,46.96,iulius_airport,car,1,synthetic_gps
2026-05-21 08:29:23,45.7742729,21.2464505,44.27,iulius_airport,car,1,synthetic_gps
2026-05-21 08:29:24,45.7741475,21.246666,49.24,iulius_airport,car,1,synthetic_gps
2026-05-21 08:29:25,45.7742844,21.2466275,41.24,iulius_airport,car,1,synthetic_gps
2026-05-21 08:29:26,45.7741937,21.2467792,33.24,iulius_airport,car,1,synthetic_gps
2026-05-21 08:29:27,45.7742475,21.2467445,41.24,iulius_airport,car,1,synthetic_gps
2026-05-21 08:29:28,45.7742307,21.2468017,49.24,iulius_airport,car,1,synthetic_gps
2026-05-21 08:29:29,45.7742092,21.2467212,41.24,iulius_airport,car,1,synthetic_gps
2026-05-21 08:29:30,45.7742783,21.2468825,49.24,iulius_airport,car,1,synthetic_gps
2026-05-21 08:29:31,45.774113,21.2469537,41.24,iulius_airport,car,1,synthetic_gps
2026-05-21 08:29:32,45.774316,21.2469819,49.24,iulius_airport,car,1,synthetic_gps
2026-05-21 08:29:33,45.774334,21.2469643,57.24,iulius_airport,car,1,synthetic_gps
2026-05-21 08:29:34,45.7743689,21.2470009,65.24,iulius_airport,car,1,synthetic_gps
2026-05-21 08:29:35,45.7742866,21.2470504,57.24,iulius_airport,car,1,synthetic_gps
2026-05-21 08:29:36,45.7743315,21.247016,54.44,iulius_airport,car,1,synthetic_gps
2026-05-21 08:29:37,45.7743784,21.247165,47.48,iulius_airport,car,1,synthetic_gps
2026-05-21 08:29:38,45.7743349,21.2471502,48.35,iulius_airport,car,1,synthetic_gps
2026-05-21 08:29:39,45.7743352,21.2472259,52.58,iulius_airport,car,1,synthetic_gps
2026-05-21 08:29:40,45.774257,21.2472159,44.58,iulius_airport,car,1,synthetic_gps
2026-05-21 08:29:41,45.7744179,21.2473495,36.62,iulius_airport,car,1,synthetic_gps
2026-05-21 08:29:42,45.774363,21.2473017,35.81,iulius_airport,car,1,synthetic_gps
2026-05-21 08:29:43,45.7743406,21.2473937,43.81,iulius_airport,car,1,synthetic_gps
2026-05-21 08:29:44,45.774374,21.2473533,35.81,iulius_airport,car,1,synthetic_gps
2026-05-21 08:29:45,45.7743673,21.2475138,27.81,iulius_airport,car,1,synthetic_gps
2026-05-21 08:29:46,45.7744081,21.2474731,35.81,iulius_airport,car,1,synthetic_gps
2026-05-21 08:29:47,45.7743384,21.2475802,32.88,iulius_airport,car,1,synthetic_gps
2026-05-21 08:29:48,45.7742849,21.2476256,40.88,iulius_airport,car,1,synthetic_gps
2026-05-21 08:29:49,45.774382,21.2476542,34.93,iulius_airport,car,1,synthetic_gps
2026-05-21 08:29:50,45.7743713,21.2477533,42.93,iulius_airport,car,1,synthetic_gps
2026-05-21 08:29:51,45.7743999,21.247753,41.68,iulius_airport,car,1,synthetic_gps
2026-05-21 08:29:52,45.774287,21.2477435,36.24,iulius_airport,car,1,synthetic_gps
2026-05-21 08:29:53,45.7743898,21.2477639,44.24,iulius_airport,car,1,synthetic_gps
2026-05-21 08:29:54,45.7744323,21.2478041,45.5,iulius_airport,car,1,synthetic_gps
2026-05-21 08:29:55,45.7743311,21.2478535,37.5,iulius_airport,car,1,synthetic_gps
2026-05-21 08:29:56,45.7743999,21.2478551,45.5,iulius_airport,car,1,synthetic_gps
2026-05-21 08:29:57,45.7743609,21.2479209,52.83,iulius_airport,car,1,synthetic_gps
2026-05-21 08:29:58,45.774453,21.2479163,44.83,iulius_airport,car,1,synthetic_gps
2026-05-21 08:29:59,45.7745247,21.2479703,51.12,iulius_airport,car,1,synthetic_gps
2026-05-21 08:30:00,45.7744853,21.2479899,59.12,iulius_airport,car,1,synthetic_gps
2026-05-21 08:30:01,45.7744708,21.2480724,51.12,iulius_airport,car,1,synthetic_gps
2026-05-21 08:30:02,45.7744768,21.2480712,43.12,iulius_airport,car,1,synthetic_gps
2026-05-21 08:30:03,45.774472,21.2481683,35.12,iulius_airport,car,1,synthetic_gps
2026-05-21 08:30:04,45.7744483,21.2482013,27.12,iulius_airport,car,1,synthetic_gps
2026-05-21 08:30:05,45.774584,21.2481679,29.27,iulius_airport,car,1,synthetic_gps
2026-05-21 08:30:06,45.774463,21.2482302,32.92,iulius_airport,car,1,synthetic_gps
2026-05-21 08:30:07,45.7744712,21.2483454,40.92,iulius_airport,car,1,synthetic_gps
2026-05-21 08:30:08,45.7745464,21.2483488,33.39,iulius_airport,car,1,synthetic_gps
2026-05-21 08:30:09,45.7745166,21.2485032,39.79,iulius_airport,car,1,synthetic_gps
2026-05-21 08:30:10,45.7745081,21.2483648,42.81,iulius_airport,car,1,synthetic_gps
2026-05-21 08:30:11,45.7744966,21.2485077,50.81,iulius_airport,car,1,synthetic_gps
2026-05-21 08:30:12,45.7745809,21.2485141,42.81,iulius_airport,car,1,synthetic_gps
2026-05-21 08:30:13,45.7745502,21.2484663,50.81,iulius_airport,car,1,synthetic_gps
2026-05-21 08:30:14,45.774493,21.248582,56.59,iulius_airport,car,1,synthetic_gps
2026-05-21 08:30:15,45.7744976,21.2486482,48.59,iulius_airport,car,1,synthetic_gps
2026-05-21 08:30:16,45.7745731,21.2486638,56.59,iulius_airport,car,1,synthetic_gps
2026-05-21 08:30:17,45.7745834,21.2486555,48.59,iulius_airport,car,1,synthetic_gps
2026-05-21 08:30:18,45.7745088,21.2487354,56.59,iulius_airport,car,1,synthetic_gps
2026-05-21 08:30:19,45.7745903,21.248706,48.59,iulius_airport,car,1,synthetic_gps
2026-05-21 08:30:20,45.7745142,21.2487746,48.2,iulius_airport,car,1,synthetic_gps
2026-05-21 08:30:21,45.7746884,21.2487691,40.2,iulius_airport,car,1,synthetic_gps
2026-05-21 08:30:22,45.774505,21.2488127,32.2,iulius_airport,car,1,synthetic_gps
2026-05-21 08:30:23,45.7745363,21.2489196,24.2,iulius_airport,car,1,synthetic_gps
2026-05-21 08:30:24,45.7746082,21.24902,32.2,iulius_airport,car,1,synthetic_gps
2026-05-21 08:30:25,45.7747301,21.2488741,40.2,iulius_airport,car,1,synthetic_gps
2026-05-21 08:30:26,45.7744655,21.2490928,48.2,iulius_airport,car,1,synthetic_gps
2026-05-21 08:30:27,45.7746404,21.2491039,56.2,iulius_airport,car,1,synthetic_gps
2026-05-21 08:30:28,45.774697,21.2490969,49.66,iulius_airport,car,1,synthetic_gps
2026-05-21 08:30:29,45.7746851,21.2492165,57.66,iulius_airport,car,1,synthetic_gps
2026-05-21 08:30:30,45.7745886,21.2491545,49.66,iulius_airport,car,1,synthetic_gps
2026-05-21 08:30:31,45.7745668,21.2491822,41.66,iulius_airport,car,1,synthetic_gps
2026-05-21 08:30:32,45.7746071,21.2493411,33.66,iulius_airport,car,1,synthetic_gps
2026-05-21 08:30:33,45.7745312,21.2492596,36.36,iulius_airport,car,1,synthetic_gps
2026-05-21 08:30:34,45.7746939,21.2492774,32.5,iulius_airport,car,1,synthetic_gps
2026-05-21 08:30:35,45.7746556,21.2494015,40.5,iulius_airport,car,1,synthetic_gps
2026-05-21 08:30:36,45.7746642,21.2493411,32.5,iulius_airport,car,1,synthetic_gps
2026-05-21 08:30:37,45.7746552,21.2493806,40.5,iulius_airport,car,1,synthetic_gps
2026-05-21 08:30:38,45.7747289,21.2494845,48.5,iulius_airport,car,1,synthetic_gps
2026-05-21 08:30:39,45.774744,21.2495847,41.35,iulius_airport,car,1,synthetic_gps
2026-05-21 08:30:40,45.7746513,21.2495756,33.35,iulius_airport,car,1,synthetic_gps
2026-05-21 08:30:41,45.7747563,21.2495763,41.35,iulius_airport,car,1,synthetic_gps
2026-05-21 08:30:42,45.77465,21.2496489,49.35,iulius_airport,car,1,synthetic_gps
2026-05-21 08:30:43,45.7746546,21.2496155,55.97,iulius_airport,car,1,synthetic_gps
2026-05-21 08:30:44,45.7747842,21.2497559,47.97,iulius_airport,car,1,synthetic_gps
2026-05-21 08:30:45,45.7747485,21.2495963,44.92,iulius_airport,car,1,synthetic_gps
2026-05-21 08:30:46,45.7747166,21.2498589,52.92,iulius_airport,car,1,synthetic_gps
2026-05-21 08:30:47,45.7747195,21.2497697,44.92,iulius_airport,car,1,synthetic_gps
2026-05-21 08:30:48,45.7747057,21.249826,36.92,iulius_airport,car,1,synthetic_gps
2026-05-21 08:30:49,45.7748507,21.2499004,42.51,iulius_airport,car,1,synthetic_gps
2026-05-21 08:30:50,45.7747935,21.2498694,41.23,iulius_airport,car,1,synthetic_gps
2026-05-21 08:30:51,45.774701,21.2500366,39.93,iulius_airport,car,1,synthetic_gps
2026-05-21 08:30:52,45.7748227,21.2499188,47.93,iulius_airport,car,1,synthetic_gps
2026-05-21 08:30:53,45.7747618,21.2500819,39.93,iulius_airport,car,1,synthetic_gps
2026-05-21 08:30:54,45.7748321,21.2500998,43.58,iulius_airport,car,1,synthetic_gps
2026-05-21 08:30:55,45.774886,21.2501642,51.58,iulius_airport,car,1,synthetic_gps
2026-05-21 08:30:56,45.7748315,21.2501423,43.58,iulius_airport,car,1,synthetic_gps
2026-05-21 08:30:57,45.7749374,21.2501475,51.58,iulius_airport,car,1,synthetic_gps
2026-05-21 08:30:58,45.7748034,21.2501419,59.58,iulius_airport,car,1,synthetic_gps
2026-05-21 08:30:59,45.7748946,21.2502512,56.8,iulius_airport,car,1,synthetic_gps
2026-05-21 08:31:00,45.7748809,21.2503856,51.61,iulius_airport,car,1,synthetic_gps
2026-05-21 08:31:01,45.77484,21.2503252,43.61,iulius_airport,car,1,synthetic_gps
2026-05-21 08:31:02,45.7747289,21.2502502,35.61,iulius_airport,car,1,synthetic_gps
2026-05-21 08:31:03,45.774831,21.2503611,43.61,iulius_airport,car,1,synthetic_gps
2026-05-21 08:31:04,45.7748223,21.2505491,51.61,iulius_airport,car,1,synthetic_gps
2026-05-21 08:31:05,45.7748195,21.2505604,43.61,iulius_airport,car,1,synthetic_gps
2026-05-21 08:31:06,45.7748487,21.2505414,44.1,iulius_airport,car,1,synthetic_gps
2026-05-21 08:31:07,45.7750325,21.2506864,36.1,iulius_airport,car,1,synthetic_gps
2026-05-21 08:31:08,45.7748677,21.2507956,36.2,iulius_airport,car,1,synthetic_gps
2026-05-21 08:31:09,45.7748623,21.250589,44.2,iulius_airport,car,1,synthetic_gps
2026-05-21 08:31:10,45.7749072,21.2506787,36.2,iulius_airport,car,1,synthetic_gps
2026-05-21 08:31:11,45.7748973,21.2508435,44.2,iulius_airport,car,1,synthetic_gps
2026-05-21 08:31:12,45.7749892,21.2507869,36.2,iulius_airport,car,1,synthetic_gps
2026-05-21 08:31:13,45.7748576,21.2508735,44.2,iulius_airport,car,1,synthetic_gps
2026-05-21 08:31:14,45.7749736,21.2508814,36.2,iulius_airport,car,1,synthetic_gps
2026-05-21 08:31:15,45.7749426,21.2508759,40.53,iulius_airport,car,1,synthetic_gps
2026-05-21 08:31:16,45.7749445,21.2509498,48.53,iulius_airport,car,1,synthetic_gps
2026-05-21 08:31:17,45.7749738,21.2508931,40.53,iulius_airport,car,1,synthetic_gps
2026-05-21 08:31:18,45.7749656,21.2511041,40.59,iulius_airport,car,1,synthetic_gps
2026-05-21 08:31:19,45.7749521,21.2510455,43.65,iulius_airport,car,1,synthetic_gps
2026-05-21 08:31:20,45.7748692,21.2510906,35.65,iulius_airport,car,1,synthetic_gps
2026-05-21 08:31:21,45.7749766,21.2511171,32.61,iulius_airport,car,1,synthetic_gps
2026-05-21 08:31:22,45.7749839,21.2512074,40.61,iulius_airport,car,1,synthetic_gps
2026-05-21 08:31:23,45.7749909,21.2511517,32.61,iulius_airport,car,1,synthetic_gps
2026-05-21 08:31:24,45.7750699,21.251215,40.61,iulius_airport,car,1,synthetic_gps
2026-05-21 08:31:25,45.7750433,21.2513085,48.61,iulius_airport,car,1,synthetic_gps
2026-05-21 08:31:26,45.7749616,21.2512904,56.61,iulius_airport,car,1,synthetic_gps
2026-05-21 08:31:27,45.7750524,21.2513893,48.61,iulius_airport,car,1,synthetic_gps
2026-05-21 08:31:28,45.775085,21.2513878,40.61,iulius_airport,car,1,synthetic_gps
2026-05-21 08:31:29,45.7750299,21.2513485,48.61,iulius_airport,car,1,synthetic_gps
2026-05-21 08:31:30,45.7750321,21.2514519,56.61,iulius_airport,car,1,synthetic_gps
2026-05-21 08:31:31,45.7750346,21.2515849,48.61,iulius_airport,car,1,synthetic_gps
2026-05-21 08:31:32,45.7749875,21.2516099,56.61,iulius_airport,car,1,synthetic_gps
2026-05-21 08:31:33,45.7750568,21.25156,59.53,iulius_airport,car,1,synthetic_gps
2026-05-21 08:31:34,45.775026,21.2516234,51.53,iulius_airport,car,1,synthetic_gps
2026-05-21 08:31:35,45.7750416,21.2516777,43.53,iulius_airport,car,1,synthetic_gps
2026-05-21 08:31:36,45.7750698,21.251755,51.53,iulius_airport,car,1,synthetic_gps
2026-05-21 08:31:37,45.7750131,21.2517034,43.53,iulius_airport,car,1,synthetic_gps
2026-05-21 08:31:38,45.7751175,21.2517482,46.62,iulius_airport,car,1,synthetic_gps
2026-05-21 08:31:39,45.7750296,21.2518251,38.62,iulius_airport,car,1,synthetic_gps
2026-05-21 08:31:40,45.7751119,21.2518395,46.62,iulius_airport,car,1,synthetic_gps
2026-05-21 08:31:41,45.7751254,21.2520136,38.62,iulius_airport,car,1,synthetic_gps
2026-05-21 08:31:42,45.7750497,21.2519592,32.88,iulius_airport,car,1,synthetic_gps
2026-05-21 08:31:43,45.7750842,21.2520287,24.88,iulius_airport,car,1,synthetic_gps
2026-05-21 08:31:44,45.7752099,21.2519378,16.88,iulius_airport,car,1,synthetic_gps
2026-05-21 08:31:45,45.7752833,21.2521732,24.88,iulius_airport,car,1,synthetic_gps
2026-05-21 08:31:46,45.7751657,21.2520949,32.88,iulius_airport,car,1,synthetic_gps
2026-05-21 08:31:47,45.7751246,21.2521274,40.79,iulius_airport,car,1,synthetic_gps
2026-05-21 08:31:48,45.7750798,21.2521865,33.02,iulius_airport,car,1,synthetic_gps
2026-05-21 08:31:49,45.775168,21.252136,41.02,iulius_airport,car,1,synthetic_gps
2026-05-21 08:31:50,45.775236,21.2522524,49.02,iulius_airport,car,1,synthetic_gps
2026-05-21 08:31:51,45.7751313,21.2522229,57.02,iulius_airport,car,1,synthetic_gps
2026-05-21 08:31:52,45.7751055,21.2522927,49.02,iulius_airport,car,1,synthetic_gps
2026-05-21 08:31:53,45.7751789,21.2522336,57.02,iulius_airport,car,1,synthetic_gps
2026-05-21 08:31:54,45.7752079,21.2523526,49.02,iulius_airport,car,1,synthetic_gps
2026-05-21 08:31:55,45.7752176,21.2524539,41.02,iulius_airport,car,1,synthetic_gps
2026-05-21 08:31:56,45.7752482,21.2525703,49.02,iulius_airport,car,1,synthetic_gps
2026-05-21 08:31:57,45.7752746,21.2524918,41.02,iulius_airport,car,1,synthetic_gps
2026-05-21 08:31:58,45.7751858,21.2525331,33.76,iulius_airport,car,1,synthetic_gps
2026-05-21 08:31:59,45.7752024,21.2526479,41.76,iulius_airport,car,1,synthetic_gps
2026-05-21 08:32:00,45.7752147,21.2526276,33.76,iulius_airport,car,1,synthetic_gps
2026-05-21 08:32:01,45.7751659,21.2526994,41.76,iulius_airport,car,1,synthetic_gps
2026-05-21 08:32:02,45.7753254,21.2528107,38.35,iulius_airport,car,1,synthetic_gps
2026-05-21 08:32:03,45.7752085,21.2527549,46.35,iulius_airport,car,1,synthetic_gps
2026-05-21 08:32:04,45.7752231,21.252737,38.35,iulius_airport,car,1,synthetic_gps
2026-05-21 08:32:05,45.7752304,21.2527726,44.27,iulius_airport,car,1,synthetic_gps
2026-05-21 08:32:06,45.7752378,21.2529659,47.97,iulius_airport,car,1,synthetic_gps
2026-05-21 08:32:07,45.775252,21.2529201,55.97,iulius_airport,car,1,synthetic_gps
2026-05-21 08:32:08,45.7752206,21.2528875,47.97,iulius_airport,car,1,synthetic_gps
2026-05-21 08:32:09,45.7754146,21.2530812,55.97,iulius_airport,car,1,synthetic_gps
2026-05-21 08:32:10,45.7752625,21.2530464,47.97,iulius_airport,car,1,synthetic_gps
2026-05-21 08:32:11,45.7753012,21.2531477,46.55,iulius_airport,car,1,synthetic_gps
2026-05-21 08:32:12,45.7752666,21.253209,54.55,iulius_airport,car,1,synthetic_gps
2026-05-21 08:32:13,45.7752797,21.2531704,46.55,iulius_airport,car,1,synthetic_gps
2026-05-21 08:32:14,45.7752947,21.2531059,38.55,iulius_airport,car,1,synthetic_gps
2026-05-21 08:32:15,45.7754931,21.2532229,30.55,iulius_airport,car,1,synthetic_gps
2026-05-21 08:32:16,45.7753745,21.2531706,38.55,iulius_airport,car,1,synthetic_gps
2026-05-21 08:32:17,45.7753961,21.2533395,44.35,iulius_airport,car,1,synthetic_gps
2026-05-21 08:32:18,45.7753797,21.2533519,43.19,iulius_airport,car,1,synthetic_gps
2026-05-21 08:32:19,45.7753815,21.2532843,35.19,iulius_airport,car,1,synthetic_gps
2026-05-21 08:32:20,45.7753766,21.2533418,43.19,iulius_airport,car,1,synthetic_gps
2026-05-21 08:32:21,45.7753681,21.2534997,51.19,iulius_airport,car,1,synthetic_gps
2026-05-21 08:32:22,45.7753795,21.2533799,43.19,iulius_airport,car,1,synthetic_gps
2026-05-21 08:32:23,45.7753241,21.2535859,35.19,iulius_airport,car,1,synthetic_gps
2026-05-21 08:32:24,45.7753837,21.2534527,43.19,iulius_airport,car,1,synthetic_gps
2026-05-21 08:32:25,45.7754083,21.2535557,42.92,iulius_airport,car,1,synthetic_gps
2026-05-21 08:32:26,45.7753403,21.2536637,50.92,iulius_airport,car,1,synthetic_gps
2026-05-21 08:32:27,45.7755657,21.2536843,58.92,iulius_airport,car,1,synthetic_gps
2026-05-21 08:32:28,45.7755527,21.2536996,50.92,iulius_airport,car,1,synthetic_gps
2026-05-21 08:32:29,45.775376,21.2537237,42.92,iulius_airport,car,1,synthetic_gps
2026-05-21 08:32:30,45.7753992,21.2538673,34.92,iulius_airport,car,1,synthetic_gps
2026-05-21 08:32:31,45.7754843,21.2538656,26.92,iulius_airport,car,1,synthetic_gps
2026-05-21 08:32:32,45.7754983,21.2538371,34.92,iulius_airport,car,1,synthetic_gps
2026-05-21 08:32:33,45.7755422,21.2540088,36.86,iulius_airport,car,1,synthetic_gps
2026-05-21 08:32:34,45.775513,21.2539727,44.86,iulius_airport,car,1,synthetic_gps
2026-05-21 08:32:35,45.7754711,21.2539674,52.86,iulius_airport,car,1,synthetic_gps
2026-05-21 08:32:36,45.775534,21.2540046,60.86,iulius_airport,car,1,synthetic_gps
2026-05-21 08:32:37,45.7755038,21.2540223,68.86,iulius_airport,car,1,synthetic_gps
2026-05-21 08:32:38,45.7755725,21.2540011,60.86,iulius_airport,car,1,synthetic_gps
2026-05-21 08:32:39,45.7754978,21.2541437,55.18,iulius_airport,car,1,synthetic_gps
2026-05-21 08:32:40,45.7754667,21.2540812,47.18,iulius_airport,car,1,synthetic_gps
2026-05-21 08:32:41,45.7755072,21.2541508,39.18,iulius_airport,car,1,synthetic_gps
2026-05-21 08:32:42,45.7754599,21.2542056,47.18,iulius_airport,car,1,synthetic_gps
2026-05-21 08:32:43,45.775558,21.2542533,39.18,iulius_airport,car,1,synthetic_gps
2026-05-21 08:32:44,45.7756231,21.2543889,31.18,iulius_airport,car,1,synthetic_gps
2026-05-21 08:32:45,45.7755244,21.2543375,39.18,iulius_airport,car,1,synthetic_gps
2026-05-21 08:32:46,45.7755003,21.2543102,37.31,iulius_airport,car,1,synthetic_gps
2026-05-21 08:32:47,45.7755406,21.2544588,31.62,iulius_airport,car,1,synthetic_gps
2026-05-21 08:32:48,45.7755344,21.2544487,37.02,iulius_airport,car,1,synthetic_gps
2026-05-21 08:32:49,45.7755078,21.2544652,45.02,iulius_airport,car,1,synthetic_gps
2026-05-21 08:32:50,45.7755344,21.2546513,37.02,iulius_airport,car,1,synthetic_gps
2026-05-21 08:32:51,45.7755404,21.2545766,45.02,iulius_airport,car,1,synthetic_gps
2026-05-21 08:32:52,45.7754423,21.2546879,37.02,iulius_airport,car,1,synthetic_gps
2026-05-21 08:32:53,45.7756574,21.2546066,29.02,iulius_airport,car,1,synthetic_gps
2026-05-21 08:32:54,45.775476,21.2546591,37.02,iulius_airport,car,1,synthetic_gps
2026-05-21 08:32:55,45.7755769,21.254841,45.02,iulius_airport,car,1,synthetic_gps
2026-05-21 08:32:56,45.7756326,21.2548249,50.48,iulius_airport,car,1,synthetic_gps
2026-05-21 08:32:57,45.7755155,21.2547903,42.48,iulius_airport,car,1,synthetic_gps
2026-05-21 08:32:58,45.7756466,21.2547816,34.48,iulius_airport,car,1,synthetic_gps
2026-05-21 08:32:59,45.7756869,21.254929,42.48,iulius_airport,car,1,synthetic_gps
2026-05-21 08:33:00,45.7755667,21.2549468,50.48,iulius_airport,car,1,synthetic_gps
2026-05-21 08:33:01,45.7756157,21.2549096,42.48,iulius_airport,car,1,synthetic_gps
2026-05-21 08:33:02,45.7756311,21.2550249,35.08,iulius_airport,car,1,synthetic_gps
2026-05-21 08:33:03,45.7757142,21.2551094,43.08,iulius_airport,car,1,synthetic_gps
2026-05-21 08:33:04,45.775658,21.2550722,35.08,iulius_airport,car,1,synthetic_gps
2026-05-21 08:33:05,45.7756733,21.2550642,40.87,iulius_airport,car,1,synthetic_gps
2026-05-21 08:33:06,45.7756495,21.2550093,32.87,iulius_airport,car,1,synthetic_gps
2026-05-21 08:33:07,45.7757113,21.2552147,40.87,iulius_airport,car,1,synthetic_gps
2026-05-21 08:33:08,45.7756382,21.2553344,32.87,iulius_airport,car,1,synthetic_gps
2026-05-21 08:33:09,45.7756387,21.2552794,40.87,iulius_airport,car,1,synthetic_gps
2026-05-21 08:33:10,45.7756608,21.2552983,48.87,iulius_airport,car,1,synthetic_gps
2026-05-21 08:33:11,45.7758025,21.2553657,40.87,iulius_airport,car,1,synthetic_gps
2026-05-21 08:33:12,45.7757512,21.2553328,32.87,iulius_airport,car,1,synthetic_gps
2026-05-21 08:33:13,45.7756853,21.2555221,40.87,iulius_airport,car,1,synthetic_gps
2026-05-21 08:33:14,45.7757901,21.2554385,48.87,iulius_airport,car,1,synthetic_gps
2026-05-21 08:33:15,45.7757489,21.255467,40.87,iulius_airport,car,1,synthetic_gps
2026-05-21 08:33:16,45.7757335,21.2555233,32.87,iulius_airport,car,1,synthetic_gps
2026-05-21 08:33:17,45.7757778,21.2556403,24.87,iulius_airport,car,1,synthetic_gps
2026-05-21 08:33:18,45.7758089,21.255685,32.87,iulius_airport,car,1,synthetic_gps
2026-05-21 08:33:19,45.7757691,21.2556266,35.26,iulius_airport,car,1,synthetic_gps
2026-05-21 08:33:20,45.7757998,21.2556823,27.26,iulius_airport,car,1,synthetic_gps
2026-05-21 08:33:21,45.7757875,21.2557269,32.11,iulius_airport,car,1,synthetic_gps
2026-05-21 08:33:22,45.7758132,21.2557555,40.11,iulius_airport,car,1,synthetic_gps
2026-05-21 08:33:23,45.7758048,21.255832,48.11,iulius_airport,car,1,synthetic_gps
2026-05-21 08:33:24,45.7757229,21.2559205,40.11,iulius_airport,car,1,synthetic_gps
2026-05-21 08:33:25,45.7758412,21.25592,45.59,iulius_airport,car,1,synthetic_gps
2026-05-21 08:33:26,45.7759203,21.2560023,53.59,iulius_airport,car,1,synthetic_gps
2026-05-21 08:33:27,45.7757686,21.2559563,45.59,iulius_airport,car,1,synthetic_gps
2026-05-21 08:33:28,45.775798,21.2560968,37.59,iulius_airport,car,1,synthetic_gps
2026-05-21 08:33:29,45.7758271,21.2560462,45.59,iulius_airport,car,1,synthetic_gps
2026-05-21 08:33:30,45.7757564,21.2560401,37.59,iulius_airport,car,1,synthetic_gps
2026-05-21 08:33:31,45.775927,21.2561418,29.59,iulius_airport,car,1,synthetic_gps
2026-05-21 08:33:32,45.7758955,21.2562573,37.59,iulius_airport,car,1,synthetic_gps
2026-05-21 08:33:33,45.7758442,21.2561758,29.59,iulius_airport,car,1,synthetic_gps
2026-05-21 08:33:34,45.775799,21.2562003,37.59,iulius_airport,car,1,synthetic_gps
2026-05-21 08:33:35,45.7758512,21.2563234,41.97,iulius_airport,car,1,synthetic_gps
2026-05-21 08:33:36,45.7758144,21.256379,49.97,iulius_airport,car,1,synthetic_gps
2026-05-21 08:33:37,45.7758272,21.25634,41.97,iulius_airport,car,1,synthetic_gps
2026-05-21 08:33:38,45.7758775,21.2563732,33.97,iulius_airport,car,1,synthetic_gps
2026-05-21 08:33:39,45.7759581,21.2563408,41.97,iulius_airport,car,1,synthetic_gps
2026-05-21 08:33:40,45.7759463,21.2564166,43.9,iulius_airport,car,1,synthetic_gps
2026-05-21 08:33:41,45.7758181,21.2563901,35.9,iulius_airport,car,1,synthetic_gps
2026-05-21 08:33:42,45.7759432,21.2565023,39.77,iulius_airport,car,1,synthetic_gps
2026-05-21 08:33:43,45.7758409,21.2566688,37.05,iulius_airport,car,1,synthetic_gps
2026-05-21 08:33:44,45.7760039,21.2565635,45.05,iulius_airport,car,1,synthetic_gps
2026-05-21 08:33:45,45.7758395,21.2565938,40.63,iulius_airport,car,1,synthetic_gps
2026-05-21 08:33:46,45.7758923,21.2566469,32.63,iulius_airport,car,1,synthetic_gps
2026-05-21 08:33:47,45.7759124,21.2567124,40.63,iulius_airport,car,1,synthetic_gps
2026-05-21 08:33:48,45.7757961,21.2567494,33.42,iulius_airport,car,1,synthetic_gps
2026-05-21 08:33:49,45.7759044,21.2567313,41.42,iulius_airport,car,1,synthetic_gps
2026-05-21 08:33:50,45.7760216,21.2568849,49.42,iulius_airport,car,1,synthetic_gps
2026-05-21 08:33:51,45.7759961,21.256817,41.42,iulius_airport,car,1,synthetic_gps
2026-05-21 08:33:52,45.7760708,21.2568638,33.42,iulius_airport,car,1,synthetic_gps
2026-05-21 08:33:53,45.7760204,21.2569831,33.77,iulius_airport,car,1,synthetic_gps
2026-05-21 08:33:54,45.7759049,21.2569777,41.77,iulius_airport,car,1,synthetic_gps
2026-05-21 08:33:55,45.77611,21.2569742,39.62,iulius_airport,car,1,synthetic_gps
2026-05-21 08:33:56,45.7759964,21.2571121,36.6,iulius_airport,car,1,synthetic_gps
2026-05-21 08:33:57,45.7761091,21.2571818,28.6,iulius_airport,car,1,synthetic_gps
2026-05-21 08:33:58,45.7760929,21.2571494,32.57,iulius_airport,car,1,synthetic_gps
2026-05-21 08:33:59,45.7760296,21.2571086,40.57,iulius_airport,car,1,synthetic_gps
2026-05-21 08:34:00,45.7760961,21.2573097,48.57,iulius_airport,car,1,synthetic_gps
2026-05-21 08:34:01,45.775969,21.2572189,40.57,iulius_airport,car,1,synthetic_gps
2026-05-21 08:34:02,45.7760175,21.257328,32.57,iulius_airport,car,1,synthetic_gps
2026-05-21 08:34:03,45.7760658,21.2573356,24.57,iulius_airport,car,1,synthetic_gps
2026-05-21 08:34:04,45.7761773,21.2572728,19.89,iulius_airport,car,1,synthetic_gps
2026-05-21 08:34:05,45.7761642,21.2574825,27.89,iulius_airport,car,1,synthetic_gps
2026-05-21 08:34:06,45.7760735,21.2573982,32.53,iulius_airport,car,1,synthetic_gps
2026-05-21 08:34:07,45.7761005,21.2575672,39.31,iulius_airport,car,1,synthetic_gps
2026-05-21 08:34:08,45.7760531,21.2575891,47.31,iulius_airport,car,1,synthetic_gps
2026-05-21 08:34:09,45.7761136,21.257565,39.31,iulius_airport,car,1,synthetic_gps
2026-05-21 08:34:10,45.7760974,21.2576473,47.31,iulius_airport,car,1,synthetic_gps
2026-05-21 08:34:11,45.7760227,21.2576737,39.44,iulius_airport,car,1,synthetic_gps
2026-05-21 08:34:12,45.776038,21.2577229,31.44,iulius_airport,car,1,synthetic_gps
2026-05-21 08:34:13,45.7762199,21.2575832,23.44,iulius_airport,car,1,synthetic_gps
2026-05-21 08:34:14,45.7761907,21.2576641,31.44,iulius_airport,car,1,synthetic_gps
2026-05-21 08:34:15,45.7760521,21.2577726,29.77,iulius_airport,car,1,synthetic_gps
2026-05-21 08:34:16,45.776164,21.257796,37.77,iulius_airport,car,1,synthetic_gps
2026-05-21 08:34:17,45.7762428,21.257921,29.77,iulius_airport,car,1,synthetic_gps
2026-05-21 08:34:18,45.7761853,21.2580127,37.77,iulius_airport,car,1,synthetic_gps
2026-05-21 08:34:19,45.7761727,21.258002,40.0,iulius_airport,car,1,synthetic_gps
2026-05-21 08:34:20,45.776238,21.2580537,38.05,iulius_airport,car,1,synthetic_gps
2026-05-21 08:34:21,45.7761795,21.2579936,30.05,iulius_airport,car,1,synthetic_gps
2026-05-21 08:34:22,45.7761887,21.2579906,38.05,iulius_airport,car,1,synthetic_gps
2026-05-21 08:34:23,45.7761506,21.2581073,46.05,iulius_airport,car,1,synthetic_gps
2026-05-21 08:34:24,45.7761267,21.2581384,41.54,iulius_airport,car,1,synthetic_gps
2026-05-21 08:34:25,45.7762338,21.2582105,47.72,iulius_airport,car,1,synthetic_gps
2026-05-21 08:34:26,45.7762534,21.2582675,55.72,iulius_airport,car,1,synthetic_gps
2026-05-21 08:34:27,45.7760896,21.2581671,47.72,iulius_airport,car,1,synthetic_gps
2026-05-21 08:34:28,45.7761758,21.2583884,50.97,iulius_airport,car,1,synthetic_gps
2026-05-21 08:34:29,45.7763011,21.2584249,42.97,iulius_airport,car,1,synthetic_gps
2026-05-21 08:34:30,45.7762518,21.2583554,50.97,iulius_airport,car,1,synthetic_gps
2026-05-21 08:34:31,45.7762414,21.2584233,58.97,iulius_airport,car,1,synthetic_gps
2026-05-21 08:34:32,45.7763383,21.2583667,50.97,iulius_airport,car,1,synthetic_gps
2026-05-21 08:34:33,45.7762427,21.2585533,45.19,iulius_airport,car,1,synthetic_gps
2026-05-21 08:34:34,45.7762012,21.2585344,44.91,iulius_airport,car,1,synthetic_gps
2026-05-21 08:34:35,45.7762887,21.2586325,39.92,iulius_airport,car,1,synthetic_gps
2026-05-21 08:34:36,45.7762009,21.2584971,47.92,iulius_airport,car,1,synthetic_gps
2026-05-21 08:34:37,45.7763114,21.258601,39.92,iulius_airport,car,1,synthetic_gps
2026-05-21 08:34:38,45.7763495,21.2587327,47.92,iulius_airport,car,1,synthetic_gps
2026-05-21 08:34:39,45.776351,21.2587824,39.92,iulius_airport,car,1,synthetic_gps
2026-05-21 08:34:40,45.7763191,21.258806,32.48,iulius_airport,car,1,synthetic_gps
2026-05-21 08:34:41,45.7762757,21.2588535,35.41,iulius_airport,car,1,synthetic_gps
2026-05-21 08:34:42,45.7763592,21.2587948,38.48,iulius_airport,car,1,synthetic_gps
2026-05-21 08:34:43,45.7762899,21.2589483,30.67,iulius_airport,car,1,synthetic_gps
2026-05-21 08:34:44,45.7763358,21.2590073,38.67,iulius_airport,car,1,synthetic_gps
2026-05-21 08:34:45,45.7763451,21.2589763,46.67,iulius_airport,car,1,synthetic_gps
2026-05-21 08:34:46,45.776241,21.2589481,43.75,iulius_airport,car,1,synthetic_gps
2026-05-21 08:34:47,45.7763037,21.2590246,51.75,iulius_airport,car,1,synthetic_gps
2026-05-21 08:34:48,45.7763228,21.2590282,54.19,iulius_airport,car,1,synthetic_gps
2026-05-21 08:34:49,45.7764308,21.2591289,46.19,iulius_airport,car,1,synthetic_gps
2026-05-21 08:34:50,45.776313,21.2591375,38.19,iulius_airport,car,1,synthetic_gps
2026-05-21 08:34:51,45.7763732,21.2591746,39.03,iulius_airport,car,1,synthetic_gps
2026-05-21 08:34:52,45.7763595,21.2592593,47.03,iulius_airport,car,1,synthetic_gps
2026-05-21 08:34:53,45.7764339,21.2592257,55.03,iulius_airport,car,1,synthetic_gps
2026-05-21 08:34:54,45.7763836,21.2593859,63.03,iulius_airport,car,1,synthetic_gps
2026-05-21 08:34:55,45.7764035,21.2592388,55.03,iulius_airport,car,1,synthetic_gps
2026-05-21 08:34:56,45.7763823,21.259337,63.03,iulius_airport,car,1,synthetic_gps
2026-05-21 08:34:57,45.7764252,21.25947,55.03,iulius_airport,car,1,synthetic_gps
2026-05-21 08:34:58,45.7764331,21.259512,47.03,iulius_airport,car,1,synthetic_gps
2026-05-21 08:34:59,45.7765148,21.2594349,48.4,iulius_airport,car,1,synthetic_gps
2026-05-21 08:35:00,45.7763971,21.2594816,56.4,iulius_airport,car,1,synthetic_gps
2026-05-21 08:35:01,45.7763982,21.2596122,52.75,iulius_airport,car,1,synthetic_gps
2026-05-21 08:35:02,45.7764169,21.2596998,47.35,iulius_airport,car,1,synthetic_gps
2026-05-21 08:35:03,45.7764849,21.2595945,39.35,iulius_airport,car,1,synthetic_gps
2026-05-21 08:35:04,45.7764121,21.2596752,40.91,iulius_airport,car,1,synthetic_gps
2026-05-21 08:35:05,45.776539,21.2597409,48.91,iulius_airport,car,1,synthetic_gps
2026-05-21 08:35:06,45.7764117,21.259782,46.36,iulius_airport,car,1,synthetic_gps
2026-05-21 08:35:07,45.7764218,21.2597829,53.06,iulius_airport,car,1,synthetic_gps
2026-05-21 08:35:08,45.7764522,21.259818,45.44,iulius_airport,car,1,synthetic_gps
2026-05-21 08:35:09,45.7764447,21.2599906,48.3,iulius_airport,car,1,synthetic_gps
2026-05-21 08:35:10,45.7763768,21.2599406,56.3,iulius_airport,car,1,synthetic_gps
2026-05-21 08:35:11,45.7764096,21.260014,49.65,iulius_airport,car,1,synthetic_gps
2026-05-21 08:35:12,45.7765695,21.2599914,52.85,iulius_airport,car,1,synthetic_gps
2026-05-21 08:35:13,45.7765246,21.2600778,44.85,iulius_airport,car,1,synthetic_gps
2026-05-21 08:35:14,45.776595,21.2600484,52.04,iulius_airport,car,1,synthetic_gps
2026-05-21 08:35:15,45.7765967,21.2601209,44.04,iulius_airport,car,1,synthetic_gps
2026-05-21 08:35:16,45.7764287,21.2603044,36.04,iulius_airport,car,1,synthetic_gps
2026-05-21 08:35:17,45.776481,21.2603464,44.04,iulius_airport,car,1,synthetic_gps
2026-05-21 08:35:18,45.7764093,21.2602473,49.16,iulius_airport,car,1,synthetic_gps
2026-05-21 08:35:19,45.7764818,21.2602849,51.86,iulius_airport,car,1,synthetic_gps
2026-05-21 08:35:20,45.776505,21.260462,43.86,iulius_airport,car,1,synthetic_gps
2026-05-21 08:35:21,45.7764889,21.2604648,51.86,iulius_airport,car,1,synthetic_gps
2026-05-21 08:35:22,45.7765797,21.2605067,43.86,iulius_airport,car,1,synthetic_gps
2026-05-21 08:35:23,45.776494,21.2605188,51.86,iulius_airport,car,1,synthetic_gps
2026-05-21 08:35:24,45.7765843,21.2607042,55.48,iulius_airport,car,1,synthetic_gps
2026-05-21 08:35:25,45.7765813,21.2607771,63.48,iulius_airport,car,1,synthetic_gps
2026-05-21 08:35:26,45.7765885,21.2607577,63.0,iulius_airport,car,1,synthetic_gps
2026-05-21 08:35:27,45.7766735,21.2607705,55.0,iulius_airport,car,1,synthetic_gps
2026-05-21 08:35:28,45.7766384,21.2609778,47.0,iulius_airport,car,1,synthetic_gps
2026-05-21 08:35:29,45.7766019,21.2607827,39.0,iulius_airport,car,1,synthetic_gps
2026-05-21 08:35:30,45.7766474,21.2610494,38.8,iulius_airport,car,1,synthetic_gps
2026-05-21 08:35:31,45.7766402,21.2609954,39.22,iulius_airport,car,1,synthetic_gps
2026-05-21 08:35:32,45.7766738,21.2610578,40.48,iulius_airport,car,1,synthetic_gps
2026-05-21 08:35:33,45.7766794,21.2611716,35.87,iulius_airport,car,1,synthetic_gps
2026-05-21 08:35:34,45.7764829,21.2612567,36.64,iulius_airport,car,1,synthetic_gps
2026-05-21 08:35:35,45.7765776,21.2612153,44.64,iulius_airport,car,1,synthetic_gps
2026-05-21 08:35:36,45.7766041,21.2613252,45.5,iulius_airport,car,1,synthetic_gps
2026-05-21 08:35:37,45.7766174,21.2613993,37.5,iulius_airport,car,1,synthetic_gps
2026-05-21 08:35:38,45.7765975,21.2614216,45.5,iulius_airport,car,1,synthetic_gps
2026-05-21 08:35:39,45.7767704,21.2615591,37.5,iulius_airport,car,1,synthetic_gps
2026-05-21 08:35:40,45.7766442,21.2615118,45.5,iulius_airport,car,1,synthetic_gps
2026-05-21 08:35:41,45.7766746,21.2615725,49.97,iulius_airport,car,1,synthetic_gps
2026-05-21 08:35:42,45.7767504,21.2616515,41.97,iulius_airport,car,1,synthetic_gps
2026-05-21 08:35:43,45.7766654,21.261663,49.97,iulius_airport,car,1,synthetic_gps
2026-05-21 08:35:44,45.776627,21.2616472,48.74,iulius_airport,car,1,synthetic_gps
2026-05-21 08:35:45,45.7767276,21.2618344,40.74,iulius_airport,car,1,synthetic_gps
2026-05-21 08:35:46,45.7766327,21.2618561,32.74,iulius_airport,car,1,synthetic_gps
2026-05-21 08:35:47,45.7767139,21.2619251,24.74,iulius_airport,car,1,synthetic_gps
2026-05-21 08:35:48,45.7767782,21.2619168,32.74,iulius_airport,car,1,synthetic_gps
2026-05-21 08:35:49,45.7767082,21.2619668,36.66,iulius_airport,car,1,synthetic_gps
2026-05-21 08:35:50,45.7767337,21.2620384,44.66,iulius_airport,car,1,synthetic_gps
2026-05-21 08:35:51,45.7767712,21.262064,37.54,iulius_airport,car,1,synthetic_gps
2026-05-21 08:35:52,45.7766506,21.2621897,37.77,iulius_airport,car,1,synthetic_gps
2026-05-21 08:35:53,45.7766763,21.262256,45.77,iulius_airport,car,1,synthetic_gps
2026-05-21 08:35:54,45.7766865,21.2622882,37.77,iulius_airport,car,1,synthetic_gps
2026-05-21 08:35:55,45.7766034,21.2622514,45.77,iulius_airport,car,1,synthetic_gps
2026-05-21 08:35:56,45.7768215,21.262374,53.77,iulius_airport,car,1,synthetic_gps
2026-05-21 08:35:57,45.7766918,21.2623685,45.77,iulius_airport,car,1,synthetic_gps
2026-05-21 08:35:58,45.7767928,21.2625777,37.77,iulius_airport,car,1,synthetic_gps
2026-05-21 08:35:59,45.7768405,21.2625685,45.77,iulius_airport,car,1,synthetic_gps
2026-05-21 08:36:00,45.7767751,21.2627237,37.77,iulius_airport,car,1,synthetic_gps
2026-05-21 08:36:01,45.7766467,21.262768,45.77,iulius_airport,car,1,synthetic_gps
2026-05-21 08:36:02,45.7767316,21.2628665,53.77,iulius_airport,car,1,synthetic_gps
2026-05-21 08:36:03,45.7767828,21.2627926,45.77,iulius_airport,car,1,synthetic_gps
2026-05-21 08:36:04,45.7768771,21.262921,47.58,iulius_airport,car,1,synthetic_gps
2026-05-21 08:36:05,45.7767654,21.2628393,55.58,iulius_airport,car,1,synthetic_gps
2026-05-21 08:36:06,45.7767464,21.262845,47.58,iulius_airport,car,1,synthetic_gps
2026-05-21 08:36:07,45.7768976,21.2630625,39.58,iulius_airport,car,1,synthetic_gps
2026-05-21 08:36:08,45.7767918,21.2630221,47.58,iulius_airport,car,1,synthetic_gps
2026-05-21 08:36:09,45.7767093,21.2631059,39.58,iulius_airport,car,1,synthetic_gps
2026-05-21 08:36:10,45.7767175,21.2631369,47.58,iulius_airport,car,1,synthetic_gps
2026-05-21 08:36:11,45.7768749,21.2633468,39.58,iulius_airport,car,1,synthetic_gps
2026-05-21 08:36:12,45.7768823,21.2632467,47.58,iulius_airport,car,1,synthetic_gps
2026-05-21 08:36:13,45.7767658,21.2633823,48.87,iulius_airport,car,1,synthetic_gps
2026-05-21 08:36:14,45.7769272,21.2634341,40.87,iulius_airport,car,1,synthetic_gps
2026-05-21 08:36:15,45.7767962,21.263556,48.87,iulius_airport,car,1,synthetic_gps
2026-05-21 08:36:16,45.7769721,21.2635311,43.85,iulius_airport,car,1,synthetic_gps
2026-05-21 08:36:17,45.7768403,21.2635766,35.85,iulius_airport,car,1,synthetic_gps
2026-05-21 08:36:18,45.7768372,21.2636012,27.85,iulius_airport,car,1,synthetic_gps
2026-05-21 08:36:19,45.7769609,21.2636379,35.85,iulius_airport,car,1,synthetic_gps
2026-05-21 08:36:20,45.7768619,21.2637664,43.39,iulius_airport,car,1,synthetic_gps
2026-05-21 08:36:21,45.7770382,21.2637782,35.39,iulius_airport,car,1,synthetic_gps
2026-05-21 08:36:22,45.7768887,21.2638194,40.42,iulius_airport,car,1,synthetic_gps
2026-05-21 08:36:23,45.7769503,21.263883,32.42,iulius_airport,car,1,synthetic_gps
2026-05-21 08:36:24,45.7769858,21.2640815,40.42,iulius_airport,car,1,synthetic_gps
2026-05-21 08:36:25,45.7769015,21.2639993,48.42,iulius_airport,car,1,synthetic_gps
2026-05-21 08:36:26,45.7769532,21.2640402,46.23,iulius_airport,car,1,synthetic_gps
2026-05-21 08:36:27,45.7769488,21.2641882,46.28,iulius_airport,car,1,synthetic_gps
2026-05-21 08:36:28,45.7768166,21.2641407,38.28,iulius_airport,car,1,synthetic_gps
2026-05-21 08:36:29,45.7770284,21.2641941,46.28,iulius_airport,car,1,synthetic_gps
2026-05-21 08:36:30,45.7768899,21.2642017,52.05,iulius_airport,car,1,synthetic_gps
2026-05-21 08:36:31,45.7769239,21.2643376,44.05,iulius_airport,car,1,synthetic_gps
2026-05-21 08:36:32,45.7769887,21.2643897,40.14,iulius_airport,car,1,synthetic_gps
2026-05-21 08:36:33,45.7769303,21.2644239,48.14,iulius_airport,car,1,synthetic_gps
2026-05-21 08:36:34,45.776894,21.2643806,56.14,iulius_airport,car,1,synthetic_gps
2026-05-21 08:36:35,45.776939,21.2645711,48.14,iulius_airport,car,1,synthetic_gps
2026-05-21 08:36:36,45.7770231,21.2646022,40.14,iulius_airport,car,1,synthetic_gps
2026-05-21 08:36:37,45.7768656,21.2646339,32.14,iulius_airport,car,1,synthetic_gps
2026-05-21 08:36:38,45.776976,21.2648079,40.14,iulius_airport,car,1,synthetic_gps
2026-05-21 08:36:39,45.77692,21.264774,32.14,iulius_airport,car,1,synthetic_gps
2026-05-21 08:36:40,45.7769738,21.2647534,25.2,iulius_airport,car,1,synthetic_gps
2026-05-21 08:36:41,45.7770763,21.264707,33.2,iulius_airport,car,1,synthetic_gps
2026-05-21 08:36:42,45.7769557,21.2649934,25.2,iulius_airport,car,1,synthetic_gps
2026-05-21 08:36:43,45.7769574,21.2650281,33.2,iulius_airport,car,1,synthetic_gps
2026-05-21 08:36:44,45.7770646,21.2649744,25.2,iulius_airport,car,1,synthetic_gps
2026-05-21 08:36:45,45.7770278,21.2650687,33.2,iulius_airport,car,1,synthetic_gps
2026-05-21 08:36:46,45.7770855,21.2651414,25.2,iulius_airport,car,1,synthetic_gps
2026-05-21 08:36:47,45.7769784,21.265278,33.2,iulius_airport,car,1,synthetic_gps
2026-05-21 08:36:48,45.7770664,21.265325,34.27,iulius_airport,car,1,synthetic_gps
2026-05-21 08:36:49,45.777121,21.2652204,26.27,iulius_airport,car,1,synthetic_gps
2026-05-21 08:36:50,45.776982,21.2654014,22.5,iulius_airport,car,1,synthetic_gps
2026-05-21 08:36:51,45.7771888,21.2654902,14.5,iulius_airport,car,1,synthetic_gps
2026-05-21 08:36:52,45.7770445,21.2654809,22.5,iulius_airport,car,1,synthetic_gps
2026-05-21 08:36:53,45.7771525,21.2654658,30.5,iulius_airport,car,1,synthetic_gps
2026-05-21 08:36:54,45.7770714,21.2656051,38.5,iulius_airport,car,1,synthetic_gps
2026-05-21 08:36:55,45.7771096,21.2656333,46.5,iulius_airport,car,1,synthetic_gps
2026-05-21 08:36:56,45.7771158,21.265748,38.5,iulius_airport,car,1,synthetic_gps
2026-05-21 08:36:57,45.7770528,21.265845,46.5,iulius_airport,car,1,synthetic_gps
2026-05-21 08:36:58,45.7771527,21.2657967,38.5,iulius_airport,car,1,synthetic_gps
2026-05-21 08:36:59,45.7770321,21.2659322,35.23,iulius_airport,car,1,synthetic_gps
2026-05-21 08:37:00,45.7769857,21.2658803,28.31,iulius_airport,car,1,synthetic_gps
2026-05-21 08:37:01,45.7771431,21.2660067,32.25,iulius_airport,car,1,synthetic_gps
2026-05-21 08:37:02,45.7770718,21.2660308,40.25,iulius_airport,car,1,synthetic_gps
2026-05-21 08:37:03,45.7771716,21.2661453,32.25,iulius_airport,car,1,synthetic_gps
2026-05-21 08:37:04,45.7770229,21.2661394,25.98,iulius_airport,car,1,synthetic_gps
2026-05-21 08:37:05,45.7771272,21.2662633,33.98,iulius_airport,car,1,synthetic_gps
2026-05-21 08:37:06,45.7770348,21.2661451,41.98,iulius_airport,car,1,synthetic_gps
2026-05-21 08:37:07,45.7769489,21.2663181,33.98,iulius_airport,car,1,synthetic_gps
2026-05-21 08:37:08,45.7771432,21.2663222,31.62,iulius_airport,car,1,synthetic_gps
2026-05-21 08:37:09,45.7770335,21.2663891,36.34,iulius_airport,car,1,synthetic_gps
2026-05-21 08:37:10,45.7770871,21.2664826,44.34,iulius_airport,car,1,synthetic_gps
2026-05-21 08:37:11,45.7772109,21.2665522,52.34,iulius_airport,car,1,synthetic_gps
2026-05-21 08:37:12,45.7770734,21.2665603,44.34,iulius_airport,car,1,synthetic_gps
2026-05-21 08:37:13,45.7771265,21.2666117,39.83,iulius_airport,car,1,synthetic_gps
2026-05-21 08:37:14,45.7771693,21.2667521,31.96,iulius_airport,car,1,synthetic_gps
2026-05-21 08:37:15,45.7771489,21.2667714,27.76,iulius_airport,car,1,synthetic_gps
2026-05-21 08:37:16,45.7772042,21.2668345,34.98,iulius_airport,car,1,synthetic_gps
2026-05-21 08:37:17,45.7771754,21.2667842,42.98,iulius_airport,car,1,synthetic_gps
2026-05-21 08:37:18,45.7771931,21.266911,47.06,iulius_airport,car,1,synthetic_gps
2026-05-21 08:37:19,45.7771323,21.2669059,47.58,iulius_airport,car,1,synthetic_gps
2026-05-21 08:37:20,45.7772652,21.2669905,39.58,iulius_airport,car,1,synthetic_gps
2026-05-21 08:37:21,45.7772656,21.2669721,47.58,iulius_airport,car,1,synthetic_gps
2026-05-21 08:37:22,45.7771052,21.2672115,55.58,iulius_airport,car,1,synthetic_gps
2026-05-21 08:37:23,45.7772506,21.2672425,47.58,iulius_airport,car,1,synthetic_gps
2026-05-21 08:37:24,45.7772475,21.2671673,55.58,iulius_airport,car,1,synthetic_gps
2026-05-21 08:37:25,45.7772552,21.2672592,47.58,iulius_airport,car,1,synthetic_gps
2026-05-21 08:37:26,45.7773208,21.2674189,39.58,iulius_airport,car,1,synthetic_gps
2026-05-21 08:37:27,45.7773204,21.2674956,47.58,iulius_airport,car,1,synthetic_gps
2026-05-21 08:37:28,45.7772274,21.2674787,39.58,iulius_airport,car,1,synthetic_gps
2026-05-21 08:37:29,45.7772844,21.2675348,44.11,iulius_airport,car,1,synthetic_gps
2026-05-21 08:37:30,45.7773267,21.2676923,36.11,iulius_airport,car,1,synthetic_gps
2026-05-21 08:37:31,45.777262,21.2676744,44.11,iulius_airport,car,1,synthetic_gps
2026-05-21 08:37:32,45.77718,21.2675482,41.87,iulius_airport,car,1,synthetic_gps
2026-05-21 08:37:33,45.7772777,21.2676853,45.36,iulius_airport,car,1,synthetic_gps
2026-05-21 08:37:34,45.7772738,21.2678385,38.08,iulius_airport,car,1,synthetic_gps
2026-05-21 08:37:35,45.7772481,21.2678199,46.08,iulius_airport,car,1,synthetic_gps
2026-05-21 08:37:36,45.7772132,21.2679257,38.08,iulius_airport,car,1,synthetic_gps
2026-05-21 08:37:37,45.7773061,21.2680324,43.1,iulius_airport,car,1,synthetic_gps
2026-05-21 08:37:38,45.7772325,21.2679929,44.92,iulius_airport,car,1,synthetic_gps
2026-05-21 08:37:39,45.7772406,21.2680398,47.91,iulius_airport,car,1,synthetic_gps
2026-05-21 08:37:40,45.7772751,21.2681297,55.91,iulius_airport,car,1,synthetic_gps
2026-05-21 08:37:41,45.7773675,21.2681422,63.91,iulius_airport,car,1,synthetic_gps
2026-05-21 08:37:42,45.7772679,21.2682778,63.01,iulius_airport,car,1,synthetic_gps
2026-05-21 08:37:43,45.7773974,21.2683003,55.01,iulius_airport,car,1,synthetic_gps
2026-05-21 08:37:44,45.7772393,21.2683342,47.01,iulius_airport,car,1,synthetic_gps
2026-05-21 08:37:45,45.7774437,21.2681946,39.01,iulius_airport,car,1,synthetic_gps
2026-05-21 08:37:46,45.7774755,21.2684111,47.01,iulius_airport,car,1,synthetic_gps
2026-05-21 08:37:47,45.7774393,21.2685217,55.01,iulius_airport,car,1,synthetic_gps
2026-05-21 08:37:48,45.7774167,21.2685837,47.01,iulius_airport,car,1,synthetic_gps
2026-05-21 08:37:49,45.7773608,21.2687013,39.01,iulius_airport,car,1,synthetic_gps
2026-05-21 08:37:50,45.777482,21.2685744,42.78,iulius_airport,car,1,synthetic_gps
2026-05-21 08:37:51,45.7772996,21.268689,34.78,iulius_airport,car,1,synthetic_gps
2026-05-21 08:37:52,45.7774064,21.2688278,42.78,iulius_airport,car,1,synthetic_gps
2026-05-21 08:37:53,45.7773496,21.2687915,34.78,iulius_airport,car,1,synthetic_gps
2026-05-21 08:37:54,45.7773786,21.2689192,42.78,iulius_airport,car,1,synthetic_gps
2026-05-21 08:37:55,45.777324,21.2689564,50.78,iulius_airport,car,1,synthetic_gps
2026-05-21 08:37:56,45.7773942,21.268979,42.78,iulius_airport,car,1,synthetic_gps
2026-05-21 08:37:57,45.7773441,21.2690117,40.86,iulius_airport,car,1,synthetic_gps
2026-05-21 08:37:58,45.7774154,21.269108,48.86,iulius_airport,car,1,synthetic_gps
2026-05-21 08:37:59,45.7773932,21.2691139,40.86,iulius_airport,car,1,synthetic_gps
2026-05-21 08:38:00,45.7774556,21.2692204,32.86,iulius_airport,car,1,synthetic_gps
2026-05-21 08:38:01,45.7775283,21.2692828,34.54,iulius_airport,car,1,synthetic_gps
2026-05-21 08:38:02,45.7773551,21.2692381,36.64,iulius_airport,car,1,synthetic_gps
2026-05-21 08:38:03,45.7774344,21.2692822,44.64,iulius_airport,car,1,synthetic_gps
2026-05-21 08:38:04,45.7774187,21.2695638,52.64,iulius_airport,car,1,synthetic_gps
2026-05-21 08:38:05,45.7773309,21.2693798,44.64,iulius_airport,car,1,synthetic_gps
2026-05-21 08:38:06,45.7775199,21.2695191,52.64,iulius_airport,car,1,synthetic_gps
2026-05-21 08:38:07,45.7775349,21.2695758,44.64,iulius_airport,car,1,synthetic_gps
2026-05-21 08:38:08,45.7774327,21.2696894,36.64,iulius_airport,car,1,synthetic_gps
2026-05-21 08:38:09,45.7773799,21.269685,44.64,iulius_airport,car,1,synthetic_gps
2026-05-21 08:38:10,45.7775098,21.2697979,36.64,iulius_airport,car,1,synthetic_gps
2026-05-21 08:38:11,45.7774479,21.2697921,28.64,iulius_airport,car,1,synthetic_gps
2026-05-21 08:38:12,45.7774182,21.2697997,36.64,iulius_airport,car,1,synthetic_gps
2026-05-21 08:38:13,45.7774619,21.2699446,28.64,iulius_airport,car,1,synthetic_gps
2026-05-21 08:38:14,45.7774138,21.2698961,22.09,iulius_airport,car,1,synthetic_gps
2026-05-21 08:38:15,45.7775466,21.269995,30.09,iulius_airport,car,1,synthetic_gps
2026-05-21 08:38:16,45.7775298,21.2701057,38.09,iulius_airport,car,1,synthetic_gps
2026-05-21 08:38:17,45.7776792,21.2702323,46.09,iulius_airport,car,1,synthetic_gps
2026-05-21 08:38:18,45.7774413,21.2700897,54.09,iulius_airport,car,1,synthetic_gps
2026-05-21 08:38:19,45.7775422,21.2703109,50.2,iulius_airport,car,1,synthetic_gps
2026-05-21 08:38:20,45.7775539,21.2702724,56.52,iulius_airport,car,1,synthetic_gps
2026-05-21 08:38:21,45.777642,21.2704015,63.25,iulius_airport,car,1,synthetic_gps
2026-05-21 08:38:22,45.7775194,21.2704224,55.25,iulius_airport,car,1,synthetic_gps
2026-05-21 08:38:23,45.7775813,21.2705014,60.48,iulius_airport,car,1,synthetic_gps
2026-05-21 08:38:24,45.7774845,21.2705221,52.48,iulius_airport,car,1,synthetic_gps
2026-05-21 08:38:25,45.7775984,21.2705466,60.48,iulius_airport,car,1,synthetic_gps
2026-05-21 08:38:26,45.7774818,21.2706162,56.8,iulius_airport,car,1,synthetic_gps
2026-05-21 08:38:27,45.7775521,21.2707355,64.1,iulius_airport,car,1,synthetic_gps
2026-05-21 08:38:28,45.7776579,21.2707349,56.1,iulius_airport,car,1,synthetic_gps
2026-05-21 08:38:29,45.7775637,21.2708692,57.92,iulius_airport,car,1,synthetic_gps
2026-05-21 08:38:30,45.7775555,21.2708631,49.92,iulius_airport,car,1,synthetic_gps
2026-05-21 08:38:31,45.7776878,21.2708899,41.92,iulius_airport,car,1,synthetic_gps
2026-05-21 08:38:32,45.777564,21.2710052,43.45,iulius_airport,car,1,synthetic_gps
2026-05-21 08:38:33,45.7775557,21.2708619,48.62,iulius_airport,car,1,synthetic_gps
2026-05-21 08:38:34,45.7776699,21.2711263,56.62,iulius_airport,car,1,synthetic_gps
2026-05-21 08:38:35,45.7774813,21.2711553,58.34,iulius_airport,car,1,synthetic_gps
2026-05-21 08:38:36,45.7775073,21.271197,50.34,iulius_airport,car,1,synthetic_gps
2026-05-21 08:38:37,45.7777413,21.271239,42.34,iulius_airport,car,1,synthetic_gps
2026-05-21 08:38:38,45.7774801,21.2713318,48.82,iulius_airport,car,1,synthetic_gps
2026-05-21 08:38:39,45.7776961,21.2713134,40.82,iulius_airport,car,1,synthetic_gps
2026-05-21 08:38:40,45.7776086,21.2714721,48.82,iulius_airport,car,1,synthetic_gps
2026-05-21 08:38:41,45.7775407,21.2714004,41.77,iulius_airport,car,1,synthetic_gps
2026-05-21 08:38:42,45.7776645,21.2715248,49.77,iulius_airport,car,1,synthetic_gps
2026-05-21 08:38:43,45.7776487,21.2715828,48.13,iulius_airport,car,1,synthetic_gps
2026-05-21 08:38:44,45.7776567,21.2715949,40.13,iulius_airport,car,1,synthetic_gps
2026-05-21 08:38:45,45.7776354,21.2716582,47.43,iulius_airport,car,1,synthetic_gps
2026-05-21 08:38:46,45.7775904,21.2718528,55.43,iulius_airport,car,1,synthetic_gps
2026-05-21 08:38:47,45.7776622,21.271821,63.43,iulius_airport,car,1,synthetic_gps
2026-05-21 08:38:48,45.7777383,21.2718417,55.43,iulius_airport,car,1,synthetic_gps
2026-05-21 08:38:49,45.7776395,21.2719218,47.43,iulius_airport,car,1,synthetic_gps
2026-05-21 08:38:50,45.7775898,21.2719119,39.43,iulius_airport,car,1,synthetic_gps
2026-05-21 08:38:51,45.7775685,21.272092,47.43,iulius_airport,car,1,synthetic_gps
2026-05-21 08:38:52,45.7777173,21.2720709,55.43,iulius_airport,car,1,synthetic_gps
2026-05-21 08:38:53,45.7776593,21.2721482,54.05,iulius_airport,car,1,synthetic_gps
2026-05-21 08:38:54,45.7776652,21.272198,46.05,iulius_airport,car,1,synthetic_gps
2026-05-21 08:38:55,45.7778165,21.2721994,46.68,iulius_airport,car,1,synthetic_gps
2026-05-21 08:38:56,45.7777565,21.2722594,38.68,iulius_airport,car,1,synthetic_gps
2026-05-21 08:38:57,45.7776852,21.272331,46.68,iulius_airport,car,1,synthetic_gps
2026-05-21 08:38:58,45.7776916,21.272383,38.68,iulius_airport,car,1,synthetic_gps
2026-05-21 08:38:59,45.7777455,21.2724809,46.68,iulius_airport,car,1,synthetic_gps
2026-05-21 08:39:00,45.7777549,21.2724105,54.68,iulius_airport,car,1,synthetic_gps
2026-05-21 08:39:01,45.777827,21.2725347,46.68,iulius_airport,car,1,synthetic_gps
2026-05-21 08:39:02,45.7778136,21.2726833,54.68,iulius_airport,car,1,synthetic_gps
2026-05-21 08:39:03,45.7777996,21.2726224,46.68,iulius_airport,car,1,synthetic_gps
2026-05-21 08:39:04,45.7777836,21.2726942,38.68,iulius_airport,car,1,synthetic_gps
2026-05-21 08:39:05,45.7777064,21.2728123,30.68,iulius_airport,car,1,synthetic_gps
2026-05-21 08:39:06,45.777881,21.2727856,22.68,iulius_airport,car,1,synthetic_gps
2026-05-21 08:39:07,45.7777904,21.272867,30.68,iulius_airport,car,1,synthetic_gps
2026-05-21 08:39:08,45.7778112,21.2728884,38.68,iulius_airport,car,1,synthetic_gps
2026-05-21 08:39:09,45.7777827,21.2729538,46.68,iulius_airport,car,1,synthetic_gps
2026-05-21 08:39:10,45.7777992,21.2731304,38.68,iulius_airport,car,1,synthetic_gps
2026-05-21 08:39:11,45.7778486,21.2732064,46.68,iulius_airport,car,1,synthetic_gps
2026-05-21 08:39:12,45.7779373,21.2731351,38.68,iulius_airport,car,1,synthetic_gps
2026-05-21 08:39:13,45.7778927,21.2733377,46.68,iulius_airport,car,1,synthetic_gps
2026-05-21 08:39:14,45.7777639,21.2732011,52.32,iulius_airport,car,1,synthetic_gps
2026-05-21 08:39:15,45.777955,21.2732895,60.32,iulius_airport,car,1,synthetic_gps
2026-05-21 08:39:16,45.7777005,21.273432,62.46,iulius_airport,car,1,synthetic_gps
2026-05-21 08:39:17,45.7779336,21.2734366,54.46,iulius_airport,car,1,synthetic_gps
2026-05-21 08:39:18,45.7778354,21.2735549,46.46,iulius_airport,car,1,synthetic_gps
2026-05-21 08:39:19,45.7779558,21.2736153,40.7,iulius_airport,car,1,synthetic_gps
2026-05-21 08:39:20,45.7778693,21.2735375,48.7,iulius_airport,car,1,synthetic_gps
2026-05-21 08:39:21,45.7778445,21.2736353,40.7,iulius_airport,car,1,synthetic_gps
2026-05-21 08:39:22,45.7779317,21.2737327,48.7,iulius_airport,car,1,synthetic_gps
2026-05-21 08:39:23,45.7777935,21.2737555,41.42,iulius_airport,car,1,synthetic_gps
2026-05-21 08:39:24,45.7776857,21.2737993,33.42,iulius_airport,car,1,synthetic_gps
2026-05-21 08:39:25,45.7778104,21.2738997,35.03,iulius_airport,car,1,synthetic_gps
2026-05-21 08:39:26,45.7778505,21.2738474,43.03,iulius_airport,car,1,synthetic_gps
2026-05-21 08:39:27,45.7778594,21.2738802,50.38,iulius_airport,car,1,synthetic_gps
2026-05-21 08:39:28,45.7779555,21.274013,42.38,iulius_airport,car,1,synthetic_gps
2026-05-21 08:39:29,45.7779628,21.274084,44.26,iulius_airport,car,1,synthetic_gps
2026-05-21 08:39:30,45.7779081,21.2741544,52.26,iulius_airport,car,1,synthetic_gps
2026-05-21 08:39:31,45.7780104,21.2741029,60.26,iulius_airport,car,1,synthetic_gps
2026-05-21 08:39:32,45.7779646,21.2742385,52.26,iulius_airport,car,1,synthetic_gps
2026-05-21 08:39:33,45.7779628,21.274305,44.26,iulius_airport,car,1,synthetic_gps
2026-05-21 08:39:34,45.7778885,21.2743612,52.26,iulius_airport,car,1,synthetic_gps
2026-05-21 08:39:35,45.7779135,21.2744113,44.26,iulius_airport,car,1,synthetic_gps
2026-05-21 08:39:36,45.7778657,21.2744686,36.26,iulius_airport,car,1,synthetic_gps
2026-05-21 08:39:37,45.7779869,21.2745726,43.22,iulius_airport,car,1,synthetic_gps
2026-05-21 08:39:38,45.7779036,21.2746297,46.46,iulius_airport,car,1,synthetic_gps
2026-05-21 08:39:39,45.7779932,21.2745761,38.46,iulius_airport,car,1,synthetic_gps
2026-05-21 08:39:40,45.7780186,21.2747121,46.46,iulius_airport,car,1,synthetic_gps
2026-05-21 08:39:41,45.7779592,21.2747036,38.46,iulius_airport,car,1,synthetic_gps
2026-05-21 08:39:42,45.7780598,21.2748641,30.46,iulius_airport,car,1,synthetic_gps
2026-05-21 08:39:43,45.7779681,21.2748627,38.46,iulius_airport,car,1,synthetic_gps
2026-05-21 08:39:44,45.7779711,21.2748506,46.46,iulius_airport,car,1,synthetic_gps
2026-05-21 08:39:45,45.7780192,21.2748759,43.95,iulius_airport,car,1,synthetic_gps
2026-05-21 08:39:46,45.7780786,21.2749326,43.89,iulius_airport,car,1,synthetic_gps
2026-05-21 08:39:47,45.7779567,21.2750248,41.95,iulius_airport,car,1,synthetic_gps
2026-05-21 08:39:48,45.7779579,21.2752021,33.95,iulius_airport,car,1,synthetic_gps
2026-05-21 08:39:49,45.7779317,21.2751966,41.95,iulius_airport,car,1,synthetic_gps
2026-05-21 08:39:50,45.7780936,21.2753088,33.95,iulius_airport,car,1,synthetic_gps
2026-05-21 08:39:51,45.7780344,21.2753163,36.37,iulius_airport,car,1,synthetic_gps
2026-05-21 08:39:52,45.7779249,21.2753743,34.73,iulius_airport,car,1,synthetic_gps
2026-05-21 08:39:53,45.7779476,21.2753159,30.96,iulius_airport,car,1,synthetic_gps
2026-05-21 08:39:54,45.7780154,21.2754295,38.96,iulius_airport,car,1,synthetic_gps
2026-05-21 08:39:55,45.77793,21.2754611,30.96,iulius_airport,car,1,synthetic_gps
2026-05-21 08:39:56,45.7779958,21.2754975,23.0,iulius_airport,car,1,synthetic_gps
2026-05-21 08:39:57,45.7780745,21.27565,26.78,iulius_airport,car,1,synthetic_gps
2026-05-21 08:39:58,45.7780573,21.2757263,20.47,iulius_airport,car,1,synthetic_gps
2026-05-21 08:39:59,45.7780352,21.275677,28.47,iulius_airport,car,1,synthetic_gps
2026-05-21 08:40:00,45.7781137,21.2757464,36.47,iulius_airport,car,1,synthetic_gps
2026-05-21 08:40:01,45.7780757,21.2757691,44.47,iulius_airport,car,1,synthetic_gps
2026-05-21 08:40:02,45.7781522,21.2758925,36.47,iulius_airport,car,1,synthetic_gps
2026-05-21 08:40:03,45.7781194,21.2759804,37.73,iulius_airport,car,1,synthetic_gps
2026-05-21 08:40:04,45.7781902,21.2759695,45.73,iulius_airport,car,1,synthetic_gps
2026-05-21 08:40:05,45.7780932,21.2761937,46.75,iulius_airport,car,1,synthetic_gps
2026-05-21 08:40:06,45.7781221,21.2761077,38.75,iulius_airport,car,1,synthetic_gps
2026-05-21 08:40:07,45.7781944,21.2762107,30.75,iulius_airport,car,1,synthetic_gps
2026-05-21 08:40:08,45.7781325,21.2762335,38.75,iulius_airport,car,1,synthetic_gps
2026-05-21 08:40:09,45.7781899,21.276246,32.16,iulius_airport,car,1,synthetic_gps
2026-05-21 08:40:10,45.7781951,21.276354,28.89,iulius_airport,car,1,synthetic_gps
2026-05-21 08:40:11,45.7780488,21.2764537,36.89,iulius_airport,car,1,synthetic_gps
2026-05-21 08:40:12,45.7781503,21.276503,33.68,iulius_airport,car,1,synthetic_gps
2026-05-21 08:40:13,45.7781125,21.2765462,41.68,iulius_airport,car,1,synthetic_gps
2026-05-21 08:40:14,45.7781701,21.2765011,33.68,iulius_airport,car,1,synthetic_gps
2026-05-21 08:40:15,45.7781193,21.2765566,25.68,iulius_airport,car,1,synthetic_gps
2026-05-21 08:40:16,45.7781102,21.276764,24.42,iulius_airport,car,1,synthetic_gps
2026-05-21 08:40:17,45.7780851,21.2766831,28.24,iulius_airport,car,1,synthetic_gps
2026-05-21 08:40:18,45.7781663,21.2768745,20.24,iulius_airport,car,1,synthetic_gps
2026-05-21 08:40:19,45.7782751,21.2767936,28.24,iulius_airport,car,1,synthetic_gps
2026-05-21 08:40:20,45.7780854,21.2769591,36.24,iulius_airport,car,1,synthetic_gps
2026-05-21 08:40:21,45.7781628,21.2769499,44.24,iulius_airport,car,1,synthetic_gps
2026-05-21 08:40:22,45.7779944,21.276989,39.34,iulius_airport,car,1,synthetic_gps
2026-05-21 08:40:23,45.7782149,21.277092,47.34,iulius_airport,car,1,synthetic_gps
2026-05-21 08:40:24,45.7782797,21.2770525,47.54,iulius_airport,car,1,synthetic_gps
2026-05-21 08:40:25,45.7781546,21.2772049,45.71,iulius_airport,car,1,synthetic_gps
2026-05-21 08:40:26,45.7782371,21.2771716,42.18,iulius_airport,car,1,synthetic_gps
2026-05-21 08:40:27,45.7782671,21.2773769,34.18,iulius_airport,car,1,synthetic_gps
2026-05-21 08:40:28,45.7782319,21.2773253,42.18,iulius_airport,car,1,synthetic_gps
2026-05-21 08:40:29,45.7781979,21.2773107,34.18,iulius_airport,car,1,synthetic_gps
2026-05-21 08:40:30,45.7782888,21.2773611,42.18,iulius_airport,car,1,synthetic_gps
2026-05-21 08:40:31,45.7782842,21.2774783,50.18,iulius_airport,car,1,synthetic_gps
2026-05-21 08:40:32,45.7781807,21.2775497,42.18,iulius_airport,car,1,synthetic_gps
2026-05-21 08:40:33,45.778309,21.2776379,40.84,iulius_airport,car,1,synthetic_gps
2026-05-21 08:40:34,45.7783249,21.277795,44.88,iulius_airport,car,1,synthetic_gps
2026-05-21 08:40:35,45.7782658,21.2777154,48.98,iulius_airport,car,1,synthetic_gps
2026-05-21 08:40:36,45.7781405,21.277705,42.88,iulius_airport,car,1,synthetic_gps
2026-05-21 08:40:37,45.7782856,21.2778453,47.45,iulius_airport,car,1,synthetic_gps
2026-05-21 08:40:38,45.7783185,21.2778864,39.45,iulius_airport,car,1,synthetic_gps
2026-05-21 08:40:39,45.7783302,21.2779851,47.45,iulius_airport,car,1,synthetic_gps
2026-05-21 08:40:40,45.7782532,21.2780336,39.63,iulius_airport,car,1,synthetic_gps
2026-05-21 08:40:41,45.7783295,21.2781403,34.41,iulius_airport,car,1,synthetic_gps
2026-05-21 08:40:42,45.7783423,21.2781012,37.95,iulius_airport,car,1,synthetic_gps
2026-05-21 08:40:43,45.7782656,21.2781331,40.35,iulius_airport,car,1,synthetic_gps
2026-05-21 08:40:44,45.7783795,21.278255,32.35,iulius_airport,car,1,synthetic_gps
2026-05-21 08:40:45,45.7782911,21.2783498,40.35,iulius_airport,car,1,synthetic_gps
2026-05-21 08:40:46,45.7783211,21.2783267,48.35,iulius_airport,car,1,synthetic_gps
2026-05-21 08:40:47,45.7783574,21.2785023,56.35,iulius_airport,car,1,synthetic_gps
2026-05-21 08:40:48,45.778255,21.2783818,48.35,iulius_airport,car,1,synthetic_gps
2026-05-21 08:40:49,45.7784214,21.278538,40.35,iulius_airport,car,1,synthetic_gps
2026-05-21 08:40:50,45.7783654,21.2784997,32.35,iulius_airport,car,1,synthetic_gps
2026-05-21 08:40:51,45.7783201,21.2786456,40.35,iulius_airport,car,1,synthetic_gps
2026-05-21 08:40:52,45.7784109,21.2785931,32.35,iulius_airport,car,1,synthetic_gps
2026-05-21 08:40:53,45.7785049,21.2787806,40.35,iulius_airport,car,1,synthetic_gps
2026-05-21 08:40:54,45.7783627,21.278761,32.35,iulius_airport,car,1,synthetic_gps
2026-05-21 08:40:55,45.7783109,21.2787673,40.35,iulius_airport,car,1,synthetic_gps
2026-05-21 08:40:56,45.7784058,21.2787846,48.35,iulius_airport,car,1,synthetic_gps
2026-05-21 08:40:57,45.778492,21.2788518,40.35,iulius_airport,car,1,synthetic_gps
2026-05-21 08:40:58,45.7784297,21.2789225,48.35,iulius_airport,car,1,synthetic_gps
2026-05-21 08:40:59,45.7783345,21.2790716,40.35,iulius_airport,car,1,synthetic_gps
2026-05-21 08:41:00,45.7784052,21.2790737,32.35,iulius_airport,car,1,synthetic_gps
2026-05-21 08:41:01,45.7784907,21.2790413,40.35,iulius_airport,car,1,synthetic_gps
2026-05-21 08:41:02,45.7783838,21.2791219,32.35,iulius_airport,car,1,synthetic_gps
2026-05-21 08:41:03,45.7785181,21.2791822,25.83,iulius_airport,car,1,synthetic_gps
2026-05-21 08:41:04,45.7784852,21.2793273,33.83,iulius_airport,car,1,synthetic_gps
2026-05-21 08:41:05,45.7785453,21.2793848,41.83,iulius_airport,car,1,synthetic_gps
2026-05-21 08:41:06,45.7783789,21.2794255,33.83,iulius_airport,car,1,synthetic_gps
2026-05-21 08:41:07,45.7784167,21.2795123,25.83,iulius_airport,car,1,synthetic_gps
2026-05-21 08:41:08,45.7785184,21.2795492,26.61,iulius_airport,car,1,synthetic_gps
2026-05-21 08:41:09,45.77846,21.2796307,34.61,iulius_airport,car,1,synthetic_gps
2026-05-21 08:41:10,45.7785543,21.2795119,42.61,iulius_airport,car,1,synthetic_gps
2026-05-21 08:41:11,45.7785126,21.279665,34.61,iulius_airport,car,1,synthetic_gps
2026-05-21 08:41:12,45.778419,21.2797631,34.1,iulius_airport,car,1,synthetic_gps
2026-05-21 08:41:13,45.7785386,21.2797867,40.82,iulius_airport,car,1,synthetic_gps
2026-05-21 08:41:14,45.7785013,21.2799707,48.82,iulius_airport,car,1,synthetic_gps
2026-05-21 08:41:15,45.7785155,21.2799485,40.82,iulius_airport,car,1,synthetic_gps
2026-05-21 08:41:16,45.7783726,21.280001,47.53,iulius_airport,car,1,synthetic_gps
2026-05-21 08:41:17,45.7784922,21.2798693,53.26,iulius_airport,car,1,synthetic_gps
2026-05-21 08:41:18,45.7785771,21.2799601,45.26,iulius_airport,car,1,synthetic_gps
2026-05-21 08:41:19,45.7784623,21.2800985,53.26,iulius_airport,car,1,synthetic_gps
2026-05-21 08:41:20,45.7786256,21.2801106,45.26,iulius_airport,car,1,synthetic_gps
2026-05-21 08:41:21,45.7786052,21.2801136,48.47,iulius_airport,car,1,synthetic_gps
2026-05-21 08:41:22,45.7785352,21.280388,51.87,iulius_airport,car,1,synthetic_gps
2026-05-21 08:41:23,45.7785162,21.2802531,57.93,iulius_airport,car,1,synthetic_gps
2026-05-21 08:41:24,45.7785339,21.2803649,49.93,iulius_airport,car,1,synthetic_gps
2026-05-21 08:41:25,45.7784711,21.2805117,41.93,iulius_airport,car,1,synthetic_gps
2026-05-21 08:41:26,45.7785572,21.2805401,49.61,iulius_airport,car,1,synthetic_gps
2026-05-21 08:41:27,45.7784858,21.2805477,57.61,iulius_airport,car,1,synthetic_gps
2026-05-21 08:41:28,45.7785409,21.2805954,49.61,iulius_airport,car,1,synthetic_gps
2026-05-21 08:41:29,45.7785157,21.2807021,57.61,iulius_airport,car,1,synthetic_gps
2026-05-21 08:41:30,45.7785283,21.280711,49.61,iulius_airport,car,1,synthetic_gps
2026-05-21 08:41:31,45.7785322,21.2808417,45.63,iulius_airport,car,1,synthetic_gps
2026-05-21 08:41:32,45.7786715,21.2807927,53.63,iulius_airport,car,1,synthetic_gps
2026-05-21 08:41:33,45.7786434,21.2809503,51.93,iulius_airport,car,1,synthetic_gps
2026-05-21 08:41:34,45.7785388,21.2809495,43.93,iulius_airport,car,1,synthetic_gps
2026-05-21 08:41:35,45.7786437,21.2809812,35.93,iulius_airport,car,1,synthetic_gps
2026-05-21 08:41:36,45.7785787,21.2810006,29.17,iulius_airport,car,1,synthetic_gps
2026-05-21 08:41:37,45.778798,21.2810597,28.32,iulius_airport,car,1,synthetic_gps
2026-05-21 08:41:38,45.7786885,21.2811251,36.32,iulius_airport,car,1,synthetic_gps
2026-05-21 08:41:39,45.7785596,21.281193,44.32,iulius_airport,car,1,synthetic_gps
2026-05-21 08:41:40,45.7786287,21.2812742,36.32,iulius_airport,car,1,synthetic_gps
2026-05-21 08:41:41,45.7787667,21.2812761,44.32,iulius_airport,car,1,synthetic_gps
2026-05-21 08:41:42,45.7786739,21.2813333,48.95,iulius_airport,car,1,synthetic_gps
2026-05-21 08:41:43,45.7785932,21.2814029,56.95,iulius_airport,car,1,synthetic_gps
2026-05-21 08:41:44,45.7786271,21.2813813,53.71,iulius_airport,car,1,synthetic_gps
2026-05-21 08:41:45,45.7786178,21.2815585,59.19,iulius_airport,car,1,synthetic_gps
2026-05-21 08:41:46,45.7787369,21.2816414,51.19,iulius_airport,car,1,synthetic_gps
2026-05-21 08:41:47,45.7786082,21.281633,43.19,iulius_airport,car,1,synthetic_gps
2026-05-21 08:41:48,45.7786886,21.2816047,49.67,iulius_airport,car,1,synthetic_gps
2026-05-21 08:41:49,45.7785558,21.28179,57.67,iulius_airport,car,1,synthetic_gps
2026-05-21 08:41:50,45.7787357,21.2818624,65.67,iulius_airport,car,1,synthetic_gps
2026-05-21 08:41:51,45.7786613,21.2818239,57.67,iulius_airport,car,1,synthetic_gps
2026-05-21 08:41:52,45.7787457,21.2819372,49.67,iulius_airport,car,1,synthetic_gps
2026-05-21 08:41:53,45.7787602,21.2819851,41.67,iulius_airport,car,1,synthetic_gps
2026-05-21 08:41:54,45.7786731,21.2820248,43.11,iulius_airport,car,1,synthetic_gps
2026-05-21 08:41:55,45.7786708,21.2820843,35.11,iulius_airport,car,1,synthetic_gps
2026-05-21 08:41:56,45.7787061,21.2821084,27.11,iulius_airport,car,1,synthetic_gps
2026-05-21 08:41:57,45.7786677,21.2822807,19.11,iulius_airport,car,1,synthetic_gps
2026-05-21 08:41:58,45.7786882,21.2822411,27.11,iulius_airport,car,1,synthetic_gps
2026-05-21 08:41:59,45.7788305,21.2822684,22.71,iulius_airport,car,1,synthetic_gps
2026-05-21 08:42:00,45.7787483,21.2824009,14.71,iulius_airport,car,1,synthetic_gps
2026-05-21 08:42:01,45.7786328,21.2824258,22.71,iulius_airport,car,1,synthetic_gps
2026-05-21 08:42:02,45.7787858,21.2825106,30.71,iulius_airport,car,1,synthetic_gps
2026-05-21 08:42:03,45.7787799,21.2825302,38.71,iulius_airport,car,1,synthetic_gps
2026-05-21 08:42:04,45.7786999,21.282635,46.71,iulius_airport,car,1,synthetic_gps
2026-05-21 08:42:05,45.778755,21.2826576,54.71,iulius_airport,car,1,synthetic_gps
2026-05-21 08:42:06,45.7788553,21.2827796,46.71,iulius_airport,car,1,synthetic_gps
2026-05-21 08:42:07,45.7788985,21.2826516,42.89,iulius_airport,car,1,synthetic_gps
2026-05-21 08:42:08,45.778814,21.2826965,34.89,iulius_airport,car,1,synthetic_gps
2026-05-21 08:42:09,45.7787186,21.2828915,42.89,iulius_airport,car,1,synthetic_gps
2026-05-21 08:42:10,45.778642,21.2830388,45.96,iulius_airport,car,1,synthetic_gps
2026-05-21 08:42:11,45.7788347,21.2830156,37.96,iulius_airport,car,1,synthetic_gps
2026-05-21 08:42:12,45.7788503,21.2830926,45.96,iulius_airport,car,1,synthetic_gps
2026-05-21 08:42:13,45.7787509,21.283045,37.96,iulius_airport,car,1,synthetic_gps
2026-05-21 08:42:14,45.7786924,21.2830921,35.09,iulius_airport,car,1,synthetic_gps
2026-05-21 08:42:15,45.7788813,21.2832394,42.59,iulius_airport,car,1,synthetic_gps
2026-05-21 08:42:16,45.7789165,21.2832366,50.59,iulius_airport,car,1,synthetic_gps
2026-05-21 08:42:17,45.7789538,21.283334,54.25,iulius_airport,car,1,synthetic_gps
2026-05-21 08:42:18,45.7788655,21.2834384,46.25,iulius_airport,car,1,synthetic_gps
2026-05-21 08:42:19,45.778854,21.283471,38.25,iulius_airport,car,1,synthetic_gps
2026-05-21 08:42:20,45.7789502,21.2834445,30.25,iulius_airport,car,1,synthetic_gps
2026-05-21 08:42:21,45.7789491,21.283518,22.25,iulius_airport,car,1,synthetic_gps
2026-05-21 08:42:22,45.7788312,21.2835446,24.2,iulius_airport,car,1,synthetic_gps
2026-05-21 08:42:23,45.7789314,21.2836107,32.2,iulius_airport,car,1,synthetic_gps
2026-05-21 08:42:24,45.7788931,21.2837873,30.36,iulius_airport,car,1,synthetic_gps
2026-05-21 08:42:25,45.7789049,21.2837534,22.36,iulius_airport,car,1,synthetic_gps
2026-05-21 08:42:26,45.7787939,21.2838427,30.36,iulius_airport,car,1,synthetic_gps
2026-05-21 08:42:27,45.778826,21.2838516,29.04,iulius_airport,car,1,synthetic_gps
2026-05-21 08:42:28,45.7788206,21.2839155,37.04,iulius_airport,car,1,synthetic_gps
2026-05-21 08:42:29,45.7790314,21.2840102,45.04,iulius_airport,car,1,synthetic_gps
2026-05-21 08:42:30,45.7789792,21.2839342,37.04,iulius_airport,car,1,synthetic_gps
2026-05-21 08:42:31,45.7788726,21.2840488,32.87,iulius_airport,car,1,synthetic_gps
2026-05-21 08:42:32,45.7789102,21.2840299,40.87,iulius_airport,car,1,synthetic_gps
2026-05-21 08:42:33,45.7790539,21.2841435,38.21,iulius_airport,car,1,synthetic_gps
2026-05-21 08:42:34,45.7789221,21.284101,35.18,iulius_airport,car,1,synthetic_gps
2026-05-21 08:42:35,45.7789844,21.2843235,40.91,iulius_airport,car,1,synthetic_gps
2026-05-21 08:42:36,45.7789532,21.2843697,32.91,iulius_airport,car,1,synthetic_gps
2026-05-21 08:42:37,45.778959,21.2844558,38.08,iulius_airport,car,1,synthetic_gps
2026-05-21 08:42:38,45.7789967,21.2844774,30.08,iulius_airport,car,1,synthetic_gps
2026-05-21 08:42:39,45.7789733,21.2845128,37.93,iulius_airport,car,1,synthetic_gps
2026-05-21 08:42:40,45.778963,21.2845535,45.93,iulius_airport,car,1,synthetic_gps
2026-05-21 08:42:41,45.7789798,21.2845209,37.93,iulius_airport,car,1,synthetic_gps
2026-05-21 08:42:42,45.7790741,21.2846611,45.93,iulius_airport,car,1,synthetic_gps
2026-05-21 08:42:43,45.7790152,21.2847765,48.59,iulius_airport,car,1,synthetic_gps
2026-05-21 08:42:44,45.778985,21.2848475,40.59,iulius_airport,car,1,synthetic_gps
2026-05-21 08:42:45,45.7789045,21.2848294,33.73,iulius_airport,car,1,synthetic_gps
2026-05-21 08:42:46,45.7790365,21.2848937,25.73,iulius_airport,car,1,synthetic_gps
2026-05-21 08:42:47,45.7790151,21.2850206,33.73,iulius_airport,car,1,synthetic_gps
2026-05-21 08:42:48,45.7789839,21.2851046,30.55,iulius_airport,car,1,synthetic_gps
2026-05-21 08:42:49,45.7790022,21.2851445,38.55,iulius_airport,car,1,synthetic_gps
2026-05-21 08:42:50,45.7791357,21.2851259,46.55,iulius_airport,car,1,synthetic_gps
2026-05-21 08:42:51,45.7790652,21.2852525,38.55,iulius_airport,car,1,synthetic_gps
2026-05-21 08:42:52,45.7790779,21.2852443,46.55,iulius_airport,car,1,synthetic_gps
2026-05-21 08:42:53,45.7790556,21.2852605,50.2,iulius_airport,car,1,synthetic_gps
2026-05-21 08:42:54,45.779012,21.2855283,42.2,iulius_airport,car,1,synthetic_gps
2026-05-21 08:42:55,45.7789705,21.2854664,50.2,iulius_airport,car,1,synthetic_gps
2026-05-21 08:42:56,45.7790471,21.285535,42.2,iulius_airport,car,1,synthetic_gps
2026-05-21 08:42:57,45.7789495,21.2855019,50.2,iulius_airport,car,1,synthetic_gps
2026-05-21 08:42:58,45.7790503,21.2855632,54.99,iulius_airport,car,1,synthetic_gps
2026-05-21 08:42:59,45.779019,21.285721,49.11,iulius_airport,car,1,synthetic_gps
2026-05-21 08:43:00,45.7789936,21.285965,48.6,iulius_airport,car,1,synthetic_gps
2026-05-21 08:43:01,45.7791324,21.2858599,56.6,iulius_airport,car,1,synthetic_gps
2026-05-21 08:43:02,45.7791202,21.285877,48.66,iulius_airport,car,1,synthetic_gps
2026-05-21 08:43:03,45.778997,21.2860412,56.66,iulius_airport,car,1,synthetic_gps
2026-05-21 08:43:04,45.779113,21.2860264,48.66,iulius_airport,car,1,synthetic_gps
2026-05-21 08:43:05,45.7792112,21.2861481,45.05,iulius_airport,car,1,synthetic_gps
2026-05-21 08:43:06,45.779151,21.2862058,44.24,iulius_airport,car,1,synthetic_gps
2026-05-21 08:43:07,45.7790884,21.2861809,36.24,iulius_airport,car,1,synthetic_gps
2026-05-21 08:43:08,45.7790771,21.2863688,35.1,iulius_airport,car,1,synthetic_gps
2026-05-21 08:43:09,45.7791993,21.2864267,38.42,iulius_airport,car,1,synthetic_gps
2026-05-21 08:43:10,45.7791392,21.2864577,46.42,iulius_airport,car,1,synthetic_gps
2026-05-21 08:43:11,45.7791612,21.2865513,54.42,iulius_airport,car,1,synthetic_gps
2026-05-21 08:43:12,45.7791251,21.2866301,46.42,iulius_airport,car,1,synthetic_gps
2026-05-21 08:43:13,45.7791742,21.286594,38.42,iulius_airport,car,1,synthetic_gps
2026-05-21 08:43:14,45.7792286,21.2867724,45.07,iulius_airport,car,1,synthetic_gps
2026-05-21 08:43:15,45.7791111,21.2867927,45.63,iulius_airport,car,1,synthetic_gps
2026-05-21 08:43:16,45.7792105,21.2869514,37.63,iulius_airport,car,1,synthetic_gps
2026-05-21 08:43:17,45.7791927,21.2869764,40.09,iulius_airport,car,1,synthetic_gps
2026-05-21 08:43:18,45.7790559,21.2869575,38.79,iulius_airport,car,1,synthetic_gps
2026-05-21 08:43:19,45.7792065,21.2869505,43.25,iulius_airport,car,1,synthetic_gps
2026-05-21 08:43:20,45.779194,21.2870705,51.25,iulius_airport,car,1,synthetic_gps
2026-05-21 08:43:21,45.779194,21.287057,51.7,iulius_airport,car,1,synthetic_gps
2026-05-21 08:43:22,45.7792346,21.2871422,59.7,iulius_airport,car,1,synthetic_gps
2026-05-21 08:43:23,45.779121,21.2872795,52.07,iulius_airport,car,1,synthetic_gps
2026-05-21 08:43:24,45.7792161,21.2874243,46.62,iulius_airport,car,1,synthetic_gps
2026-05-21 08:43:25,45.7792862,21.2874921,49.77,iulius_airport,car,1,synthetic_gps
2026-05-21 08:43:26,45.7793319,21.2874536,41.77,iulius_airport,car,1,synthetic_gps
2026-05-21 08:43:27,45.7791747,21.2875667,49.77,iulius_airport,car,1,synthetic_gps
2026-05-21 08:43:28,45.7793439,21.2876877,57.77,iulius_airport,car,1,synthetic_gps
2026-05-21 08:43:29,45.7791766,21.2877554,54.7,iulius_airport,car,1,synthetic_gps
2026-05-21 08:43:30,45.7793479,21.2877258,47.5,iulius_airport,car,1,synthetic_gps
2026-05-21 08:43:31,45.7792497,21.2878198,39.5,iulius_airport,car,1,synthetic_gps
2026-05-21 08:43:32,45.7792641,21.2878747,31.5,iulius_airport,car,1,synthetic_gps
2026-05-21 08:43:33,45.7792761,21.2880384,39.5,iulius_airport,car,1,synthetic_gps
2026-05-21 08:43:34,45.7793368,21.2879475,31.5,iulius_airport,car,1,synthetic_gps
2026-05-21 08:43:35,45.7793159,21.2881226,39.5,iulius_airport,car,1,synthetic_gps
2026-05-21 08:43:36,45.779306,21.2881684,43.47,iulius_airport,car,1,synthetic_gps
2026-05-21 08:43:37,45.7793454,21.2882713,47.25,iulius_airport,car,1,synthetic_gps
2026-05-21 08:43:38,45.7793934,21.2882954,39.25,iulius_airport,car,1,synthetic_gps
2026-05-21 08:43:39,45.779354,21.2883202,40.22,iulius_airport,car,1,synthetic_gps
2026-05-21 08:43:40,45.7793847,21.2884877,32.22,iulius_airport,car,1,synthetic_gps
2026-05-21 08:43:41,45.7793914,21.2885319,40.22,iulius_airport,car,1,synthetic_gps
2026-05-21 08:43:42,45.7794088,21.2884676,42.03,iulius_airport,car,1,synthetic_gps
2026-05-21 08:43:43,45.7793102,21.2886135,34.03,iulius_airport,car,1,synthetic_gps
2026-05-21 08:43:44,45.7793452,21.2887032,42.03,iulius_airport,car,1,synthetic_gps
2026-05-21 08:43:45,45.7793359,21.2887416,50.03,iulius_airport,car,1,synthetic_gps
2026-05-21 08:43:46,45.7792977,21.2888582,54.95,iulius_airport,car,1,synthetic_gps
2026-05-21 08:43:47,45.779375,21.2887756,47.92,iulius_airport,car,1,synthetic_gps
2026-05-21 08:43:48,45.7794221,21.2888982,39.92,iulius_airport,car,1,synthetic_gps
2026-05-21 08:43:49,45.7793952,21.288988,45.25,iulius_airport,car,1,synthetic_gps
2026-05-21 08:43:50,45.7793389,21.289132,47.0,iulius_airport,car,1,synthetic_gps
2026-05-21 08:43:51,45.779517,21.2891889,39.0,iulius_airport,car,1,synthetic_gps
2026-05-21 08:43:52,45.7793081,21.2891651,47.0,iulius_airport,car,1,synthetic_gps
2026-05-21 08:43:53,45.7794697,21.2892293,54.34,iulius_airport,car,1,synthetic_gps
2026-05-21 08:43:54,45.7793946,21.28938,48.9,iulius_airport,car,1,synthetic_gps
2026-05-21 08:43:55,45.7794821,21.2895449,56.9,iulius_airport,car,1,synthetic_gps
2026-05-21 08:43:56,45.7794193,21.2895097,48.9,iulius_airport,car,1,synthetic_gps
2026-05-21 08:43:57,45.7795145,21.2896235,56.9,iulius_airport,car,1,synthetic_gps
2026-05-21 08:43:58,45.7795281,21.2896929,56.18,iulius_airport,car,1,synthetic_gps
2026-05-21 08:43:59,45.7794128,21.2897824,48.18,iulius_airport,car,1,synthetic_gps
2026-05-21 08:44:00,45.7795465,21.2898073,40.18,iulius_airport,car,1,synthetic_gps
2026-05-21 08:44:01,45.7794366,21.2898785,41.05,iulius_airport,car,1,synthetic_gps
2026-05-21 08:44:02,45.7793872,21.2898554,38.56,iulius_airport,car,1,synthetic_gps
2026-05-21 08:44:03,45.7795533,21.2898615,30.56,iulius_airport,car,1,synthetic_gps
2026-05-21 08:44:04,45.7795348,21.2899295,38.56,iulius_airport,car,1,synthetic_gps
2026-05-21 08:44:05,45.7794059,21.2901286,41.94,iulius_airport,car,1,synthetic_gps
2026-05-21 08:44:06,45.7793918,21.2901041,48.73,iulius_airport,car,1,synthetic_gps
2026-05-21 08:44:07,45.7794921,21.290142,40.73,iulius_airport,car,1,synthetic_gps
2026-05-21 08:44:08,45.7795788,21.2903136,48.73,iulius_airport,car,1,synthetic_gps
2026-05-21 08:44:09,45.779634,21.2903748,56.73,iulius_airport,car,1,synthetic_gps
2026-05-21 08:44:10,45.7795807,21.2903966,48.73,iulius_airport,car,1,synthetic_gps
2026-05-21 08:44:11,45.7795168,21.2904678,40.73,iulius_airport,car,1,synthetic_gps
2026-05-21 08:44:12,45.7795019,21.2905863,45.21,iulius_airport,car,1,synthetic_gps
2026-05-21 08:44:13,45.7796018,21.2906715,53.21,iulius_airport,car,1,synthetic_gps
2026-05-21 08:44:14,45.7797218,21.2906937,45.21,iulius_airport,car,1,synthetic_gps
2026-05-21 08:44:15,45.7795434,21.2906903,41.94,iulius_airport,car,1,synthetic_gps
2026-05-21 08:44:16,45.7795997,21.2908273,41.1,iulius_airport,car,1,synthetic_gps
2026-05-21 08:44:17,45.7794324,21.2908997,37.03,iulius_airport,car,1,synthetic_gps
2026-05-21 08:44:18,45.7796951,21.2908918,45.03,iulius_airport,car,1,synthetic_gps
2026-05-21 08:44:19,45.7796142,21.2909718,53.03,iulius_airport,car,1,synthetic_gps
2026-05-21 08:44:20,45.7795784,21.2909764,45.03,iulius_airport,car,1,synthetic_gps
2026-05-21 08:44:21,45.7796678,21.2911451,37.03,iulius_airport,car,1,synthetic_gps
2026-05-21 08:44:22,45.7796574,21.2911895,45.03,iulius_airport,car,1,synthetic_gps
2026-05-21 08:44:23,45.7795993,21.2912648,37.03,iulius_airport,car,1,synthetic_gps
2026-05-21 08:44:24,45.779734,21.2912998,29.03,iulius_airport,car,1,synthetic_gps
2026-05-21 08:44:25,45.7797499,21.2913302,32.93,iulius_airport,car,1,synthetic_gps
2026-05-21 08:44:26,45.7796875,21.2914559,40.93,iulius_airport,car,1,synthetic_gps
2026-05-21 08:44:27,45.7795982,21.2914745,48.93,iulius_airport,car,1,synthetic_gps
2026-05-21 08:44:28,45.7796715,21.2917098,48.77,iulius_airport,car,1,synthetic_gps
2026-05-21 08:44:29,45.7795983,21.2917005,40.77,iulius_airport,car,1,synthetic_gps
2026-05-21 08:44:30,45.7797314,21.2916373,32.77,iulius_airport,car,1,synthetic_gps
2026-05-21 08:44:31,45.7797034,21.2917431,24.77,iulius_airport,car,1,synthetic_gps
2026-05-21 08:44:32,45.7797969,21.2918918,16.77,iulius_airport,car,1,synthetic_gps
2026-05-21 08:44:33,45.7796001,21.2918316,24.77,iulius_airport,car,1,synthetic_gps
2026-05-21 08:44:34,45.7796639,21.2918852,32.46,iulius_airport,car,1,synthetic_gps
2026-05-21 08:44:35,45.7796313,21.2919843,40.46,iulius_airport,car,1,synthetic_gps
2026-05-21 08:44:36,45.7795859,21.2920892,40.27,iulius_airport,car,1,synthetic_gps
2026-05-21 08:44:37,45.7797761,21.2922299,43.58,iulius_airport,car,1,synthetic_gps
2026-05-21 08:44:38,45.7796911,21.2922301,48.47,iulius_airport,car,1,synthetic_gps
2026-05-21 08:44:39,45.7797187,21.2923437,42.46,iulius_airport,car,1,synthetic_gps
2026-05-21 08:44:40,45.7797575,21.2923787,50.46,iulius_airport,car,1,synthetic_gps
2026-05-21 08:44:41,45.7797557,21.2923543,58.46,iulius_airport,car,1,synthetic_gps
2026-05-21 08:44:42,45.7798044,21.292522,50.46,iulius_airport,car,1,synthetic_gps
2026-05-21 08:44:43,45.7798045,21.2926095,42.46,iulius_airport,car,1,synthetic_gps
2026-05-21 08:44:44,45.7797716,21.2926135,39.78,iulius_airport,car,1,synthetic_gps
2026-05-21 08:44:45,45.779692,21.2927272,31.78,iulius_airport,car,1,synthetic_gps
2026-05-21 08:44:46,45.779726,21.2927048,39.78,iulius_airport,car,1,synthetic_gps
2026-05-21 08:44:47,45.7797552,21.2928544,47.78,iulius_airport,car,1,synthetic_gps
2026-05-21 08:44:48,45.7797234,21.2929698,55.78,iulius_airport,car,1,synthetic_gps
2026-05-21 08:44:49,45.7797925,21.292861,47.78,iulius_airport,car,1,synthetic_gps
2026-05-21 08:44:50,45.7797466,21.2929684,55.78,iulius_airport,car,1,synthetic_gps
2026-05-21 08:44:51,45.779705,21.2930587,48.01,iulius_airport,car,1,synthetic_gps
2026-05-21 08:44:52,45.7797917,21.2931841,40.01,iulius_airport,car,1,synthetic_gps
2026-05-21 08:44:53,45.7797983,21.2931164,41.0,iulius_airport,car,1,synthetic_gps
2026-05-21 08:44:54,45.7797607,21.2933059,33.0,iulius_airport,car,1,synthetic_gps
2026-05-21 08:44:55,45.7797098,21.2934124,35.66,iulius_airport,car,1,synthetic_gps
2026-05-21 08:44:56,45.7798246,21.2933876,43.66,iulius_airport,car,1,synthetic_gps
2026-05-21 08:44:57,45.7798337,21.2934743,35.66,iulius_airport,car,1,synthetic_gps
2026-05-21 08:44:58,45.7798973,21.2935686,27.66,iulius_airport,car,1,synthetic_gps
2026-05-21 08:44:59,45.7798396,21.2935492,35.66,iulius_airport,car,1,synthetic_gps
2026-05-21 08:45:00,45.7799282,21.293701,42.06,iulius_airport,car,1,synthetic_gps
2026-05-21 08:45:01,45.7798512,21.2937426,34.06,iulius_airport,car,1,synthetic_gps
2026-05-21 08:45:02,45.7798292,21.2938169,40.45,iulius_airport,car,1,synthetic_gps
2026-05-21 08:45:03,45.7799069,21.2938144,32.45,iulius_airport,car,1,synthetic_gps
2026-05-21 08:45:04,45.7798939,21.2939055,39.57,iulius_airport,car,1,synthetic_gps
2026-05-21 08:45:05,45.7798996,21.2939819,34.75,iulius_airport,car,1,synthetic_gps
2026-05-21 08:45:06,45.7799675,21.293982,42.75,iulius_airport,car,1,synthetic_gps
2026-05-21 08:45:07,45.7797711,21.2941347,39.97,iulius_airport,car,1,synthetic_gps
2026-05-21 08:45:08,45.7799192,21.2942216,32.08,iulius_airport,car,1,synthetic_gps
2026-05-21 08:45:09,45.779921,21.2942982,40.08,iulius_airport,car,1,synthetic_gps
2026-05-21 08:45:10,45.7798747,21.2944754,47.9,iulius_airport,car,1,synthetic_gps
2026-05-21 08:45:11,45.7799107,21.2943352,39.9,iulius_airport,car,1,synthetic_gps
2026-05-21 08:45:12,45.7799406,21.2944797,47.9,iulius_airport,car,1,synthetic_gps
2026-05-21 08:45:13,45.7799126,21.2945142,55.9,iulius_airport,car,1,synthetic_gps
2026-05-21 08:45:14,45.7800625,21.294599,47.9,iulius_airport,car,1,synthetic_gps
2026-05-21 08:45:15,45.7799909,21.2946905,39.9,iulius_airport,car,1,synthetic_gps
2026-05-21 08:45:16,45.7799923,21.2948569,47.9,iulius_airport,car,1,synthetic_gps
2026-05-21 08:45:17,45.7799342,21.2947443,55.9,iulius_airport,car,1,synthetic_gps
2026-05-21 08:45:18,45.7799702,21.2947853,47.9,iulius_airport,car,1,synthetic_gps
2026-05-21 08:45:19,45.7799696,21.2949761,39.9,iulius_airport,car,1,synthetic_gps
2026-05-21 08:45:20,45.7800736,21.2949688,31.9,iulius_airport,car,1,synthetic_gps
2026-05-21 08:45:21,45.7800841,21.2950076,39.9,iulius_airport,car,1,synthetic_gps
2026-05-21 08:45:22,45.7800014,21.2951419,31.9,iulius_airport,car,1,synthetic_gps
2026-05-21 08:45:23,45.7799438,21.2952507,34.97,iulius_airport,car,1,synthetic_gps
2026-05-21 08:45:24,45.7798502,21.2953191,26.97,iulius_airport,car,1,synthetic_gps
2026-05-21 08:45:25,45.7800565,21.2953195,20.44,iulius_airport,car,1,synthetic_gps
2026-05-21 08:45:26,45.7800188,21.2953915,12.44,iulius_airport,car,1,synthetic_gps
2026-05-21 08:45:27,45.7800909,21.2954427,20.44,iulius_airport,car,1,synthetic_gps
2026-05-21 08:45:28,45.7801173,21.2955489,28.44,iulius_airport,car,1,synthetic_gps
2026-05-21 08:45:29,45.7800577,21.2956538,36.44,iulius_airport,car,1,synthetic_gps
2026-05-21 08:45:30,45.7799444,21.2955993,28.44,iulius_airport,car,1,synthetic_gps
2026-05-21 08:45:31,45.7800379,21.2957632,36.44,iulius_airport,car,1,synthetic_gps
2026-05-21 08:45:32,45.7801514,21.2958531,39.28,iulius_airport,car,1,synthetic_gps
2026-05-21 08:45:33,45.7800872,21.2958688,34.7,iulius_airport,car,1,synthetic_gps
2026-05-21 08:45:34,45.7802849,21.295867,42.7,iulius_airport,car,1,synthetic_gps
2026-05-21 08:45:35,45.7800475,21.2959561,49.08,iulius_airport,car,1,synthetic_gps
2026-05-21 08:45:36,45.7800805,21.2961412,57.08,iulius_airport,car,1,synthetic_gps
2026-05-21 08:45:37,45.7801695,21.2960948,62.97,iulius_airport,car,1,synthetic_gps
2026-05-21 08:45:38,45.780125,21.296052,54.97,iulius_airport,car,1,synthetic_gps
2026-05-21 08:45:39,45.7801241,21.2961192,46.97,iulius_airport,car,1,synthetic_gps
2026-05-21 08:45:40,45.7800274,21.2962243,45.77,iulius_airport,car,1,synthetic_gps
2026-05-21 08:45:41,45.7801482,21.2963659,53.77,iulius_airport,car,1,synthetic_gps
2026-05-21 08:45:42,45.7801655,21.2964435,45.77,iulius_airport,car,1,synthetic_gps
2026-05-21 08:45:43,45.7801756,21.2966253,37.77,iulius_airport,car,1,synthetic_gps
2026-05-21 08:45:44,45.7802474,21.296496,45.77,iulius_airport,car,1,synthetic_gps
2026-05-21 08:45:45,45.78015,21.296635,37.77,iulius_airport,car,1,synthetic_gps
2026-05-21 08:45:46,45.7802141,21.2965865,29.77,iulius_airport,car,1,synthetic_gps
2026-05-21 08:45:47,45.7801927,21.2967366,37.77,iulius_airport,car,1,synthetic_gps
2026-05-21 08:45:48,45.7801945,21.2967747,45.77,iulius_airport,car,1,synthetic_gps
2026-05-21 08:45:49,45.7801726,21.2969303,40.33,iulius_airport,car,1,synthetic_gps
2026-05-21 08:45:50,45.779998,21.2969688,42.83,iulius_airport,car,1,synthetic_gps
2026-05-21 08:45:51,45.7802481,21.2970598,34.83,iulius_airport,car,1,synthetic_gps
2026-05-21 08:45:52,45.7802524,21.2971385,26.83,iulius_airport,car,1,synthetic_gps
2026-05-21 08:45:53,45.7802409,21.29714,33.3,iulius_airport,car,1,synthetic_gps
2026-05-21 08:45:54,45.7802659,21.2971423,41.3,iulius_airport,car,1,synthetic_gps
2026-05-21 08:45:55,45.7802109,21.2973555,49.3,iulius_airport,car,1,synthetic_gps
2026-05-21 08:45:56,45.780219,21.297303,41.3,iulius_airport,car,1,synthetic_gps
2026-05-21 08:45:57,45.7802131,21.2975085,49.3,iulius_airport,car,1,synthetic_gps
2026-05-21 08:45:58,45.7802437,21.2976619,41.3,iulius_airport,car,1,synthetic_gps
2026-05-21 08:45:59,45.7802022,21.2976287,33.3,iulius_airport,car,1,synthetic_gps
2026-05-21 08:46:00,45.7802203,21.297694,25.3,iulius_airport,car,1,synthetic_gps
2026-05-21 08:46:01,45.7803203,21.2977845,17.3,iulius_airport,car,1,synthetic_gps
2026-05-21 08:46:02,45.7802391,21.2978575,25.3,iulius_airport,car,1,synthetic_gps
2026-05-21 08:46:03,45.7801961,21.2978247,31.73,iulius_airport,car,1,synthetic_gps
2026-05-21 08:46:04,45.7803012,21.2979137,23.73,iulius_airport,car,1,synthetic_gps
2026-05-21 08:46:05,45.7802587,21.297911,31.73,iulius_airport,car,1,synthetic_gps
2026-05-21 08:46:06,45.7802824,21.2980002,39.73,iulius_airport,car,1,synthetic_gps
2026-05-21 08:46:07,45.7802815,21.2980448,31.73,iulius_airport,car,1,synthetic_gps
2026-05-21 08:46:08,45.7803209,21.2982555,39.73,iulius_airport,car,1,synthetic_gps
2026-05-21 08:46:09,45.780337,21.2982248,47.73,iulius_airport,car,1,synthetic_gps
2026-05-21 08:46:10,45.7804467,21.2983091,39.73,iulius_airport,car,1,synthetic_gps
2026-05-21 08:46:11,45.7803174,21.2982986,47.73,iulius_airport,car,1,synthetic_gps
2026-05-21 08:46:12,45.7802539,21.2983823,46.92,iulius_airport,car,1,synthetic_gps
2026-05-21 08:46:13,45.7802855,21.298512,38.92,iulius_airport,car,1,synthetic_gps
2026-05-21 08:46:14,45.7803104,21.2986752,46.92,iulius_airport,car,1,synthetic_gps
2026-05-21 08:46:15,45.7804343,21.2987152,54.92,iulius_airport,car,1,synthetic_gps
2026-05-21 08:46:16,45.7803644,21.2987089,46.92,iulius_airport,car,1,synthetic_gps
2026-05-21 08:46:17,45.7804036,21.2987013,38.92,iulius_airport,car,1,synthetic_gps
2026-05-21 08:46:18,45.7802379,21.2988008,45.8,iulius_airport,car,1,synthetic_gps
2026-05-21 08:46:19,45.7804035,21.2987746,53.5,iulius_airport,car,1,synthetic_gps
2026-05-21 08:46:20,45.7804344,21.2988881,45.5,iulius_airport,car,1,synthetic_gps
2026-05-21 08:46:21,45.7804882,21.2989082,46.04,iulius_airport,car,1,synthetic_gps
2026-05-21 08:46:22,45.7805312,21.2990271,54.04,iulius_airport,car,1,synthetic_gps
2026-05-21 08:46:23,45.7803911,21.2991453,46.04,iulius_airport,car,1,synthetic_gps
2026-05-21 08:46:24,45.7803959,21.2991566,38.04,iulius_airport,car,1,synthetic_gps
2026-05-21 08:46:25,45.7804363,21.2992801,46.04,iulius_airport,car,1,synthetic_gps
2026-05-21 08:46:26,45.7804195,21.2993556,40.52,iulius_airport,car,1,synthetic_gps
2026-05-21 08:46:27,45.7804993,21.2994886,48.52,iulius_airport,car,1,synthetic_gps
2026-05-21 08:46:28,45.7804754,21.2994452,52.47,iulius_airport,car,1,synthetic_gps
2026-05-21 08:46:29,45.7804082,21.2997084,60.47,iulius_airport,car,1,synthetic_gps
2026-05-21 08:46:30,45.7805241,21.2994666,52.47,iulius_airport,car,1,synthetic_gps
2026-05-21 08:46:31,45.7804838,21.2997661,44.47,iulius_airport,car,1,synthetic_gps
2026-05-21 08:46:32,45.7804976,21.2996316,52.47,iulius_airport,car,1,synthetic_gps
2026-05-21 08:46:33,45.7804863,21.2997824,48.36,iulius_airport,car,1,synthetic_gps
2026-05-21 08:46:34,45.7805229,21.2998772,48.98,iulius_airport,car,1,synthetic_gps
2026-05-21 08:46:35,45.7804711,21.2998999,53.62,iulius_airport,car,1,synthetic_gps
2026-05-21 08:46:36,45.7805189,21.2999155,61.62,iulius_airport,car,1,synthetic_gps
2026-05-21 08:46:37,45.7805753,21.3001383,53.62,iulius_airport,car,1,synthetic_gps
2026-05-21 08:46:38,45.7805478,21.3001227,46.48,iulius_airport,car,1,synthetic_gps
2026-05-21 08:46:39,45.7804959,21.3001847,43.56,iulius_airport,car,1,synthetic_gps
2026-05-21 08:46:40,45.7804912,21.3003993,35.56,iulius_airport,car,1,synthetic_gps
2026-05-21 08:46:41,45.7805629,21.3001789,27.56,iulius_airport,car,1,synthetic_gps
2026-05-21 08:46:42,45.7805236,21.3003764,35.56,iulius_airport,car,1,synthetic_gps
2026-05-21 08:46:43,45.7804956,21.3004907,43.56,iulius_airport,car,1,synthetic_gps
2026-05-21 08:46:44,45.7805388,21.3005329,35.56,iulius_airport,car,1,synthetic_gps
2026-05-21 08:46:45,45.7804841,21.3006335,43.56,iulius_airport,car,1,synthetic_gps
2026-05-21 08:46:46,45.7806669,21.3006392,39.16,iulius_airport,car,1,synthetic_gps
2026-05-21 08:46:47,45.7806136,21.300728,43.35,iulius_airport,car,1,synthetic_gps
2026-05-21 08:46:48,45.7806115,21.3007661,51.35,iulius_airport,car,1,synthetic_gps
2026-05-21 08:46:49,45.7805524,21.300812,43.35,iulius_airport,car,1,synthetic_gps
2026-05-21 08:46:50,45.7806907,21.3009629,51.35,iulius_airport,car,1,synthetic_gps
2026-05-21 08:46:51,45.7805411,21.3009879,43.35,iulius_airport,car,1,synthetic_gps
2026-05-21 08:46:52,45.7805559,21.3011369,35.35,iulius_airport,car,1,synthetic_gps
2026-05-21 08:46:53,45.7805217,21.3011499,35.3,iulius_airport,car,1,synthetic_gps
2026-05-21 08:46:54,45.7805401,21.3010649,43.3,iulius_airport,car,1,synthetic_gps
2026-05-21 08:46:55,45.7807143,21.3012981,35.3,iulius_airport,car,1,synthetic_gps
2026-05-21 08:46:56,45.7806147,21.3012402,37.14,iulius_airport,car,1,synthetic_gps
2026-05-21 08:46:57,45.7805977,21.3013016,37.44,iulius_airport,car,1,synthetic_gps
2026-05-21 08:46:58,45.7806281,21.3013653,45.44,iulius_airport,car,1,synthetic_gps
2026-05-21 08:46:59,45.780516,21.3014598,41.67,iulius_airport,car,1,synthetic_gps
2026-05-21 08:47:00,45.7805724,21.3014832,40.22,iulius_airport,car,1,synthetic_gps
2026-05-21 08:47:01,45.7806662,21.3016019,32.22,iulius_airport,car,1,synthetic_gps
2026-05-21 08:47:02,45.780661,21.3015907,40.22,iulius_airport,car,1,synthetic_gps
2026-05-21 08:47:03,45.7807392,21.3018171,48.22,iulius_airport,car,1,synthetic_gps
2026-05-21 08:47:04,45.7808184,21.3018436,48.79,iulius_airport,car,1,synthetic_gps
2026-05-21 08:47:05,45.7805812,21.3019028,40.79,iulius_airport,car,1,synthetic_gps
2026-05-21 08:47:06,45.7806266,21.3020511,32.79,iulius_airport,car,1,synthetic_gps
2026-05-21 08:47:07,45.7807275,21.3021438,40.79,iulius_airport,car,1,synthetic_gps
2026-05-21 08:47:08,45.7806644,21.3021435,42.59,iulius_airport,car,1,synthetic_gps
2026-05-21 08:47:09,45.780654,21.3020918,50.59,iulius_airport,car,1,synthetic_gps
2026-05-21 08:47:10,45.7807145,21.3021258,42.59,iulius_airport,car,1,synthetic_gps
2026-05-21 08:47:11,45.7807019,21.3022259,34.59,iulius_airport,car,1,synthetic_gps
2026-05-21 08:47:12,45.780791,21.3023929,42.59,iulius_airport,car,1,synthetic_gps
2026-05-21 08:47:13,45.7807385,21.3024158,34.59,iulius_airport,car,1,synthetic_gps
2026-05-21 08:47:14,45.7807824,21.3025535,42.59,iulius_airport,car,1,synthetic_gps
2026-05-21 08:47:15,45.7807384,21.3026536,34.59,iulius_airport,car,1,synthetic_gps
2026-05-21 08:47:16,45.7807638,21.302593,34.01,iulius_airport,car,1,synthetic_gps
2026-05-21 08:47:17,45.7807187,21.3026891,26.65,iulius_airport,car,1,synthetic_gps
2026-05-21 08:47:18,45.7808172,21.3028381,34.65,iulius_airport,car,1,synthetic_gps
2026-05-21 08:47:19,45.7808526,21.3029168,26.65,iulius_airport,car,1,synthetic_gps
2026-05-21 08:47:20,45.7808758,21.3029126,18.65,iulius_airport,car,1,synthetic_gps
2026-05-21 08:47:21,45.7808378,21.302865,26.65,iulius_airport,car,1,synthetic_gps
2026-05-21 08:47:22,45.7808738,21.3030673,34.65,iulius_airport,car,1,synthetic_gps
2026-05-21 08:47:23,45.7808441,21.3030554,42.65,iulius_airport,car,1,synthetic_gps
2026-05-21 08:47:24,45.7807042,21.3031255,50.65,iulius_airport,car,1,synthetic_gps
2026-05-21 08:47:25,45.7808595,21.303329,42.65,iulius_airport,car,1,synthetic_gps
2026-05-21 08:47:26,45.7808734,21.3032215,50.65,iulius_airport,car,1,synthetic_gps
2026-05-21 08:47:27,45.7809083,21.3033886,58.65,iulius_airport,car,1,synthetic_gps
2026-05-21 08:47:28,45.7807346,21.3035802,50.65,iulius_airport,car,1,synthetic_gps
2026-05-21 08:47:29,45.7808269,21.3033571,42.65,iulius_airport,car,1,synthetic_gps
2026-05-21 08:47:30,45.7807582,21.3034462,50.65,iulius_airport,car,1,synthetic_gps
2026-05-21 08:47:31,45.7808061,21.3035464,42.82,iulius_airport,car,1,synthetic_gps
2026-05-21 08:47:32,45.7810133,21.3036621,34.82,iulius_airport,car,1,synthetic_gps
2026-05-21 08:47:33,45.7808478,21.3038003,33.09,iulius_airport,car,1,synthetic_gps
2026-05-21 08:47:34,45.7809184,21.3037372,41.09,iulius_airport,car,1,synthetic_gps
2026-05-21 08:47:35,45.7808359,21.3038764,49.09,iulius_airport,car,1,synthetic_gps
2026-05-21 08:47:36,45.7808949,21.3039088,41.09,iulius_airport,car,1,synthetic_gps
2026-05-21 08:47:37,45.7810133,21.304005,33.09,iulius_airport,car,1,synthetic_gps
2026-05-21 08:47:38,45.7809871,21.3040109,34.26,iulius_airport,car,1,synthetic_gps
2026-05-21 08:47:39,45.7809752,21.3042176,42.26,iulius_airport,car,1,synthetic_gps
2026-05-21 08:47:40,45.7809944,21.3042198,38.94,iulius_airport,car,1,synthetic_gps
2026-05-21 08:47:41,45.7809506,21.3042716,40.58,iulius_airport,car,1,synthetic_gps
2026-05-21 08:47:42,45.7809274,21.3044297,32.58,iulius_airport,car,1,synthetic_gps
2026-05-21 08:47:43,45.7809164,21.304438,40.58,iulius_airport,car,1,synthetic_gps
2026-05-21 08:47:44,45.7808336,21.3044803,32.58,iulius_airport,car,1,synthetic_gps
2026-05-21 08:47:45,45.7809581,21.3045644,35.08,iulius_airport,car,1,synthetic_gps
2026-05-21 08:47:46,45.7810788,21.3045962,43.08,iulius_airport,car,1,synthetic_gps
2026-05-21 08:47:47,45.7810114,21.3046426,51.08,iulius_airport,car,1,synthetic_gps
2026-05-21 08:47:48,45.7809143,21.3046658,43.08,iulius_airport,car,1,synthetic_gps
2026-05-21 08:47:49,45.7809756,21.3047195,37.96,iulius_airport,car,1,synthetic_gps
2026-05-21 08:47:50,45.7810452,21.3048911,30.19,iulius_airport,car,1,synthetic_gps
2026-05-21 08:47:51,45.7810549,21.3048553,38.19,iulius_airport,car,1,synthetic_gps
2026-05-21 08:47:52,45.7809396,21.3050624,46.19,iulius_airport,car,1,synthetic_gps
2026-05-21 08:47:53,45.7810075,21.3051276,54.19,iulius_airport,car,1,synthetic_gps
2026-05-21 08:47:54,45.7810216,21.3052178,46.19,iulius_airport,car,1,synthetic_gps
2026-05-21 08:47:55,45.781054,21.3052488,52.48,iulius_airport,car,1,synthetic_gps
2026-05-21 08:47:56,45.7810387,21.3051762,60.48,iulius_airport,car,1,synthetic_gps
2026-05-21 08:47:57,45.781044,21.3054081,52.48,iulius_airport,car,1,synthetic_gps
2026-05-21 08:47:58,45.7809956,21.3052904,47.05,iulius_airport,car,1,synthetic_gps
2026-05-21 08:47:59,45.7809731,21.305557,40.12,iulius_airport,car,1,synthetic_gps
2026-05-21 08:48:00,45.7810394,21.3055075,33.11,iulius_airport,car,1,synthetic_gps
2026-05-21 08:48:01,45.7809559,21.3055472,41.11,iulius_airport,car,1,synthetic_gps
2026-05-21 08:48:02,45.7810604,21.3055877,49.11,iulius_airport,car,1,synthetic_gps
2026-05-21 08:48:03,45.781023,21.305772,41.11,iulius_airport,car,1,synthetic_gps
2026-05-21 08:48:04,45.7810836,21.3056625,49.11,iulius_airport,car,1,synthetic_gps
2026-05-21 08:48:05,45.7810947,21.3058669,41.11,iulius_airport,car,1,synthetic_gps
2026-05-21 08:48:06,45.7810978,21.3059208,45.13,iulius_airport,car,1,synthetic_gps
2026-05-21 08:48:07,45.7811464,21.3059281,37.13,iulius_airport,car,1,synthetic_gps
2026-05-21 08:48:08,45.781137,21.3060605,43.16,iulius_airport,car,1,synthetic_gps
2026-05-21 08:48:09,45.7811159,21.3060168,51.16,iulius_airport,car,1,synthetic_gps
2026-05-21 08:48:10,45.7810769,21.3062097,51.57,iulius_airport,car,1,synthetic_gps
2026-05-21 08:48:11,45.7812603,21.3062048,43.57,iulius_airport,car,1,synthetic_gps
2026-05-21 08:48:12,45.7810534,21.3064557,51.57,iulius_airport,car,1,synthetic_gps
2026-05-21 08:48:13,45.7811114,21.3062577,46.17,iulius_airport,car,1,synthetic_gps
2026-05-21 08:48:14,45.7811863,21.3063927,54.17,iulius_airport,car,1,synthetic_gps
2026-05-21 08:48:15,45.7812498,21.3064118,46.17,iulius_airport,car,1,synthetic_gps
2026-05-21 08:48:16,45.7811915,21.3066224,54.17,iulius_airport,car,1,synthetic_gps
2026-05-21 08:48:17,45.7811372,21.306543,56.94,iulius_airport,car,1,synthetic_gps
2026-05-21 08:48:18,45.7812427,21.3066052,48.94,iulius_airport,car,1,synthetic_gps
2026-05-21 08:48:19,45.7811761,21.3068892,53.93,iulius_airport,car,1,synthetic_gps
2026-05-21 08:48:20,45.7811691,21.3069176,45.93,iulius_airport,car,1,synthetic_gps
2026-05-21 08:48:21,45.7811923,21.3069537,53.93,iulius_airport,car,1,synthetic_gps
2026-05-21 08:48:22,45.7812575,21.3069826,45.93,iulius_airport,car,1,synthetic_gps
2026-05-21 08:48:23,45.7813185,21.3069991,52.88,iulius_airport,car,1,synthetic_gps
2026-05-21 08:48:24,45.7811593,21.3071008,60.88,iulius_airport,car,1,synthetic_gps
2026-05-21 08:48:25,45.7811642,21.307087,52.88,iulius_airport,car,1,synthetic_gps
2026-05-21 08:48:26,45.7810812,21.3072163,54.78,iulius_airport,car,1,synthetic_gps
2026-05-21 08:48:27,45.781352,21.3072629,57.62,iulius_airport,car,1,synthetic_gps
2026-05-21 08:48:28,45.7812601,21.3074257,50.55,iulius_airport,car,1,synthetic_gps
2026-05-21 08:48:29,45.7812177,21.3074508,51.56,iulius_airport,car,1,synthetic_gps
2026-05-21 08:48:30,45.7812874,21.3074188,49.29,iulius_airport,car,1,synthetic_gps
2026-05-21 08:48:31,45.7811974,21.307558,41.29,iulius_airport,car,1,synthetic_gps
2026-05-21 08:48:32,45.7812511,21.3075655,49.29,iulius_airport,car,1,synthetic_gps
2026-05-21 08:48:33,45.7813114,21.3077767,41.29,iulius_airport,car,1,synthetic_gps
2026-05-21 08:48:34,45.7813107,21.3078211,33.29,iulius_airport,car,1,synthetic_gps
2026-05-21 08:48:35,45.7812573,21.3078822,28.92,iulius_airport,car,1,synthetic_gps
2026-05-21 08:48:36,45.7813408,21.3077874,36.92,iulius_airport,car,1,synthetic_gps
2026-05-21 08:48:37,45.7813178,21.3080269,28.92,iulius_airport,car,1,synthetic_gps
2026-05-21 08:48:38,45.7813061,21.3080143,32.76,iulius_airport,car,1,synthetic_gps
2026-05-21 08:48:39,45.781215,21.308142,40.76,iulius_airport,car,1,synthetic_gps
2026-05-21 08:48:40,45.7812446,21.3082132,46.17,iulius_airport,car,1,synthetic_gps
2026-05-21 08:48:41,45.7812948,21.3081592,54.17,iulius_airport,car,1,synthetic_gps
2026-05-21 08:48:42,45.7813987,21.3082221,56.04,iulius_airport,car,1,synthetic_gps
2026-05-21 08:48:43,45.7814064,21.3083015,48.04,iulius_airport,car,1,synthetic_gps
2026-05-21 08:48:44,45.7813395,21.3084806,42.62,iulius_airport,car,1,synthetic_gps
2026-05-21 08:48:45,45.7814456,21.308568,34.62,iulius_airport,car,1,synthetic_gps
2026-05-21 08:48:46,45.7813749,21.3085242,27.72,iulius_airport,car,1,synthetic_gps
2026-05-21 08:48:47,45.7812999,21.3086034,33.05,iulius_airport,car,1,synthetic_gps
2026-05-21 08:48:48,45.7814854,21.3087114,39.61,iulius_airport,car,1,synthetic_gps
2026-05-21 08:48:49,45.7814248,21.3086366,47.61,iulius_airport,car,1,synthetic_gps
2026-05-21 08:48:50,45.7814391,21.3088667,46.41,iulius_airport,car,1,synthetic_gps
2026-05-21 08:48:51,45.7813984,21.308995,54.41,iulius_airport,car,1,synthetic_gps
2026-05-21 08:48:52,45.7814372,21.3090108,46.41,iulius_airport,car,1,synthetic_gps
2026-05-21 08:48:53,45.781421,21.3089798,50.87,iulius_airport,car,1,synthetic_gps
2026-05-21 08:48:54,45.7813826,21.3089921,46.84,iulius_airport,car,1,synthetic_gps
2026-05-21 08:48:55,45.7813868,21.3091599,50.8,iulius_airport,car,1,synthetic_gps
2026-05-21 08:48:56,45.7813443,21.3091774,42.8,iulius_airport,car,1,synthetic_gps
2026-05-21 08:48:57,45.7813754,21.3092571,34.8,iulius_airport,car,1,synthetic_gps
2026-05-21 08:48:58,45.7815554,21.3093897,41.46,iulius_airport,car,1,synthetic_gps
2026-05-21 08:48:59,45.781462,21.3094115,49.46,iulius_airport,car,1,synthetic_gps
2026-05-21 08:49:00,45.7814473,21.3095047,41.46,iulius_airport,car,1,synthetic_gps
2026-05-21 08:49:01,45.7813486,21.3094503,34.92,iulius_airport,car,1,synthetic_gps
2026-05-21 08:49:02,45.781554,21.3096014,26.92,iulius_airport,car,1,synthetic_gps
2026-05-21 08:49:03,45.7814111,21.3096379,32.36,iulius_airport,car,1,synthetic_gps
2026-05-21 08:49:04,45.7814343,21.3096798,40.36,iulius_airport,car,1,synthetic_gps
2026-05-21 08:49:05,45.7815476,21.3098387,32.36,iulius_airport,car,1,synthetic_gps
2026-05-21 08:49:06,45.7816243,21.3098515,40.36,iulius_airport,car,1,synthetic_gps
2026-05-21 08:49:07,45.7815434,21.3099581,32.36,iulius_airport,car,1,synthetic_gps
2026-05-21 08:49:08,45.7815006,21.3100825,40.36,iulius_airport,car,1,synthetic_gps
2026-05-21 08:49:09,45.7814188,21.3100758,48.36,iulius_airport,car,1,synthetic_gps
2026-05-21 08:49:10,45.7815028,21.3100856,43.88,iulius_airport,car,1,synthetic_gps
2026-05-21 08:49:11,45.7815238,21.3102003,51.88,iulius_airport,car,1,synthetic_gps
2026-05-21 08:49:12,45.7814811,21.3102401,43.88,iulius_airport,car,1,synthetic_gps
2026-05-21 08:49:13,45.7815199,21.3104001,46.92,iulius_airport,car,1,synthetic_gps
2026-05-21 08:49:14,45.7815816,21.3105071,54.92,iulius_airport,car,1,synthetic_gps
2026-05-21 08:49:15,45.781692,21.3105077,46.92,iulius_airport,car,1,synthetic_gps
2026-05-21 08:49:16,45.7816254,21.3105219,49.33,iulius_airport,car,1,synthetic_gps
2026-05-21 08:49:17,45.7815663,21.3105496,41.33,iulius_airport,car,1,synthetic_gps
2026-05-21 08:49:18,45.7815946,21.3106459,33.33,iulius_airport,car,1,synthetic_gps
2026-05-21 08:49:19,45.7814428,21.3107197,40.58,iulius_airport,car,1,synthetic_gps
2026-05-21 08:49:20,45.7815241,21.3108983,41.58,iulius_airport,car,1,synthetic_gps
2026-05-21 08:49:21,45.7815633,21.310896,33.58,iulius_airport,car,1,synthetic_gps
2026-05-21 08:49:22,45.7815824,21.3108659,25.58,iulius_airport,car,1,synthetic_gps
2026-05-21 08:49:23,45.7815037,21.311034,33.58,iulius_airport,car,1,synthetic_gps
2026-05-21 08:49:24,45.7815413,21.3109846,41.58,iulius_airport,car,1,synthetic_gps
2026-05-21 08:49:25,45.7815974,21.3111577,33.58,iulius_airport,car,1,synthetic_gps
2026-05-21 08:49:26,45.7814945,21.3111916,31.22,iulius_airport,car,1,synthetic_gps
2026-05-21 08:49:27,45.7816906,21.3113411,23.22,iulius_airport,car,1,synthetic_gps
2026-05-21 08:49:28,45.7817472,21.3114283,31.22,iulius_airport,car,1,synthetic_gps
2026-05-21 08:49:29,45.7816915,21.3113749,23.22,iulius_airport,car,1,synthetic_gps
2026-05-21 08:49:30,45.7816296,21.3115203,30.71,iulius_airport,car,1,synthetic_gps
2026-05-21 08:49:31,45.7816276,21.3115952,38.71,iulius_airport,car,1,synthetic_gps
2026-05-21 08:49:32,45.7816897,21.3115849,46.71,iulius_airport,car,1,synthetic_gps
2026-05-21 08:49:33,45.7815896,21.3114627,38.71,iulius_airport,car,1,synthetic_gps
2026-05-21 08:49:34,45.7817073,21.3117769,35.84,iulius_airport,car,1,synthetic_gps
2026-05-21 08:49:35,45.7816223,21.311904,27.84,iulius_airport,car,1,synthetic_gps
2026-05-21 08:49:36,45.7816401,21.3119147,35.84,iulius_airport,car,1,synthetic_gps
2026-05-21 08:49:37,45.7816219,21.3118673,43.84,iulius_airport,car,1,synthetic_gps
2026-05-21 08:49:38,45.7816779,21.3118933,51.84,iulius_airport,car,1,synthetic_gps
2026-05-21 08:49:39,45.7816531,21.3119866,43.84,iulius_airport,car,1,synthetic_gps
2026-05-21 08:49:40,45.7816246,21.3120496,51.84,iulius_airport,car,1,synthetic_gps
2026-05-21 08:49:41,45.7817699,21.3121099,57.91,iulius_airport,car,1,synthetic_gps
2026-05-21 08:49:42,45.7816693,21.3120723,49.91,iulius_airport,car,1,synthetic_gps
2026-05-21 08:49:43,45.7816778,21.3122975,45.02,iulius_airport,car,1,synthetic_gps
2026-05-21 08:49:44,45.781704,21.3123962,37.02,iulius_airport,car,1,synthetic_gps
2026-05-21 08:49:45,45.7817435,21.3124381,45.02,iulius_airport,car,1,synthetic_gps
2026-05-21 08:49:46,45.7818724,21.3124989,42.59,iulius_airport,car,1,synthetic_gps
2026-05-21 08:49:47,45.7817515,21.3125437,50.59,iulius_airport,car,1,synthetic_gps
2026-05-21 08:49:48,45.7816495,21.3127229,55.43,iulius_airport,car,1,synthetic_gps
2026-05-21 08:49:49,45.7817667,21.3126358,47.43,iulius_airport,car,1,synthetic_gps
2026-05-21 08:49:50,45.7817972,21.312682,55.43,iulius_airport,car,1,synthetic_gps
2026-05-21 08:49:51,45.7818632,21.3128088,47.43,iulius_airport,car,1,synthetic_gps
2026-05-21 08:49:52,45.7817025,21.3128765,39.43,iulius_airport,car,1,synthetic_gps
2026-05-21 08:49:53,45.7817383,21.3129929,44.84,iulius_airport,car,1,synthetic_gps
2026-05-21 08:49:54,45.7818714,21.313034,36.84,iulius_airport,car,1,synthetic_gps
2026-05-21 08:49:55,45.781763,21.313113,35.57,iulius_airport,car,1,synthetic_gps
2026-05-21 08:49:56,45.7818737,21.3131064,37.81,iulius_airport,car,1,synthetic_gps
2026-05-21 08:49:57,45.7817942,21.3132782,36.37,iulius_airport,car,1,synthetic_gps
2026-05-21 08:49:58,45.7818416,21.313184,44.37,iulius_airport,car,1,synthetic_gps
2026-05-21 08:49:59,45.7818322,21.3134054,36.37,iulius_airport,car,1,synthetic_gps
2026-05-21 08:50:00,45.7819075,21.3134905,28.37,iulius_airport,car,1,synthetic_gps
2026-05-21 08:50:01,45.7818797,21.3134357,36.3,iulius_airport,car,1,synthetic_gps
2026-05-21 08:50:02,45.7818775,21.3135986,28.3,iulius_airport,car,1,synthetic_gps
2026-05-21 08:50:03,45.7817558,21.31368,36.3,iulius_airport,car,1,synthetic_gps
2026-05-21 08:50:04,45.7818426,21.3136899,28.3,iulius_airport,car,1,synthetic_gps
2026-05-21 08:50:05,45.7816989,21.3138153,22.65,iulius_airport,car,1,synthetic_gps
2026-05-21 08:50:06,45.7819385,21.3136788,30.65,iulius_airport,car,1,synthetic_gps
2026-05-21 08:50:07,45.7818825,21.3137827,38.65,iulius_airport,car,1,synthetic_gps
2026-05-21 08:50:08,45.7818609,21.313924,30.65,iulius_airport,car,1,synthetic_gps
2026-05-21 08:50:09,45.781965,21.3139792,38.65,iulius_airport,car,1,synthetic_gps
2026-05-21 08:50:10,45.7819824,21.3140842,32.21,iulius_airport,car,1,synthetic_gps
2026-05-21 08:50:11,45.7818832,21.3141968,40.21,iulius_airport,car,1,synthetic_gps
2026-05-21 08:50:12,45.7818857,21.3142453,48.21,iulius_airport,car,1,synthetic_gps
2026-05-21 08:50:13,45.7819213,21.3141907,56.21,iulius_airport,car,1,synthetic_gps
2026-05-21 08:50:14,45.7819298,21.3142857,64.21,iulius_airport,car,1,synthetic_gps
2026-05-21 08:50:15,45.7818539,21.3144152,56.21,iulius_airport,car,1,synthetic_gps
2026-05-21 08:50:16,45.7819322,21.314371,48.21,iulius_airport,car,1,synthetic_gps
2026-05-21 08:50:17,45.7819046,21.3145616,40.21,iulius_airport,car,1,synthetic_gps
2026-05-21 08:50:18,45.7820657,21.3145156,32.21,iulius_airport,car,1,synthetic_gps
2026-05-21 08:50:19,45.7820071,21.314714,32.79,iulius_airport,car,1,synthetic_gps
2026-05-21 08:50:20,45.7820505,21.3148077,40.79,iulius_airport,car,1,synthetic_gps
2026-05-21 08:50:21,45.7819079,21.3147135,32.79,iulius_airport,car,1,synthetic_gps
2026-05-21 08:50:22,45.7818882,21.3148979,30.29,iulius_airport,car,1,synthetic_gps
2026-05-21 08:50:23,45.7819149,21.3149977,38.29,iulius_airport,car,1,synthetic_gps
2026-05-21 08:50:24,45.7820252,21.3149988,46.29,iulius_airport,car,1,synthetic_gps
2026-05-21 08:50:25,45.7820395,21.3150523,43.31,iulius_airport,car,1,synthetic_gps
2026-05-21 08:50:26,45.7820239,21.3150275,35.91,iulius_airport,car,1,synthetic_gps
2026-05-21 08:50:27,45.7820027,21.3151575,38.66,iulius_airport,car,1,synthetic_gps
2026-05-21 08:50:28,45.7820454,21.3152148,46.29,iulius_airport,car,1,synthetic_gps
2026-05-21 08:50:29,45.7820513,21.3152324,38.29,iulius_airport,car,1,synthetic_gps
2026-05-21 08:50:30,45.7820352,21.3153199,34.87,iulius_airport,car,1,synthetic_gps
2026-05-21 08:50:31,45.7820112,21.3153914,26.87,iulius_airport,car,1,synthetic_gps
2026-05-21 08:50:32,45.7821757,21.3154103,34.87,iulius_airport,car,1,synthetic_gps
2026-05-21 08:50:33,45.7821403,21.315326,26.87,iulius_airport,car,1,synthetic_gps
2026-05-21 08:50:34,45.782113,21.3154663,34.87,iulius_airport,car,1,synthetic_gps
2026-05-21 08:50:35,45.7820072,21.3155061,26.87,iulius_airport,car,1,synthetic_gps
2026-05-21 08:50:36,45.782088,21.3156189,18.87,iulius_airport,car,1,synthetic_gps
2026-05-21 08:50:37,45.7819778,21.3156254,14.6,iulius_airport,car,1,synthetic_gps
2026-05-21 08:50:38,45.7820749,21.3155815,22.6,iulius_airport,car,1,synthetic_gps
2026-05-21 08:50:39,45.7821506,21.3158122,30.6,iulius_airport,car,1,synthetic_gps
2026-05-21 08:50:40,45.7821016,21.3157884,34.59,iulius_airport,car,1,synthetic_gps
2026-05-21 08:50:41,45.7821777,21.3157596,28.68,iulius_airport,car,1,synthetic_gps
2026-05-21 08:50:42,45.7819828,21.3158815,22.58,iulius_airport,car,1,synthetic_gps
2026-05-21 08:50:43,45.7820236,21.315931,30.58,iulius_airport,car,1,synthetic_gps
2026-05-21 08:50:44,45.7821384,21.3160147,38.58,iulius_airport,car,1,synthetic_gps
2026-05-21 08:50:45,45.7821232,21.3159829,46.58,iulius_airport,car,1,synthetic_gps
2026-05-21 08:50:46,45.7821028,21.3161555,41.1,iulius_airport,car,1,synthetic_gps
2026-05-21 08:50:47,45.7822333,21.316151,33.1,iulius_airport,car,1,synthetic_gps
2026-05-21 08:50:48,45.7822151,21.3161068,41.1,iulius_airport,car,1,synthetic_gps
2026-05-21 08:50:49,45.7820937,21.3161475,33.1,iulius_airport,car,1,synthetic_gps
2026-05-21 08:50:50,45.7821563,21.3162046,41.1,iulius_airport,car,1,synthetic_gps
2026-05-21 08:50:51,45.7821464,21.3162527,49.1,iulius_airport,car,1,synthetic_gps
2026-05-21 08:50:52,45.7821378,21.3163812,53.03,iulius_airport,car,1,synthetic_gps
2026-05-21 08:50:53,45.7821302,21.3163671,45.03,iulius_airport,car,1,synthetic_gps
2026-05-21 08:50:54,45.7823,21.3164628,53.03,iulius_airport,car,1,synthetic_gps
2026-05-21 08:50:55,45.782298,21.3165652,61.03,iulius_airport,car,1,synthetic_gps
2026-05-21 08:50:56,45.7822502,21.3165175,54.69,iulius_airport,car,1,synthetic_gps
2026-05-21 08:50:57,45.7822998,21.3165561,46.69,iulius_airport,car,1,synthetic_gps
2026-05-21 08:50:58,45.7821981,21.3165741,38.69,iulius_airport,car,1,synthetic_gps
2026-05-21 08:50:59,45.782154,21.3167249,39.16,iulius_airport,car,1,synthetic_gps
2026-05-21 08:51:00,45.7822768,21.3167319,47.16,iulius_airport,car,1,synthetic_gps
2026-05-21 08:51:01,45.7823782,21.3166723,39.16,iulius_airport,car,1,synthetic_gps
2026-05-21 08:51:02,45.7821501,21.3167678,31.16,iulius_airport,car,1,synthetic_gps
2026-05-21 08:51:03,45.7821819,21.3169224,39.16,iulius_airport,car,1,synthetic_gps
2026-05-21 08:51:04,45.7822149,21.3169048,47.16,iulius_airport,car,1,synthetic_gps
2026-05-21 08:51:05,45.7823342,21.3169756,39.16,iulius_airport,car,1,synthetic_gps
2026-05-21 08:51:06,45.782235,21.316941,47.16,iulius_airport,car,1,synthetic_gps
2026-05-21 08:51:07,45.7822485,21.31706,43.27,iulius_airport,car,1,synthetic_gps
2026-05-21 08:51:08,45.7821811,21.3170774,51.27,iulius_airport,car,1,synthetic_gps
2026-05-21 08:51:09,45.7822507,21.3170874,43.27,iulius_airport,car,1,synthetic_gps
2026-05-21 08:51:10,45.7822948,21.317204,51.27,iulius_airport,car,1,synthetic_gps
2026-05-21 08:51:11,45.7823873,21.3172142,43.27,iulius_airport,car,1,synthetic_gps
2026-05-21 08:51:12,45.7824273,21.3173403,51.27,iulius_airport,car,1,synthetic_gps
2026-05-21 08:51:13,45.7824685,21.3173753,59.27,iulius_airport,car,1,synthetic_gps
2026-05-21 08:51:14,45.782407,21.3173774,51.27,iulius_airport,car,1,synthetic_gps
2026-05-21 08:51:15,45.7824282,21.3173325,44.86,iulius_airport,car,1,synthetic_gps
2026-05-21 08:51:16,45.7823313,21.3175773,38.67,iulius_airport,car,1,synthetic_gps
2026-05-21 08:51:17,45.7824474,21.3175701,30.67,iulius_airport,car,1,synthetic_gps
2026-05-21 08:51:18,45.7823997,21.3175604,38.67,iulius_airport,car,1,synthetic_gps
2026-05-21 08:51:19,45.7824056,21.3176409,30.67,iulius_airport,car,1,synthetic_gps
2026-05-21 08:51:20,45.782323,21.3176957,38.67,iulius_airport,car,1,synthetic_gps
2026-05-21 08:51:21,45.7821878,21.3177467,34.25,iulius_airport,car,1,synthetic_gps
2026-05-21 08:51:22,45.7823961,21.3178025,42.25,iulius_airport,car,1,synthetic_gps
2026-05-21 08:51:23,45.7823289,21.3178444,34.25,iulius_airport,car,1,synthetic_gps
2026-05-21 08:51:24,45.7822922,21.3179396,26.25,iulius_airport,car,1,synthetic_gps
2026-05-21 08:51:25,45.7823703,21.3179062,34.25,iulius_airport,car,1,synthetic_gps
2026-05-21 08:51:26,45.7824865,21.3179653,42.25,iulius_airport,car,1,synthetic_gps
2026-05-21 08:51:27,45.7824376,21.317996,42.97,iulius_airport,car,1,synthetic_gps
2026-05-21 08:51:28,45.7824202,21.3181321,48.52,iulius_airport,car,1,synthetic_gps
2026-05-21 08:51:29,45.7824328,21.3182852,40.54,iulius_airport,car,1,synthetic_gps
2026-05-21 08:51:30,45.7824181,21.3181894,33.84,iulius_airport,car,1,synthetic_gps
2026-05-21 08:51:31,45.7824195,21.3181894,41.84,iulius_airport,car,1,synthetic_gps
2026-05-21 08:51:32,45.7826015,21.3182979,33.84,iulius_airport,car,1,synthetic_gps
2026-05-21 08:51:33,45.7824932,21.3183402,41.84,iulius_airport,car,1,synthetic_gps
2026-05-21 08:51:34,45.782495,21.3183389,49.84,iulius_airport,car,1,synthetic_gps
2026-05-21 08:51:35,45.7824505,21.3184736,41.84,iulius_airport,car,1,synthetic_gps
2026-05-21 08:51:36,45.7825195,21.3183916,33.84,iulius_airport,car,1,synthetic_gps
2026-05-21 08:51:37,45.7825678,21.318466,41.84,iulius_airport,car,1,synthetic_gps
2026-05-21 08:51:38,45.7824675,21.318631,39.58,iulius_airport,car,1,synthetic_gps
2026-05-21 08:51:39,45.7825366,21.3186267,31.58,iulius_airport,car,1,synthetic_gps
2026-05-21 08:51:40,45.7824576,21.3186012,23.58,iulius_airport,car,1,synthetic_gps
2026-05-21 08:51:41,45.7825749,21.3187721,31.58,iulius_airport,car,1,synthetic_gps
2026-05-21 08:51:42,45.7825318,21.3187509,23.58,iulius_airport,car,1,synthetic_gps
2026-05-21 08:51:43,45.7824303,21.3188796,23.89,iulius_airport,car,1,synthetic_gps
2026-05-21 08:51:44,45.7825634,21.3187887,31.89,iulius_airport,car,1,synthetic_gps
2026-05-21 08:51:45,45.7824724,21.3189576,27.31,iulius_airport,car,1,synthetic_gps
2026-05-21 08:51:46,45.7825781,21.3189513,35.31,iulius_airport,car,1,synthetic_gps
2026-05-21 08:51:47,45.7825692,21.3190467,41.06,iulius_airport,car,1,synthetic_gps
2026-05-21 08:51:48,45.7826227,21.3190865,49.06,iulius_airport,car,1,synthetic_gps
2026-05-21 08:51:49,45.7825851,21.3190279,47.91,iulius_airport,car,1,synthetic_gps
2026-05-21 08:51:50,45.7825379,21.3190411,42.78,iulius_airport,car,1,synthetic_gps
2026-05-21 08:51:51,45.7826564,21.3191506,45.37,iulius_airport,car,1,synthetic_gps
2026-05-21 08:51:52,45.7826462,21.3193169,40.14,iulius_airport,car,1,synthetic_gps
2026-05-21 08:51:53,45.7826805,21.3193838,48.14,iulius_airport,car,1,synthetic_gps
2026-05-21 08:51:54,45.7825215,21.3193124,52.24,iulius_airport,car,1,synthetic_gps
2026-05-21 08:51:55,45.7825819,21.3193853,44.24,iulius_airport,car,1,synthetic_gps
2026-05-21 08:51:56,45.7826073,21.3194021,36.24,iulius_airport,car,1,synthetic_gps
2026-05-21 08:51:57,45.7825595,21.3195275,34.22,iulius_airport,car,1,synthetic_gps
2026-05-21 08:51:58,45.7826491,21.3194755,26.22,iulius_airport,car,1,synthetic_gps
2026-05-21 08:51:59,45.7825581,21.3196512,34.22,iulius_airport,car,1,synthetic_gps
2026-05-21 08:52:00,45.7826537,21.3196137,42.22,iulius_airport,car,1,synthetic_gps
2026-05-21 08:52:01,45.7826562,21.3196675,34.22,iulius_airport,car,1,synthetic_gps
2026-05-21 08:52:02,45.7827949,21.3198396,42.22,iulius_airport,car,1,synthetic_gps
2026-05-21 08:52:03,45.7826766,21.3197299,50.22,iulius_airport,car,1,synthetic_gps
2026-05-21 08:52:04,45.7826332,21.3198396,42.22,iulius_airport,car,1,synthetic_gps
2026-05-21 08:52:05,45.7825749,21.3198433,48.5,iulius_airport,car,1,synthetic_gps
2026-05-21 08:52:06,45.7827171,21.3199454,56.5,iulius_airport,car,1,synthetic_gps
2026-05-21 08:52:07,45.7827044,21.3199433,48.5,iulius_airport,car,1,synthetic_gps
2026-05-21 08:52:08,45.7826929,21.3200779,48.65,iulius_airport,car,1,synthetic_gps
2026-05-21 08:52:09,45.7828157,21.320043,50.42,iulius_airport,car,1,synthetic_gps
2026-05-21 08:52:10,45.7827416,21.3201455,42.42,iulius_airport,car,1,synthetic_gps
2026-05-21 08:52:11,45.7827139,21.3201673,50.42,iulius_airport,car,1,synthetic_gps
2026-05-21 08:52:12,45.782772,21.3202207,42.42,iulius_airport,car,1,synthetic_gps
2026-05-21 08:52:13,45.7826146,21.3201823,50.42,iulius_airport,car,1,synthetic_gps
2026-05-21 08:52:14,45.7827051,21.3201485,42.42,iulius_airport,car,1,synthetic_gps
2026-05-21 08:52:15,45.782788,21.3203897,50.42,iulius_airport,car,1,synthetic_gps
2026-05-21 08:52:16,45.7827946,21.3204184,58.42,iulius_airport,car,1,synthetic_gps
2026-05-21 08:52:17,45.7828727,21.3204428,50.42,iulius_airport,car,1,synthetic_gps
2026-05-21 08:52:18,45.7827355,21.320352,58.42,iulius_airport,car,1,synthetic_gps
2026-05-21 08:52:19,45.782708,21.3205917,50.42,iulius_airport,car,1,synthetic_gps
2026-05-21 08:52:20,45.7828224,21.320555,42.42,iulius_airport,car,1,synthetic_gps
2026-05-21 08:52:21,45.7827213,21.3206906,50.42,iulius_airport,car,1,synthetic_gps
2026-05-21 08:52:22,45.7826414,21.3207744,43.79,iulius_airport,car,1,synthetic_gps
2026-05-21 08:52:23,45.7826497,21.3207412,35.79,iulius_airport,car,1,synthetic_gps
2026-05-21 08:52:24,45.7827624,21.3208443,43.79,iulius_airport,car,1,synthetic_gps
2026-05-21 08:52:25,45.7828796,21.320809,51.79,iulius_airport,car,1,synthetic_gps
2026-05-21 08:52:26,45.7828628,21.3209119,43.79,iulius_airport,car,1,synthetic_gps
2026-05-21 08:52:27,45.7829086,21.3209078,49.4,iulius_airport,car,1,synthetic_gps
2026-05-21 08:52:28,45.7828572,21.3209997,41.4,iulius_airport,car,1,synthetic_gps
2026-05-21 08:52:29,45.7828967,21.3210896,37.24,iulius_airport,car,1,synthetic_gps
2026-05-21 08:52:30,45.7827696,21.3211853,45.24,iulius_airport,car,1,synthetic_gps
2026-05-21 08:52:31,45.7828934,21.3211465,37.24,iulius_airport,car,1,synthetic_gps
2026-05-21 08:52:32,45.7829061,21.3211807,45.24,iulius_airport,car,1,synthetic_gps
2026-05-21 08:52:33,45.7829512,21.3211767,39.12,iulius_airport,car,1,synthetic_gps
2026-05-21 08:52:34,45.7828516,21.3213799,37.43,iulius_airport,car,1,synthetic_gps
2026-05-21 08:52:35,45.7828743,21.3212435,29.43,iulius_airport,car,1,synthetic_gps
2026-05-21 08:52:36,45.7828832,21.3213272,37.43,iulius_airport,car,1,synthetic_gps
2026-05-21 08:52:37,45.7828514,21.3214296,29.43,iulius_airport,car,1,synthetic_gps
2026-05-21 08:52:38,45.7829221,21.3213675,35.7,iulius_airport,car,1,synthetic_gps
2026-05-21 08:52:39,45.782907,21.3214335,27.7,iulius_airport,car,1,synthetic_gps
2026-05-21 08:52:40,45.7828426,21.3215425,35.7,iulius_airport,car,1,synthetic_gps
2026-05-21 08:52:41,45.7829385,21.3215824,43.7,iulius_airport,car,1,synthetic_gps
2026-05-21 08:52:42,45.7829766,21.3216204,38.99,iulius_airport,car,1,synthetic_gps
2026-05-21 08:52:43,45.7828654,21.3217695,30.99,iulius_airport,car,1,synthetic_gps
2026-05-21 08:52:44,45.7829232,21.3217229,38.99,iulius_airport,car,1,synthetic_gps
2026-05-21 08:52:45,45.782882,21.3218581,36.64,iulius_airport,car,1,synthetic_gps
2026-05-21 08:52:46,45.7829939,21.3217672,34.16,iulius_airport,car,1,synthetic_gps
2026-05-21 08:52:47,45.7828796,21.3218814,42.16,iulius_airport,car,1,synthetic_gps
2026-05-21 08:52:48,45.7829273,21.3219169,36.54,iulius_airport,car,1,synthetic_gps
2026-05-21 08:52:49,45.783066,21.3218973,44.54,iulius_airport,car,1,synthetic_gps
2026-05-21 08:52:50,45.7830683,21.3219974,36.54,iulius_airport,car,1,synthetic_gps
2026-05-21 08:52:51,45.7830039,21.3220945,28.54,iulius_airport,car,1,synthetic_gps
2026-05-21 08:52:52,45.78305,21.3220651,36.54,iulius_airport,car,1,synthetic_gps
2026-05-21 08:52:53,45.7830009,21.3222186,44.54,iulius_airport,car,1,synthetic_gps
2026-05-21 08:52:54,45.7830264,21.3223064,52.54,iulius_airport,car,1,synthetic_gps
2026-05-21 08:52:55,45.7830019,21.3222451,44.54,iulius_airport,car,1,synthetic_gps
2026-05-21 08:52:56,45.7830978,21.3223028,45.91,iulius_airport,car,1,synthetic_gps
2026-05-21 08:52:57,45.7831076,21.3223856,39.65,iulius_airport,car,1,synthetic_gps
2026-05-21 08:52:58,45.783024,21.3225494,47.65,iulius_airport,car,1,synthetic_gps
2026-05-21 08:52:59,45.7831803,21.3225079,43.94,iulius_airport,car,1,synthetic_gps
2026-05-21 08:53:00,45.7830916,21.3224688,44.95,iulius_airport,car,1,synthetic_gps
2026-05-21 08:53:01,45.7831249,21.3225587,43.49,iulius_airport,car,1,synthetic_gps
2026-05-21 08:53:02,45.7830938,21.3226794,35.49,iulius_airport,car,1,synthetic_gps
2026-05-21 08:53:03,45.7831827,21.3227231,39.84,iulius_airport,car,1,synthetic_gps
2026-05-21 08:53:04,45.7831219,21.3227217,47.84,iulius_airport,car,1,synthetic_gps
2026-05-21 08:53:05,45.7831197,21.3227546,51.11,iulius_airport,car,1,synthetic_gps
2026-05-21 08:53:06,45.7829686,21.3228417,43.11,iulius_airport,car,1,synthetic_gps
2026-05-21 08:53:07,45.7831167,21.3228151,46.62,iulius_airport,car,1,synthetic_gps
2026-05-21 08:53:08,45.7830702,21.3228569,54.62,iulius_airport,car,1,synthetic_gps
2026-05-21 08:53:09,45.7831549,21.322981,46.62,iulius_airport,car,1,synthetic_gps
2026-05-21 08:53:10,45.783157,21.3229558,38.62,iulius_airport,car,1,synthetic_gps
2026-05-21 08:53:11,45.7831881,21.3229747,30.62,iulius_airport,car,1,synthetic_gps
2026-05-21 08:53:12,45.7831442,21.3230841,22.62,iulius_airport,car,1,synthetic_gps
2026-05-21 08:53:13,45.783188,21.3231112,30.62,iulius_airport,car,1,synthetic_gps
2026-05-21 08:53:14,45.7832004,21.3231797,38.62,iulius_airport,car,1,synthetic_gps
2026-05-21 08:53:15,45.7832102,21.3231548,39.03,iulius_airport,car,1,synthetic_gps
2026-05-21 08:53:16,45.7830957,21.3232102,31.03,iulius_airport,car,1,synthetic_gps
2026-05-21 08:53:17,45.7831101,21.3232971,39.03,iulius_airport,car,1,synthetic_gps
2026-05-21 08:53:18,45.7831483,21.3234394,31.03,iulius_airport,car,1,synthetic_gps
2026-05-21 08:53:19,45.7831463,21.3234364,39.03,iulius_airport,car,1,synthetic_gps
2026-05-21 08:53:20,45.7832159,21.3234905,44.61,iulius_airport,car,1,synthetic_gps
2026-05-21 08:53:21,45.7831362,21.3234383,45.37,iulius_airport,car,1,synthetic_gps
2026-05-21 08:53:22,45.7832664,21.3236148,37.37,iulius_airport,car,1,synthetic_gps
2026-05-21 08:53:23,45.7830775,21.3237027,45.37,iulius_airport,car,1,synthetic_gps
2026-05-21 08:53:24,45.7831883,21.3236056,39.27,iulius_airport,car,1,synthetic_gps
2026-05-21 08:53:25,45.7832336,21.3238415,31.27,iulius_airport,car,1,synthetic_gps
2026-05-21 08:53:26,45.7831735,21.3237408,39.27,iulius_airport,car,1,synthetic_gps
2026-05-21 08:53:27,45.7832355,21.3239127,39.19,iulius_airport,car,1,synthetic_gps
2026-05-21 08:53:28,45.783282,21.3238092,47.19,iulius_airport,car,1,synthetic_gps
2026-05-21 08:53:29,45.7831943,21.3239134,55.19,iulius_airport,car,1,synthetic_gps
2026-05-21 08:53:30,45.7833234,21.3239732,47.19,iulius_airport,car,1,synthetic_gps
2026-05-21 08:53:31,45.7832463,21.3239546,39.19,iulius_airport,car,1,synthetic_gps
2026-05-21 08:53:32,45.7832345,21.3241702,36.52,iulius_airport,car,1,synthetic_gps
2026-05-21 08:53:33,45.7833426,21.3240431,33.97,iulius_airport,car,1,synthetic_gps
2026-05-21 08:53:34,45.7833314,21.3242512,25.97,iulius_airport,car,1,synthetic_gps
2026-05-21 08:53:35,45.7833321,21.3242637,33.97,iulius_airport,car,1,synthetic_gps
2026-05-21 08:53:36,45.7834678,21.3242082,41.97,iulius_airport,car,1,synthetic_gps
2026-05-21 08:53:37,45.7833078,21.3243487,47.64,iulius_airport,car,1,synthetic_gps
2026-05-21 08:53:38,45.7833239,21.3243673,55.64,iulius_airport,car,1,synthetic_gps
2026-05-21 08:53:39,45.7834745,21.3244464,47.64,iulius_airport,car,1,synthetic_gps
2026-05-21 08:53:40,45.7833355,21.3244532,39.64,iulius_airport,car,1,synthetic_gps
2026-05-21 08:53:41,45.7832937,21.3244464,34.35,iulius_airport,car,1,synthetic_gps
2026-05-21 08:53:42,45.7832967,21.324598,28.38,iulius_airport,car,1,synthetic_gps
2026-05-21 08:53:43,45.783399,21.3246398,36.38,iulius_airport,car,1,synthetic_gps
2026-05-21 08:53:44,45.7832845,21.3245906,37.39,iulius_airport,car,1,synthetic_gps
2026-05-21 08:53:45,45.7834575,21.3246382,40.7,iulius_airport,car,1,synthetic_gps
2026-05-21 08:53:46,45.7834486,21.3247603,32.7,iulius_airport,car,1,synthetic_gps
2026-05-21 08:53:47,45.7833097,21.3248371,40.7,iulius_airport,car,1,synthetic_gps
2026-05-21 08:53:48,45.7833661,21.324884,48.7,iulius_airport,car,1,synthetic_gps
2026-05-21 08:53:49,45.7834071,21.3248362,40.7,iulius_airport,car,1,synthetic_gps
2026-05-21 08:53:50,45.783401,21.3250201,44.16,iulius_airport,car,1,synthetic_gps
2026-05-21 08:53:51,45.7834603,21.3249707,36.16,iulius_airport,car,1,synthetic_gps
2026-05-21 08:53:52,45.7834072,21.325103,44.16,iulius_airport,car,1,synthetic_gps
2026-05-21 08:53:53,45.783398,21.3250521,36.16,iulius_airport,car,1,synthetic_gps
2026-05-21 08:53:54,45.7834876,21.32515,36.72,iulius_airport,car,1,synthetic_gps
2026-05-21 08:53:55,45.7834539,21.325189,28.72,iulius_airport,car,1,synthetic_gps
2026-05-21 08:53:56,45.7834133,21.3251983,36.72,iulius_airport,car,1,synthetic_gps
2026-05-21 08:53:57,45.7834791,21.3253205,44.72,iulius_airport,car,1,synthetic_gps
2026-05-21 08:53:58,45.7834696,21.3252991,36.72,iulius_airport,car,1,synthetic_gps
2026-05-21 08:53:59,45.7834315,21.3253252,33.8,iulius_airport,car,1,synthetic_gps
2026-05-21 08:54:00,45.7835108,21.325573,25.8,iulius_airport,car,1,synthetic_gps
2026-05-21 08:54:01,45.7836468,21.3254987,33.8,iulius_airport,car,1,synthetic_gps
2026-05-21 08:54:02,45.7834638,21.3254007,29.68,iulius_airport,car,1,synthetic_gps
2026-05-21 08:54:03,45.7834792,21.3256299,37.68,iulius_airport,car,1,synthetic_gps
2026-05-21 08:54:04,45.7835163,21.3256594,37.9,iulius_airport,car,1,synthetic_gps
2026-05-21 08:54:05,45.7835165,21.3256863,36.97,iulius_airport,car,1,synthetic_gps
2026-05-21 08:54:06,45.7835173,21.3257216,28.97,iulius_airport,car,1,synthetic_gps
2026-05-21 08:54:07,45.7834783,21.325753,36.97,iulius_airport,car,1,synthetic_gps
2026-05-21 08:54:08,45.7835124,21.325845,44.97,iulius_airport,car,1,synthetic_gps
2026-05-21 08:54:09,45.7834554,21.3258932,43.77,iulius_airport,car,1,synthetic_gps
2026-05-21 08:54:10,45.7834695,21.3260524,51.77,iulius_airport,car,1,synthetic_gps
2026-05-21 08:54:11,45.7835793,21.3259197,43.77,iulius_airport,car,1,synthetic_gps
2026-05-21 08:54:12,45.7836011,21.3259639,51.77,iulius_airport,car,1,synthetic_gps
2026-05-21 08:54:13,45.7836417,21.326031,43.77,iulius_airport,car,1,synthetic_gps
2026-05-21 08:54:14,45.7836023,21.3261137,51.77,iulius_airport,car,1,synthetic_gps
2026-05-21 08:54:15,45.7835949,21.3262098,59.77,iulius_airport,car,1,synthetic_gps
2026-05-21 08:54:16,45.7836075,21.3261842,62.89,iulius_airport,car,1,synthetic_gps
2026-05-21 08:54:17,45.7835491,21.326219,54.89,iulius_airport,car,1,synthetic_gps
2026-05-21 08:54:18,45.7835868,21.3263121,46.89,iulius_airport,car,1,synthetic_gps
2026-05-21 08:54:19,45.7835341,21.3263693,50.71,iulius_airport,car,1,synthetic_gps
2026-05-21 08:54:20,45.783635,21.3263185,42.71,iulius_airport,car,1,synthetic_gps
2026-05-21 08:54:21,45.7835648,21.3265628,40.04,iulius_airport,car,1,synthetic_gps
2026-05-21 08:54:22,45.7836233,21.3264861,48.04,iulius_airport,car,1,synthetic_gps
2026-05-21 08:54:23,45.7836271,21.3265496,51.88,iulius_airport,car,1,synthetic_gps
2026-05-21 08:54:24,45.7836326,21.3265156,43.88,iulius_airport,car,1,synthetic_gps
2026-05-21 08:54:25,45.7835124,21.3266848,36.65,iulius_airport,car,1,synthetic_gps
2026-05-21 08:54:26,45.7836952,21.3267246,43.79,iulius_airport,car,1,synthetic_gps
2026-05-21 08:54:27,45.7836226,21.3268321,51.79,iulius_airport,car,1,synthetic_gps
2026-05-21 08:54:28,45.7835866,21.326808,58.45,iulius_airport,car,1,synthetic_gps
2026-05-21 08:54:29,45.7835124,21.326774,50.45,iulius_airport,car,1,synthetic_gps
2026-05-21 08:54:30,45.7836952,21.3269429,42.45,iulius_airport,car,1,synthetic_gps
2026-05-21 08:54:31,45.7835796,21.3268561,50.45,iulius_airport,car,1,synthetic_gps
2026-05-21 08:54:32,45.7837298,21.3269005,49.94,iulius_airport,car,1,synthetic_gps
2026-05-21 08:54:33,45.7836697,21.3270378,41.94,iulius_airport,car,1,synthetic_gps
2026-05-21 08:54:34,45.78367,21.3269689,37.85,iulius_airport,car,1,synthetic_gps
2026-05-21 08:54:35,45.783747,21.3271554,45.85,iulius_airport,car,1,synthetic_gps
2026-05-21 08:54:36,45.7837332,21.3271622,53.85,iulius_airport,car,1,synthetic_gps
2026-05-21 08:54:37,45.7836707,21.327164,45.85,iulius_airport,car,1,synthetic_gps
2026-05-21 08:54:38,45.7836902,21.3272869,53.85,iulius_airport,car,1,synthetic_gps
2026-05-21 08:54:39,45.783803,21.3272817,54.28,iulius_airport,car,1,synthetic_gps
2026-05-21 08:54:40,45.7836908,21.3274319,46.28,iulius_airport,car,1,synthetic_gps
2026-05-21 08:54:41,45.7837991,21.327449,38.28,iulius_airport,car,1,synthetic_gps
2026-05-21 08:54:42,45.7836149,21.3274466,46.28,iulius_airport,car,1,synthetic_gps
2026-05-21 08:54:43,45.7837301,21.3274203,53.09,iulius_airport,car,1,synthetic_gps
2026-05-21 08:54:44,45.7837144,21.3274718,49.5,iulius_airport,car,1,synthetic_gps
2026-05-21 08:54:45,45.783708,21.3276874,57.5,iulius_airport,car,1,synthetic_gps
2026-05-21 08:54:46,45.7838505,21.3277581,65.5,iulius_airport,car,1,synthetic_gps
2026-05-21 08:54:47,45.7838403,21.3276607,57.5,iulius_airport,car,1,synthetic_gps
2026-05-21 08:54:48,45.7837758,21.3278141,49.5,iulius_airport,car,1,synthetic_gps
2026-05-21 08:54:49,45.7838104,21.3278568,57.5,iulius_airport,car,1,synthetic_gps
2026-05-21 08:54:50,45.783791,21.3278041,49.5,iulius_airport,car,1,synthetic_gps
2026-05-21 08:54:51,45.7839152,21.327905,43.87,iulius_airport,car,1,synthetic_gps
2026-05-21 08:54:52,45.7837876,21.3280222,35.87,iulius_airport,car,1,synthetic_gps
2026-05-21 08:54:53,45.78385,21.3280575,43.87,iulius_airport,car,1,synthetic_gps
2026-05-21 08:54:54,45.7838913,21.3280762,35.87,iulius_airport,car,1,synthetic_gps
2026-05-21 08:54:55,45.783873,21.3281164,32.63,iulius_airport,car,1,synthetic_gps
2026-05-21 08:54:56,45.7837558,21.3281754,24.63,iulius_airport,car,1,synthetic_gps
2026-05-21 08:54:57,45.783845,21.3281094,32.63,iulius_airport,car,1,synthetic_gps
2026-05-21 08:54:58,45.7840094,21.3281007,30.02,iulius_airport,car,1,synthetic_gps
2026-05-21 08:54:59,45.7838829,21.3283282,38.02,iulius_airport,car,1,synthetic_gps
2026-05-21 08:55:00,45.7838573,21.3284035,30.02,iulius_airport,car,1,synthetic_gps
2026-05-21 08:55:01,45.7837092,21.3283598,22.73,iulius_airport,car,1,synthetic_gps
2026-05-21 08:55:02,45.7838171,21.3283595,30.73,iulius_airport,car,1,synthetic_gps
2026-05-21 08:55:03,45.7837534,21.3283941,38.73,iulius_airport,car,1,synthetic_gps
2026-05-21 08:55:04,45.7838919,21.3284634,41.84,iulius_airport,car,1,synthetic_gps
2026-05-21 08:55:05,45.7838697,21.3284765,38.72,iulius_airport,car,1,synthetic_gps
2026-05-21 08:55:06,45.7838368,21.3286959,30.72,iulius_airport,car,1,synthetic_gps
2026-05-21 08:55:07,45.7839714,21.3285716,37.16,iulius_airport,car,1,synthetic_gps
2026-05-21 08:55:08,45.7839153,21.3287432,39.51,iulius_airport,car,1,synthetic_gps
2026-05-21 08:55:09,45.7839034,21.3287142,47.51,iulius_airport,car,1,synthetic_gps
2026-05-21 08:55:10,45.7840088,21.3288413,40.12,iulius_airport,car,1,synthetic_gps
2026-05-21 08:55:11,45.7839878,21.3288285,48.12,iulius_airport,car,1,synthetic_gps
2026-05-21 08:55:12,45.7838709,21.328863,40.12,iulius_airport,car,1,synthetic_gps
2026-05-21 08:55:13,45.7839811,21.3290721,32.12,iulius_airport,car,1,synthetic_gps
2026-05-21 08:55:14,45.7838794,21.3289773,34.34,iulius_airport,car,1,synthetic_gps
2026-05-21 08:55:15,45.783951,21.3291105,26.74,iulius_airport,car,1,synthetic_gps
2026-05-21 08:55:16,45.7841027,21.3290278,34.74,iulius_airport,car,1,synthetic_gps
2026-05-21 08:55:17,45.783945,21.3292317,26.74,iulius_airport,car,1,synthetic_gps
2026-05-21 08:55:18,45.7841213,21.3291653,34.74,iulius_airport,car,1,synthetic_gps
2026-05-21 08:55:19,45.7840106,21.3293671,42.74,iulius_airport,car,1,synthetic_gps
2026-05-21 08:55:20,45.7839986,21.3292897,48.3,iulius_airport,car,1,synthetic_gps
2026-05-21 08:55:21,45.7839646,21.3293374,40.3,iulius_airport,car,1,synthetic_gps
2026-05-21 08:55:22,45.7839944,21.329312,39.58,iulius_airport,car,1,synthetic_gps
2026-05-21 08:55:23,45.7839625,21.3294019,45.54,iulius_airport,car,1,synthetic_gps
2026-05-21 08:55:24,45.7840331,21.329474,37.54,iulius_airport,car,1,synthetic_gps
2026-05-21 08:55:25,45.7840252,21.3295176,29.54,iulius_airport,car,1,synthetic_gps
2026-05-21 08:55:26,45.7840065,21.32952,37.54,iulius_airport,car,1,synthetic_gps
2026-05-21 08:55:27,45.784003,21.3296488,45.54,iulius_airport,car,1,synthetic_gps
2026-05-21 08:55:28,45.7840601,21.3297115,53.54,iulius_airport,car,1,synthetic_gps
2026-05-21 08:55:29,45.784073,21.3298468,52.77,iulius_airport,car,1,synthetic_gps
2026-05-21 08:55:30,45.7841283,21.3297699,60.77,iulius_airport,car,1,synthetic_gps
2026-05-21 08:55:31,45.7840191,21.3298533,52.77,iulius_airport,car,1,synthetic_gps
2026-05-21 08:55:32,45.7840492,21.3298908,44.77,iulius_airport,car,1,synthetic_gps
2026-05-21 08:55:33,45.7841785,21.329952,47.16,iulius_airport,car,1,synthetic_gps
2026-05-21 08:55:34,45.7841132,21.3300712,40.02,iulius_airport,car,1,synthetic_gps
2026-05-21 08:55:35,45.7841837,21.330034,32.02,iulius_airport,car,1,synthetic_gps
2026-05-21 08:55:36,45.7840804,21.3299747,24.02,iulius_airport,car,1,synthetic_gps
2026-05-21 08:55:37,45.7841724,21.3300534,32.02,iulius_airport,car,1,synthetic_gps
2026-05-21 08:55:38,45.784143,21.3301612,40.02,iulius_airport,car,1,synthetic_gps
2026-05-21 08:55:39,45.7840987,21.3300583,48.02,iulius_airport,car,1,synthetic_gps
2026-05-21 08:55:40,45.7841925,21.3303026,52.59,iulius_airport,car,1,synthetic_gps
2026-05-21 08:55:41,45.7841869,21.3303044,44.59,iulius_airport,car,1,synthetic_gps
2026-05-21 08:55:42,45.7841716,21.3304196,40.12,iulius_airport,car,1,synthetic_gps
2026-05-21 08:55:43,45.7841414,21.3303166,32.12,iulius_airport,car,1,synthetic_gps
2026-05-21 08:55:44,45.7841814,21.3304846,28.89,iulius_airport,car,1,synthetic_gps
2026-05-21 08:55:45,45.7840661,21.3304299,31.34,iulius_airport,car,1,synthetic_gps
2026-05-21 08:55:46,45.7842222,21.3305795,23.34,iulius_airport,car,1,synthetic_gps
2026-05-21 08:55:47,45.7842481,21.3306516,31.34,iulius_airport,car,1,synthetic_gps
2026-05-21 08:55:48,45.7841336,21.3306396,39.34,iulius_airport,car,1,synthetic_gps
2026-05-21 08:55:49,45.7842069,21.3306128,47.34,iulius_airport,car,1,synthetic_gps
2026-05-21 08:55:50,45.7841959,21.3307083,39.4,iulius_airport,car,1,synthetic_gps
2026-05-21 08:55:51,45.7842059,21.3307542,43.34,iulius_airport,car,1,synthetic_gps
2026-05-21 08:55:52,45.7842057,21.3308842,35.34,iulius_airport,car,1,synthetic_gps
2026-05-21 08:55:53,45.7841833,21.3309258,38.98,iulius_airport,car,1,synthetic_gps
2026-05-21 08:55:54,45.7842299,21.3308232,46.98,iulius_airport,car,1,synthetic_gps
2026-05-21 08:55:55,45.7842293,21.3309977,45.06,iulius_airport,car,1,synthetic_gps
2026-05-21 08:55:56,45.7843346,21.3310776,50.12,iulius_airport,car,1,synthetic_gps
2026-05-21 08:55:57,45.7842639,21.3311642,52.77,iulius_airport,car,1,synthetic_gps
2026-05-21 08:55:58,45.7842756,21.3311488,58.06,iulius_airport,car,1,synthetic_gps
2026-05-21 08:55:59,45.7843341,21.3311532,50.06,iulius_airport,car,1,synthetic_gps
2026-05-21 08:56:00,45.7841781,21.3312824,42.06,iulius_airport,car,1,synthetic_gps
2026-05-21 08:56:01,45.784246,21.3313439,34.06,iulius_airport,car,1,synthetic_gps
2026-05-21 08:56:02,45.7843057,21.3312945,26.06,iulius_airport,car,1,synthetic_gps
2026-05-21 08:56:03,45.7843832,21.3314236,34.06,iulius_airport,car,1,synthetic_gps
2026-05-21 08:56:04,45.7843632,21.3313394,42.06,iulius_airport,car,1,synthetic_gps
2026-05-21 08:56:05,45.7842416,21.3314816,44.45,iulius_airport,car,1,synthetic_gps
2026-05-21 08:56:06,45.7843598,21.3315561,36.45,iulius_airport,car,1,synthetic_gps
2026-05-21 08:56:07,45.7843317,21.3316394,28.45,iulius_airport,car,1,synthetic_gps
2026-05-21 08:56:08,45.7843344,21.3315128,21.63,iulius_airport,car,1,synthetic_gps
2026-05-21 08:56:09,45.784306,21.3318011,29.63,iulius_airport,car,1,synthetic_gps
2026-05-21 08:56:10,45.7844191,21.3316494,37.63,iulius_airport,car,1,synthetic_gps
2026-05-21 08:56:11,45.7843888,21.3317355,33.24,iulius_airport,car,1,synthetic_gps
2026-05-21 08:56:12,45.7843158,21.331728,25.24,iulius_airport,car,1,synthetic_gps
2026-05-21 08:56:13,45.7843943,21.331764,23.35,iulius_airport,car,1,synthetic_gps
2026-05-21 08:56:14,45.7843385,21.3319194,31.35,iulius_airport,car,1,synthetic_gps
2026-05-21 08:56:15,45.7843836,21.3320379,23.35,iulius_airport,car,1,synthetic_gps
2026-05-21 08:56:16,45.7844417,21.3319579,31.35,iulius_airport,car,1,synthetic_gps
2026-05-21 08:56:17,45.7843433,21.332139,39.35,iulius_airport,car,1,synthetic_gps
2026-05-21 08:56:18,45.7845273,21.3320076,32.86,iulius_airport,car,1,synthetic_gps
2026-05-21 08:56:19,45.7844454,21.3320239,40.86,iulius_airport,car,1,synthetic_gps
2026-05-21 08:56:20,45.7844512,21.3322324,48.42,iulius_airport,car,1,synthetic_gps
2026-05-21 08:56:21,45.7844433,21.3323788,56.42,iulius_airport,car,1,synthetic_gps
2026-05-21 08:56:22,45.7844557,21.3322762,63.41,iulius_airport,car,1,synthetic_gps
2026-05-21 08:56:23,45.7844871,21.3323844,65.78,iulius_airport,car,1,synthetic_gps
2026-05-21 08:56:24,45.7845131,21.3324306,57.78,iulius_airport,car,1,synthetic_gps
2026-05-21 08:56:25,45.7843739,21.3324718,49.78,iulius_airport,car,1,synthetic_gps
2026-05-21 08:56:26,45.7843957,21.3324321,41.78,iulius_airport,car,1,synthetic_gps
2026-05-21 08:56:27,45.7844589,21.3325114,49.78,iulius_airport,car,1,synthetic_gps
2026-05-21 08:56:28,45.7843871,21.332479,51.56,iulius_airport,car,1,synthetic_gps
2026-05-21 08:56:29,45.7845257,21.3325759,43.56,iulius_airport,car,1,synthetic_gps
2026-05-21 08:56:30,45.7844822,21.3326992,35.56,iulius_airport,car,1,synthetic_gps
2026-05-21 08:56:31,45.7844476,21.3326675,27.56,iulius_airport,car,1,synthetic_gps
2026-05-21 08:56:32,45.7845498,21.3326929,19.56,iulius_airport,car,1,synthetic_gps
2026-05-21 08:56:33,45.7844504,21.3327674,11.56,iulius_airport,car,1,synthetic_gps
2026-05-21 08:56:34,45.784585,21.3329028,14.44,iulius_airport,car,1,synthetic_gps
2026-05-21 08:56:35,45.7846044,21.3328934,11.39,iulius_airport,car,1,synthetic_gps
2026-05-21 08:56:36,45.7845804,21.3329824,12.83,iulius_airport,car,1,synthetic_gps
2026-05-21 08:56:37,45.7844356,21.3331119,20.83,iulius_airport,car,1,synthetic_gps
2026-05-21 08:56:38,45.7844965,21.3330478,12.83,iulius_airport,car,1,synthetic_gps
2026-05-21 08:56:39,45.7845257,21.3331445,4.83,iulius_airport,car,1,synthetic_gps
2026-05-21 08:56:40,45.7845747,21.3331601,7.99,iulius_airport,car,1,synthetic_gps
2026-05-21 08:56:41,45.7846501,21.3331899,15.39,iulius_airport,car,1,synthetic_gps
2026-05-21 08:56:42,45.784623,21.3332005,23.39,iulius_airport,car,1,synthetic_gps
2026-05-21 08:56:43,45.7845381,21.3332591,15.39,iulius_airport,car,1,synthetic_gps
2026-05-21 08:56:44,45.7846018,21.3333227,18.26,iulius_airport,car,1,synthetic_gps
2026-05-21 08:56:45,45.7845587,21.3333227,17.29,iulius_airport,car,1,synthetic_gps
2026-05-21 08:56:46,45.7845608,21.3335274,14.97,iulius_airport,car,1,synthetic_gps
2026-05-21 08:56:47,45.7846591,21.3334317,14.48,iulius_airport,car,1,synthetic_gps
2026-05-21 08:56:48,45.7845826,21.3336505,7.48,iulius_airport,car,1,synthetic_gps
2026-05-21 08:56:49,45.7846615,21.3335373,15.48,iulius_airport,car,1,synthetic_gps
2026-05-21 08:56:50,45.7845991,21.3336571,9.42,iulius_airport,car,1,synthetic_gps
2026-05-21 08:56:51,45.7846593,21.3335917,17.42,iulius_airport,car,1,synthetic_gps
2026-05-21 08:56:52,45.7846674,21.3336188,20.88,iulius_airport,car,1,synthetic_gps
2026-05-21 08:56:53,45.784772,21.3336482,12.88,iulius_airport,car,1,synthetic_gps
2026-05-21 08:56:54,45.7845704,21.3338615,14.82,iulius_airport,car,1,synthetic_gps
2026-05-21 08:56:55,45.7846288,21.3338292,13.64,iulius_airport,car,1,synthetic_gps
2026-05-21 08:56:56,45.7845927,21.3339117,9.85,iulius_airport,car,1,synthetic_gps
2026-05-21 08:56:57,45.7846578,21.3338466,17.85,iulius_airport,car,1,synthetic_gps
2026-05-21 08:56:58,45.7847034,21.334053,13.12,iulius_airport,car,1,synthetic_gps
2026-05-21 08:56:59,45.7847512,21.3340564,21.12,iulius_airport,car,1,synthetic_gps
2026-05-21 08:57:00,45.7846872,21.3340749,15.37,iulius_airport,car,1,synthetic_gps
2026-05-21 08:57:01,45.7847282,21.3342804,19.69,iulius_airport,car,1,synthetic_gps
2026-05-21 08:57:02,45.7847455,21.334142,15.56,iulius_airport,car,1,synthetic_gps
2026-05-21 08:57:03,45.7846915,21.334277,17.75,iulius_airport,car,1,synthetic_gps
2026-05-21 08:57:04,45.7846693,21.3342221,9.75,iulius_airport,car,1,synthetic_gps
2026-05-21 08:57:05,45.7847258,21.3343268,17.75,iulius_airport,car,1,synthetic_gps
2026-05-21 08:57:06,45.7847534,21.3343213,18.26,iulius_airport,car,1,synthetic_gps
2026-05-21 08:57:07,45.7847423,21.3344548,13.09,iulius_airport,car,1,synthetic_gps
2026-05-21 08:57:08,45.7848166,21.3344677,7.35,iulius_airport,car,1,synthetic_gps
2026-05-21 08:57:09,45.7846395,21.3345177,10.65,iulius_airport,car,1,synthetic_gps
2026-05-21 08:57:10,45.7847981,21.3345974,11.55,iulius_airport,car,1,synthetic_gps
2026-05-21 08:57:11,45.7847435,21.3346293,9.73,iulius_airport,car,1,synthetic_gps
2026-05-21 08:57:12,45.7848407,21.3346998,15.9,iulius_airport,car,1,synthetic_gps
2026-05-21 08:57:13,45.7847303,21.3346302,13.31,iulius_airport,car,1,synthetic_gps
2026-05-21 08:57:14,45.7847296,21.3349495,16.96,iulius_airport,car,1,synthetic_gps
2026-05-21 08:57:15,45.7847601,21.3348756,13.58,iulius_airport,car,1,synthetic_gps
2026-05-21 08:57:16,45.7847421,21.3349162,16.5,iulius_airport,car,1,synthetic_gps
2026-05-21 08:57:17,45.7848543,21.3349194,20.6,iulius_airport,car,1,synthetic_gps
2026-05-21 08:57:18,45.7848085,21.3350572,12.6,iulius_airport,car,1,synthetic_gps
2026-05-21 08:57:19,45.7848095,21.3349494,18.33,iulius_airport,car,1,synthetic_gps
2026-05-21 08:57:20,45.7848787,21.3350254,21.16,iulius_airport,car,1,synthetic_gps
2026-05-21 08:57:21,45.7848678,21.3351516,13.16,iulius_airport,car,1,synthetic_gps
2026-05-21 08:57:22,45.7848473,21.3351284,21.16,iulius_airport,car,1,synthetic_gps
2026-05-21 08:57:23,45.7847806,21.3352942,16.95,iulius_airport,car,1,synthetic_gps
2026-05-21 08:57:24,45.784771,21.3352768,8.95,iulius_airport,car,1,synthetic_gps
2026-05-21 08:57:25,45.7848136,21.3352465,16.69,iulius_airport,car,1,synthetic_gps
2026-05-21 08:57:26,45.7848393,21.3352775,13.5,iulius_airport,car,1,synthetic_gps
2026-05-21 08:57:27,45.7849132,21.3353336,21.5,iulius_airport,car,1,synthetic_gps
2026-05-21 08:57:28,45.7849675,21.3355834,13.5,iulius_airport,car,1,synthetic_gps
2026-05-21 08:57:29,45.7848363,21.3355544,21.5,iulius_airport,car,1,synthetic_gps
2026-05-21 08:57:30,45.7848908,21.3355245,23.4,iulius_airport,car,1,synthetic_gps
2026-05-21 08:57:31,45.7848618,21.335662,15.4,iulius_airport,car,1,synthetic_gps
2026-05-21 08:57:32,45.7849692,21.3356092,19.15,iulius_airport,car,1,synthetic_gps
2026-05-21 08:57:33,45.7849865,21.3356865,13.31,iulius_airport,car,1,synthetic_gps
2026-05-21 08:57:34,45.7850075,21.3356284,13.77,iulius_airport,car,1,synthetic_gps
2026-05-21 08:57:35,45.7850125,21.3357393,9.99,iulius_airport,car,1,synthetic_gps
2026-05-21 08:57:36,45.7847885,21.3359088,17.99,iulius_airport,car,1,synthetic_gps
2026-05-21 08:57:37,45.7850404,21.3357864,12.27,iulius_airport,car,1,synthetic_gps
2026-05-21 08:57:38,45.784945,21.3358355,4.27,iulius_airport,car,1,synthetic_gps
2026-05-21 08:57:39,45.7850041,21.3359887,5.69,iulius_airport,car,1,synthetic_gps
2026-05-21 08:57:40,45.7850009,21.3360161,13.2,iulius_airport,car,1,synthetic_gps
2026-05-21 08:57:41,45.7849655,21.3360756,5.84,iulius_airport,car,1,synthetic_gps
2026-05-21 08:57:42,45.7849863,21.336067,13.84,iulius_airport,car,1,synthetic_gps
2026-05-21 08:57:43,45.7849575,21.3361917,21.82,iulius_airport,car,1,synthetic_gps
2026-05-21 08:57:44,45.7849402,21.3361431,19.18,iulius_airport,car,1,synthetic_gps
2026-05-21 08:57:45,45.7849973,21.3363761,16.15,iulius_airport,car,1,synthetic_gps
2026-05-21 08:57:46,45.7851011,21.3364035,14.32,iulius_airport,car,1,synthetic_gps
2026-05-21 08:57:47,45.785044,21.33643,6.32,iulius_airport,car,1,synthetic_gps
2026-05-21 08:57:48,45.7850424,21.3364104,14.32,iulius_airport,car,1,synthetic_gps
2026-05-21 08:57:49,45.7849777,21.3364926,12.44,iulius_airport,car,1,synthetic_gps
2026-05-21 08:57:50,45.7851146,21.3364683,4.44,iulius_airport,car,1,synthetic_gps
2026-05-21 08:57:51,45.785042,21.3366418,12.44,iulius_airport,car,1,synthetic_gps
2026-05-21 08:57:52,45.7849766,21.3365551,12.41,iulius_airport,car,1,synthetic_gps
2026-05-21 08:57:53,45.7849955,21.3366757,20.41,iulius_airport,car,1,synthetic_gps
2026-05-21 08:57:54,45.784977,21.3367847,19.44,iulius_airport,car,1,synthetic_gps
2026-05-21 08:57:55,45.7850372,21.3366572,16.09,iulius_airport,car,1,synthetic_gps
2026-05-21 08:57:56,45.7851392,21.3367676,21.02,iulius_airport,car,1,synthetic_gps
2026-05-21 08:57:57,45.7851269,21.3368261,13.02,iulius_airport,car,1,synthetic_gps
2026-05-21 08:57:58,45.7850641,21.3369395,21.02,iulius_airport,car,1,synthetic_gps
2026-05-21 08:57:59,45.7851128,21.3370457,13.13,iulius_airport,car,1,synthetic_gps
